label,selected_label,source_welfare,selection_type,scenario,region,mean_abatement_burden,mean_damage_burden,mean_total_burden,worst_total_burden,ecr_end,abatement_burden_2050,damage_burden_2050,total_burden_2050,ecr_2050,abatement_burden_2100,damage_burden_2100,total_burden_2100,ecr_2100
P0_PRIORITARIAN_best_welfare_within_frame__scenario_0,P0_PRIORITARIAN_best_welfare_within_frame,PRIORITARIAN,best_welfare_within_frame,0,zaf,0.0041931874061794305,0.014680270919300444,0.01887345832547988,0.11669892702922222,0.9267034155018768,0.032816891336572604,0.013652545288528018,0.04646943662510063,0.7372540912308803,0.0025461901980365466,0.013756775740178787,0.016302965938215334,0.8415614430655278
P0_PRIORITARIAN_best_welfare_within_frame__scenario_0,P0_PRIORITARIAN_best_welfare_within_frame,PRIORITARIAN,best_welfare_within_frame,0,usa,0.008167429881940916,0.010247314209027168,0.018414744090968084,0.09603319091131227,0.9979674316349804,0.05250364624788482,0.010876985550244866,0.06338063179812968,0.9895125741809085,0.013604509650498222,0.009734535308229465,0.023339044958727687,0.9977410286213865
P0_PRIORITARIAN_best_welfare_within_frame__scenario_0,P0_PRIORITARIAN_best_welfare_within_frame,PRIORITARIAN,best_welfare_within_frame,0,gbr,0.0050657482519310465,0.004416274451616325,0.009482022703547373,0.03992990359846349,0.9805333604095133,0.024621841639377254,0.004733457457713973,0.029355299097091225,0.9143653207912941,0.009350142288794694,0.004345807244179793,0.013695949532974483,0.9530929662084403
P0_PRIORITARIAN_best_welfare_within_frame__scenario_0,P0_PRIORITARIAN_best_welfare_within_frame,PRIORITARIAN,best_welfare_within_frame,0,fra,0.005793264561466923,0.006931536030135656,0.012724800591602579,0.04794499611860443,0.9858559374282246,0.02335995543854617,0.007329943344333203,0.03068989878287937,0.9327182649140365,0.012410053512957793,0.006692130396079019,0.01910218390903681,0.964224029417635
P0_PRIORITARIAN_best_welfare_within_frame__scenario_0,P0_PRIORITARIAN_best_welfare_within_frame,PRIORITARIAN,best_welfare_within_frame,0,rfa,0.014290001127777832,0.004274006663537898,0.01856400779131573,0.11138321417071201,0.9755176542157451,0.07072400300345362,0.005382993099947588,0.07610699610340119,0.8986364410952657,0.028919503427855507,0.004263913285032032,0.03318341671288754,0.9426079153438814
P0_PRIORITARIAN_best_welfare_within_frame__scenario_0,P0_PRIORITARIAN_best_welfare_within_frame,PRIORITARIAN,best_welfare_within_frame,0,pol,0.004832991798782683,0.004133053560117133,0.008966045358899815,0.060733091911358,0.9682101462827636,0.02220510136732415,0.0058662585958087305,0.028071359963132883,0.868280529395241,0.009358118943647872,0.004141019488173616,0.013499138431821486,0.9230859673941576
P0_PRIORITARIAN_best_welfare_within_frame__scenario_0,P0_PRIORITARIAN_best_welfare_within_frame,PRIORITARIAN,best_welfare_within_frame,0,chn,0.003897922611605166,0.00898265434586084,0.012880576957466005,0.061242012565939995,0.9897467010145132,0.03557415983775424,0.009126754040286948,0.04470091387804118,0.9729799357112826,0.0033230887128803586,0.008572799666713466,0.011895888379593825,0.9854720816744038
P0_PRIORITARIAN_best_welfare_within_frame__scenario_0,P0_PRIORITARIAN_best_welfare_within_frame,PRIORITARIAN,best_welfare_within_frame,0,rus,0.008167072595466915,-0.0025663512182281774,0.005600721377238738,0.12491778633954573,0.9833073164072687,0.04913930502599244,0.002258374798326555,0.051397679824319,0.941938958593573,0.014114727411241226,-0.0021087903644102174,0.012005937046831004,0.9676846891726325
P0_PRIORITARIAN_best_welfare_within_frame__scenario_1,P0_PRIORITARIAN_best_welfare_within_frame,PRIORITARIAN,best_welfare_within_frame,1,zaf,0.004178579124040069,0.014702423935034748,0.018881003059074815,0.09732417454798686,0.9290988735703812,0.03191950617787329,0.013814815490696299,0.04573432166856959,0.7385585374629763,0.0026022990090606595,0.014019435591765465,0.016621734600826124,0.8492587373862298
P0_PRIORITARIAN_best_welfare_within_frame__scenario_1,P0_PRIORITARIAN_best_welfare_within_frame,PRIORITARIAN,best_welfare_within_frame,1,usa,0.008168534677581898,0.010263581626882779,0.018432116304464674,0.0958764004609063,0.9979625256129022,0.05245393780245878,0.010984918778833697,0.06343885658129249,0.9893004934624078,0.013606772434273379,0.00993292028840424,0.02353969272267762,0.9977593351146132
P0_PRIORITARIAN_best_welfare_within_frame__scenario_1,P0_PRIORITARIAN_best_welfare_within_frame,PRIORITARIAN,best_welfare_within_frame,1,gbr,0.00508966794742852,0.004423753925779507,0.009513421873208028,0.03857799874845005,0.9800880754880942,0.024718541464298676,0.004786577204179862,0.029505118668478544,0.9155880026737033,0.009386835791968232,0.004438453740774496,0.01382528953274273,0.954430159684677
P0_PRIORITARIAN_best_welfare_within_frame__scenario_1,P0_PRIORITARIAN_best_welfare_within_frame,PRIORITARIAN,best_welfare_within_frame,1,fra,0.00581834958410738,0.0069428530369782145,0.01276120262108559,0.047709215157942825,0.9855294526410574,0.023432137169522343,0.0074081753467575,0.030840312516279837,0.9336615322286712,0.012453590118177666,0.006831014098858884,0.01928460421703655,0.9653423257062101
P0_PRIORITARIAN_best_welfare_within_frame__scenario_1,P0_PRIORITARIAN_best_welfare_within_frame,PRIORITARIAN,best_welfare_within_frame,1,rfa,0.014349475647513937,0.004281655950762458,0.018631131598276396,0.10615449913844481,0.9750552588379102,0.07065319723076584,0.005430266668504719,0.07608346389927058,0.8987690893837652,0.02902847582745704,0.00436155470026634,0.03339003052772338,0.9439536401809512
P0_PRIORITARIAN_best_welfare_within_frame__scenario_1,P0_PRIORITARIAN_best_welfare_within_frame,PRIORITARIAN,best_welfare_within_frame,1,pol,0.004849967467389058,0.004140687002269269,0.008990654469658329,0.06034065125842207,0.9679044497375477,0.02217412264807071,0.005907149435065797,0.028081272083136502,0.8686541909398786,0.009401491470320222,0.004240595858401385,0.013642087328721608,0.9251411301224686
P0_PRIORITARIAN_best_welfare_within_frame__scenario_1,P0_PRIORITARIAN_best_welfare_within_frame,PRIORITARIAN,best_welfare_within_frame,1,chn,0.003900418230780521,0.008996908619449672,0.012897326850230192,0.06114378671683596,0.9896165186230768,0.03558029305173312,0.009226678268259628,0.04480697131999274,0.9730443002936938,0.0033244933007366183,0.008745766713816047,0.012070260014552664,0.9855529095655539
P0_PRIORITARIAN_best_welfare_within_frame__scenario_1,P0_PRIORITARIAN_best_welfare_within_frame,PRIORITARIAN,best_welfare_within_frame,1,rus,0.00819272340929764,-0.002568111097313855,0.005624612311983785,0.12464390473073125,0.9829726902407624,0.04918021055030156,0.0022039948736497384,0.05138420542395129,0.9421601599628089,0.014149992710946893,-0.002110998134470489,0.012038994576476404,0.9683443976346202
P0_PRIORITARIAN_best_welfare_within_frame__scenario_2,P0_PRIORITARIAN_best_welfare_within_frame,PRIORITARIAN,best_welfare_within_frame,2,zaf,0.007301172976031272,0.018987565326236668,0.026288738302267935,0.12994013064468513,0.9839625201074821,0.047206941104719034,0.015860675898677335,0.06306761700339637,0.7869425719829458,0.006033264089406341,0.020955757841962897,0.026989021931369237,0.9625559578205404
P0_PRIORITARIAN_best_welfare_within_frame__scenario_2,P0_PRIORITARIAN_best_welfare_within_frame,PRIORITARIAN,best_welfare_within_frame,2,usa,0.01865735256047185,0.013538665045977479,0.03219601760644933,0.13245550056821012,0.9977822285052697,0.0824400677072624,0.012538314747751942,0.09497838245501433,0.9880149856804812,0.0411400766097824,0.015201478055007015,0.05634155466478942,0.9977026111269313
P0_PRIORITARIAN_best_welfare_within_frame__scenario_2,P0_PRIORITARIAN_best_welfare_within_frame,PRIORITARIAN,best_welfare_within_frame,2,gbr,0.006162976226814896,0.0059749018450479035,0.012137878071862802,0.0400933771918357,0.9932137906588828,0.026140195660578198,0.005510597682034322,0.03165079334261252,0.9321548155626054,0.011257574813564227,0.0069320502685262025,0.018189625082090433,0.9886108051525379
P0_PRIORITARIAN_best_welfare_within_frame__scenario_2,P0_PRIORITARIAN_best_welfare_within_frame,PRIORITARIAN,best_welfare_within_frame,2,fra,0.0067751370627170465,0.009250286365610821,0.016025423428327867,0.04997994199449666,0.9963560231293928,0.024398238465216757,0.008494268198077486,0.032892506663294234,0.9465618094080503,0.014043648244436291,0.010543173933504856,0.024586822177941146,0.9926812502998231
P0_PRIORITARIAN_best_welfare_within_frame__scenario_2,P0_PRIORITARIAN_best_welfare_within_frame,PRIORITARIAN,best_welfare_within_frame,2,rfa,0.016566012540762887,0.005931972291174874,0.022497984831937764,0.11076136801279471,0.9912355258806597,0.07729553725246754,0.006198288008836524,0.08349382526130406,0.9206332820194366,0.03468978890006004,0.006998250997055456,0.04168803989711549,0.9856525267159828
P0_PRIORITARIAN_best_welfare_within_frame__scenario_2,P0_PRIORITARIAN_best_welfare_within_frame,PRIORITARIAN,best_welfare_within_frame,2,pol,0.0102209785810933,0.005831092521032834,0.016052071102126135,0.07341213485391523,0.9907071693419608,0.03317592537734901,0.006694687857026486,0.03987061323437549,0.8948801999204492,0.023525232148299734,0.006930075176940377,0.030455307325240107,0.9820363498260654
P0_PRIORITARIAN_best_welfare_within_frame__scenario_2,P0_PRIORITARIAN_best_welfare_within_frame,PRIORITARIAN,best_welfare_within_frame,2,chn,0.012188167665878888,0.011852882311583447,0.024041049977462335,0.10446168577818289,0.9911481314584293,0.07668080667656368,0.010577845454995667,0.08725865213155934,0.9742681277121072,0.0199845349739527,0.01334868242956506,0.033333217403517766,0.990022180667649
P0_PRIORITARIAN_best_welfare_within_frame__scenario_2,P0_PRIORITARIAN_best_welfare_within_frame,PRIORITARIAN,best_welfare_within_frame,2,rus,0.016625030527187758,-0.0025115465606287204,0.014113483966559037,0.15217991746289053,0.9904634027702925,0.07299206546320242,0.0022189784777188006,0.07521104394092124,0.9511291284263886,0.035970961361721156,-0.0021060807294429602,0.03386488063227819,0.9876855626196018
P0_PRIORITARIAN_best_welfare_within_frame__scenario_3,P0_PRIORITARIAN_best_welfare_within_frame,PRIORITARIAN,best_welfare_within_frame,3,zaf,0.010407565493777741,0.03042156476030451,0.04082913025408225,0.1599601727932536,0.9848351238077561,0.05376413067570749,0.015561500816724638,0.06932563149243212,0.7703156344716546,0.01121096283732657,0.028380153848799508,0.03959111668612609,0.9848351238077561
P0_PRIORITARIAN_best_welfare_within_frame__scenario_3,P0_PRIORITARIAN_best_welfare_within_frame,PRIORITARIAN,best_welfare_within_frame,3,usa,0.02589644021035387,0.022519806600019784,0.04841624681037366,0.14802184283525505,0.9972383712217127,0.09634412013350693,0.012302238793716325,0.10864635892722325,0.9871920208751183,0.060682414966036165,0.020964225942072146,0.08164664090810829,0.9972383712217127
P0_PRIORITARIAN_best_welfare_within_frame__scenario_3,P0_PRIORITARIAN_best_welfare_within_frame,PRIORITARIAN,best_welfare_within_frame,3,gbr,0.010928355963703673,0.01030067575923376,0.021229031722937435,0.05174965616502633,0.993247792250429,0.03448021867132756,0.005401583033156821,0.03988180170448438,0.9244095939584995,0.023021661014315794,0.009682973678420081,0.03270463469273588,0.993247792250429
P0_PRIORITARIAN_best_welfare_within_frame__scenario_3,P0_PRIORITARIAN_best_welfare_within_frame,PRIORITARIAN,best_welfare_within_frame,3,fra,0.012667238642214949,0.015622352515541532,0.02828959115775648,0.06713786587379611,0.996521582282319,0.032397941864634454,0.008330367551014429,0.04072830941564889,0.940993916985119,0.02897009918621004,0.014616031372352388,0.043586130558562426,0.996521582282319
P0_PRIORITARIAN_best_welfare_within_frame__scenario_3,P0_PRIORITARIAN_best_welfare_within_frame,PRIORITARIAN,best_welfare_within_frame,3,rfa,0.029865231922552842,0.010650887439671974,0.04051611936222482,0.14863025223923626,0.9915694197901584,0.10015953485253222,0.006077472763644711,0.10623700761617695,0.9106096114655483,0.07385285022628359,0.009969994802301357,0.08382284502858495,0.9915694197901584
P0_PRIORITARIAN_best_welfare_within_frame__scenario_3,P0_PRIORITARIAN_best_welfare_within_frame,PRIORITARIAN,best_welfare_within_frame,3,pol,0.020113077082016793,0.010743180863486853,0.030856257945503642,0.10337540694230145,0.9912004225947714,0.0427037131711295,0.006566618575217202,0.04927033174634669,0.8841502113535561,0.05006697731601241,0.010006519930891997,0.0600734972469044,0.9912004225947714
P0_PRIORITARIAN_best_welfare_within_frame__scenario_3,P0_PRIORITARIAN_best_welfare_within_frame,PRIORITARIAN,best_welfare_within_frame,3,chn,0.02248129290051139,0.019653064255275764,0.04213435715578715,0.13795382985298957,0.9907799074449969,0.10848887941042151,0.010375709527978678,0.1188645889384002,0.9725567941254383,0.046174922669676814,0.01835967075355417,0.06453459342323097,0.9907799074449969
P0_PRIORITARIAN_best_welfare_within_frame__scenario_3,P0_PRIORITARIAN_best_welfare_within_frame,PRIORITARIAN,best_welfare_within_frame,3,rus,0.027314682525469303,-0.001587976639305088,0.025726705886164217,0.17037242511054726,0.9900533150637799,0.09099243422851237,0.002185092034249777,0.09317752626276213,0.9466439004441095,0.06467244331955883,-0.001696851137830735,0.06297559218172807,0.9900533150637799
P0_PRIORITARIAN_best_welfare_within_frame__scenario_4,P0_PRIORITARIAN_best_welfare_within_frame,PRIORITARIAN,best_welfare_within_frame,4,zaf,0.009425856062362428,0.022451544991872904,0.03187740105423533,0.14799961054619426,0.9828506610490523,0.048036822300339906,0.014718581745429511,0.06275540404576943,0.7425905233099985,0.010804955681960911,0.02294973083022988,0.03375468651219079,0.9664934314144975
P0_PRIORITARIAN_best_welfare_within_frame__scenario_4,P0_PRIORITARIAN_best_welfare_within_frame,PRIORITARIAN,best_welfare_within_frame,4,usa,0.014142392522044404,0.01623343941092274,0.03037583193296714,0.11818382164660636,0.9976127471573295,0.07093016666183424,0.011673349279107867,0.08260351594094213,0.9882177831438381,0.02877516920563519,0.016746353380452425,0.04552152258608762,0.9975602631158946
P0_PRIORITARIAN_best_welfare_within_frame__scenario_4,P0_PRIORITARIAN_best_welfare_within_frame,PRIORITARIAN,best_welfare_within_frame,4,gbr,0.008180682738037556,0.0072657148883432604,0.015446397626380816,0.046947576926181005,0.9925659655947131,0.030408573010771954,0.0051055799359603716,0.03551415294673233,0.9196494214383387,0.017138117042096786,0.007666460791469696,0.02480457783356648,0.9887286731990401
P0_PRIORITARIAN_best_welfare_within_frame__scenario_4,P0_PRIORITARIAN_best_welfare_within_frame,PRIORITARIAN,best_welfare_within_frame,4,fra,0.009492286760004496,0.011157902336603872,0.020650189096608366,0.05598988656410077,0.9958382686082191,0.028570207801637944,0.007888009443018597,0.036458217244656546,0.9358087433073691,0.021980782694259977,0.011632836960621697,0.03361361965488167,0.9926812441892607
P0_PRIORITARIAN_best_welfare_within_frame__scenario_4,P0_PRIORITARIAN_best_welfare_within_frame,PRIORITARIAN,best_welfare_within_frame,4,rfa,0.023056997227228083,0.007327929314135464,0.030384926541363547,0.13345691342287852,0.990504594556519,0.08765260987804044,0.005770334750950458,0.09342294462899092,0.9041798972172972,0.05514425629865756,0.007790900197359309,0.06293515649601686,0.9853447732440047
P0_PRIORITARIAN_best_welfare_within_frame__scenario_4,P0_PRIORITARIAN_best_welfare_within_frame,PRIORITARIAN,best_welfare_within_frame,4,pol,0.014630206448805678,0.00727614240129833,0.021906348850104004,0.08754400516384998,0.9895636000498444,0.036999477708779774,0.006257539898868019,0.04325701760764779,0.8765103639034041,0.03666358228593635,0.0077506854379711995,0.04441426772390756,0.9819317948719596
P0_PRIORITARIAN_best_welfare_within_frame__scenario_4,P0_PRIORITARIAN_best_welfare_within_frame,PRIORITARIAN,best_welfare_within_frame,4,chn,0.009088720566005133,0.01419690862885947,0.023285629194864606,0.08956257856591315,0.9910826200620286,0.06316229595187468,0.009823813788494234,0.07298610974036891,0.9728384465643122,0.012977567574243414,0.014691170190639301,0.02766873776488271,0.9902204081936398
P0_PRIORITARIAN_best_welfare_within_frame__scenario_4,P0_PRIORITARIAN_best_welfare_within_frame,PRIORITARIAN,best_welfare_within_frame,4,rus,0.011146244554910504,-0.0023153432013531925,0.008830901353557312,0.13554757099188186,0.9900913740408497,0.05661968701018669,0.002220729223436932,0.05884041623362361,0.9435775928856296,0.02151683634087776,-0.002001935800954779,0.019514900539922986,0.9878105341795531
P0_PRIORITARIAN_best_welfare_within_frame__scenario_5,P0_PRIORITARIAN_best_welfare_within_frame,PRIORITARIAN,best_welfare_within_frame,5,zaf,0.010833582837009224,0.024096563808739598,0.03493014664574882,0.1669154537492831,0.9825330235370533,0.06098678725742907,0.01603599715064577,0.07702278440807485,0.7841457583611938,0.01107742441763135,0.025333351972455474,0.03641077639008682,0.9748187731829036
P0_PRIORITARIAN_best_welfare_within_frame__scenario_5,P0_PRIORITARIAN_best_welfare_within_frame,PRIORITARIAN,best_welfare_within_frame,5,usa,0.014143275417389125,0.01751232708433224,0.03165560250172137,0.12037768400694708,0.9974217865413066,0.07067445915403153,0.012669135976251562,0.08334359513028308,0.9872680518947997,0.028774006174985847,0.018584973179622915,0.04735897935460876,0.9973496403265074
P0_PRIORITARIAN_best_welfare_within_frame__scenario_5,P0_PRIORITARIAN_best_welfare_within_frame,PRIORITARIAN,best_welfare_within_frame,5,gbr,0.008351369977384959,0.007877624741159772,0.016228994718544734,0.047958084063552404,0.9930982928877694,0.03161253963818752,0.005571740778175901,0.03718428041636342,0.9303674704334576,0.017337902398050813,0.008547102875315139,0.025885005273365954,0.9919943599920769
P0_PRIORITARIAN_best_welfare_within_frame__scenario_5,P0_PRIORITARIAN_best_welfare_within_frame,PRIORITARIAN,best_welfare_within_frame,5,fra,0.009644736068270916,0.012062716574322535,0.021707452642593453,0.05683068152565157,0.9963025361552057,0.02958076647489675,0.00858596513637077,0.03816673161126752,0.9453671509469737,0.022210630474358943,0.012934978732949323,0.03514560920730826,0.9954822015706779
P0_PRIORITARIAN_best_welfare_within_frame__scenario_5,P0_PRIORITARIAN_best_welfare_within_frame,PRIORITARIAN,best_welfare_within_frame,5,rfa,0.02386770039949809,0.007989400447217174,0.031857100846715274,0.1369653461227813,0.9910798618440173,0.09293364149646413,0.006261833924454059,0.09919547542091818,0.9174848346598657,0.056211837574622184,0.008735188399567134,0.06494702597418932,0.989806659881211
P0_PRIORITARIAN_best_welfare_within_frame__scenario_5,P0_PRIORITARIAN_best_welfare_within_frame,PRIORITARIAN,best_welfare_within_frame,5,pol,0.01511680392535674,0.007960733833812577,0.023077537759169323,0.08720912258221401,0.9904899684189762,0.039203796852068776,0.006758811983251015,0.04596260883531979,0.8913566111127298,0.03761250665162942,0.008722194409766544,0.046334701061395964,0.9888815955064431
P0_PRIORITARIAN_best_welfare_within_frame__scenario_5,P0_PRIORITARIAN_best_welfare_within_frame,PRIORITARIAN,best_welfare_within_frame,5,chn,0.009130569909717301,0.015309179337037682,0.024439749246754978,0.09146144130822902,0.990858646558881,0.06336189039747474,0.0106924142667509,0.07405430466422563,0.9734386507070985,0.013012961909634151,0.01629487420303169,0.029307836112665835,0.9906519738747182
P0_PRIORITARIAN_best_welfare_within_frame__scenario_5,P0_PRIORITARIAN_best_welfare_within_frame,PRIORITARIAN,best_welfare_within_frame,5,rus,0.0113341913617794,-0.002224950670310898,0.009109240691468503,0.1391198062746313,0.9902134103565212,0.05821732565524972,0.0022122648125002214,0.06042959046774994,0.9498297618837316,0.021667968162613627,-0.001915106850673477,0.01975286131194015,0.9894237739872024
P0_PRIORITARIAN_best_welfare_within_frame__scenario_6,P0_PRIORITARIAN_best_welfare_within_frame,PRIORITARIAN,best_welfare_within_frame,6,zaf,0.010998494021788673,0.01943416469344445,0.03043265871523312,0.15177567608782289,0.985884338172519,0.08497964419560483,0.02038662882238701,0.10536627301799185,0.875061093856544,0.008188319962830754,0.01920079574481177,0.027389115707642523,0.9621759437286779
P0_PRIORITARIAN_best_welfare_within_frame__scenario_6,P0_PRIORITARIAN_best_welfare_within_frame,PRIORITARIAN,best_welfare_within_frame,6,usa,0.021337701742268882,0.013871190370807631,0.03520889211307652,0.14308985236620245,0.9978279329299532,0.08712190506374266,0.016010261312566547,0.10313216637630922,0.984491262232379,0.048746951566433175,0.013852507744393701,0.06259945931082687,0.9975686952572839
P0_PRIORITARIAN_best_welfare_within_frame__scenario_6,P0_PRIORITARIAN_best_welfare_within_frame,PRIORITARIAN,best_welfare_within_frame,6,gbr,0.010207699705188325,0.006129612027782618,0.016337311732970945,0.05241420819936792,0.9931999287212349,0.03846093450672607,0.007139925036749416,0.04560085954347549,0.9586718473877394,0.021297956568256195,0.006291178382579198,0.0275891349508354,0.9878625505096292
P0_PRIORITARIAN_best_welfare_within_frame__scenario_6,P0_PRIORITARIAN_best_welfare_within_frame,PRIORITARIAN,best_welfare_within_frame,6,fra,0.01194234052047123,0.009482821183810474,0.021425161704281707,0.06406685015093955,0.996401087729223,0.035583659227174304,0.010928613361235108,0.04651227258840942,0.9707196380831212,0.02741114412866792,0.009591507322302174,0.037002651450970085,0.9922665828783578
P0_PRIORITARIAN_best_welfare_within_frame__scenario_6,P0_PRIORITARIAN_best_welfare_within_frame,PRIORITARIAN,best_welfare_within_frame,6,rfa,0.029443538182542525,0.006092489844588547,0.03553602802713108,0.1505044777869752,0.9915125659967363,0.11967595242757059,0.00794353091151906,0.12761948333908965,0.9528220962342319,0.06899777659825514,0.006312231701397267,0.07531000829965241,0.9847433249580158
P0_PRIORITARIAN_best_welfare_within_frame__scenario_6,P0_PRIORITARIAN_best_welfare_within_frame,PRIORITARIAN,best_welfare_within_frame,6,pol,0.01982528406025319,0.005992830430103024,0.02581811449035621,0.0956429139834833,0.9912967508438782,0.05340692385807592,0.008495245590101336,0.061902169448177266,0.9406075196452338,0.04762188737541239,0.0062239748423543895,0.0538458622177668,0.9811716440401062
P0_PRIORITARIAN_best_welfare_within_frame__scenario_6,P0_PRIORITARIAN_best_welfare_within_frame,PRIORITARIAN,best_welfare_within_frame,6,chn,0.010301832972670524,0.012143885074952114,0.02244571804762264,0.10032070442206555,0.9913085920974479,0.06797210302843128,0.01359337535651947,0.08156547838495075,0.9746106191644632,0.015476549134141883,0.01217350375929919,0.027650052893441072,0.9903987250209204
P0_PRIORITARIAN_best_welfare_within_frame__scenario_6,P0_PRIORITARIAN_best_welfare_within_frame,PRIORITARIAN,best_welfare_within_frame,6,rus,0.012549188396981886,-0.002532104461965341,0.010017083935016545,0.14445923754958617,0.9904051005122765,0.0650480289852272,0.0023606691694342983,0.06740869815466152,0.9659068244343845,0.024019978306334153,-0.002163239704517424,0.02185673860181673,0.9872487870657615
P0_PRIORITARIAN_best_welfare_within_frame__scenario_7,P0_PRIORITARIAN_best_welfare_within_frame,PRIORITARIAN,best_welfare_within_frame,7,zaf,0.011200232542465337,0.02996127169469798,0.04116150423716332,0.15082205336154944,0.9717063783986017,0.08518104865236034,0.020675152790478362,0.10585620144283871,0.875493419724475,0.008431851294930254,0.03291696071952925,0.041348812014459495,0.9717063783986017
P0_PRIORITARIAN_best_welfare_within_frame__scenario_7,P0_PRIORITARIAN_best_welfare_within_frame,PRIORITARIAN,best_welfare_within_frame,7,usa,0.021348304953262846,0.022166157685745595,0.04351446263900844,0.14675626980419573,0.9969789643626481,0.08708163272335273,0.01623152999964026,0.103313162722993,0.9843714078085796,0.048819625358397255,0.02454119014603741,0.07336081550443468,0.9969789643626481
P0_PRIORITARIAN_best_welfare_within_frame__scenario_7,P0_PRIORITARIAN_best_welfare_within_frame,PRIORITARIAN,best_welfare_within_frame,7,gbr,0.01022165499291471,0.010131210685544038,0.020352865678458752,0.05332026069151165,0.9887593085956676,0.03857224327395264,0.007244283253391078,0.04581652652734372,0.9595723012178164,0.021403010393793696,0.011416260641542544,0.03281927103533623,0.9887593085956676
P0_PRIORITARIAN_best_welfare_within_frame__scenario_7,P0_PRIORITARIAN_best_welfare_within_frame,PRIORITARIAN,best_welfare_within_frame,7,fra,0.01196519464102253,0.015371656882894902,0.02733685152391743,0.06789287629351196,0.9930325459762962,0.035691000959416484,0.011084153819605681,0.04677515477902217,0.9716427799730809,0.027558434726622883,0.017161157359232095,0.04471959208585498,0.9930325459762962
P0_PRIORITARIAN_best_welfare_within_frame__scenario_7,P0_PRIORITARIAN_best_welfare_within_frame,PRIORITARIAN,best_welfare_within_frame,7,rfa,0.029588429802589664,0.010470358582532941,0.04005878838512261,0.1517692965334279,0.9862591863372205,0.11998814803060051,0.008055144459317919,0.12804329248991844,0.9534189338103556,0.06959183203231685,0.011865930451980037,0.0814577624842969,0.9862591863372205
P0_PRIORITARIAN_best_welfare_within_frame__scenario_7,P0_PRIORITARIAN_best_welfare_within_frame,PRIORITARIAN,best_welfare_within_frame,7,pol,0.019926315330426547,0.010558259806214564,0.030484575136641108,0.10367557191544624,0.9847871909163206,0.05362019163654673,0.008610176301008072,0.06223036793755479,0.941655934703603,0.04833446146055742,0.011982398854051396,0.060316860314608825,0.9847871909163206
P0_PRIORITARIAN_best_welfare_within_frame__scenario_7,P0_PRIORITARIAN_best_welfare_within_frame,PRIORITARIAN,best_welfare_within_frame,7,chn,0.010297210281557296,0.019343909428686756,0.02964111971024405,0.1027321525771955,0.989461807633645,0.0679627573613226,0.013785864239505764,0.08174862160082835,0.9745766122381221,0.015459777992661445,0.021467934632338252,0.0369277126249997,0.989461807633645
P0_PRIORITARIAN_best_welfare_within_frame__scenario_7,P0_PRIORITARIAN_best_welfare_within_frame,PRIORITARIAN,best_welfare_within_frame,7,rus,0.012544865428364357,-0.0015972338829454158,0.010947631545418942,0.15137376105679728,0.9870897325041464,0.06518276758600493,0.002368917300105226,0.06755168488611014,0.9664316553934587,0.02401170529145035,-0.001285352244761865,0.022726353046688484,0.9870897325041464
P1_PRIORITARIAN_best_welfare_within_frame__scenario_0,P1_PRIORITARIAN_best_welfare_within_frame,PRIORITARIAN,best_welfare_within_frame,0,zaf,0.007883313204337866,0.01477431458353488,0.022657627787872746,0.12022235650295088,0.9701387618855164,0.07686770335563767,0.013740704821940876,0.09060840817757855,0.928540664841052,0.0037290395098382354,0.013959859492540609,0.01768889900237884,0.9567413474746158
P1_PRIORITARIAN_best_welfare_within_frame__scenario_0,P1_PRIORITARIAN_best_welfare_within_frame,PRIORITARIAN,best_welfare_within_frame,0,usa,0.008143627693241397,0.010316991384422098,0.01846061907766349,0.09564864019890018,0.9976502398262606,0.052816183971507016,0.010943851356682034,0.06376003532818904,0.9910184224985659,0.013528076534020238,0.009884721824247572,0.023412798358267806,0.9963850134695704
P1_PRIORITARIAN_best_welfare_within_frame__scenario_0,P1_PRIORITARIAN_best_welfare_within_frame,PRIORITARIAN,best_welfare_within_frame,0,gbr,0.004701667236457181,0.00444869491093875,0.00915036214739593,0.039975944603520955,0.9719976571632112,0.02169022917427254,0.004764503482346146,0.02645473265661868,0.8747484241709039,0.008763816331098387,0.004416059784755982,0.013179876115854368,0.9312939204188003
P1_PRIORITARIAN_best_welfare_within_frame__scenario_0,P1_PRIORITARIAN_best_welfare_within_frame,PRIORITARIAN,best_welfare_within_frame,0,fra,0.005892101404542577,0.0069802808389486095,0.012872382243491187,0.05032576040078128,0.979741823467579,0.024716951907046394,0.007376607910557895,0.0320935598176043,0.9491099827369387,0.012566701509418939,0.006797497911684031,0.019364199421102967,0.9692650326473141
P1_PRIORITARIAN_best_welfare_within_frame__scenario_0,P1_PRIORITARIAN_best_welfare_within_frame,PRIORITARIAN,best_welfare_within_frame,0,rfa,0.012246027690226823,0.0043074315960146105,0.016553459286241433,0.10692666018143072,0.9552345804388178,0.057480360286250844,0.005415911541412879,0.0628962718276637,0.8458662320722754,0.025286159382764444,0.004336137742945863,0.029622297125710306,0.90805040407563
P1_PRIORITARIAN_best_welfare_within_frame__scenario_0,P1_PRIORITARIAN_best_welfare_within_frame,PRIORITARIAN,best_welfare_within_frame,0,pol,0.0046554176556567175,0.0041665656248171794,0.008821983280473896,0.060213128944277404,0.9624207578272498,0.02111852857322175,0.005900026527010082,0.02701855510023183,0.852157458304765,0.00909302829498148,0.004213236558251214,0.013306264853232695,0.9154543908838224
P1_PRIORITARIAN_best_welfare_within_frame__scenario_0,P1_PRIORITARIAN_best_welfare_within_frame,PRIORITARIAN,best_welfare_within_frame,0,chn,0.0037946540810646044,0.009043743308272031,0.012838397389336634,0.05913816008644309,0.9860403280787993,0.03393194330851023,0.009184872647626812,0.04311681595613704,0.9626063568199503,0.0032366813205125583,0.008704763686676473,0.011941445007189029,0.9796173464437667
P1_PRIORITARIAN_best_welfare_within_frame__scenario_0,P1_PRIORITARIAN_best_welfare_within_frame,PRIORITARIAN,best_welfare_within_frame,0,rus,0.00830508265605065,-0.0025720274098182077,0.005733055246232441,0.1246306519448207,0.9900663178984855,0.04957213108620209,0.0022588941910109466,0.051831025277213026,0.9428441324861349,0.014459825122171486,-0.0021217406536349873,0.012338084468536502,0.97258616422829
P1_PRIORITARIAN_best_welfare_within_frame__scenario_1,P1_PRIORITARIAN_best_welfare_within_frame,PRIORITARIAN,best_welfare_within_frame,1,zaf,0.007927202308934457,0.014775561392593894,0.022702763701528354,0.11892753301464029,0.9698224891389109,0.07738191133052558,0.013908063224837912,0.09128997455536347,0.9299099542818904,0.0037441012444598336,0.014190413324654117,0.017934514569113953,0.9575685948787259
P1_PRIORITARIAN_best_welfare_within_frame__scenario_1,P1_PRIORITARIAN_best_welfare_within_frame,PRIORITARIAN,best_welfare_within_frame,1,usa,0.008146265434943642,0.010317655381212251,0.01846392081615589,0.09545310180028473,0.9976210472487911,0.052795915885770366,0.011056023244604838,0.06385193913037521,0.9909344808647592,0.013527261549146472,0.01005921346453065,0.023586475013677114,0.9963506935012897
P1_PRIORITARIAN_best_welfare_within_frame__scenario_1,P1_PRIORITARIAN_best_welfare_within_frame,PRIORITARIAN,best_welfare_within_frame,1,gbr,0.004737284143805799,0.004448857173504184,0.009186141317309982,0.03916435122308033,0.9710978342884578,0.02181101409692394,0.004819533347359152,0.026630547444283097,0.8767278286513032,0.008824887834764077,0.004497545590165551,0.013322433424929631,0.9336309919443533
P1_PRIORITARIAN_best_welfare_within_frame__scenario_1,P1_PRIORITARIAN_best_welfare_within_frame,PRIORITARIAN,best_welfare_within_frame,1,fra,0.0059085053945818,0.006980641474797764,0.012889146869379564,0.050159312441159946,0.9796223508154145,0.02475295741834867,0.007457738117220034,0.03221069553556871,0.9495316365960446,0.012582218832805601,0.006919635778465373,0.01950185461127097,0.9696001839536424
P1_PRIORITARIAN_best_welfare_within_frame__scenario_1,P1_PRIORITARIAN_best_welfare_within_frame,PRIORITARIAN,best_welfare_within_frame,1,rfa,0.012438821816284631,0.00430748941040148,0.01674631122668611,0.10472612927711436,0.9540184534406105,0.05806752145170339,0.00546543399589585,0.06353295544759924,0.848844772795257,0.02563930947716866,0.004422219506556841,0.030061528983725504,0.9117699584767666
P1_PRIORITARIAN_best_welfare_within_frame__scenario_1,P1_PRIORITARIAN_best_welfare_within_frame,PRIORITARIAN,best_welfare_within_frame,1,pol,0.004716817596220548,0.004166554826637916,0.008883372422858464,0.06019779599082965,0.961115211205934,0.02131700977808031,0.005943408790795199,0.027260418568875504,0.8551749563957654,0.009206565683930199,0.004301179460719499,0.013507745144649702,0.9191695474591141
P1_PRIORITARIAN_best_welfare_within_frame__scenario_1,P1_PRIORITARIAN_best_welfare_within_frame,PRIORITARIAN,best_welfare_within_frame,1,chn,0.0038023640700759467,0.009044316795184753,0.0128466808652607,0.05897313091571624,0.9859126032238718,0.034038203152171605,0.009288337026710029,0.04332654017888163,0.963317809329326,0.003243650530108574,0.008856788538903515,0.012100439069012089,0.9800773477917047
P1_PRIORITARIAN_best_welfare_within_frame__scenario_1,P1_PRIORITARIAN_best_welfare_within_frame,PRIORITARIAN,best_welfare_within_frame,1,rus,0.008357612686336474,-0.002572858502946927,0.005784754183389548,0.12420787755395181,0.9897003844294813,0.04972895197683241,0.00220591849031499,0.05193487046714739,0.9436055177238089,0.014505748683932479,-0.002122441592740254,0.012383307091192225,0.97338527661633
P1_PRIORITARIAN_best_welfare_within_frame__scenario_2,P1_PRIORITARIAN_best_welfare_within_frame,PRIORITARIAN,best_welfare_within_frame,2,zaf,0.010357992487607244,0.01919135317405654,0.029549345661663787,0.13438770191338684,0.9749284682149821,0.09259547310928891,0.01596060988144529,0.1085560829907342,0.9385471578789918,0.006139598897952865,0.021147375991130552,0.027286974889083417,0.9725229944822084
P1_PRIORITARIAN_best_welfare_within_frame__scenario_2,P1_PRIORITARIAN_best_welfare_within_frame,PRIORITARIAN,best_welfare_within_frame,2,usa,0.018674699225093766,0.013702521220396724,0.03237722044549048,0.13142762941433692,0.997945276761974,0.08338263579990453,0.01261620223684105,0.09599883803674555,0.9908249519650862,0.04114646696629003,0.0153479798861686,0.05649444685245863,0.99772595548575
P1_PRIORITARIAN_best_welfare_within_frame__scenario_2,P1_PRIORITARIAN_best_welfare_within_frame,PRIORITARIAN,best_welfare_within_frame,2,gbr,0.005927086497101437,0.0060547393832419555,0.011981825880343393,0.03983543440074928,0.987802414454028,0.023770061691634488,0.0055465035212195314,0.029316565212854022,0.9026295512619276,0.010983463874270627,0.007001796169442545,0.017985260043713168,0.9817203425456622
P1_PRIORITARIAN_best_welfare_within_frame__scenario_2,P1_PRIORITARIAN_best_welfare_within_frame,PRIORITARIAN,best_welfare_within_frame,2,fra,0.006628679056019824,0.009367064849518507,0.01599574390553833,0.05238546900016869,0.9832339818924365,0.025116840123574066,0.008548341435699842,0.0336651815592739,0.9555707914610598,0.013486514592197667,0.010646661837621066,0.024133176429818732,0.9818118814035854
P1_PRIORITARIAN_best_welfare_within_frame__scenario_2,P1_PRIORITARIAN_best_welfare_within_frame,PRIORITARIAN,best_welfare_within_frame,2,rfa,0.01485271973664781,0.006020887393899367,0.02087360713054718,0.1041915099980009,0.9737530909455553,0.06411196099644433,0.006237575289443154,0.0703495362858875,0.8749564446739025,0.03174724400780234,0.0070724383713262244,0.03881968237912858,0.9658597621269467
P1_PRIORITARIAN_best_welfare_within_frame__scenario_2,P1_PRIORITARIAN_best_welfare_within_frame,PRIORITARIAN,best_welfare_within_frame,2,pol,0.009878050617255702,0.005924843304395742,0.015802893921651445,0.07271814184373515,0.9811611987238691,0.031754372278720334,0.006735982202104794,0.03849035448082513,0.8826782444747399,0.022672566381480134,0.007006011751645311,0.02967857813312545,0.9733886993254227
P1_PRIORITARIAN_best_welfare_within_frame__scenario_2,P1_PRIORITARIAN_best_welfare_within_frame,PRIORITARIAN,best_welfare_within_frame,2,chn,0.011973962918534494,0.011994586808787138,0.023968549727321632,0.0985340547705719,0.9879351059337438,0.07447580272549988,0.010644784690820062,0.08512058741631993,0.9678993425172201,0.019669705360872796,0.01347661095997806,0.03314631632085086,0.9865973804595861
P1_PRIORITARIAN_best_welfare_within_frame__scenario_2,P1_PRIORITARIAN_best_welfare_within_frame,PRIORITARIAN,best_welfare_within_frame,2,rus,0.01707218855702429,-0.0024829290119940456,0.014589259545030249,0.15172029540250737,0.9966076974367432,0.07478122288289174,0.002227061441312676,0.07700828432420441,0.9558707783085709,0.03708796917596478,-0.0021030914372850303,0.03498487773867975,0.9945611481270248
P1_PRIORITARIAN_best_welfare_within_frame__scenario_3,P1_PRIORITARIAN_best_welfare_within_frame,PRIORITARIAN,best_welfare_within_frame,3,zaf,0.014409926570133265,0.0309370337801081,0.04534696035024137,0.1584599667795545,0.9739414670769269,0.11458807109360677,0.01566786985264557,0.13025594094625237,0.9344769277240645,0.010632120132226,0.028616111327019134,0.03924823145924513,0.9739414670769269
P1_PRIORITARIAN_best_welfare_within_frame__scenario_3,P1_PRIORITARIAN_best_welfare_within_frame,PRIORITARIAN,best_welfare_within_frame,3,usa,0.02595250998668126,0.022933772110925902,0.04888628209760716,0.14664783450177352,0.9976787269499664,0.09751522870607493,0.012385372292955155,0.10990060099903008,0.9901955135310279,0.0608020195361335,0.021149508350102972,0.08195152788623646,0.9976787269499664
P1_PRIORITARIAN_best_welfare_within_frame__scenario_3,P1_PRIORITARIAN_best_welfare_within_frame,PRIORITARIAN,best_welfare_within_frame,3,gbr,0.010552849663805973,0.010502649123421252,0.021055498787227227,0.05206270229657155,0.9870604257471851,0.030911156096555256,0.005439849101085552,0.036351005197640805,0.891879191581915,0.022506097567208276,0.009771936330680587,0.032278033897888865,0.9870289639765727
P1_PRIORITARIAN_best_welfare_within_frame__scenario_3,P1_PRIORITARIAN_best_welfare_within_frame,PRIORITARIAN,best_welfare_within_frame,3,fra,0.012242561613646386,0.015917643743662394,0.028160205357308784,0.06642118544021643,0.9821539392878568,0.03365584381458678,0.008388029241959962,0.042043873056546735,0.9521731766210471,0.027479901225528798,0.01474728003660428,0.04222718126213308,0.9821539392878568
P1_PRIORITARIAN_best_welfare_within_frame__scenario_3,P1_PRIORITARIAN_best_welfare_within_frame,PRIORITARIAN,best_welfare_within_frame,3,rfa,0.026958182613348303,0.010875428962765868,0.037833611576114166,0.14386772747851387,0.9724647750345713,0.08311654651642741,0.006119482764277451,0.08923602928070484,0.8664217165081668,0.06765580936358713,0.010067122037852101,0.07772293140143924,0.9724647750345713
P1_PRIORITARIAN_best_welfare_within_frame__scenario_3,P1_PRIORITARIAN_best_welfare_within_frame,PRIORITARIAN,best_welfare_within_frame,3,pol,0.01937900449121527,0.010979693612940282,0.030358698104155552,0.10105554086495695,0.9802017211187398,0.041044944329751476,0.0066108909412794315,0.0476558352710309,0.8733676500911515,0.04787635706957882,0.010107756269029988,0.057984113338608805,0.9801787327365432
P1_PRIORITARIAN_best_welfare_within_frame__scenario_3,P1_PRIORITARIAN_best_welfare_within_frame,PRIORITARIAN,best_welfare_within_frame,3,chn,0.02208842505487648,0.020011408771109872,0.04209983382598635,0.1298354097981532,0.9869818915992256,0.1052344121872841,0.01044705891597622,0.11568147110326034,0.9659428017046874,0.04535842669810831,0.018520445095262367,0.06387887179337068,0.9869818915992256
P1_PRIORITARIAN_best_welfare_within_frame__scenario_3,P1_PRIORITARIAN_best_welfare_within_frame,PRIORITARIAN,best_welfare_within_frame,3,rus,0.028083741432255574,-0.0015171330065661998,0.026566608425689378,0.16758797877581424,0.9959497602714318,0.09305402350228685,0.0021945591779727255,0.0952485826802596,0.9511703831750172,0.06643379079519364,-0.0016771004387773774,0.06475669035641625,0.9959414990889904
P1_PRIORITARIAN_best_welfare_within_frame__scenario_4,P1_PRIORITARIAN_best_welfare_within_frame,PRIORITARIAN,best_welfare_within_frame,4,zaf,0.014498045570523229,0.02269762263918386,0.037195668209707086,0.16458584058313994,0.9748100534320601,0.11857611830670317,0.014827868410803174,0.13340398671750636,0.9311645822823217,0.010921520867116443,0.023151760816661055,0.034073281683777504,0.9734662451742302
P1_PRIORITARIAN_best_welfare_within_frame__scenario_4,P1_PRIORITARIAN_best_welfare_within_frame,PRIORITARIAN,best_welfare_within_frame,4,usa,0.014156873640680693,0.016426589083985442,0.03058346272466613,0.11733091850262373,0.997902589098191,0.07157097888595919,0.011758167623193538,0.08332914650915274,0.9904646120987964,0.02881395089781279,0.016901678344299995,0.04571562924211278,0.9978647911340008
P1_PRIORITARIAN_best_welfare_within_frame__scenario_4,P1_PRIORITARIAN_best_welfare_within_frame,PRIORITARIAN,best_welfare_within_frame,4,gbr,0.00784678049690746,0.00735868305380376,0.01520546355071122,0.046022020253645476,0.9883732437755424,0.02675796850472543,0.005144675944779626,0.03190264444950505,0.8813248148918429,0.016835347596305696,0.00774055424860283,0.024575901844908526,0.98379316219092
P1_PRIORITARIAN_best_welfare_within_frame__scenario_4,P1_PRIORITARIAN_best_welfare_within_frame,PRIORITARIAN,best_welfare_within_frame,4,fra,0.009303752279564452,0.011294897243237295,0.020598649522801743,0.05585834109747099,0.9833303313461152,0.029976087957171185,0.00794690537750655,0.037922993334677746,0.9498675632853042,0.02118867673578897,0.01174263282254174,0.03293130955833072,0.9828244586900965
P1_PRIORITARIAN_best_welfare_within_frame__scenario_4,P1_PRIORITARIAN_best_welfare_within_frame,PRIORITARIAN,best_welfare_within_frame,4,rfa,0.020650888060969513,0.007429293357274052,0.028080181418243567,0.12473793344282816,0.9742768606288557,0.07047530500461015,0.005812921795321876,0.07628822679993202,0.8523457714090762,0.05107774300010342,0.007870148165776587,0.058947891165880034,0.9685421518156851
P1_PRIORITARIAN_best_welfare_within_frame__scenario_4,P1_PRIORITARIAN_best_welfare_within_frame,PRIORITARIAN,best_welfare_within_frame,4,pol,0.014173245623789197,0.007381621870810765,0.021554867494599964,0.08598879708366157,0.9816969534071688,0.034776411611058745,0.0063021599669750685,0.041078571578033816,0.8598387310799056,0.035698635454380415,0.00783211618798202,0.043530751642362434,0.9757913074613697
P1_PRIORITARIAN_best_welfare_within_frame__scenario_4,P1_PRIORITARIAN_best_welfare_within_frame,PRIORITARIAN,best_welfare_within_frame,4,chn,0.008909625513624068,0.014364662419423899,0.023274287933047966,0.0851850856917409,0.9877668049816906,0.060899713131176036,0.009896809872449001,0.07079652300362506,0.964894069340644,0.012782497944463284,0.014826631553632157,0.027609129498095443,0.9869517477340524
P1_PRIORITARIAN_best_welfare_within_frame__scenario_4,P1_PRIORITARIAN_best_welfare_within_frame,PRIORITARIAN,best_welfare_within_frame,4,rus,0.011433142012703797,-0.00229588268012488,0.009137259332578918,0.13342644719003802,0.9969231105452828,0.05722788821654761,0.0022283414709150687,0.05945622968746268,0.9453141486566421,0.0222801583577095,-0.001995986592762034,0.020284171764947463,0.9956992248658688
P1_PRIORITARIAN_best_welfare_within_frame__scenario_5,P1_PRIORITARIAN_best_welfare_within_frame,PRIORITARIAN,best_welfare_within_frame,5,zaf,0.01482102419728451,0.02442061561518451,0.03924163981246902,0.16541198013891717,0.9740010289056998,0.12303496372799781,0.01613601382693185,0.13917097755492963,0.9383056195199472,0.010950910952786698,0.025557762455778302,0.036508673408565,0.973755277905265
P1_PRIORITARIAN_best_welfare_within_frame__scenario_5,P1_PRIORITARIAN_best_welfare_within_frame,PRIORITARIAN,best_welfare_within_frame,5,usa,0.014176849814664529,0.01776818089898093,0.03194503071364546,0.11948029181556752,0.9977781436300088,0.07158520115686515,0.01274759877597276,0.08433279993283789,0.9904431002957038,0.028826171862397814,0.01875937619448394,0.047585548056881755,0.9977598904960157
P1_PRIORITARIAN_best_welfare_within_frame__scenario_5,P1_PRIORITARIAN_best_welfare_within_frame,PRIORITARIAN,best_welfare_within_frame,5,gbr,0.008059205658431592,0.008001211273570978,0.016060416932002573,0.04736623849460822,0.9868177675197692,0.028797328329256286,0.005607820241211145,0.034405148570467434,0.9020041978898288,0.016993229971283733,0.008630659987858927,0.025623889959142658,0.9864943639588895
P1_PRIORITARIAN_best_welfare_within_frame__scenario_5,P1_PRIORITARIAN_best_welfare_within_frame,PRIORITARIAN,best_welfare_within_frame,5,fra,0.009356957192586828,0.012244456360939461,0.02160141355352629,0.05796159241778962,0.9823489966252683,0.03053637347154163,0.008640347624571516,0.03917672109611315,0.9548582830500604,0.0211649800471259,0.013058458433049551,0.03422343848017544,0.9823489966252683
P1_PRIORITARIAN_best_welfare_within_frame__scenario_5,P1_PRIORITARIAN_best_welfare_within_frame,PRIORITARIAN,best_welfare_within_frame,5,rfa,0.021510502562836237,0.008124835932724856,0.029635338495561096,0.12827035112058408,0.9722634184449618,0.07764255314655162,0.006301610243011532,0.08394416338956318,0.8749196256646834,0.05181137543342582,0.008825487881876239,0.060636863315302054,0.971989560661585
P1_PRIORITARIAN_best_welfare_within_frame__scenario_5,P1_PRIORITARIAN_best_welfare_within_frame,PRIORITARIAN,best_welfare_within_frame,5,pol,0.014580832684503633,0.008102121114814292,0.022682953799317923,0.08518307895132333,0.9799305665845317,0.037967984405331244,0.006800862678248482,0.044768847083579734,0.8824071609564825,0.03620894037650143,0.008815641760938834,0.045024582137440275,0.9795936320846361
P1_PRIORITARIAN_best_welfare_within_frame__scenario_5,P1_PRIORITARIAN_best_welfare_within_frame,PRIORITARIAN,best_welfare_within_frame,5,chn,0.008976406995258914,0.01553120474662088,0.024507611741879792,0.08670042822277689,0.9872101756330982,0.061691137733251286,0.010759651013796999,0.07245078874704829,0.9676260469259756,0.01279344100465172,0.0164466291137083,0.02924007011836002,0.9869680262936046
P1_PRIORITARIAN_best_welfare_within_frame__scenario_5,P1_PRIORITARIAN_best_welfare_within_frame,PRIORITARIAN,best_welfare_within_frame,5,rus,0.011644273024607502,-0.0021945575283786995,0.0094497154962288,0.1380260193463596,0.9959507845784851,0.05985579395771822,0.002222217748288625,0.06207801170600683,0.9555074234425328,0.022293631557043718,-0.0019024261280994811,0.020391205428944233,0.9958205080414136
P1_PRIORITARIAN_best_welfare_within_frame__scenario_6,P1_PRIORITARIAN_best_welfare_within_frame,PRIORITARIAN,best_welfare_within_frame,6,zaf,0.012704313792401055,0.021719697445819183,0.03442401123822023,0.1509507446251916,0.9717073357761321,0.11184775246751147,0.020478416755285302,0.13232616922279677,0.946822783251876,0.008283434453783683,0.020094415395972304,0.02837784984975599,0.9702855743152494
P1_PRIORITARIAN_best_welfare_within_frame__scenario_6,P1_PRIORITARIAN_best_welfare_within_frame,PRIORITARIAN,best_welfare_within_frame,6,usa,0.0213926692563046,0.01570689504845498,0.03709956430475957,0.14244364877875984,0.9977769963681052,0.08896490329112237,0.016082969795094777,0.10504787308621716,0.9896434485804235,0.048763336393700535,0.014545117069687592,0.06330845346338812,0.9975853157402866
P1_PRIORITARIAN_best_welfare_within_frame__scenario_6,P1_PRIORITARIAN_best_welfare_within_frame,PRIORITARIAN,best_welfare_within_frame,6,gbr,0.009712455073554825,0.00702536763883325,0.01673782271238808,0.051397519590244904,0.9806259156377831,0.03509429120288288,0.007173542997646218,0.04226783420052909,0.9310577084956775,0.020459191030395864,0.00662355682849841,0.027082747858894283,0.9762003075002411
P1_PRIORITARIAN_best_welfare_within_frame__scenario_6,P1_PRIORITARIAN_best_welfare_within_frame,PRIORITARIAN,best_welfare_within_frame,6,fra,0.011413980013293759,0.01079225211170679,0.022206232125000547,0.06436725558874029,0.9801435635983566,0.03403826066227885,0.010979117274524374,0.04501737793680322,0.9593080899058648,0.026109890081722424,0.0100823406291989,0.03619223071092132,0.9790976015792686
P1_PRIORITARIAN_best_welfare_within_frame__scenario_6,P1_PRIORITARIAN_best_welfare_within_frame,PRIORITARIAN,best_welfare_within_frame,6,rfa,0.02600681920323279,0.007088854294547252,0.03309567349778004,0.14055156348330036,0.9652665946018802,0.09922014796321996,0.007980919813227738,0.10720106777644771,0.908549116701865,0.06177840446574587,0.006670426329891751,0.0684488307956376,0.9597365043105078
P1_PRIORITARIAN_best_welfare_within_frame__scenario_6,P1_PRIORITARIAN_best_welfare_within_frame,PRIORITARIAN,best_welfare_within_frame,6,pol,0.01862198365635639,0.007042566672512336,0.025664550328868725,0.0948437519764837,0.9726342181362716,0.04874609043429385,0.00853497922779925,0.057281069662093086,0.9172497339454061,0.04505166298781677,0.006593738331814666,0.05164540131963144,0.9671795533674726
P1_PRIORITARIAN_best_welfare_within_frame__scenario_6,P1_PRIORITARIAN_best_welfare_within_frame,PRIORITARIAN,best_welfare_within_frame,6,chn,0.010090017341893773,0.013732729709187558,0.023822747051081332,0.09706542736141277,0.9859196851918928,0.06671231562291807,0.013655579826797435,0.08036789544971551,0.9706315410178352,0.015121442904873595,0.012776938531888844,0.02789838143676244,0.9853187569076474
P1_PRIORITARIAN_best_welfare_within_frame__scenario_6,P1_PRIORITARIAN_best_welfare_within_frame,PRIORITARIAN,best_welfare_within_frame,6,rus,0.012718563207258057,-0.0022140821184457385,0.010504481088812318,0.1451045386984389,0.9924102500655049,0.06599104392605656,0.002372038496916606,0.06836308242297319,0.9687940857915601,0.02442111730119963,-0.002118753224671899,0.022302364076527734,0.9907881298265673
P1_PRIORITARIAN_best_welfare_within_frame__scenario_7,P1_PRIORITARIAN_best_welfare_within_frame,PRIORITARIAN,best_welfare_within_frame,7,zaf,0.012648353321035907,0.033439584070029144,0.04608793739106505,0.150983256367275,0.9669398718703864,0.11176811879428719,0.020767232022757324,0.1325353508170445,0.9467553720464876,0.00819339022463048,0.03423462043668439,0.042428010661314866,0.9668970413447217
P1_PRIORITARIAN_best_welfare_within_frame__scenario_7,P1_PRIORITARIAN_best_welfare_within_frame,PRIORITARIAN,best_welfare_within_frame,7,usa,0.021412422382893728,0.025011331388100837,0.046423753770994565,0.1461357933499032,0.9970876621511715,0.08895347307525976,0.016304929675484414,0.10525840275074418,0.9896099497460517,0.04884912896168005,0.025599908547366722,0.07444903750904677,0.9970321896945955
P1_PRIORITARIAN_best_welfare_within_frame__scenario_7,P1_PRIORITARIAN_best_welfare_within_frame,PRIORITARIAN,best_welfare_within_frame,7,gbr,0.009628181868619044,0.011535180894175325,0.02116336276279437,0.05170853003870813,0.9717033138243498,0.03511901528156079,0.007278129143601685,0.04239714442516248,0.9313879995061874,0.020194646650558933,0.01193071179204898,0.032125358442607915,0.9713758298324013
P1_PRIORITARIAN_best_welfare_within_frame__scenario_7,P1_PRIORITARIAN_best_welfare_within_frame,PRIORITARIAN,best_welfare_within_frame,7,fra,0.011364179802595558,0.017411044294882612,0.028775224097478173,0.06905514950197943,0.977033406138609,0.03403756347650914,0.011135050041182802,0.045172613517691945,0.9593334768147644,0.02598350131260522,0.017914746488051896,0.04389824780065711,0.9769385045978584
P1_PRIORITARIAN_best_welfare_within_frame__scenario_7,P1_PRIORITARIAN_best_welfare_within_frame,PRIORITARIAN,best_welfare_within_frame,7,rfa,0.025779347948974626,0.01205442015242237,0.03783376810139699,0.14324495220613456,0.9547908242334944,0.0994244443078403,0.008093056670974855,0.10751750097881514,0.9091601533910318,0.060800834452638716,0.012439008711048784,0.0732398431636875,0.9544225966559775
P1_PRIORITARIAN_best_welfare_within_frame__scenario_7,P1_PRIORITARIAN_best_welfare_within_frame,PRIORITARIAN,best_welfare_within_frame,7,pol,0.018390304547530024,0.012241693702547497,0.03063199825007752,0.10014333101001006,0.962365770268532,0.04880972759854629,0.008650683380762105,0.05746041097930841,0.9177249865372743,0.04439097951501954,0.012587376640664916,0.05697835615568445,0.9619911946607659
P1_PRIORITARIAN_best_welfare_within_frame__scenario_7,P1_PRIORITARIAN_best_welfare_within_frame,PRIORITARIAN,best_welfare_within_frame,7,chn,0.010036182991805618,0.021800802108798752,0.03183698510060437,0.09951862844938038,0.9827303685301203,0.06666253727078543,0.01384847970461146,0.08051101697539689,0.9704822564403119,0.014994681437714345,0.022383028125955478,0.03737770956366982,0.9827303685301203
P1_PRIORITARIAN_best_welfare_within_frame__scenario_7,P1_PRIORITARIAN_best_welfare_within_frame,PRIORITARIAN,best_welfare_within_frame,7,rus,0.012659836856863015,-0.0009485723185526581,0.01171126453831036,0.15204584521973052,0.9887068358967047,0.06607227520842814,0.0023820146665280285,0.06845428987495618,0.969161921293223,0.02422093360150763,-0.0010962827033534647,0.023124650898154166,0.9886250900292298
P2_PRIORITARIAN_best_welfare_within_frame__scenario_0,P2_PRIORITARIAN_best_welfare_within_frame,PRIORITARIAN,best_welfare_within_frame,0,zaf,0.004128048367312857,0.014991870825965405,0.019119919193278264,0.11535824649708638,0.9309293318269964,0.032077229672310324,0.013725591786352203,0.04580282145866253,0.730373102176819,0.0025516578872763207,0.014100631917178318,0.016652289804454636,0.8438668251973124
P2_PRIORITARIAN_best_welfare_within_frame__scenario_0,P2_PRIORITARIAN_best_welfare_within_frame,PRIORITARIAN,best_welfare_within_frame,0,usa,0.007833425280635957,0.010482416878798528,0.018315842159434485,0.09376492033893447,0.9862055054862151,0.050341392243374944,0.010933081994922137,0.061274474238297086,0.9796124651184923,0.012944476602912655,0.009991762314747432,0.022936238917660088,0.9859851678715721
P2_PRIORITARIAN_best_welfare_within_frame__scenario_0,P2_PRIORITARIAN_best_welfare_within_frame,PRIORITARIAN,best_welfare_within_frame,0,gbr,0.004565504163612399,0.004526888956777962,0.00909239312039036,0.038929676186655396,0.9677583300217071,0.02070106874709744,0.004759332776763851,0.025460401523861285,0.8626072029161723,0.008496424376176195,0.00446639020040828,0.012962814576584476,0.9215118670137302
P2_PRIORITARIAN_best_welfare_within_frame__scenario_0,P2_PRIORITARIAN_best_welfare_within_frame,PRIORITARIAN,best_welfare_within_frame,0,fra,0.005875725747275884,0.0070967555406955055,0.012972481287971389,0.0496083372225188,0.9833227244556203,0.024114343992189025,0.007368934192969847,0.03148327818515887,0.9420883353576516,0.012546230790330353,0.006872665081323994,0.019418895871654344,0.968115822267613
P2_PRIORITARIAN_best_welfare_within_frame__scenario_0,P2_PRIORITARIAN_best_welfare_within_frame,PRIORITARIAN,best_welfare_within_frame,0,rfa,0.01075208355777562,0.004390179634731753,0.015142263192507376,0.10307912472588737,0.9428558537349315,0.04612114772687901,0.005410852212852853,0.05153199993973186,0.7900636893647254,0.022823779394220853,0.004389488794947152,0.027213268189168003,0.8739170431472225
P2_PRIORITARIAN_best_welfare_within_frame__scenario_0,P2_PRIORITARIAN_best_welfare_within_frame,PRIORITARIAN,best_welfare_within_frame,0,pol,0.0045834946880793795,0.004251019271458357,0.008834513959537736,0.06000389675689453,0.962967834429919,0.02038457481673135,0.005895198107551517,0.026279772924282862,0.8445230577599939,0.008936121776354122,0.004267826531319545,0.013203948307673663,0.9094833372107638
P2_PRIORITARIAN_best_welfare_within_frame__scenario_0,P2_PRIORITARIAN_best_welfare_within_frame,PRIORITARIAN,best_welfare_within_frame,0,chn,0.003933049115945757,0.009188175958810305,0.013121225074756063,0.060399961633097805,0.9938926871684045,0.03599768278046862,0.009175214056665172,0.045172896837133804,0.975586954247318,0.0033654635706784303,0.008798070571981663,0.012163534142660092,0.9880796588870306
P2_PRIORITARIAN_best_welfare_within_frame__scenario_0,P2_PRIORITARIAN_best_welfare_within_frame,PRIORITARIAN,best_welfare_within_frame,0,rus,0.007620916543630105,-0.0025719200035477026,0.005048996540082401,0.12035960309643981,0.9681598416871733,0.04482432913885875,0.00226138961287336,0.047085718751732106,0.9214472458723342,0.01311828093443235,-0.0021209014278897303,0.01099737950654262,0.9510371996012364
P2_PRIORITARIAN_best_welfare_within_frame__scenario_1,P2_PRIORITARIAN_best_welfare_within_frame,PRIORITARIAN,best_welfare_within_frame,1,zaf,0.004110135032706427,0.015005367697820904,0.01911550273052733,0.09466051865374289,0.9309997537188387,0.031009486779237854,0.013891478197696754,0.044900964976934604,0.730445890364107,0.002591153997233685,0.014358788637313429,0.016949942634547115,0.849733583877338
P2_PRIORITARIAN_best_welfare_within_frame__scenario_1,P2_PRIORITARIAN_best_welfare_within_frame,PRIORITARIAN,best_welfare_within_frame,1,usa,0.007834154669861659,0.010492220722639532,0.01832637539250119,0.09361142803814895,0.9861884152269365,0.050319739863284765,0.011043849402313257,0.06136358926559802,0.9795239255299569,0.012943807973383476,0.010187163916959922,0.023130971890343396,0.9859522405426263
P2_PRIORITARIAN_best_welfare_within_frame__scenario_1,P2_PRIORITARIAN_best_welfare_within_frame,PRIORITARIAN,best_welfare_within_frame,1,gbr,0.0045822962147484825,0.00453133587450763,0.009113632089256111,0.037105689364845845,0.9671787097571295,0.020689973155196925,0.00481377715131986,0.025503750306516786,0.8632315687647864,0.00852997270056432,0.004557728144413426,0.013087700844977746,0.9232514119230562
P2_PRIORITARIAN_best_welfare_within_frame__scenario_1,P2_PRIORITARIAN_best_welfare_within_frame,PRIORITARIAN,best_welfare_within_frame,1,fra,0.00589636207342873,0.007103533233747086,0.012999895307175815,0.04938919990206502,0.9831667651995254,0.024167127027368864,0.007449146749495562,0.03161627377686443,0.9427195319610137,0.012592156145088575,0.00700950601340401,0.019601662158492586,0.9691999211244955
P2_PRIORITARIAN_best_welfare_within_frame__scenario_1,P2_PRIORITARIAN_best_welfare_within_frame,PRIORITARIAN,best_welfare_within_frame,1,rfa,0.010803677843090415,0.00439468045509514,0.015198358298185555,0.09577513836606677,0.9422640704363135,0.0460765424331387,0.0054595788345932535,0.05153612126773195,0.7916233942423004,0.023029912742028792,0.00448596341588501,0.027515876157913798,0.8778097892601386
P2_PRIORITARIAN_best_welfare_within_frame__scenario_1,P2_PRIORITARIAN_best_welfare_within_frame,PRIORITARIAN,best_welfare_within_frame,1,pol,0.004600894763381985,0.004255481350324456,0.008856376113706441,0.06001332184673853,0.9621123677525644,0.020374667389422556,0.0059376153590998135,0.026312282748522372,0.8454524527975096,0.008981945027873148,0.004366362079275281,0.013348307107148428,0.9116526862841993
P2_PRIORITARIAN_best_welfare_within_frame__scenario_1,P2_PRIORITARIAN_best_welfare_within_frame,PRIORITARIAN,best_welfare_within_frame,1,chn,0.003939228007197804,0.009196763646888003,0.013135991654085804,0.06026415255613806,0.993815940520638,0.03607034601738078,0.009277579328546863,0.04534792534592764,0.9760383636359095,0.0033691566085171996,0.008968358326286348,0.012337514934803546,0.9883152375169773
P2_PRIORITARIAN_best_welfare_within_frame__scenario_1,P2_PRIORITARIAN_best_welfare_within_frame,PRIORITARIAN,best_welfare_within_frame,1,rus,0.007653555690180462,-0.002573308466517153,0.005080247223663309,0.11994347307350359,0.9680161491261933,0.04498440105318477,0.002207335399801072,0.04719173645298585,0.9223097212957646,0.013148743820585847,-0.0021217395508583447,0.0110270042697275,0.9516782378781868
P2_PRIORITARIAN_best_welfare_within_frame__scenario_2,P2_PRIORITARIAN_best_welfare_within_frame,PRIORITARIAN,best_welfare_within_frame,2,zaf,0.007218080589482211,0.0192661731669109,0.02648425375639311,0.12680952264083434,0.9819765451260095,0.04642179704089259,0.01594956380419047,0.06237136084508306,0.7819605270033045,0.006049894387068409,0.021275466652938647,0.027325361040007053,0.9645339542665262
P2_PRIORITARIAN_best_welfare_within_frame__scenario_2,P2_PRIORITARIAN_best_welfare_within_frame,PRIORITARIAN,best_welfare_within_frame,2,usa,0.017826511409287215,0.013753086427022037,0.03157959783630925,0.12850473612346527,0.9857829713450897,0.07924836397792835,0.012608242577298536,0.09185660655522687,0.9787692015325473,0.039076863802369834,0.015445318714303529,0.05452218251667336,0.9857165195342515
P2_PRIORITARIAN_best_welfare_within_frame__scenario_2,P2_PRIORITARIAN_best_welfare_within_frame,PRIORITARIAN,best_welfare_within_frame,2,gbr,0.005865873933672927,0.0060769164717368,0.011942790405409728,0.03985062122806909,0.9885071625428423,0.022894837776349927,0.005542676597354078,0.028437514373704006,0.8918441115130419,0.010969394734578742,0.0070478274507412364,0.018017222185319974,0.9809514516560981
P2_PRIORITARIAN_best_welfare_within_frame__scenario_2,P2_PRIORITARIAN_best_welfare_within_frame,PRIORITARIAN,best_welfare_within_frame,2,fra,0.006738969101198161,0.009401644580053097,0.016140613681251255,0.05139381537441823,0.9905605700739598,0.02496159568493761,0.008542669677753434,0.03350426536269105,0.9535372310264536,0.013814321071395937,0.010715219473910234,0.02452954054530617,0.9882871637095186
P2_PRIORITARIAN_best_welfare_within_frame__scenario_2,P2_PRIORITARIAN_best_welfare_within_frame,PRIORITARIAN,best_welfare_within_frame,2,rfa,0.014103127352092832,0.006041207803161818,0.020144335155254652,0.1011394405604486,0.9785040371360203,0.053621796396903995,0.0062337802646532745,0.05985557666155726,0.8293180078085094,0.0320295411478632,0.007121127490629958,0.039150668638493154,0.9659075424922463
P2_PRIORITARIAN_best_welfare_within_frame__scenario_2,P2_PRIORITARIAN_best_welfare_within_frame,PRIORITARIAN,best_welfare_within_frame,2,pol,0.009954822593468672,0.005943451570102153,0.015898274163570827,0.07322336498830465,0.986558077413569,0.031152909827479168,0.00673231833429408,0.03788522816177324,0.8777654394191428,0.02312801712623082,0.007055704723054673,0.030183721849285493,0.9777419780972282
P2_PRIORITARIAN_best_welfare_within_frame__scenario_2,P2_PRIORITARIAN_best_welfare_within_frame,PRIORITARIAN,best_welfare_within_frame,2,chn,0.012453376366451973,0.012039686561929046,0.024493062928381017,0.10209557655716128,0.9965221878323255,0.07890955083181111,0.01063767066790579,0.08954722149971692,0.9805189636522733,0.020503421191879208,0.013561627052014314,0.034065048243893524,0.9955109181425406
P2_PRIORITARIAN_best_welfare_within_frame__scenario_2,P2_PRIORITARIAN_best_welfare_within_frame,PRIORITARIAN,best_welfare_within_frame,2,rus,0.01564379787782582,-0.002503223398241153,0.013140574479584667,0.14497238248058067,0.9761793319843909,0.06780112687013716,0.0022285930068907957,0.07002971987702795,0.9345729851231531,0.03376806500172643,-0.0021028919450330774,0.031665173056693356,0.9736833947531495
P2_PRIORITARIAN_best_welfare_within_frame__scenario_3,P2_PRIORITARIAN_best_welfare_within_frame,PRIORITARIAN,best_welfare_within_frame,3,zaf,0.0103150610682746,0.030809848922610406,0.04112490999088501,0.15746700225129817,0.9812118551382394,0.05329222392559714,0.015657839429711138,0.06895006335530827,0.7660289405181496,0.01101154150082082,0.028672094310099348,0.039683635810920166,0.9812118551382394
P2_PRIORITARIAN_best_welfare_within_frame__scenario_3,P2_PRIORITARIAN_best_welfare_within_frame,PRIORITARIAN,best_welfare_within_frame,3,usa,0.02471836951614733,0.02282905440426333,0.04754742392041066,0.14342705163779937,0.9853675095950108,0.09266988188392151,0.012378409207614745,0.10504829109153625,0.9781129448454073,0.057636796793928434,0.0211919353542291,0.07882873214815754,0.9853675095950108
P2_PRIORITARIAN_best_welfare_within_frame__scenario_3,P2_PRIORITARIAN_best_welfare_within_frame,PRIORITARIAN,best_welfare_within_frame,3,gbr,0.010474762755757068,0.010450827092839388,0.02092558984859646,0.05042352760377187,0.988380127845344,0.029841916553890537,0.005436422768030043,0.035278339321920586,0.8816838181962504,0.0226139911918513,0.009792334397206372,0.032406325589057663,0.988380127845344
P2_PRIORITARIAN_best_welfare_within_frame__scenario_3,P2_PRIORITARIAN_best_welfare_within_frame,PRIORITARIAN,best_welfare_within_frame,3,fra,0.012518433694083186,0.015842497321679617,0.028360931015762803,0.06723372376512507,0.9903816665074527,0.03333660928594003,0.008382996739265874,0.0417196060252059,0.9492811615826449,0.02832620290070826,0.014777419343721659,0.043103622244429936,0.9903816665074527
P2_PRIORITARIAN_best_welfare_within_frame__scenario_3,P2_PRIORITARIAN_best_welfare_within_frame,PRIORITARIAN,best_welfare_within_frame,3,rfa,0.025974616578053687,0.010816660882274004,0.03679127746032769,0.1364175559255535,0.9780408897472337,0.06828022093144696,0.0061162512932023076,0.07439647222464928,0.8166854412568182,0.06933520069733264,0.010088555721828894,0.07942375641916152,0.9780408897472337
P2_PRIORITARIAN_best_welfare_within_frame__scenario_3,P2_PRIORITARIAN_best_welfare_within_frame,PRIORITARIAN,best_welfare_within_frame,3,pol,0.019619206131734967,0.01091704712594581,0.030536253257680775,0.10301369552978118,0.986215033861498,0.04030699183307908,0.006607925220304683,0.04691491705338376,0.8681257598929876,0.049059075526086654,0.010129457770060099,0.05918853329614675,0.986215033861498
P2_PRIORITARIAN_best_welfare_within_frame__scenario_3,P2_PRIORITARIAN_best_welfare_within_frame,PRIORITARIAN,best_welfare_within_frame,3,chn,0.0230319609503459,0.01992108556501759,0.04295304651536349,0.13594296475827933,0.9962527381049918,0.11163136587730961,0.010440710721363265,0.12207207659867288,0.9788088739008571,0.04738787209712967,0.018557717703416486,0.06594558980054616,0.9962527381049918
P2_PRIORITARIAN_best_welfare_within_frame__scenario_3,P2_PRIORITARIAN_best_welfare_within_frame,PRIORITARIAN,best_welfare_within_frame,3,rus,0.025677886877247796,-0.0015429305685166303,0.024134956308731165,0.16049930772728008,0.9759706783471442,0.08403589486987119,0.002196942084467128,0.08623283695433832,0.9289289414647393,0.06063864532394654,-0.0016777957046627033,0.05896084961928384,0.9759706783471442
P2_PRIORITARIAN_best_welfare_within_frame__scenario_4,P2_PRIORITARIAN_best_welfare_within_frame,PRIORITARIAN,best_welfare_within_frame,4,zaf,0.009319347719089294,0.022757519928143732,0.032076867647233026,0.14668798349300555,0.9807865065850537,0.04623836997645387,0.01479484628764264,0.06103321626409651,0.7352389549687854,0.010678160147250796,0.023209367617033985,0.03388752776428478,0.9648526259110273
P2_PRIORITARIAN_best_welfare_within_frame__scenario_4,P2_PRIORITARIAN_best_welfare_within_frame,PRIORITARIAN,best_welfare_within_frame,4,usa,0.013527210629035643,0.016471331870405774,0.02999854249944142,0.11506681406695062,0.985573088869691,0.06814804712261183,0.011733335446155003,0.07988138256876683,0.9788387903872455,0.027337387578532543,0.01694568674158151,0.04428307432011405,0.9855475868437394
P2_PRIORITARIAN_best_welfare_within_frame__scenario_4,P2_PRIORITARIAN_best_welfare_within_frame,PRIORITARIAN,best_welfare_within_frame,4,gbr,0.007726357185595699,0.007379598316701644,0.015105955502297345,0.04671472565716473,0.9876141840063598,0.02585430973252913,0.005133022962898899,0.030987332695428024,0.8714597846976716,0.016666343903887163,0.007761399472457007,0.024427743376344176,0.9806671077646615
P2_PRIORITARIAN_best_welfare_within_frame__scenario_4,P2_PRIORITARIAN_best_welfare_within_frame,PRIORITARIAN,best_welfare_within_frame,4,fra,0.009438441709437447,0.011326259666498244,0.020764701375935696,0.05575859252297817,0.9902648497847742,0.02949780576206729,0.007929473499865706,0.03742727926193298,0.9451300919961428,0.021622294703618573,0.011773645604546298,0.03339594030816487,0.9882694187062194
P2_PRIORITARIAN_best_welfare_within_frame__scenario_4,P2_PRIORITARIAN_best_welfare_within_frame,PRIORITARIAN,best_welfare_within_frame,4,rfa,0.019383638454979674,0.007451024676691199,0.02683466313167087,0.126358802569163,0.9771563239792105,0.05642835526260875,0.005800712928237121,0.062229068190845865,0.7980247863003387,0.050685906060125206,0.007892314525562156,0.05857822058568736,0.965267306636327
P2_PRIORITARIAN_best_welfare_within_frame__scenario_4,P2_PRIORITARIAN_best_welfare_within_frame,PRIORITARIAN,best_welfare_within_frame,4,pol,0.014213450247267364,0.0074035301864837574,0.021616980433751123,0.08689928542431029,0.9855460533996843,0.034141900763673926,0.0062897742193761905,0.040431674983050114,0.8548029381503851,0.03599714257812746,0.00785482789025852,0.04385197046838597,0.9773508433064683
P2_PRIORITARIAN_best_welfare_within_frame__scenario_4,P2_PRIORITARIAN_best_welfare_within_frame,PRIORITARIAN,best_welfare_within_frame,4,chn,0.00926816927248597,0.01440384176240624,0.023672011034892207,0.08747216817263606,0.9963567271859722,0.06454138436817095,0.009875095896743994,0.07441648026491494,0.9775634654150832,0.013301104399010706,0.014865020536054773,0.02816612493506548,0.9955209065423415
P2_PRIORITARIAN_best_welfare_within_frame__scenario_4,P2_PRIORITARIAN_best_welfare_within_frame,PRIORITARIAN,best_welfare_within_frame,4,rus,0.010476550098737531,-0.0022984922933899418,0.008178057805347591,0.12959544938956005,0.9758605512014614,0.05210482248262613,0.0022290254462342196,0.05433384792886034,0.9250496568290233,0.020194438664483172,-0.0019951352989133636,0.018199303365569804,0.9736538328031801
P2_PRIORITARIAN_best_welfare_within_frame__scenario_5,P2_PRIORITARIAN_best_welfare_within_frame,PRIORITARIAN,best_welfare_within_frame,5,zaf,0.010750700269806353,0.024372845952458352,0.035123546222264705,0.1643463492758151,0.9792604307960094,0.06079461301619899,0.016105318228652014,0.07689993124485099,0.7808761019288138,0.0109789499077403,0.025557405964235988,0.036536355871976296,0.9734926943458303
P2_PRIORITARIAN_best_welfare_within_frame__scenario_5,P2_PRIORITARIAN_best_welfare_within_frame,PRIORITARIAN,best_welfare_within_frame,5,usa,0.01352784965265827,0.01772818607694523,0.031256035729603504,0.1170890624421673,0.9854507693119274,0.06800627623592884,0.012724573013656123,0.08073084924958497,0.9782782087152007,0.027345355575207408,0.01875823710273416,0.04610359267794158,0.9854197684222873
P2_PRIORITARIAN_best_welfare_within_frame__scenario_5,P2_PRIORITARIAN_best_welfare_within_frame,PRIORITARIAN,best_welfare_within_frame,5,gbr,0.007973727685578103,0.007981257550695722,0.015954985236273825,0.047272645509631915,0.9872881975852014,0.0274391439312779,0.005596961692151309,0.033036105623429214,0.8885130263135093,0.01697171292509172,0.008629883614077927,0.025601596539169647,0.9861240093873059
P2_PRIORITARIAN_best_welfare_within_frame__scenario_5,P2_PRIORITARIAN_best_welfare_within_frame,PRIORITARIAN,best_welfare_within_frame,5,fra,0.009545500645706074,0.012215661939506616,0.02176116258521269,0.05661943351628465,0.9901846053832016,0.030326551788213377,0.008624141076014497,0.03895069286422788,0.9527188226915563,0.02174336957549903,0.013057514849815757,0.03480088442531479,0.9896732130080375
P2_PRIORITARIAN_best_welfare_within_frame__scenario_5,P2_PRIORITARIAN_best_welfare_within_frame,PRIORITARIAN,best_welfare_within_frame,5,rfa,0.020625583816845785,0.00810191268227874,0.02872749649912452,0.12966815450012006,0.9766765073400516,0.06496930196533772,0.006290277981029052,0.07125957994636674,0.8282734680013998,0.05211945765468032,0.00882423689165441,0.06094369454633474,0.9729622365971964
P2_PRIORITARIAN_best_welfare_within_frame__scenario_5,P2_PRIORITARIAN_best_welfare_within_frame,PRIORITARIAN,best_welfare_within_frame,5,pol,0.014721439161766083,0.008077500145657099,0.02279893930742318,0.08613904959046256,0.9852070478595114,0.03684865157089552,0.006789411048889416,0.043638062619784916,0.8743747072010529,0.03684314721665465,0.008814074551430894,0.04565722176808555,0.9838155608812037
P2_PRIORITARIAN_best_welfare_within_frame__scenario_5,P2_PRIORITARIAN_best_welfare_within_frame,PRIORITARIAN,best_welfare_within_frame,5,chn,0.009337537165021384,0.015496804350987365,0.024834341516008752,0.08942687814232697,0.9962554671399919,0.06533821352801038,0.01073947025894154,0.07607768378695193,0.9801764058835803,0.013339261359656598,0.01644576367858781,0.029785025038244418,0.9959888054112014
P2_PRIORITARIAN_best_welfare_within_frame__scenario_5,P2_PRIORITARIAN_best_welfare_within_frame,PRIORITARIAN,best_welfare_within_frame,5,rus,0.0106845068982986,-0.0022063662644725246,0.008478140633826075,0.13331565351291344,0.9758215814743221,0.05401466657286903,0.0022231150774043797,0.056237781650273405,0.9330543253100134,0.020334366407545,-0.0019051947055751515,0.018429171701969844,0.975235974057852
P2_PRIORITARIAN_best_welfare_within_frame__scenario_6,P2_PRIORITARIAN_best_welfare_within_frame,PRIORITARIAN,best_welfare_within_frame,6,zaf,0.010831031019043936,0.019845030015169258,0.030676061034213196,0.14980967734838144,0.9804282789364348,0.08326510870005022,0.02046143123826324,0.10372653993831345,0.8698676300491894,0.008093861757886393,0.019499148267852578,0.02759301002573897,0.9613765027015987
P2_PRIORITARIAN_best_welfare_within_frame__scenario_6,P2_PRIORITARIAN_best_welfare_within_frame,PRIORITARIAN,best_welfare_within_frame,6,usa,0.020358272214134332,0.014189707484830835,0.03454797969896517,0.1387596487322309,0.9857418237734681,0.08406325861684485,0.016070627881206372,0.10013388649805124,0.9762148584323995,0.04623944082141383,0.014079741859871545,0.06031918268128537,0.9853160699689405
P2_PRIORITARIAN_best_welfare_within_frame__scenario_6,P2_PRIORITARIAN_best_welfare_within_frame,PRIORITARIAN,best_welfare_within_frame,6,gbr,0.009885014420602953,0.0062818421418144865,0.016166856562417443,0.05190308417456543,0.988140764415239,0.03617656918586804,0.00716749526374126,0.043344064449609296,0.9392312604767851,0.02075448085294467,0.006398935276439825,0.027153416129384492,0.9804059558050053
P2_PRIORITARIAN_best_welfare_within_frame__scenario_6,P2_PRIORITARIAN_best_welfare_within_frame,PRIORITARIAN,best_welfare_within_frame,6,fra,0.011803440396414025,0.009708086247084075,0.021511526643498098,0.06445184598530213,0.9910693497203616,0.03567588742024753,0.01097024241724415,0.04664612983749168,0.9721023019799002,0.02703071072593005,0.00975174461534043,0.03678245534127048,0.9885588026735294
P2_PRIORITARIAN_best_welfare_within_frame__scenario_6,P2_PRIORITARIAN_best_welfare_within_frame,PRIORITARIAN,best_welfare_within_frame,6,rfa,0.026384853523236457,0.006256588316110182,0.032641441839346634,0.1420067643239474,0.977041474865604,0.09862302321746906,0.007974878419150832,0.10659790163661989,0.9028670959480377,0.06321563490432483,0.006426463526866213,0.06964209843119103,0.9639998110101285
P2_PRIORITARIAN_best_welfare_within_frame__scenario_6,P2_PRIORITARIAN_best_welfare_within_frame,PRIORITARIAN,best_welfare_within_frame,6,pol,0.019419417149932863,0.006162347140705407,0.025581764290638263,0.09490860333211992,0.9858459995189116,0.05194850717366547,0.008529131929327529,0.06047763910299298,0.9327111942861142,0.04678529623612288,0.006340683732455099,0.05312597996857798,0.9768227866537285
P2_PRIORITARIAN_best_welfare_within_frame__scenario_6,P2_PRIORITARIAN_best_welfare_within_frame,PRIORITARIAN,best_welfare_within_frame,6,chn,0.010584210117425347,0.012421083379908028,0.02300529349733338,0.09939648912564783,0.9966964297581583,0.07195795594909261,0.013644520628681437,0.08560247657777403,0.9871805343504678,0.01585110508555406,0.012371960495911594,0.028223065581465655,0.9955252752701493
P2_PRIORITARIAN_best_welfare_within_frame__scenario_6,P2_PRIORITARIAN_best_welfare_within_frame,PRIORITARIAN,best_welfare_within_frame,6,rus,0.011869443469802957,-0.002512545465889116,0.009356898003913844,0.143156443940654,0.9766121510449444,0.061759103090812145,0.0023741471157424253,0.06413325020655458,0.9543448397467775,0.022601485250462332,-0.0021611405678721436,0.020440344682590192,0.9736955164966953
P2_PRIORITARIAN_best_welfare_within_frame__scenario_7,P2_PRIORITARIAN_best_welfare_within_frame,PRIORITARIAN,best_welfare_within_frame,7,zaf,0.011102754784115263,0.03059724310058084,0.041699997884696104,0.14909157352897617,0.9690271222814656,0.08398103801659401,0.020750349024434574,0.10473138704102856,0.8713949354714502,0.00832549719379348,0.03326590378452284,0.04159140097831631,0.9690271222814656
P2_PRIORITARIAN_best_welfare_within_frame__scenario_7,P2_PRIORITARIAN_best_welfare_within_frame,PRIORITARIAN,best_welfare_within_frame,7,usa,0.020329296968715924,0.022675748531255865,0.043005045499971785,0.1424335741188206,0.9841028305790537,0.08401382053579932,0.01629263546165016,0.10030645599744945,0.9760703328850772,0.04618381702907404,0.02481815421952694,0.07100197124860097,0.9841028305790537
P2_PRIORITARIAN_best_welfare_within_frame__scenario_7,P2_PRIORITARIAN_best_welfare_within_frame,PRIORITARIAN,best_welfare_within_frame,7,gbr,0.00991254037979069,0.01037957238562383,0.02029211276541452,0.05200713911460864,0.9820566195847739,0.03631619450432858,0.007272108516115708,0.04358830302044429,0.9403679090801838,0.0209054861707725,0.011550119272939975,0.032455605443712475,0.9820566195847739
P2_PRIORITARIAN_best_welfare_within_frame__scenario_7,P2_PRIORITARIAN_best_welfare_within_frame,PRIORITARIAN,best_welfare_within_frame,7,fra,0.011783677628853595,0.015735006001180572,0.027518683630034166,0.0678868999821152,0.9876518371830357,0.03575009840204451,0.011126213478413987,0.0468763118804585,0.9727252027344484,0.02701484227601684,0.01735789239635445,0.044372734672371274,0.9876518371830357
P2_PRIORITARIAN_best_welfare_within_frame__scenario_7,P2_PRIORITARIAN_best_welfare_within_frame,PRIORITARIAN,best_welfare_within_frame,7,rfa,0.026721247350551786,0.010745943081954035,0.03746719043250582,0.14346342099232268,0.9684273789667022,0.09921246700136423,0.008087026277447892,0.1072994932788121,0.9042972342227062,0.06431083891372648,0.012013438655423396,0.07632427756914989,0.9684273789667022
P2_PRIORITARIAN_best_welfare_within_frame__scenario_7,P2_PRIORITARIAN_best_welfare_within_frame,PRIORITARIAN,best_welfare_within_frame,7,pol,0.01949890623768756,0.010848192603709603,0.030347098841397167,0.10364186757877446,0.9793418909299595,0.052210467475384756,0.008644832617339228,0.06085530009272398,0.9340740171363557,0.04729943660813713,0.012137042482420797,0.05943647909055792,0.9793418909299595
P2_PRIORITARIAN_best_welfare_within_frame__scenario_7,P2_PRIORITARIAN_best_welfare_within_frame,PRIORITARIAN,best_welfare_within_frame,7,chn,0.010588160114646908,0.019785209090002108,0.030373369204649014,0.10183594713119194,0.995082796014317,0.07202140958602955,0.01383747354307064,0.0858588831291002,0.9873803430103779,0.01586976159557805,0.021707894264773597,0.037577655860351646,0.995082796014317
P2_PRIORITARIAN_best_welfare_within_frame__scenario_7,P2_PRIORITARIAN_best_welfare_within_frame,PRIORITARIAN,best_welfare_within_frame,7,rus,0.011845410732642602,-0.0015134835906039671,0.010331927142038635,0.15006729055056559,0.9724811838949884,0.0619281839747269,0.002384014795503119,0.06431219877023002,0.9550369613053898,0.022489705521215122,-0.0012466051237320984,0.021243100397483023,0.9724811838949884
P3_PRIORITARIAN_lowest_climate_risk__scenario_0,P3_PRIORITARIAN_lowest_climate_risk,PRIORITARIAN,lowest_climate_risk,0,zaf,1.3928584857829028e-07,0.03481231661659459,0.03481245590244317,0.08844987971468682,0.023882591336639093,4.903364131651958e-07,0.01646342796251795,0.016463918298931113,0.010471631946101647,3.120077777251837e-08,0.028769378303471878,0.028769409504249655,0.012617683404790477
P3_PRIORITARIAN_lowest_climate_risk__scenario_0,P3_PRIORITARIAN_lowest_climate_risk,PRIORITARIAN,lowest_climate_risk,0,usa,0.00021670390535458677,0.026110011917465162,0.026326715822819747,0.08433689883540753,0.28092285802390204,0.0009569367281798602,0.013022672765998913,0.013979609494178773,0.24783000889792503,0.0002714552431987304,0.021294790879567198,0.021566246122765934,0.2627044436411231
P3_PRIORITARIAN_lowest_climate_risk__scenario_0,P3_PRIORITARIAN_lowest_climate_risk,PRIORITARIAN,lowest_climate_risk,0,gbr,4.705259511348037e-05,0.012072970075586286,0.012120022670699766,0.03454590409669487,0.11776593091643309,0.00017796401279949214,0.005734870077306265,0.005912834090105758,0.10621163281391746,6.47032879254287e-05,0.009852813821324762,0.009917517109250188,0.11185785448497128
P3_PRIORITARIAN_lowest_climate_risk__scenario_0,P3_PRIORITARIAN_lowest_climate_risk,PRIORITARIAN,lowest_climate_risk,0,fra,8.656702356165981e-05,0.01819638135451329,0.01828294837807495,0.05465113860470522,0.1609648440826408,0.0002845094129516906,0.008830668389306332,0.00911517780225802,0.14358849685100003,0.00014932538594162185,0.014857532366760576,0.0150068577527022,0.1515863305252936
P3_PRIORITARIAN_lowest_climate_risk__scenario_0,P3_PRIORITARIAN_lowest_climate_risk,PRIORITARIAN,lowest_climate_risk,0,rfa,0.0004012231872158252,0.012649609433952,0.013050832621167824,0.04720898871989537,0.28542362719959147,0.0016528364352928532,0.006451250879801781,0.008104087315094636,0.2571438843108211,0.0006196033536227397,0.010165878348106817,0.010785481701729556,0.2722936650169229
P3_PRIORITARIAN_lowest_climate_risk__scenario_0,P3_PRIORITARIAN_lowest_climate_risk,PRIORITARIAN,lowest_climate_risk,0,pol,0.00033948736350394474,0.012866626785340606,0.013206114148844551,0.06278569675677179,0.3523085967205496,0.0013595536079593477,0.0069660534233522125,0.00832560703131156,0.3168766503926485,0.0005119191748525618,0.010216555080597378,0.010728474255449937,0.3353720176943313
P3_PRIORITARIAN_lowest_climate_risk__scenario_0,P3_PRIORITARIAN_lowest_climate_risk,PRIORITARIAN,lowest_climate_risk,0,chn,1.6329236124068385e-07,0.022754106341446412,0.02275426963380766,0.0656981571184691,0.02202421138436196,6.285935382152855e-07,0.01099045545331626,0.010991084046854475,0.010362249610188012,7.378106825799432e-08,0.018645395621511494,0.018645469402579752,0.011800370858093202
P3_PRIORITARIAN_lowest_climate_risk__scenario_0,P3_PRIORITARIAN_lowest_climate_risk,PRIORITARIAN,lowest_climate_risk,0,rus,4.009398084471694e-07,-0.0007733176422115292,-0.0007729167024030821,0.10988526801048673,0.023332517730610368,1.4328948112398772e-06,0.0023167004749844672,0.0023181333697957075,0.010426763681661498,5.26734479641768e-07,-0.0015904842212932323,-0.0015899574868135902,0.012354306570415374
P3_PRIORITARIAN_lowest_climate_risk__scenario_1,P3_PRIORITARIAN_lowest_climate_risk,PRIORITARIAN,lowest_climate_risk,1,zaf,1.3905155869270493e-07,0.03490947579064596,0.03490961484220465,0.08811925963916624,0.023816360815817266,4.888733081284334e-07,0.016631756058036698,0.016632244931344825,0.01045661287544087,3.131771221908641e-08,0.02909810451464745,0.029098135832359668,0.012674716885800867
P3_PRIORITARIAN_lowest_climate_risk__scenario_1,P3_PRIORITARIAN_lowest_climate_risk,PRIORITARIAN,lowest_climate_risk,1,usa,0.0002160269550420855,0.02618451225258316,0.026400539207625248,0.08405703300184895,0.2800236132222572,0.0009548702408758847,0.013136654290169128,0.014091524531045013,0.247681126511803,0.0002713243264487751,0.021552081553293634,0.021823405879742408,0.26272204676623556
P3_PRIORITARIAN_lowest_climate_risk__scenario_1,P3_PRIORITARIAN_lowest_climate_risk,PRIORITARIAN,lowest_climate_risk,1,gbr,4.680898019468554e-05,0.012108218135924026,0.012155027116118712,0.03440365725498629,0.11748035980095779,0.00017725071409957727,0.005790827799885,0.005968078513984577,0.10603846871458851,6.44803304323705e-05,0.00997559148026958,0.010040071810701953,0.11169966399261799
P3_PRIORITARIAN_lowest_climate_risk__scenario_1,P3_PRIORITARIAN_lowest_climate_risk,PRIORITARIAN,lowest_climate_risk,1,fra,8.617841647774396e-05,0.018248829301852672,0.018335007718330413,0.05444775814180919,0.1605758040495876,0.0002833467377145999,0.008913082018427717,0.009196428756142317,0.1433532621396705,0.0001487458299637865,0.015039248640767408,0.015187994470731192,0.15133998453991107
P3_PRIORITARIAN_lowest_climate_risk__scenario_1,P3_PRIORITARIAN_lowest_climate_risk,PRIORITARIAN,lowest_climate_risk,1,rfa,0.00040027374582833516,0.012687250490219433,0.013087524236047768,0.0470450009084159,0.2847699027994656,0.0016500174342687997,0.006502326815302843,0.008152344249571643,0.2570936990593897,0.0006198441351878055,0.010299690646931526,0.010919534782119331,0.2724322928407068
P3_PRIORITARIAN_lowest_climate_risk__scenario_1,P3_PRIORITARIAN_lowest_climate_risk,PRIORITARIAN,lowest_climate_risk,1,pol,0.00033978205061455975,0.012905288762399133,0.01324507081301369,0.06275023036260238,0.3519466674541315,0.0013640792063876626,0.007011453465310012,0.008375532671697673,0.3175355135490578,0.0005133785470273531,0.010355988409370905,0.01086936695639826,0.3359302496509491
P3_PRIORITARIAN_lowest_climate_risk__scenario_1,P3_PRIORITARIAN_lowest_climate_risk,PRIORITARIAN,lowest_climate_risk,1,chn,1.634295477718448e-07,0.02281897883479178,0.022819142264339554,0.06545676911164819,0.021963402804527743,6.283686904769637e-07,0.011095223575040319,0.011095851943730799,0.010360505213359102,7.385088272702026e-08,0.018868472964736274,0.018868546815619003,0.011834389950123049
P3_PRIORITARIAN_lowest_climate_risk__scenario_1,P3_PRIORITARIAN_lowest_climate_risk,PRIORITARIAN,lowest_climate_risk,1,rus,4.0134405438773347e-07,-0.0007712820472053134,-0.0007708807031509257,0.10988657002465746,0.023267849629301354,1.428823073696405e-06,0.00226728764288347,0.0022687164659571666,0.010412117132339223,5.288668589917549e-07,-0.0015649010352604556,-0.0015643721684014634,0.0124129318261236
P3_PRIORITARIAN_lowest_climate_risk__scenario_2,P3_PRIORITARIAN_lowest_climate_risk,PRIORITARIAN,lowest_climate_risk,2,zaf,2.896646807069388e-07,0.07304839747920343,0.07304868714388414,0.1830034320837339,0.09295510635988283,5.612428924542986e-07,0.019296847851773304,0.019297409094665756,0.010477768986424971,1.285287306977783e-07,0.047611669292380886,0.04761179782111158,0.020393528290793626
P3_PRIORITARIAN_lowest_climate_risk__scenario_2,P3_PRIORITARIAN_lowest_climate_risk,PRIORITARIAN,lowest_climate_risk,2,usa,0.00048202073213013283,0.05874471785616548,0.05922673858829561,0.15810353661221618,0.30078787694554593,0.0015679914327540179,0.015195624667460123,0.016763616100214138,0.2528487283830627,0.0009552582430042703,0.03640779377645383,0.037363052019458096,0.28354192517152205
P3_PRIORITARIAN_lowest_climate_risk__scenario_2,P3_PRIORITARIAN_lowest_climate_risk,PRIORITARIAN,lowest_climate_risk,2,gbr,5.496032972795481e-05,0.02863926218476243,0.028694222514490383,0.08154110140887004,0.126005931882387,0.0001815802381637003,0.006750600249214533,0.006932180487378233,0.10773311429346218,7.84351988210764e-05,0.017211917381755013,0.017290352580576082,0.11927535793120558
P3_PRIORITARIAN_lowest_climate_risk__scenario_2,P3_PRIORITARIAN_lowest_climate_risk,PRIORITARIAN,lowest_climate_risk,2,fra,0.00010241002637867576,0.041885037225352126,0.0419874472517308,0.11565704036905557,0.18125834124928358,0.0002900181015883122,0.010351240825933018,0.010641258927521331,0.14572205015131542,0.0001761402414144532,0.02562779115817208,0.02580393139958653,0.16257925482652882
P3_PRIORITARIAN_lowest_climate_risk__scenario_2,P3_PRIORITARIAN_lowest_climate_risk,PRIORITARIAN,lowest_climate_risk,2,rfa,0.00043874071079970535,0.03192202583166383,0.03236076654246354,0.0955216564013847,0.2925190603731902,0.0017159133077577432,0.007539928249070449,0.00925584155682819,0.2632741062018151,0.0007156062702674387,0.01834483175832145,0.019060438028588884,0.28925465861761585
P3_PRIORITARIAN_lowest_climate_risk__scenario_2,P3_PRIORITARIAN_lowest_climate_risk,PRIORITARIAN,lowest_climate_risk,2,pol,0.000620183165228745,0.0337152275752347,0.034335410740463444,0.10428107360213912,0.3628567550271249,0.0019174032912108996,0.008090553075096932,0.010007956366307835,0.32491214320393663,0.001207432943092973,0.018834540175853693,0.02004197311894667,0.3582589171123943
P3_PRIORITARIAN_lowest_climate_risk__scenario_2,P3_PRIORITARIAN_lowest_climate_risk,PRIORITARIAN,lowest_climate_risk,2,chn,9.23663703589256e-07,0.05081010112559741,0.050811024789301,0.1360739575064791,0.08680882942453004,1.3389035161330336e-06,0.012875750019693986,0.01287708892321012,0.010363302565809605,1.1238354162463675e-06,0.031724362120001987,0.03172548595541822,0.018725663746846852
P3_PRIORITARIAN_lowest_climate_risk__scenario_2,P3_PRIORITARIAN_lowest_climate_risk,PRIORITARIAN,lowest_climate_risk,2,rus,2.2444657121141076e-06,0.010943897431679584,0.010946141897391695,0.1295517570317707,0.0929387445754458,2.036118015451888e-06,0.002408513804288154,0.002410549922303606,0.010428286823391173,3.2653781668239863e-06,0.0010058060850293906,0.0010090714631962147,0.019890254713356124
P3_PRIORITARIAN_lowest_climate_risk__scenario_3,P3_PRIORITARIAN_lowest_climate_risk,PRIORITARIAN,lowest_climate_risk,3,zaf,5.530954994612969e-07,0.08331385340421678,0.08331440649971625,0.19888237562008576,0.11163032796302365,7.022333397940214e-07,0.019157018880390623,0.019157721113730417,0.010440103447424008,2.995558006034087e-07,0.05450898752750722,0.054509287083307836,0.023951318820047376
P3_PRIORITARIAN_lowest_climate_risk__scenario_3,P3_PRIORITARIAN_lowest_climate_risk,PRIORITARIAN,lowest_climate_risk,3,usa,0.000682863790511004,0.06788263135317608,0.0685654951436871,0.1736281885205762,0.30859788721367903,0.0018415939983852454,0.015081420497703096,0.01692301449608834,0.2533355522314956,0.0014873711697300821,0.042073549630309785,0.043560920800039864,0.29168716595175304
P3_PRIORITARIAN_lowest_climate_risk__scenario_3,P3_PRIORITARIAN_lowest_climate_risk,PRIORITARIAN,lowest_climate_risk,3,gbr,9.281966670758544e-05,0.03341230342795201,0.03350512309465959,0.09029146693529223,0.1294039794409073,0.00024623181197340623,0.006697456218542311,0.0069436880305157175,0.10775806507483868,0.0001648163819388283,0.020005128855063385,0.020169945237002208,0.12224681007425496
P3_PRIORITARIAN_lowest_climate_risk__scenario_3,P3_PRIORITARIAN_lowest_climate_risk,PRIORITARIAN,lowest_climate_risk,3,fra,0.00018840069337921976,0.04860523358630076,0.048793634279679976,0.1275064280440809,0.18778010711002993,0.00039269688164588417,0.010271808647970566,0.01066450552961645,0.1457563811316348,0.0003756389899514291,0.029686102044612212,0.03006174103456365,0.16697987097650327
P3_PRIORITARIAN_lowest_climate_risk__scenario_3,P3_PRIORITARIAN_lowest_climate_risk,PRIORITARIAN,lowest_climate_risk,3,rfa,0.0007407179905454185,0.037623152956969386,0.038363870947514804,0.10644664150387889,0.29886669621019507,0.002335783871810179,0.007479082903733603,0.00981486677554378,0.2636931496650428,0.0015365211398100098,0.021510270589755003,0.02304679172956501,0.29604448495177516
P3_PRIORITARIAN_lowest_climate_risk__scenario_3,P3_PRIORITARIAN_lowest_climate_risk,PRIORITARIAN,lowest_climate_risk,3,pol,0.0011701872326401104,0.039972688830306545,0.04114287606294666,0.11756998637541119,0.37021211475481414,0.0025971257661537807,0.008024699827476108,0.01062182559362989,0.3254628213377698,0.0025918561642291806,0.022210251705440342,0.02480210786966952,0.3667141292141411
P3_PRIORITARIAN_lowest_climate_risk__scenario_3,P3_PRIORITARIAN_lowest_climate_risk,PRIORITARIAN,lowest_climate_risk,3,chn,2.803197671226119e-06,0.05863825752004798,0.05864106071771921,0.14935365338676582,0.10491559136022927,1.8988251520572922e-06,0.012778850865974169,0.012780749691126228,0.010355201757425594,3.470654533250238e-06,0.03660878207160946,0.03661225272614272,0.021974052824491937
P3_PRIORITARIAN_lowest_climate_risk__scenario_3,P3_PRIORITARIAN_lowest_climate_risk,PRIORITARIAN,lowest_climate_risk,3,rus,6.978619553557813e-06,0.01538588902474445,0.015392867644298005,0.13954144253245915,0.11243098958122053,2.5702713470050434e-06,0.002379833062178099,0.0023824033335251038,0.01039602280525445,7.812816426680197e-06,0.0023950771539541288,0.0024028899703808088,0.023362163837941295
P3_PRIORITARIAN_lowest_climate_risk__scenario_4,P3_PRIORITARIAN_lowest_climate_risk,PRIORITARIAN,lowest_climate_risk,4,zaf,2.3220938863806004e-07,0.05428148535648459,0.05428171756587323,0.12488475428503937,0.04648517890979194,7.333350048120161e-07,0.017924200166131127,0.01792493350113594,0.010411147238535043,1.306440907391852e-07,0.04278415483844016,0.0427842854825309,0.015301667079192652
P3_PRIORITARIAN_lowest_climate_risk__scenario_4,P3_PRIORITARIAN_lowest_climate_risk,PRIORITARIAN,lowest_climate_risk,4,usa,0.0003617708965296256,0.04228527470295353,0.04264704559948316,0.11385931044302089,0.28792002859811666,0.001310463679714928,0.014140439711154019,0.015450903390868942,0.2493529266059678,0.0006140760502064991,0.03246194582198593,0.033076021872192427,0.2718242868869616
P3_PRIORITARIAN_lowest_climate_risk__scenario_4,P3_PRIORITARIAN_lowest_climate_risk,PRIORITARIAN,lowest_climate_risk,4,gbr,6.787199086927288e-05,0.02013541315653377,0.020203285147403043,0.05144069977462768,0.12038270003169267,0.0002152080550824886,0.006255281068995781,0.00647048912407827,0.10629356343682582,0.00011109048699903039,0.015271856156892045,0.01538294664389107,0.11520089517299266
P3_PRIORITARIAN_lowest_climate_risk__scenario_4,P3_PRIORITARIAN_lowest_climate_risk,PRIORITARIAN,lowest_climate_risk,4,fra,0.00013133768065418282,0.029841924028580803,0.029973261709234984,0.07627987718241191,0.1679324805735443,0.0003436489184892577,0.009611389806272226,0.009955038724761485,0.143751029701921,0.0002545176146432267,0.02280463192810045,0.023059149542743674,0.1564916745941774
P3_PRIORITARIAN_lowest_climate_risk__scenario_4,P3_PRIORITARIAN_lowest_climate_risk,PRIORITARIAN,lowest_climate_risk,4,rfa,0.0005722331407883644,0.021853475480918448,0.02242570862170681,0.06514137321098531,0.28587561838206915,0.0020335733450443654,0.007008206568588259,0.009041779913632624,0.259755621318237,0.001050377563311117,0.01615489089457868,0.017205268457889795,0.28004944321223835
P3_PRIORITARIAN_lowest_climate_risk__scenario_4,P3_PRIORITARIAN_lowest_climate_risk,PRIORITARIAN,lowest_climate_risk,4,pol,0.0008350945906927481,0.022716107190781067,0.023551201781473814,0.07699082733750162,0.35438996644061943,0.0022456035192554747,0.00754111176173092,0.009786715280986395,0.32076489338387293,0.0017477382592905114,0.016504768960590072,0.018252507219880587,0.3471641607401386
P3_PRIORITARIAN_lowest_climate_risk__scenario_4,P3_PRIORITARIAN_lowest_climate_risk,PRIORITARIAN,lowest_climate_risk,4,chn,4.0139037340741173e-07,0.03669684794003356,0.036697249330406974,0.0910940450078041,0.04273633938197135,1.1116040106750198e-06,0.011959846050749472,0.011960957654760148,0.010358951646546747,4.2725370572297604e-07,0.028320122093314325,0.028320549347020052,0.01415776071070157
P3_PRIORITARIAN_lowest_climate_risk__scenario_4,P3_PRIORITARIAN_lowest_climate_risk,PRIORITARIAN,lowest_climate_risk,4,rus,7.602788259839803e-07,0.0036916599091250664,0.00369242018795105,0.11890367589512248,0.045471418394849486,1.6243314643295367e-06,0.0023582077155580024,0.0023598320470223327,0.010384353682186213,1.1403916092950098e-06,9.939221225868574e-05,0.00010053260386798064,0.014956018102329624
P3_PRIORITARIAN_lowest_climate_risk__scenario_5,P3_PRIORITARIAN_lowest_climate_risk,PRIORITARIAN,lowest_climate_risk,5,zaf,2.4063261802769207e-07,0.05632919510193039,0.05632943573454842,0.1262942712683837,0.04742366730085064,7.396038260545794e-07,0.01924532424693913,0.01924606385076518,0.010452968678460578,8.738284471657619e-08,0.04574156413758072,0.04574165152042543,0.012895794422244356
P3_PRIORITARIAN_lowest_climate_risk__scenario_5,P3_PRIORITARIAN_lowest_climate_risk,PRIORITARIAN,lowest_climate_risk,5,usa,0.000370579527663552,0.043989892325379185,0.044360471853042725,0.11607787402170809,0.2902068520990784,0.0013542472595542729,0.015151611664342932,0.016505858923897204,0.2532502839786134,0.0006144686165181721,0.03485048565768222,0.035464954274200385,0.27193986809085313
P3_PRIORITARIAN_lowest_climate_risk__scenario_5,P3_PRIORITARIAN_lowest_climate_risk,PRIORITARIAN,lowest_climate_risk,5,gbr,6.920582082843575e-05,0.020986241208447776,0.021055447029276208,0.05213096669420542,0.12131215430348756,0.00022109880940531903,0.006729883957014133,0.006950982766419454,0.10777824626452139,0.00011102251764290161,0.016446974077977992,0.01655799659562089,0.11517848048611537
P3_PRIORITARIAN_lowest_climate_risk__scenario_5,P3_PRIORITARIAN_lowest_climate_risk,PRIORITARIAN,lowest_climate_risk,5,fra,0.00013419332931377594,0.031069932698710785,0.031204126028024557,0.0779066522709106,0.1690087594296662,0.00035320709135668396,0.010320528422049037,0.010673735513405721,0.14578034595692366,0.000253477729884066,0.024515255516563965,0.024768733246448023,0.1561843415059916
P3_PRIORITARIAN_lowest_climate_risk__scenario_5,P3_PRIORITARIAN_lowest_climate_risk,PRIORITARIAN,lowest_climate_risk,5,rfa,0.0005849277438749444,0.022826178665847536,0.023411106409722483,0.06653482662191681,0.2871996929080164,0.0020991941124898273,0.007515294610690356,0.009614488723180185,0.2635838873900221,0.0010596973307148657,0.01746622016346052,0.018525917494175387,0.28119859122422675
P3_PRIORITARIAN_lowest_climate_risk__scenario_5,P3_PRIORITARIAN_lowest_climate_risk,PRIORITARIAN,lowest_climate_risk,5,pol,0.0008517479129256922,0.023757941585686643,0.024609689498612333,0.07853087222323851,0.356109771991677,0.002314754548549692,0.008063281310758456,0.010378035859308151,0.32533584629302226,0.0017515997854307234,0.017888374558014564,0.019639974343445287,0.3474988881317212
P3_PRIORITARIAN_lowest_climate_risk__scenario_5,P3_PRIORITARIAN_lowest_climate_risk,PRIORITARIAN,lowest_climate_risk,5,chn,4.285512703756803e-07,0.03816589745452212,0.03816632600579249,0.09298413322948723,0.04360479187596689,1.1117901474662406e-06,0.01283880958441093,0.012839921374558395,0.010358712525701665,2.8941292372955933e-07,0.030389135023563465,0.03038942443648719,0.012004615848654051
P3_PRIORITARIAN_lowest_climate_risk__scenario_5,P3_PRIORITARIAN_lowest_climate_risk,PRIORITARIAN,lowest_climate_risk,5,rus,8.348585432339686e-07,0.004173064036809998,0.004173898895353232,0.11902027450811123,0.046397701769041726,1.6319773495553723e-06,0.0023916006308563635,0.0023932326082059196,0.010408568985873862,7.623798934450248e-07,0.0005522992617687658,0.0005530616416622108,0.01260091761151824
P3_PRIORITARIAN_lowest_climate_risk__scenario_6,P3_PRIORITARIAN_lowest_climate_risk,PRIORITARIAN,lowest_climate_risk,6,zaf,8.045240165097529e-07,0.10512851731011356,0.10512932183413007,0.260784193966396,0.18369987683198277,7.188616804638515e-07,0.024994467954133837,0.024995186815814297,0.011006986870249669,3.5459154015423393e-07,0.06116528724958533,0.06116564184112548,0.028935966326688337
P3_PRIORITARIAN_lowest_climate_risk__scenario_6,P3_PRIORITARIAN_lowest_climate_risk,PRIORITARIAN,lowest_climate_risk,6,usa,0.0006029371939364217,0.0880420650236502,0.08864500221758662,0.23642235735828107,0.3134643190557319,0.0018655464570637111,0.019647442782173247,0.021512989239236956,0.2657002642024751,0.0012493407206554087,0.047668794002708244,0.048918134723363656,0.2963408859175649
P3_PRIORITARIAN_lowest_climate_risk__scenario_6,P3_PRIORITARIAN_lowest_climate_risk,PRIORITARIAN,lowest_climate_risk,6,gbr,9.127210288532872e-05,0.044268930267678516,0.044360202370563845,0.1265240338884665,0.13218564179041142,0.00026606354175709695,0.008843178382323598,0.009109241924080696,0.11302384989599114,0.00016213511968075916,0.02280789011279673,0.02297002523247749,0.12465071948612579
P3_PRIORITARIAN_lowest_climate_risk__scenario_6,P3_PRIORITARIAN_lowest_climate_risk,PRIORITARIAN,lowest_climate_risk,6,fra,0.00018993327900980057,0.06364940437810189,0.0638393376571117,0.17595578388664124,0.20509349323203868,0.000426349000498991,0.013471800771289342,0.01389814977178833,0.1530497823494178,0.00038044505180121656,0.03372234524234906,0.03410279029415027,0.17107910664550322
P3_PRIORITARIAN_lowest_climate_risk__scenario_6,P3_PRIORITARIAN_lowest_climate_risk,PRIORITARIAN,lowest_climate_risk,6,rfa,0.0007493657082914378,0.05084758852818828,0.05159695423647972,0.15248371324149587,0.30161732556790355,0.0025335954081189003,0.0098248682219725,0.012358463630091401,0.27565476020211194,0.001521798677028826,0.024739444718474293,0.026261243395503116,0.2992946856478721
P3_PRIORITARIAN_lowest_climate_risk__scenario_6,P3_PRIORITARIAN_lowest_climate_risk,PRIORITARIAN,lowest_climate_risk,6,pol,0.0011857544027075093,0.054633818089967985,0.05581957249267548,0.1693314832894616,0.3736583888340194,0.002853759277676901,0.010480845667950857,0.01333460494562776,0.34068414522861656,0.0026274921072156976,0.025685846654749208,0.028313338761964908,0.37048086082846515
P3_PRIORITARIAN_lowest_climate_risk__scenario_6,P3_PRIORITARIAN_lowest_climate_risk,PRIORITARIAN,lowest_climate_risk,6,chn,2.6117265322314742e-06,0.07589158571425293,0.07589419744078517,0.20294059006903534,0.1850386025852271,1.2517459710863798e-06,0.016720492994143504,0.016721744740114584,0.01063701175288983,1.7624649721907368e-06,0.041421424000514274,0.04142318646548646,0.02655129353504902
P3_PRIORITARIAN_lowest_climate_risk__scenario_6,P3_PRIORITARIAN_lowest_climate_risk,PRIORITARIAN,lowest_climate_risk,6,rus,5.606817229860696e-06,0.02750797531165949,0.027513582128889352,0.15057218863364227,0.20384587413079272,1.8560881142092554e-06,0.0028630432483065394,0.0028648993364207486,0.010866016487032984,4.4385206411676335e-06,0.004147170851253707,0.004151609371894875,0.02823018533013322
P3_PRIORITARIAN_lowest_climate_risk__scenario_7,P3_PRIORITARIAN_lowest_climate_risk,PRIORITARIAN,lowest_climate_risk,7,zaf,1.0885599619348493e-06,0.11503755288370361,0.11503864144366556,0.2684073605806868,0.19482899174287,7.188253125100708e-07,0.02530516721225634,0.025305886037568847,0.011007582680569295,6.803382726351387e-07,0.07568645654559829,0.07568713688387094,0.03976919244618462
P3_PRIORITARIAN_lowest_climate_risk__scenario_7,P3_PRIORITARIAN_lowest_climate_risk,PRIORITARIAN,lowest_climate_risk,7,usa,0.0006450700053726659,0.0970790924631488,0.09772416246852149,0.24570496223026164,0.31785912346629963,0.001866624812642212,0.019907130564315697,0.021773755376957908,0.26577453356819514,0.0013923518757277416,0.06000636236581897,0.061398714241546706,0.31076634159007327
P3_PRIORITARIAN_lowest_climate_risk__scenario_7,P3_PRIORITARIAN_lowest_climate_risk,PRIORITARIAN,lowest_climate_risk,7,gbr,9.599649970929808e-05,0.049091175507898946,0.04918717200760825,0.13118834202859678,0.13397754231233544,0.0002663128520148913,0.008961163198992048,0.00922747605100694,0.11307819071388288,0.00017814483785645293,0.02903027813281343,0.029208422970669886,0.1305752821409258
P3_PRIORITARIAN_lowest_climate_risk__scenario_7,P3_PRIORITARIAN_lowest_climate_risk,PRIORITARIAN,lowest_climate_risk,7,fra,0.00020310386479680936,0.0703639256227561,0.07056702948755292,0.18210852937901262,0.20972688357986882,0.0004267544516803706,0.013650061003800073,0.01407681545548045,0.15312406368477838,0.00042228231539275337,0.0426493617898717,0.04307164410526446,0.1799284394599904
P3_PRIORITARIAN_lowest_climate_risk__scenario_7,P3_PRIORITARIAN_lowest_climate_risk,PRIORITARIAN,lowest_climate_risk,7,rfa,0.0007898298568157319,0.056681070970023686,0.05747090082683942,0.15896140925097,0.3084316062498379,0.002535109583563192,0.009963858637191595,0.012498968220754792,0.2757329531911163,0.0016325005993706742,0.03196262963727313,0.0335951302366438,0.308337740714557
P3_PRIORITARIAN_lowest_climate_risk__scenario_7,P3_PRIORITARIAN_lowest_climate_risk,PRIORITARIAN,lowest_climate_risk,7,pol,0.0012552050006552709,0.06107784467885192,0.06233304967950719,0.1776346995902051,0.38198397867005013,0.002855480147947355,0.010634712274608136,0.01349019242255549,0.34078106386641754,0.0028221062273177675,0.03349435464490716,0.03631646087222493,0.38186766031532887
P3_PRIORITARIAN_lowest_climate_risk__scenario_7,P3_PRIORITARIAN_lowest_climate_risk,PRIORITARIAN,lowest_climate_risk,7,chn,3.775567896871079e-06,0.08363151752453207,0.08363529309242895,0.20968309716061984,0.19787047203270167,1.2506318453042779e-06,0.01693768860604712,0.01693893923789243,0.010632741130308572,3.3753547638624225e-06,0.05202103025029628,0.05202440560506015,0.03650873494643421
P3_PRIORITARIAN_lowest_climate_risk__scenario_7,P3_PRIORITARIAN_lowest_climate_risk,PRIORITARIAN,lowest_climate_risk,7,rus,8.422607999193404e-06,0.03258966750051753,0.03259809010851673,0.15919036769279188,0.21722392102338012,1.855988677960431e-06,0.0029507240886619086,0.0029525800773398695,0.010866597336857286,8.482995413615857e-06,0.008419885260494952,0.008428368255908565,0.03882404376245614
P4_PRIORITARIAN_lowest_climate_risk__scenario_0,P4_PRIORITARIAN_lowest_climate_risk,PRIORITARIAN,lowest_climate_risk,0,zaf,0.0004805362278618038,0.02921934883142647,0.02969988505928827,0.07930804015331641,0.46483063866776464,0.003201827598099841,0.01519109737810232,0.018392924976202162,0.464750828565156,0.0001366564580231351,0.024388561731759236,0.02452521818978237,0.46483063866776464
P4_PRIORITARIAN_lowest_climate_risk__scenario_0,P4_PRIORITARIAN_lowest_climate_risk,PRIORITARIAN,lowest_climate_risk,0,usa,0.00025611378908722376,0.021617424512698435,0.021873538301785664,0.07666814806050272,0.2818702669458524,0.0011571967954748662,0.012051278292540253,0.013208475088015119,0.2719189173856383,0.00030656871504892785,0.01787986576024879,0.018186434475297716,0.278793741119644
P4_PRIORITARIAN_lowest_climate_risk__scenario_0,P4_PRIORITARIAN_lowest_climate_risk,PRIORITARIAN,lowest_climate_risk,0,gbr,0.00021888864275916548,0.009879555712559248,0.010098444355318413,0.03066576927742893,0.250459242304969,0.0008717783534508111,0.005280798995150814,0.006152577348601626,0.234947042991462,0.00029327326177614247,0.00821446384441261,0.008507737106188752,0.23751653603194137
P4_PRIORITARIAN_lowest_climate_risk__scenario_0,P4_PRIORITARIAN_lowest_climate_risk,PRIORITARIAN,lowest_climate_risk,0,fra,0.0006012206276440642,0.014990643059725837,0.015591863687369898,0.04909667822075826,0.43269215359759877,0.0021281291219798,0.008150730655251712,0.010278859777231513,0.3831734711616592,0.001054396443412113,0.012438451980291261,0.013492848423703373,0.39156636588488003
P4_PRIORITARIAN_lowest_climate_risk__scenario_0,P4_PRIORITARIAN_lowest_climate_risk,PRIORITARIAN,lowest_climate_risk,0,rfa,0.001004726963924451,0.010210733426484762,0.011215460390409212,0.04430560012254384,0.39576052923580934,0.004477310392305258,0.005966958842144983,0.01044426923445024,0.39576052923580934,0.0014842443665803613,0.008390204618820112,0.00987444898540047,0.39576052923580934
P4_PRIORITARIAN_lowest_climate_risk__scenario_0,P4_PRIORITARIAN_lowest_climate_risk,PRIORITARIAN,lowest_climate_risk,0,pol,0.0004008191495717818,0.010297546653989952,0.010698365803561732,0.0601966741411467,0.3509432235758656,0.001660596478635456,0.006467670380092577,0.008128266858728033,0.3484617374554554,0.0005627703448222026,0.008375401143230177,0.008938171488052376,0.3509432235758656
P4_PRIORITARIAN_lowest_climate_risk__scenario_0,P4_PRIORITARIAN_lowest_climate_risk,PRIORITARIAN,lowest_climate_risk,0,chn,0.00014107346135989554,0.018864693319662968,0.019005766781022858,0.05907412882162431,0.3378499427218854,0.0007604899572805411,0.01014637920700546,0.010906869164286003,0.3279492518043464,7.19627347898528e-05,0.015675719757853254,0.015747682492643113,0.33615308164411467
P4_PRIORITARIAN_lowest_climate_risk__scenario_0,P4_PRIORITARIAN_lowest_climate_risk,PRIORITARIAN,lowest_climate_risk,0,rus,0.00014357344601537427,-0.0015482565097499946,-0.0014046830637346205,0.10834256251927518,0.22603065580188,0.0006274020887626283,0.0022906215216275693,0.002918023610390198,0.21412437642852986,0.00017313860348277074,-0.0018728513957337904,-0.00169971279225102,0.22180352347642082
P4_PRIORITARIAN_lowest_climate_risk__scenario_1,P4_PRIORITARIAN_lowest_climate_risk,PRIORITARIAN,lowest_climate_risk,1,zaf,0.000480746675706282,0.029302638613871404,0.02978338528957768,0.07897983067965296,0.46486711643135525,0.003204443830921709,0.015350029648019712,0.018554473478941423,0.4648467914438101,0.00013671867585971975,0.024701947504805165,0.024838666180664885,0.46486711643135525
P4_PRIORITARIAN_lowest_climate_risk__scenario_1,P4_PRIORITARIAN_lowest_climate_risk,PRIORITARIAN,lowest_climate_risk,1,usa,0.000256046348110095,0.021680174150020576,0.021936220498130668,0.07639500476838751,0.2817203328518085,0.0011542364522068175,0.012157356177348986,0.013311592629555804,0.27160936254074747,0.0003060516813565171,0.018122452395326814,0.018428504076683328,0.2785668970791344
P4_PRIORITARIAN_lowest_climate_risk__scenario_1,P4_PRIORITARIAN_lowest_climate_risk,PRIORITARIAN,lowest_climate_risk,1,gbr,0.00021885584522914536,0.00990893764730435,0.010127793492533496,0.030528410091174445,0.2504666826702603,0.0008715476711309571,0.005333035127163318,0.006204582798294274,0.23491771989252913,0.0002938375587719931,0.008329435106737138,0.008623272665509132,0.23773504335659912
P4_PRIORITARIAN_lowest_climate_risk__scenario_1,P4_PRIORITARIAN_lowest_climate_risk,PRIORITARIAN,lowest_climate_risk,1,fra,0.0006013780775578653,0.015034632566635748,0.015636010644193617,0.048899844666694024,0.4333146660411054,0.0021234844241006068,0.0082276223987221,0.010351106822822706,0.3827953100364397,0.0010574708216892687,0.0126092972819019,0.013666768103591164,0.39208021309493035
P4_PRIORITARIAN_lowest_climate_risk__scenario_1,P4_PRIORITARIAN_lowest_climate_risk,PRIORITARIAN,lowest_climate_risk,1,rfa,0.0010079693301739726,0.010241575339032536,0.011249544669206508,0.04427990124692687,0.39628609989727287,0.004492199412999979,0.00601367270283552,0.010505872115835499,0.39628609989727287,0.0014892726687743547,0.00851426887292989,0.010003541541704245,0.39628609989727287
P4_PRIORITARIAN_lowest_climate_risk__scenario_1,P4_PRIORITARIAN_lowest_climate_risk,PRIORITARIAN,lowest_climate_risk,1,pol,0.0004013889067927869,0.010328863285620266,0.010730252192413053,0.06017069450111158,0.3508919320275821,0.0016647447630796246,0.006508283428158413,0.008173028191238038,0.3488718655325954,0.0005625196288152089,0.008503873554876617,0.009066393183691825,0.3508919320275821
P4_PRIORITARIAN_lowest_climate_risk__scenario_1,P4_PRIORITARIAN_lowest_climate_risk,PRIORITARIAN,lowest_climate_risk,1,chn,0.00014111399184229469,0.01891949085134449,0.019060604843186783,0.058838019722696776,0.33726217620519316,0.0007585709947910242,0.010244479031357038,0.011003050026148061,0.3276516314674357,7.171682316360536e-05,0.015886390340604725,0.015958107163768328,0.3357228645555041
P4_PRIORITARIAN_lowest_climate_risk__scenario_1,P4_PRIORITARIAN_lowest_climate_risk,PRIORITARIAN,lowest_climate_risk,1,rus,0.000143475256311988,-0.0015500299926215037,-0.001406554736309516,0.1083442367548957,0.22584072876216438,0.0006250984345489393,0.00223855294857596,0.0028636513831249,0.21376142505506998,0.0001726653181598599,-0.0018569509974042712,-0.0016842856792444114,0.22152458523652402
P4_PRIORITARIAN_lowest_climate_risk__scenario_2,P4_PRIORITARIAN_lowest_climate_risk,PRIORITARIAN,lowest_climate_risk,2,zaf,0.0005707542060277688,0.060517333443124655,0.061088087649152426,0.1501443698682125,0.46484885660132963,0.0036633932495726607,0.017729699857002606,0.02139309310657526,0.46484029204867877,0.00020914755204954648,0.04082048961636741,0.04102963716841696,0.46484885660132963
P4_PRIORITARIAN_lowest_climate_risk__scenario_2,P4_PRIORITARIAN_lowest_climate_risk,PRIORITARIAN,lowest_climate_risk,2,usa,0.0005089858469602974,0.04775285625685616,0.048261842103816455,0.1291225379786931,0.2852399425270931,0.0017965597021041002,0.013983356695381456,0.015779916397485556,0.27024918085164196,0.0009096141323409809,0.030890283912336496,0.03179989804467747,0.2778836794906231
P4_PRIORITARIAN_lowest_climate_risk__scenario_2,P4_PRIORITARIAN_lowest_climate_risk,PRIORITARIAN,lowest_climate_risk,2,gbr,0.00024992271271521245,0.02295638941493433,0.023206312127649543,0.06414945097391422,0.27814150724396963,0.0008717751961463485,0.006183640294981278,0.007055415491127629,0.23558823814386026,0.00033860108492992595,0.014503283376303943,0.014841884461233865,0.24653551823736272
P4_PRIORITARIAN_lowest_climate_risk__scenario_2,P4_PRIORITARIAN_lowest_climate_risk,PRIORITARIAN,lowest_climate_risk,2,fra,0.0007356370836339393,0.03383965809323347,0.034575295176867415,0.09193113949566671,0.5224803440266216,0.002120286681656299,0.009503144467761475,0.011623431149417772,0.38385072563215866,0.0012633094596332156,0.021681992614553804,0.022945302074187015,0.41922029172913355
P4_PRIORITARIAN_lowest_climate_risk__scenario_2,P4_PRIORITARIAN_lowest_climate_risk,PRIORITARIAN,lowest_climate_risk,2,rfa,0.0010236961313400345,0.025193422887600823,0.02621711901894086,0.07484446867835208,0.39602536623990053,0.004434058625645929,0.006926644147874012,0.011360702773519943,0.39602536623990053,0.0015041656797696126,0.015303391991638576,0.016807557671408183,0.39602536623990053
P4_PRIORITARIAN_lowest_climate_risk__scenario_2,P4_PRIORITARIAN_lowest_climate_risk,PRIORITARIAN,lowest_climate_risk,2,pol,0.0006505060759244647,0.02636488876813023,0.027015394844054692,0.08757404155921543,0.34843101402222587,0.002210088195049313,0.007452837334983298,0.00966292553003261,0.34758377843607896,0.0011289541988232772,0.01561019929438766,0.016739153493210934,0.34843101402222587
P4_PRIORITARIAN_lowest_climate_risk__scenario_2,P4_PRIORITARIAN_lowest_climate_risk,PRIORITARIAN,lowest_climate_risk,2,chn,0.0003426948828920642,0.041383589532061615,0.04172628441495368,0.1091716213874772,0.33242523095987975,0.0015922417432771196,0.011826847944159329,0.013419089687436445,0.32576491171052513,0.0004075840377490293,0.02695726878188178,0.027364852819630813,0.3322858586369058
P4_PRIORITARIAN_lowest_climate_risk__scenario_2,P4_PRIORITARIAN_lowest_climate_risk,PRIORITARIAN,lowest_climate_risk,2,rus,0.00024242529856241743,0.006088114631429543,0.006330539929991961,0.12361037322946887,0.2318949717001488,0.0008748060950162754,0.0023224018485429126,0.003197207943559188,0.2122690841959672,0.0003970634676250304,-0.00015570798681504173,0.0002413554808099887,0.22065527047977912
P4_PRIORITARIAN_lowest_climate_risk__scenario_3,P4_PRIORITARIAN_lowest_climate_risk,PRIORITARIAN,lowest_climate_risk,3,zaf,0.0007441838930326918,0.07154953093306585,0.07229371482609853,0.1693374390282348,0.46479279824957215,0.004617517114516347,0.017511751701960936,0.022129268816477286,0.46478873142947535,0.0003578711073212335,0.047813069955578096,0.048170941062899326,0.46479279824957215
P4_PRIORITARIAN_lowest_climate_risk__scenario_3,P4_PRIORITARIAN_lowest_climate_risk,PRIORITARIAN,lowest_climate_risk,3,usa,0.0006756143925673527,0.057372696514363566,0.05804831090693092,0.14742530777008253,0.2900060022867213,0.0020977146878567296,0.013808973984364644,0.01590668867222137,0.2699328704863982,0.0013223165587045872,0.03655654600726731,0.03787886256597189,0.2769689098334149
P4_PRIORITARIAN_lowest_climate_risk__scenario_3,P4_PRIORITARIAN_lowest_climate_risk,PRIORITARIAN,lowest_climate_risk,3,gbr,0.00041542576853567876,0.0279065241658688,0.02832194993440448,0.07420392757243706,0.2931258559566012,0.0011806360366302768,0.006102759669818732,0.007283395706449008,0.23528793045687946,0.0006891495766447047,0.017274562489072796,0.017963712065717504,0.24850045603628587
P4_PRIORITARIAN_lowest_climate_risk__scenario_3,P4_PRIORITARIAN_lowest_climate_risk,PRIORITARIAN,lowest_climate_risk,3,fra,0.0014003833154692903,0.04086526311282931,0.04226564642829859,0.10577869521883972,0.5632899389866093,0.0028589510702407453,0.009381909318627589,0.012240860388868331,0.3828749909121483,0.0026599786676965447,0.02572694492208821,0.028386923589784754,0.4267576133854198
P4_PRIORITARIAN_lowest_climate_risk__scenario_3,P4_PRIORITARIAN_lowest_climate_risk,PRIORITARIAN,lowest_climate_risk,3,rfa,0.0016565968097571274,0.03103354662015131,0.03269014342990844,0.08714108119225072,0.39673456382153094,0.006048348061052506,0.006835827722645922,0.012884175783698429,0.39673456382153094,0.003082221906613229,0.01841041181877395,0.021492633725387178,0.39673456382153094
P4_PRIORITARIAN_lowest_climate_risk__scenario_3,P4_PRIORITARIAN_lowest_climate_risk,PRIORITARIAN,lowest_climate_risk,3,pol,0.001148112932221402,0.03273244238386937,0.033880555316090764,0.10085205974113881,0.3490385537827062,0.002998271582952928,0.007355767218863958,0.010354038801816888,0.3482646178180664,0.002310914335140751,0.018902352660967965,0.021213266996108714,0.3490385537827062
P4_PRIORITARIAN_lowest_climate_risk__scenario_3,P4_PRIORITARIAN_lowest_climate_risk,PRIORITARIAN,lowest_climate_risk,3,chn,0.0005700358950764284,0.04963582123356697,0.05020585712864341,0.12478431393271336,0.3316709149482689,0.002258556076445142,0.01167803006127582,0.013936586137720962,0.3255453164690732,0.0009204832047596591,0.03185138783880652,0.03277187104356618,0.331586210059945
P4_PRIORITARIAN_lowest_climate_risk__scenario_3,P4_PRIORITARIAN_lowest_climate_risk,PRIORITARIAN,lowest_climate_risk,3,rus,0.0003663088786837389,0.010159220856097795,0.010525529734781533,0.13363469129574712,0.23751672268821308,0.0011095389953346046,0.0022898525439389644,0.0033993915392735692,0.21208739797491194,0.0006894459652230609,0.0009987143188827973,0.001688160284105858,0.21944245777250523
P4_PRIORITARIAN_lowest_climate_risk__scenario_4,P4_PRIORITARIAN_lowest_climate_risk,PRIORITARIAN,lowest_climate_risk,4,zaf,0.0007635068052723459,0.046858420048756684,0.04762192685402904,0.10948496570931308,0.46489698886007347,0.004854231290549046,0.01647550314562234,0.021329734436171387,0.4648868991755584,0.00036794355343146935,0.03769618644660109,0.038064130000032545,0.46489698886007347
P4_PRIORITARIAN_lowest_climate_risk__scenario_4,P4_PRIORITARIAN_lowest_climate_risk,PRIORITARIAN,lowest_climate_risk,4,usa,0.0004027711216420314,0.036028938700595356,0.03643170982223739,0.102470553965767,0.2840087746363557,0.0015550125423341725,0.013024634451268453,0.014579646993602629,0.27092439981936506,0.0006388906688143095,0.028366451792820636,0.029005342461634945,0.27771846781313436
P4_PRIORITARIAN_lowest_climate_risk__scenario_4,P4_PRIORITARIAN_lowest_climate_risk,PRIORITARIAN,lowest_climate_risk,4,gbr,0.00031571451199433254,0.016988366590093822,0.017304081102088156,0.04386873364603733,0.26592673159250396,0.0010558575086564398,0.005734304482621958,0.006790161991278398,0.23495772543842244,0.000496689634273835,0.01327055034736063,0.013767239981634464,0.2425405927785595
P4_PRIORITARIAN_lowest_climate_risk__scenario_4,P4_PRIORITARIAN_lowest_climate_risk,PRIORITARIAN,lowest_climate_risk,4,fra,0.0009639946727063374,0.025319416803708056,0.026283411476414394,0.06792823567464748,0.4852914241736801,0.0025578953418707007,0.00883123275302902,0.011389128094899722,0.3821643076283463,0.0018317314056202569,0.01988124909386731,0.02171298049948757,0.4060102404108159
P4_PRIORITARIAN_lowest_climate_risk__scenario_4,P4_PRIORITARIAN_lowest_climate_risk,PRIORITARIAN,lowest_climate_risk,4,rfa,0.0013746217432148823,0.018223522449520642,0.019598144192735527,0.058092467204984836,0.39717771954338793,0.005453415468610915,0.006447059747690418,0.011900475216301335,0.39717771954338793,0.0023877064233758486,0.013924994325620828,0.016312700748996677,0.39717771954338793
P4_PRIORITARIAN_lowest_climate_risk__scenario_4,P4_PRIORITARIAN_lowest_climate_risk,PRIORITARIAN,lowest_climate_risk,4,pol,0.0009075743000888853,0.01880817872783584,0.019715753027924717,0.07030304675085265,0.35113698308494584,0.0027003448601480733,0.00695927445737614,0.009659619317524215,0.3498310730225561,0.0017821287183107392,0.014152212495758008,0.015934341214068747,0.35113698308494584
P4_PRIORITARIAN_lowest_climate_risk__scenario_4,P4_PRIORITARIAN_lowest_climate_risk,PRIORITARIAN,lowest_climate_risk,4,chn,0.00027278169867557214,0.03131274855069082,0.03158553024936638,0.08130554461227694,0.33447946597402817,0.0013370393230271874,0.01099347933804706,0.012330518661074243,0.32713885141811166,0.000268002172423523,0.024776068110224893,0.02504407028264842,0.333687288190295
P4_PRIORITARIAN_lowest_climate_risk__scenario_4,P4_PRIORITARIAN_lowest_climate_risk,PRIORITARIAN,lowest_climate_risk,4,rus,0.00017613865257494783,0.001691159491943269,0.0018672981445182163,0.11610799248049544,0.22978387077930768,0.0007089172733354951,0.002294290683930644,0.0030032079572661395,0.21298323127041524,0.00023809543204163328,-0.0006443644698550194,-0.00040626903781338606,0.22025645237120822
P4_PRIORITARIAN_lowest_climate_risk__scenario_5,P4_PRIORITARIAN_lowest_climate_risk,PRIORITARIAN,lowest_climate_risk,5,zaf,0.0007630025861839035,0.04894498691940391,0.0497079895055878,0.11194820578918065,0.4647877749658178,0.004851388184413291,0.017810062083863168,0.02266145026827646,0.46478169303355676,0.0003680572697813564,0.04065556823886564,0.041023625508647,0.4647877749658178
P4_PRIORITARIAN_lowest_climate_risk__scenario_5,P4_PRIORITARIAN_lowest_climate_risk,PRIORITARIAN,lowest_climate_risk,5,usa,0.0004006648780071067,0.037742136539614286,0.03814280141762139,0.10465802400916441,0.2831093140093598,0.0015427179403599235,0.01404140802927797,0.01558412596963789,0.2698946705142857,0.0006391594511874682,0.03073071851948984,0.031369877970677314,0.27763478885468656
P4_PRIORITARIAN_lowest_climate_risk__scenario_5,P4_PRIORITARIAN_lowest_climate_risk,PRIORITARIAN,lowest_climate_risk,5,gbr,0.00031861677287659955,0.01783601153847438,0.01815462831135098,0.04499211201761894,0.2650551190430979,0.0010608396719761631,0.00621072606221725,0.007271565734193413,0.23548618809582086,0.0005162191893332344,0.014426130878450905,0.014942350067784138,0.24708103595323025
P4_PRIORITARIAN_lowest_climate_risk__scenario_5,P4_PRIORITARIAN_lowest_climate_risk,PRIORITARIAN,lowest_climate_risk,5,fra,0.0009851645656822044,0.026548877695048025,0.02753404226073023,0.06952240474807247,0.482562878553416,0.0025770860678847383,0.009543885343423509,0.012120971411308247,0.38343677250443525,0.001990207347307737,0.021569777409696744,0.023559984757004486,0.42111875635765456
P4_PRIORITARIAN_lowest_climate_risk__scenario_5,P4_PRIORITARIAN_lowest_climate_risk,PRIORITARIAN,lowest_climate_risk,5,rfa,0.0013680038560180369,0.019182631598479962,0.020550635454498,0.059435660409625155,0.39631899433237444,0.005424024044057516,0.0069537258963241755,0.012377749940381691,0.39631899433237444,0.002375809604147265,0.015203090282600586,0.017578899886747847,0.39631899433237444
P4_PRIORITARIAN_lowest_climate_risk__scenario_5,P4_PRIORITARIAN_lowest_climate_risk,PRIORITARIAN,lowest_climate_risk,5,pol,0.0008937373522817426,0.01982922701543603,0.02072296436771777,0.0714947786780839,0.3484355736561685,0.002662815833532587,0.007479334945735648,0.010142150779268238,0.34763026447089906,0.0017523914120512716,0.015493411901854888,0.017245803313906162,0.3484355736561685
P4_PRIORITARIAN_lowest_climate_risk__scenario_5,P4_PRIORITARIAN_lowest_climate_risk,PRIORITARIAN,lowest_climate_risk,5,chn,0.0002692980541803763,0.032791591491687755,0.03306088954586814,0.08317124711815434,0.33217330783808624,0.0013191942002371447,0.01187824179901003,0.013197435999247175,0.3253600432314062,0.00026430200568988124,0.02682713231334692,0.027091434319036805,0.3317388681249925
P4_PRIORITARIAN_lowest_climate_risk__scenario_5,P4_PRIORITARIAN_lowest_climate_risk,PRIORITARIAN,lowest_climate_risk,5,rus,0.00017500066337587997,0.002102412902178117,0.002277413565553997,0.1161634363823038,0.22886072956652873,0.0007019285462875194,0.0023128317625811033,0.0030147603088686234,0.21197918452943285,0.00023857108176792766,-0.00027496810940946375,-3.639702764153606e-05,0.22043761879599824
P4_PRIORITARIAN_lowest_climate_risk__scenario_6,P4_PRIORITARIAN_lowest_climate_risk,PRIORITARIAN,lowest_climate_risk,6,zaf,0.0006605815001078832,0.08886075257486634,0.08952133407497424,0.2260636499115307,0.46709867836057606,0.004204876999240879,0.022998686168461714,0.027203563167702595,0.4643231066508107,0.0002842926029313431,0.05115715124797815,0.0514414438509095,0.4643231066508107
P4_PRIORITARIAN_lowest_climate_risk__scenario_6,P4_PRIORITARIAN_lowest_climate_risk,PRIORITARIAN,lowest_climate_risk,6,usa,0.0005650487777668362,0.07308091133777427,0.0736459601155411,0.20054297540703314,0.2998229540546092,0.001877341306114148,0.018071281580029106,0.01994862288614326,0.26721851628114723,0.0010633305677989842,0.03933866306622968,0.04040199363402866,0.2761037768950841
P4_PRIORITARIAN_lowest_climate_risk__scenario_6,P4_PRIORITARIAN_lowest_climate_risk,PRIORITARIAN,lowest_climate_risk,6,gbr,0.0003961059030263322,0.03623631629819941,0.036632422201225735,0.1057798754327197,0.31583109725519914,0.001187488624402129,0.008102935608365237,0.009290424232767365,0.238060646201719,0.0006605550824746303,0.01866038484831034,0.019320939930784972,0.25026149677235476
P4_PRIORITARIAN_lowest_climate_risk__scenario_6,P4_PRIORITARIAN_lowest_climate_risk,PRIORITARIAN,lowest_climate_risk,6,fra,0.0013915105376209097,0.05250057339690324,0.05389208393452416,0.14836220172819195,0.6207088833341223,0.002937048622884635,0.012368134157409585,0.015305182780294224,0.39042466391043473,0.0026452776713226755,0.027729067189168403,0.030374344860491075,0.4326028810183067
P4_PRIORITARIAN_lowest_climate_risk__scenario_6,P4_PRIORITARIAN_lowest_climate_risk,PRIORITARIAN,lowest_climate_risk,6,rfa,0.00155637256355953,0.04108806860941492,0.042644441172974445,0.1258222369485088,0.3922422095901775,0.005778708766789314,0.009007402466933564,0.014786111233722877,0.3922422095901775,0.0028871521047788714,0.01999472843724675,0.022881880542025616,0.3922422095901775
P4_PRIORITARIAN_lowest_climate_risk__scenario_6,P4_PRIORITARIAN_lowest_climate_risk,PRIORITARIAN,lowest_climate_risk,6,pol,0.0010667751612124486,0.043828561189384815,0.04489533635059727,0.13860901369988987,0.3413832338783544,0.002826468329708976,0.00961860904582663,0.012445077375535605,0.3401194030421493,0.0021750858624652704,0.02059954479048716,0.022774630652952436,0.3413832338783544
P4_PRIORITARIAN_lowest_climate_risk__scenario_6,P4_PRIORITARIAN_lowest_climate_risk,PRIORITARIAN,lowest_climate_risk,6,chn,0.0002858634653682991,0.06308267727563456,0.06336854074100286,0.17245815030850864,0.32763366134510974,0.0013509392732348048,0.015364424001915173,0.01671536327514998,0.3203108703989129,0.0003052523271950719,0.03424789709582341,0.03455314942301847,0.3273751990154215
P4_PRIORITARIAN_lowest_climate_risk__scenario_6,P4_PRIORITARIAN_lowest_climate_risk,PRIORITARIAN,lowest_climate_risk,6,rus,0.0001843654323309424,0.018720770929475102,0.018905136361806046,0.14009413648291133,0.24674521545388609,0.0007087690697647332,0.0026450698521231168,0.0033538389218878495,0.20924341716938813,0.0002626007316015959,0.0017795008907990212,0.002042101622400617,0.2188047771132961
P4_PRIORITARIAN_lowest_climate_risk__scenario_7,P4_PRIORITARIAN_lowest_climate_risk,PRIORITARIAN,lowest_climate_risk,7,zaf,0.0006612544783407273,0.09908891803776838,0.09975017251610911,0.23429808426057266,0.46993827611726846,0.004204986970157365,0.023303031748866065,0.02750801871902343,0.4643248977215279,0.0002857938703667077,0.06579823180859949,0.06608402567896622,0.4643248977215279
P4_PRIORITARIAN_lowest_climate_risk__scenario_7,P4_PRIORITARIAN_lowest_climate_risk,PRIORITARIAN,lowest_climate_risk,7,usa,0.0005658125146346103,0.0822265215258177,0.0827923340404523,0.209536031168025,0.3026258009166711,0.001877469087913055,0.018319951353723447,0.02019742044163651,0.2672253654449539,0.0010642747512723974,0.051561458756370034,0.05262573350764243,0.2756653549304667
P4_PRIORITARIAN_lowest_climate_risk__scenario_7,P4_PRIORITARIAN_lowest_climate_risk,PRIORITARIAN,lowest_climate_risk,7,gbr,0.00041020701415305953,0.041039078910010574,0.04144928592416364,0.11058781903816157,0.3194711523477853,0.0011875679636616002,0.008216801449503597,0.009404369413165197,0.23806811392251612,0.0006994071165990769,0.024759127246906803,0.025458534363505883,0.2570454114197161
P4_PRIORITARIAN_lowest_climate_risk__scenario_7,P4_PRIORITARIAN_lowest_climate_risk,PRIORITARIAN,lowest_climate_risk,7,fra,0.0015258172069493071,0.059244122567064954,0.06076993977401427,0.15477855959536044,0.6295496064601772,0.002937885951480655,0.012539719659461579,0.015477605610942236,0.3904750612989441,0.00299430517233614,0.0365315318823228,0.03952583705465894,0.45602189980475133
P4_PRIORITARIAN_lowest_climate_risk__scenario_7,P4_PRIORITARIAN_lowest_climate_risk,PRIORITARIAN,lowest_climate_risk,7,rfa,0.001558189268508943,0.04683731120187267,0.048395500470381624,0.1321332801423207,0.39224250707042363,0.005778741787668487,0.009138364166228773,0.01491710595389726,0.39224250707042363,0.002893922396586997,0.026986362370376386,0.029880284766963385,0.39224250707042363
P4_PRIORITARIAN_lowest_climate_risk__scenario_7,P4_PRIORITARIAN_lowest_climate_risk,PRIORITARIAN,lowest_climate_risk,7,pol,0.0010635871364552928,0.05014536625015434,0.05120895338660964,0.14747071528425262,0.34046239079126706,0.002826975060249403,0.009761203166231087,0.01258817822648049,0.3401460007918336,0.0021673383013257786,0.028103451474763657,0.03027078977608944,0.34046239079126706
P4_PRIORITARIAN_lowest_climate_risk__scenario_7,P4_PRIORITARIAN_lowest_climate_risk,PRIORITARIAN,lowest_climate_risk,7,chn,0.0002833550103184932,0.07092019705396238,0.07120355206428088,0.17955713708555998,0.32477058561015065,0.0013510560629471954,0.015574420414675235,0.01692547647762243,0.32031893503348885,0.00029996544354272015,0.04477086274951838,0.045070828193061095,0.3246352506517848
P4_PRIORITARIAN_lowest_climate_risk__scenario_7,P4_PRIORITARIAN_lowest_climate_risk,PRIORITARIAN,lowest_climate_risk,7,rus,0.00018432099058197034,0.023308460155801035,0.023492781146383004,0.14799998797390287,0.24911939282471565,0.0007088410428301187,0.002710178788931623,0.0034190198317617412,0.2092521112492702,0.0002632230510561583,0.005363790793093651,0.005627013844149808,0.2189346705498251
P5_PRIORITARIAN_lowest_climate_risk__scenario_0,P5_PRIORITARIAN_lowest_climate_risk,PRIORITARIAN,lowest_climate_risk,0,zaf,1.4939026625898065e-06,0.034094541565843156,0.034096035468505745,0.08768649619156516,0.038326811887624525,6.611106763520738e-06,0.016165568800218598,0.01617217990698212,0.038326811887624525,2.825704781501627e-07,0.028019757292705078,0.028020039863183226,0.038326811887624525
P5_PRIORITARIAN_lowest_climate_risk__scenario_0,P5_PRIORITARIAN_lowest_climate_risk,PRIORITARIAN,lowest_climate_risk,0,usa,0.00041969065666601737,0.02553371042998197,0.025953401086647992,0.08368901958218689,0.34574814508567636,0.0019705753509181604,0.012794257685013098,0.014764833035931258,0.34574814508567636,0.0004948745085306477,0.02070951710505825,0.021204391613588898,0.34574814508567636
P5_PRIORITARIAN_lowest_climate_risk__scenario_0,P5_PRIORITARIAN_lowest_climate_risk,PRIORITARIAN,lowest_climate_risk,0,gbr,4.30658952832311e-07,0.011791611190918486,0.01179204184987132,0.034216888173104754,0.010000000278925756,1.5558024926384732e-06,0.005628322760432112,0.00562987856292475,0.010000000278925756,5.120927375334272e-07,0.009571432602473375,0.009571944695210909,0.010000000278925756
P5_PRIORITARIAN_lowest_climate_risk__scenario_0,P5_PRIORITARIAN_lowest_climate_risk,PRIORITARIAN,lowest_climate_risk,0,fra,4.95906163788165e-07,0.017785150815044327,0.017785646721208113,0.05417948691952441,0.010851028290705634,1.6027795429198653e-06,0.008670997154878343,0.00867259993442126,0.010851028290705634,7.576910157370162e-07,0.014442525882684422,0.014443283573700163,0.010851028290705634
P5_PRIORITARIAN_lowest_climate_risk__scenario_0,P5_PRIORITARIAN_lowest_climate_risk,PRIORITARIAN,lowest_climate_risk,0,rfa,1.4348492805925851e-06,0.012336885119767316,0.012338319969047907,0.04682681354337708,0.015641910207117693,5.714223334689543e-06,0.006337008427169177,0.006342722650503867,0.015641910207117693,1.896449221621692e-06,0.00986056800987645,0.009862464459098073,0.015641910207117693
P5_PRIORITARIAN_lowest_climate_risk__scenario_0,P5_PRIORITARIAN_lowest_climate_risk,PRIORITARIAN,lowest_climate_risk,0,pol,0.00028122474485037984,0.012537285426522408,0.012818510171372786,0.06238490939336879,0.2936486724566437,0.001142904832288702,0.006847976066933423,0.007990880899222126,0.2936486724566437,0.000381321063661628,0.00989982723248808,0.01028114829614971,0.2936486724566437
P5_PRIORITARIAN_lowest_climate_risk__scenario_0,P5_PRIORITARIAN_lowest_climate_risk,PRIORITARIAN,lowest_climate_risk,0,chn,2.809711779489643e-05,0.02225511506309274,0.02228321218088763,0.06514017344161274,0.1487058331104508,0.00013193295545309736,0.010792394414805248,0.010924327370258344,0.1487058331104508,1.172023895640653e-05,0.01813637572772171,0.018148095966678116,0.1487058331104508
P5_PRIORITARIAN_lowest_climate_risk__scenario_0,P5_PRIORITARIAN_lowest_climate_risk,PRIORITARIAN,lowest_climate_risk,0,rus,0.0003628576365942185,-0.0008721050696704156,-0.0005092474330761971,0.11007813759880974,0.3349444555924441,0.0016882755609623806,0.0023068893864247033,0.003995164947387084,0.3349444555924441,0.00043189645620627184,-0.0016413306358886474,-0.001209434179682376,0.3349444555924441
P5_PRIORITARIAN_lowest_climate_risk__scenario_1,P5_PRIORITARIAN_lowest_climate_risk,PRIORITARIAN,lowest_climate_risk,1,zaf,1.5182178921794668e-06,0.034176898437230666,0.03417841665512284,0.08731112271359756,0.03854879833805862,6.686530341996578e-06,0.016328637032363442,0.016335323562705433,0.03854879833805862,2.858406970311777e-07,0.028337078915335132,0.028337364756032164,0.03854879833805862
P5_PRIORITARIAN_lowest_climate_risk__scenario_1,P5_PRIORITARIAN_lowest_climate_risk,PRIORITARIAN,lowest_climate_risk,1,usa,0.0004204857842541616,0.025595998785881122,0.026016484570135282,0.08337174765412686,0.3463949421591281,0.0019726575504894006,0.012903889984217466,0.01487654753470687,0.3459110520778695,0.000497052036364904,0.020957319746125504,0.021454371782490402,0.3463949421591281
P5_PRIORITARIAN_lowest_climate_risk__scenario_1,P5_PRIORITARIAN_lowest_climate_risk,PRIORITARIAN,lowest_climate_risk,1,gbr,4.306642918485112e-07,0.011820813013759002,0.011821243678050848,0.03405575251654383,0.01000000027887155,1.5557861977805815e-06,0.005682265119139005,0.005683820905336785,0.01000000027887155,5.121176278993554e-07,0.009689466093520045,0.009689978211147946,0.01000000027887155
P5_PRIORITARIAN_lowest_climate_risk__scenario_1,P5_PRIORITARIAN_lowest_climate_risk,PRIORITARIAN,lowest_climate_risk,1,fra,4.994540263177823e-07,0.01782883359902409,0.017829333053050407,0.05394898825805312,0.010891690997221518,1.6147934415607953e-06,0.008750393821825983,0.008752008615267542,0.010891690997221518,7.63438351758432e-07,0.014617400155784669,0.014618163594136428,0.010891690997221518
P5_PRIORITARIAN_lowest_climate_risk__scenario_1,P5_PRIORITARIAN_lowest_climate_risk,PRIORITARIAN,lowest_climate_risk,1,rfa,1.4509573347699601e-06,0.012367660537452807,0.012369111494787578,0.04664125285482841,0.01572078281043002,5.770925945981722e-06,0.006385748055314567,0.006391518981260549,0.01572078281043002,1.9153951833344754e-06,0.009988966218540701,0.009990881613724033,0.01572078281043002
P5_PRIORITARIAN_lowest_climate_risk__scenario_1,P5_PRIORITARIAN_lowest_climate_risk,PRIORITARIAN,lowest_climate_risk,1,pol,0.00028158058788601854,0.012568621609445113,0.01285020219733113,0.06234599390732366,0.2939881206076765,0.0011436541360671183,0.0068908240415502565,0.008034478177617375,0.29374016638123823,0.0003822811277759706,0.010033471565229563,0.010415752693005535,0.2939881206076765
P5_PRIORITARIAN_lowest_climate_risk__scenario_1,P5_PRIORITARIAN_lowest_climate_risk,PRIORITARIAN,lowest_climate_risk,1,chn,2.8098556711892552e-05,0.022309458191660834,0.02233755674837273,0.064866447276414,0.14880428491874434,0.00013193027442331894,0.0108934907997471,0.01102542107417042,0.1487056982346227,1.173722604069081e-05,0.018351268848646123,0.018363006074686817,0.14880428491874434
P5_PRIORITARIAN_lowest_climate_risk__scenario_1,P5_PRIORITARIAN_lowest_climate_risk,PRIORITARIAN,lowest_climate_risk,1,rus,0.00036346705836959575,-0.0008731346955046336,-0.000509667637135038,0.11007209665144863,0.33547025603242886,0.0016899357098054068,0.0022562057981969797,0.003946141508002386,0.3350827619514542,0.00043350299749492514,-0.0016183449523364643,-0.001184841954841539,0.33547025603242886
P5_PRIORITARIAN_lowest_climate_risk__scenario_2,P5_PRIORITARIAN_lowest_climate_risk,PRIORITARIAN,lowest_climate_risk,2,zaf,1.7336769298677555e-06,0.07137491923663634,0.07137665291356621,0.1798933999886683,0.051558555878820446,7.512092988676982e-06,0.01884152357788631,0.018849035670874984,0.03822522254548711,4.3000845164000736e-07,0.04613361466001271,0.04613404466846435,0.03822522254548711
P5_PRIORITARIAN_lowest_climate_risk__scenario_2,P5_PRIORITARIAN_lowest_climate_risk,PRIORITARIAN,lowest_climate_risk,2,usa,0.0008397896223545114,0.05728822496090936,0.058128014583263866,0.15508057065484246,0.35721432505284934,0.0031050674244536515,0.014841189836284612,0.017946257260738264,0.3459339410222986,0.001482086361325064,0.035203461840566705,0.03668554820189178,0.3459339410222986
P5_PRIORITARIAN_lowest_climate_risk__scenario_2,P5_PRIORITARIAN_lowest_climate_risk,PRIORITARIAN,lowest_climate_risk,2,gbr,5.932032081590378e-07,0.027889686346470512,0.027890279549678678,0.0798455842777119,0.023333333612137016,1.547173301904492e-06,0.006585238195144946,0.0065867853684468515,0.010000000278803683,5.478599311138868e-07,0.016618593412449787,0.0166191412723809,0.010000000278803683
P5_PRIORITARIAN_lowest_climate_risk__scenario_2,P5_PRIORITARIAN_lowest_climate_risk,PRIORITARIAN,lowest_climate_risk,2,fra,6.55381299485043e-07,0.04082115683772821,0.04082181221902769,0.11334971775430219,0.024160921613469864,1.5833922449136895e-06,0.010103674451985269,0.010105257844230187,0.010827588280136524,7.755517859837199e-07,0.024765075305253847,0.02476585085703983,0.010827588280136524
P5_PRIORITARIAN_lowest_climate_risk__scenario_2,P5_PRIORITARIAN_lowest_climate_risk,PRIORITARIAN,lowest_climate_risk,2,rfa,1.5146946712706092e-06,0.03103893566871245,0.03104045036338372,0.09340780112087134,0.02896492502312388,5.640896221557056e-06,0.007359753461185462,0.007365394357407018,0.015631591689790548,1.916210618895072e-06,0.01767739770237745,0.01767931391299634,0.015631591689790548
P5_PRIORITARIAN_lowest_climate_risk__scenario_2,P5_PRIORITARIAN_lowest_climate_risk,PRIORITARIAN,lowest_climate_risk,2,pol,0.0004580209483163545,0.03275320595119421,0.03321122689951056,0.10282135268222573,0.3053793390645563,0.0015311952974240571,0.007902129488459125,0.009433324785883183,0.2937419976679251,0.0007786140344843546,0.018126413913624146,0.018905027948108503,0.2937419976679251
P5_PRIORITARIAN_lowest_climate_risk__scenario_2,P5_PRIORITARIAN_lowest_climate_risk,PRIORITARIAN,lowest_climate_risk,2,chn,6.444902478174556e-05,0.04955994686341228,0.04962439588819403,0.1334855293885889,0.16196055705768175,0.000280668572449966,0.012569939718858442,0.01285060829130841,0.14862722372434842,6.840620016535583e-05,0.030683648635751855,0.03075205483591721,0.14862722372434842
P5_PRIORITARIAN_lowest_climate_risk__scenario_2,P5_PRIORITARIAN_lowest_climate_risk,PRIORITARIAN,lowest_climate_risk,2,rus,0.000619088838845454,0.010333875434195885,0.010952964273041337,0.12952797961738965,0.34769205850354284,0.0024003945845756094,0.0023754150060049948,0.004775809590580603,0.3350532793692797,0.0010031830009813384,0.0007427069317914282,0.0017458899327727666,0.3350532793692797
P5_PRIORITARIAN_lowest_climate_risk__scenario_3,P5_PRIORITARIAN_lowest_climate_risk,PRIORITARIAN,lowest_climate_risk,3,zaf,2.1898347429414265e-06,0.0809302200157602,0.08093240985050312,0.19375331859521822,0.03864786840309338,9.68500631142234e-06,0.01867187320776222,0.018681558214073645,0.03864786840309338,7.526608339515616e-07,0.05269748093722469,0.05269823359805863,0.03864786840309338
P5_PRIORITARIAN_lowest_climate_risk__scenario_3,P5_PRIORITARIAN_lowest_climate_risk,PRIORITARIAN,lowest_climate_risk,3,usa,0.0011146963020203363,0.06575653879540268,0.066871235097423,0.16923304414210733,0.34577885829912547,0.003631068772932788,0.014703480931796568,0.018334549704729357,0.34577885829912547,0.002167772925809802,0.040575385240355415,0.04274315816616522,0.34577885829912547
P5_PRIORITARIAN_lowest_climate_risk__scenario_3,P5_PRIORITARIAN_lowest_climate_risk,PRIORITARIAN,lowest_climate_risk,3,gbr,7.20909712230062e-07,0.03229907926385239,0.03229980017356462,0.08743689890941087,0.0100000002780203,2.100652875444554e-06,0.006521288689949401,0.006523389342824845,0.0100000002780203,1.0968621298210633e-06,0.0192614568801777,0.019262553742307523,0.0100000002780203
P5_PRIORITARIAN_lowest_climate_risk__scenario_3,P5_PRIORITARIAN_lowest_climate_risk,PRIORITARIAN,lowest_climate_risk,3,fra,8.844575588374122e-07,0.04703979530542465,0.047040679762983484,0.12364486858106777,0.010893520444472003,2.17425830173513e-06,0.010007957992837076,0.010010132251138813,0.010893520444472003,1.588574290666678e-06,0.02860954978449082,0.028611138358781492,0.010893520444472003
P5_PRIORITARIAN_lowest_climate_risk__scenario_3,P5_PRIORITARIAN_lowest_climate_risk,PRIORITARIAN,lowest_climate_risk,3,rfa,2.316253352571202e-06,0.0362921643777361,0.03629448063108867,0.10327487059612486,0.015758884980984867,7.78317114481845e-06,0.007286935496989103,0.007294718668133923,0.015758884980984867,3.970214361352072e-06,0.020663780579429455,0.02066775079379081,0.015758884980984867
P5_PRIORITARIAN_lowest_climate_risk__scenario_3,P5_PRIORITARIAN_lowest_climate_risk,PRIORITARIAN,lowest_climate_risk,3,pol,0.0008004081163945403,0.038511133232466216,0.03931154134886076,0.11514680384368807,0.29395002032885453,0.0020713294587722604,0.007823574554892972,0.00989490401366523,0.29395002032885453,0.001589891632245383,0.0213056359227604,0.022895527555005783,0.29395002032885453
P5_PRIORITARIAN_lowest_climate_risk__scenario_3,P5_PRIORITARIAN_lowest_climate_risk,PRIORITARIAN,lowest_climate_risk,3,chn,0.00010418355106009971,0.05681658956225367,0.05692077311331377,0.145045042194712,0.14864921263537603,0.0003988016201947787,0.012452932116693984,0.012851733736888759,0.14864921263537603,0.00015531131634470815,0.035317240717864705,0.03547255203420942,0.14864921263537603
P5_PRIORITARIAN_lowest_climate_risk__scenario_3,P5_PRIORITARIAN_lowest_climate_risk,PRIORITARIAN,lowest_climate_risk,3,rus,0.0009345534874541192,0.014337555604243544,0.015272109091697664,0.13940415602599024,0.3349692648386775,0.0030484317401733027,0.0023433863101667155,0.005391818050340018,0.3349692648386775,0.0017615910769054716,0.0019993361100531454,0.003760927186958617,0.3349692648386775
P5_PRIORITARIAN_lowest_climate_risk__scenario_4,P5_PRIORITARIAN_lowest_climate_risk,PRIORITARIAN,lowest_climate_risk,4,zaf,2.2407264698237397e-06,0.053253849899373124,0.05325609062584295,0.12264091729028591,0.03882505943516011,1.0258364390599894e-05,0.017561067608586757,0.017571325972977354,0.03882502691017517,7.795065412815678e-07,0.041810888606440666,0.04181166811298194,0.03882505943516011
P5_PRIORITARIAN_lowest_climate_risk__scenario_4,P5_PRIORITARIAN_lowest_climate_risk,PRIORITARIAN,lowest_climate_risk,4,usa,0.0006618336760096622,0.041422269414756754,0.04208410309076642,0.11271071136093776,0.34594554886540874,0.002669367680991286,0.013858674392069942,0.01652804207306123,0.34572607209674816,0.0010420645133619236,0.03167678114965317,0.0327188456630151,0.34594554886540874
P5_PRIORITARIAN_lowest_climate_risk__scenario_4,P5_PRIORITARIAN_lowest_climate_risk,PRIORITARIAN,lowest_climate_risk,4,gbr,5.841268576937962e-07,0.01970213568455282,0.019702719811410512,0.05034130643938761,0.010000000278313884,1.88408488367519e-06,0.006124126557873312,0.006126010642756989,0.010000000278313884,8.309553319838556e-07,0.01488718392569683,0.014888014881028814,0.010000000278313884
P5_PRIORITARIAN_lowest_climate_risk__scenario_4,P5_PRIORITARIAN_lowest_climate_risk,PRIORITARIAN,lowest_climate_risk,4,fra,7.04488888041625e-07,0.029218593573879233,0.02921929806276727,0.0754289745020825,0.010891296921635495,1.9527472217405923e-06,0.009414773127221526,0.009416725874443265,0.010891296921635495,1.2236939224893106e-06,0.022243496173381873,0.022244719867304363,0.010891296921635495
P5_PRIORITARIAN_lowest_climate_risk__scenario_4,P5_PRIORITARIAN_lowest_climate_risk,PRIORITARIAN,lowest_climate_risk,4,rfa,1.947659104277515e-06,0.021355014190958227,0.0213569618500625,0.06441510972449666,0.0158068302733511,7.038660570277053e-06,0.006865711364397117,0.006872750024967396,0.0158068302733511,3.0851306754629237e-06,0.015725646506752056,0.015728731637427523,0.0158068302733511
P5_PRIORITARIAN_lowest_climate_risk__scenario_4,P5_PRIORITARIAN_lowest_climate_risk,PRIORITARIAN,lowest_climate_risk,4,pol,0.0006258910614341491,0.022180284633298082,0.022806175694732235,0.07619295648058991,0.2937831390870923,0.0018436357082216239,0.007392343720489354,0.009235979428710978,0.2937067514264748,0.0012080568653129434,0.016051603627069654,0.0172596604923826,0.2937831390870923
P5_PRIORITARIAN_lowest_climate_risk__scenario_4,P5_PRIORITARIAN_lowest_climate_risk,PRIORITARIAN,lowest_climate_risk,4,chn,5.153307463052033e-05,0.035953781132507794,0.03600531420713831,0.09010901689065112,0.14864095789203066,0.00023325953632723068,0.011716640170500975,0.011949899706828205,0.14864095789203066,4.4510756679691336e-05,0.02764062185625341,0.027685132612933105,0.14864095789203066
P5_PRIORITARIAN_lowest_climate_risk__scenario_4,P5_PRIORITARIAN_lowest_climate_risk,PRIORITARIAN,lowest_climate_risk,4,rus,0.00044758263934893417,0.003424809082042782,0.003872391721391716,0.11904450356515507,0.33509496972667313,0.0019298202654480557,0.002334594465876841,0.004264414731324896,0.33493647099264784,0.0006039909836307814,-4.801846891100987e-05,0.0005559725147197716,0.33509496972667313
P5_PRIORITARIAN_lowest_climate_risk__scenario_5,P5_PRIORITARIAN_lowest_climate_risk,PRIORITARIAN,lowest_climate_risk,5,zaf,2.212964940750015e-06,0.05537618907814227,0.05537840204308301,0.12427233893531574,0.03842507821604051,1.005572175039552e-05,0.018888876715839876,0.01889893243759027,0.03842507821604051,7.648503424619738e-07,0.04480201224097123,0.0448027770913137,0.03842507821604051
P5_PRIORITARIAN_lowest_climate_risk__scenario_5,P5_PRIORITARIAN_lowest_climate_risk,PRIORITARIAN,lowest_climate_risk,5,usa,0.0006623108232818604,0.04318720082985281,0.04384951165313468,0.11508549993737434,0.34582534657618436,0.002671776879377823,0.014873700291784975,0.017545477171162796,0.34582534657618436,0.0010422998824934247,0.0340878005064369,0.03513010038893032,0.34582534657618436
P5_PRIORITARIAN_lowest_climate_risk__scenario_5,P5_PRIORITARIAN_lowest_climate_risk,PRIORITARIAN,lowest_climate_risk,5,gbr,5.842644718622247e-07,0.020582537847019647,0.02058312211149151,0.05113716511658561,0.010000000278316252,1.8842919134351523e-06,0.006600362708572386,0.006602247000485823,0.010000000278316252,8.313570186041439e-07,0.016071871340857857,0.016072702697876463,0.010000000278316252
P5_PRIORITARIAN_lowest_climate_risk__scenario_5,P5_PRIORITARIAN_lowest_climate_risk,PRIORITARIAN,lowest_climate_risk,5,fra,6.994368338961219e-07,0.030489720709621547,0.03049042014645544,0.07717044232468048,0.010843857026124734,1.9356036832359072e-06,0.01012653510706965,0.010128470710752886,0.010843857026124734,1.2136280084446803e-06,0.02396928184885925,0.023970495476867693,0.010843857026124734
P5_PRIORITARIAN_lowest_climate_risk__scenario_5,P5_PRIORITARIAN_lowest_climate_risk,PRIORITARIAN,lowest_climate_risk,5,rfa,1.9254285237190937e-06,0.022360764548605815,0.022362689977129535,0.06590369517969441,0.015693404580648922,6.940455271994717e-06,0.007373896153523418,0.007380836608795416,0.015693404580648922,3.0433903982334106e-06,0.017045580555977744,0.017048623946375973,0.015693404580648922
P5_PRIORITARIAN_lowest_climate_risk__scenario_5,P5_PRIORITARIAN_lowest_climate_risk,PRIORITARIAN,lowest_climate_risk,5,pol,0.0006266758380567075,0.023257033206521702,0.023883709044578417,0.0778358827636456,0.29389719213268517,0.001846396174934005,0.007915174653222157,0.00976157082815616,0.29389719213268517,0.0012097250084206301,0.017442973531623017,0.018652698540043647,0.29389719213268517
P5_PRIORITARIAN_lowest_climate_risk__scenario_5,P5_PRIORITARIAN_lowest_climate_risk,PRIORITARIAN,lowest_climate_risk,5,chn,5.1552329653071696e-05,0.037475011224509684,0.03752656355416275,0.092133806001344,0.14862471582428788,0.0002332580018558936,0.012599227902528817,0.012832485904384712,0.14862471582428788,4.4538838405213825e-05,0.02972962048692983,0.02977415932533505,0.14862471582428788
P5_PRIORITARIAN_lowest_climate_risk__scenario_5,P5_PRIORITARIAN_lowest_climate_risk,PRIORITARIAN,lowest_climate_risk,5,rus,0.00044768758345394846,0.003917785150147426,0.004365472733601375,0.11920220770449118,0.3350002828469041,0.0019307041443027701,0.0023640098383640906,0.0042947139826668606,0.3350002828469041,0.0006036873777698889,0.00039471553949989026,0.000998402917269779,0.3350002828469041
P5_PRIORITARIAN_lowest_climate_risk__scenario_6,P5_PRIORITARIAN_lowest_climate_risk,PRIORITARIAN,lowest_climate_risk,6,zaf,1.783840336493963e-06,0.10333857632729816,0.10334036016763466,0.26281592679393123,0.036313761975702616,7.8275466366355e-06,0.024427391141663004,0.024435218688299634,0.036313761975702616,5.31184818226578e-07,0.059143296006815956,0.059143827191634184,0.036313761975702616
P5_PRIORITARIAN_lowest_climate_risk__scenario_6,P5_PRIORITARIAN_lowest_climate_risk,PRIORITARIAN,lowest_climate_risk,6,usa,0.0009467326374696331,0.08643257442480695,0.08737930706227659,0.23850075230961718,0.3460769717849228,0.003327570195955503,0.019196317536949805,0.02252388773290531,0.3460769717849228,0.001759916034488267,0.04597829777505649,0.047738213809544766,0.3460769717849228
P5_PRIORITARIAN_lowest_climate_risk__scenario_6,P5_PRIORITARIAN_lowest_climate_risk,PRIORITARIAN,lowest_climate_risk,6,gbr,6.769924796565169e-07,0.04341926586238685,0.0434199428548665,0.1277696294047272,0.010000000279153836,2.062755124107673e-06,0.008631920067920306,0.008633982823044416,0.010000000279153836,1.0364557202638845e-06,0.02196207563897414,0.02196311209469441,0.010000000279153836
P5_PRIORITARIAN_lowest_climate_risk__scenario_6,P5_PRIORITARIAN_lowest_climate_risk,PRIORITARIAN,lowest_climate_risk,6,fra,7.992953991168055e-07,0.062459620857807784,0.0624604201532069,0.17758440794789188,0.010618530750740318,2.0302399389870787e-06,0.013156505678361215,0.0131585359183002,0.010618530750740318,1.452639736749269e-06,0.03250325027827891,0.03250470291801566,0.010618530750740318
P5_PRIORITARIAN_lowest_climate_risk__scenario_6,P5_PRIORITARIAN_lowest_climate_risk,PRIORITARIAN,lowest_climate_risk,6,rfa,2.0623198043749467e-06,0.04982754003173552,0.04982960235153989,0.15405022545562636,0.01508225410504254,7.015347033543035e-06,0.009589664906650011,0.009596680253683551,0.01508225410504254,3.510509281580873e-06,0.023769249592143524,0.0237727601014251,0.01508225410504254
P5_PRIORITARIAN_lowest_climate_risk__scenario_6,P5_PRIORITARIAN_lowest_climate_risk,PRIORITARIAN,lowest_climate_risk,6,pol,0.0007788095829456014,0.05351144200543107,0.05429025158837667,0.17018888746403762,0.2936410733366826,0.0020528681047629095,0.010231216095852973,0.012284084200615884,0.2936410733366826,0.0015688350280466071,0.024644540073486574,0.026213375101533175,0.2936410733366826
P5_PRIORITARIAN_lowest_climate_risk__scenario_6,P5_PRIORITARIAN_lowest_climate_risk,PRIORITARIAN,lowest_climate_risk,6,chn,5.611404303581433e-05,0.07451223616598174,0.07456835020901756,0.20473194499112057,0.14858571326353925,0.00024822785523696025,0.01633362459549294,0.016581852450729902,0.14858571326353925,5.316997721526053e-05,0.03996543770000671,0.04001860767722198,0.14858571326353925
P5_PRIORITARIAN_lowest_climate_risk__scenario_6,P5_PRIORITARIAN_lowest_climate_risk,PRIORITARIAN,lowest_climate_risk,6,rus,0.00047948483337530336,0.026672079817590455,0.027151564650965753,0.14992384792654007,0.33512909523032036,0.0020051983279811463,0.002789143978704051,0.004794342306685196,0.33512909523032036,0.0006758746875112426,0.003645421038563987,0.0043212957260752305,0.33512909523032036
P5_PRIORITARIAN_lowest_climate_risk__scenario_7,P5_PRIORITARIAN_lowest_climate_risk,PRIORITARIAN,lowest_climate_risk,7,zaf,1.7854104561984817e-06,0.11385758957050034,0.11385937498095652,0.27199144272733355,0.036324045881254964,7.832061197035538e-06,0.024736344394128817,0.024744176455325857,0.036324045881254964,5.343145473475698e-07,0.07392309234211851,0.07392362665666585,0.036324045881254964
P5_PRIORITARIAN_lowest_climate_risk__scenario_7,P5_PRIORITARIAN_lowest_climate_risk,PRIORITARIAN,lowest_climate_risk,7,usa,0.000949036918826982,0.09602729087031113,0.0969763277891381,0.24829968091330074,0.34610057893122376,0.00332811330928373,0.019452959347658685,0.022781072656942417,0.34610057893122376,0.0017679148529598208,0.05849640254546332,0.060264317398423146,0.34610057893122376
P5_PRIORITARIAN_lowest_climate_risk__scenario_7,P5_PRIORITARIAN_lowest_climate_risk,PRIORITARIAN,lowest_climate_risk,7,gbr,6.777478130740539e-07,0.048541244700219865,0.048541922448032945,0.13340933340235622,0.01000000027915383,2.0627621819883747e-06,0.008748760414452682,0.00875082317663467,0.01000000027915383,1.0386744704721843e-06,0.028263198270847743,0.02826423694531822,0.01000000027915383
P5_PRIORITARIAN_lowest_climate_risk__scenario_7,P5_PRIORITARIAN_lowest_climate_risk,PRIORITARIAN,lowest_climate_risk,7,fra,8.008878901727518e-07,0.06959004077495698,0.06959084166284715,0.18501083827647322,0.010618541348913239,2.0302544732620205e-06,0.013332916642274865,0.013334946896748127,0.010618541348913239,1.4571369801897139e-06,0.0415530712517432,0.041554528388723394,0.010618541348913239
P5_PRIORITARIAN_lowest_climate_risk__scenario_7,P5_PRIORITARIAN_lowest_climate_risk,PRIORITARIAN,lowest_climate_risk,7,rfa,2.0651727815063262e-06,0.056023672067905594,0.056025737240687094,0.16119877505626845,0.015084989108127871,7.017887682979844e-06,0.009726426532025267,0.009733444419708248,0.015084989108127871,3.5202955254580485e-06,0.031068000100751218,0.031071520396276673,0.015084989108127871
P5_PRIORITARIAN_lowest_climate_risk__scenario_7,P5_PRIORITARIAN_lowest_climate_risk,PRIORITARIAN,lowest_climate_risk,7,pol,0.0007803792447063438,0.06035595958271296,0.061136338827419305,0.17980071274205162,0.2936599985817364,0.0020531554988600003,0.010381955556844798,0.0124351110557048,0.2936599985817364,0.0015730393359670255,0.03252502595529702,0.034098065291264044,0.2936599985817364
P5_PRIORITARIAN_lowest_climate_risk__scenario_7,P5_PRIORITARIAN_lowest_climate_risk,PRIORITARIAN,lowest_climate_risk,7,chn,5.6171539397251685e-05,0.0827305400032405,0.08278671154263775,0.21286268964904434,0.14858570871936866,0.0002482295065487425,0.01654882918152691,0.016797058688075652,0.14858570871936866,5.336197646222355e-05,0.050723906672684706,0.050777268649146924,0.14858570871936866
P5_PRIORITARIAN_lowest_climate_risk__scenario_7,P5_PRIORITARIAN_lowest_climate_risk,PRIORITARIAN,lowest_climate_risk,7,rus,0.00047983096574517095,0.032073753985633585,0.03255358495137876,0.1589131049084373,0.33515114446193495,0.002005514413503459,0.0028705626502136617,0.0048760770637171205,0.33515114446193495,0.0006767958416711098,0.007862962514912081,0.008539758356583193,0.33515114446193495
P6_PRIORITARIAN_compromise__scenario_0,P6_PRIORITARIAN_compromise,PRIORITARIAN,compromise,0,zaf,0.008197857166947781,0.018738974936361952,0.02693683210330973,0.12194771961514646,0.9779463841195716,0.08127615919476422,0.013936435191300162,0.0952125943860644,0.9381893388246674,0.003933508347741411,0.015803456285488512,0.019736964633229926,0.9675622514597033
P6_PRIORITARIAN_compromise__scenario_0,P6_PRIORITARIAN_compromise,PRIORITARIAN,compromise,0,usa,0.0077649342608680505,0.013383951844463761,0.02114888610533181,0.09222366427859878,0.9858518192425839,0.04675820360423473,0.011090266669425827,0.05784847027366055,0.9617925501087005,0.012910057679859597,0.011292404141944079,0.02420246182180368,0.9852659953002637
P6_PRIORITARIAN_compromise__scenario_0,P6_PRIORITARIAN_compromise,PRIORITARIAN,compromise,0,gbr,0.004537448529645748,0.005912746369047066,0.010450194898692814,0.03836359392056133,0.9174055715741144,0.02319066562723239,0.004833664848316425,0.02802433047554882,0.9003891029187856,0.008018279327049956,0.005082684224523081,0.013100963551573037,0.9145507352739658
P6_PRIORITARIAN_compromise__scenario_0,P6_PRIORITARIAN_compromise,PRIORITARIAN,compromise,0,fra,0.00404571436597486,0.009148240116283455,0.013193954482258316,0.0433585113284455,0.8737174652333627,0.01654276869862981,0.007479761472290996,0.024022530170920806,0.8409223842959093,0.008418158222063337,0.007789282725664458,0.016207440947727796,0.8622924529686316
P6_PRIORITARIAN_compromise__scenario_0,P6_PRIORITARIAN_compromise,PRIORITARIAN,compromise,0,rfa,0.01533045267312392,0.005882726641702375,0.021213179314826296,0.11403638675851575,0.983790303476263,0.0802602468206334,0.005487851528934081,0.08574809834956748,0.9233336923643992,0.03140516421144064,0.005045090719115993,0.03645025493055663,0.9630132266216177
P6_PRIORITARIAN_compromise__scenario_0,P6_PRIORITARIAN_compromise,PRIORITARIAN,compromise,0,pol,0.006212219785850997,0.005791934011372117,0.012004153797223114,0.07514154392680959,0.9871133505102404,0.03443634535773146,0.00597250769388171,0.04040885305161319,0.9829968552932722,0.011676607284597964,0.004939480012977529,0.01661608729757549,0.9871133505102404
P6_PRIORITARIAN_compromise__scenario_0,P6_PRIORITARIAN_compromise,PRIORITARIAN,compromise,0,chn,0.0037017366562042257,0.011713704315933571,0.015415440972137795,0.05876026884297338,0.9786268699674084,0.031556344445035286,0.00931337408540422,0.04086971853043951,0.9465714251359104,0.0031756469896262207,0.009932581529777048,0.013108228519403268,0.975496532282261
P6_PRIORITARIAN_compromise__scenario_0,P6_PRIORITARIAN_compromise,PRIORITARIAN,compromise,0,rus,0.007984783623628642,-0.002401973386253139,0.005582810237375501,0.120106861031573,0.9873181139067718,0.047434398217277324,0.00225172540285059,0.04968612362012792,0.9290767416215571,0.014203939291085425,-0.0020947457274128212,0.012109193563672606,0.9675832104420657
P6_PRIORITARIAN_compromise__scenario_1,P6_PRIORITARIAN_compromise,PRIORITARIAN,compromise,1,zaf,0.008202264712419928,0.018814298306499173,0.027016563018919106,0.12014748073030872,0.9748531150684837,0.08119221967224445,0.014094069968852941,0.09528628964109737,0.9381875788734041,0.003947226966035069,0.016096355993380097,0.020043582959415166,0.9683481027078087
P6_PRIORITARIAN_compromise__scenario_1,P6_PRIORITARIAN_compromise,PRIORITARIAN,compromise,1,usa,0.007755076013641993,0.01344019008029929,0.02119526609394128,0.09185260624701994,0.9855745606144566,0.04646468569009778,0.011194603444007958,0.05765928913410575,0.9602902278296821,0.012901266279674197,0.01151458883033278,0.024415855110006983,0.9850830866026681
P6_PRIORITARIAN_compromise__scenario_1,P6_PRIORITARIAN_compromise,PRIORITARIAN,compromise,1,gbr,0.00454074165841212,0.005938974033746153,0.010479715692158272,0.03822359072994791,0.9166457173475068,0.023122432008329644,0.004885134558664628,0.028007566566994276,0.8995895404667372,0.008027812403989245,0.005186733833729725,0.013214546237718968,0.9148700463956879
P6_PRIORITARIAN_compromise__scenario_1,P6_PRIORITARIAN_compromise,PRIORITARIAN,compromise,1,fra,0.00404705429755534,0.009187607581316419,0.013234661878871757,0.04316164121239884,0.8705281146245721,0.016596232303570563,0.007555502005927037,0.024151734309497595,0.8420004426235063,0.008450543359759971,0.007945003517646616,0.016395546877406585,0.8634128960432917
P6_PRIORITARIAN_compromise__scenario_1,P6_PRIORITARIAN_compromise,PRIORITARIAN,compromise,1,rfa,0.015260705888974015,0.005910000730254039,0.021170706619228055,0.1135107084216365,0.9780897714323201,0.08048844748451418,0.005533325722597556,0.08602177320711173,0.9245859597164376,0.03162721692140267,0.0051552231070144715,0.03678244002841714,0.9651898037431683
P6_PRIORITARIAN_compromise__scenario_1,P6_PRIORITARIAN_compromise,PRIORITARIAN,compromise,1,pol,0.006210687603993813,0.005819448933340428,0.012030136537334242,0.07497892785900083,0.9870536228284787,0.0343884356390879,0.006011510196037483,0.0403999458351254,0.982648952766385,0.011674299291132083,0.005052109510623777,0.016726408801755858,0.9870536228284787
P6_PRIORITARIAN_compromise__scenario_1,P6_PRIORITARIAN_compromise,PRIORITARIAN,compromise,1,chn,0.003704412563479693,0.011762909541180715,0.015467322104660407,0.05858068379270158,0.9786188076585616,0.031372218172577127,0.009410207225369551,0.04078242539794668,0.945341021745081,0.0031808337133645906,0.010126168518941226,0.013307002232305819,0.9758585933386749
P6_PRIORITARIAN_compromise__scenario_1,P6_PRIORITARIAN_compromise,PRIORITARIAN,compromise,1,rus,0.007954026268071342,-0.002405145596442256,0.005548880671629087,0.1194825269954,0.9818554095682782,0.04755235497420835,0.0021970113352241163,0.049749366309432476,0.9300865916290509,0.014321853803628076,-0.002094170161775626,0.01222768364185245,0.9699541510555628
P6_PRIORITARIAN_compromise__scenario_2,P6_PRIORITARIAN_compromise,PRIORITARIAN,compromise,2,zaf,0.01079419759251554,0.03528716747805614,0.04608136507057168,0.133251147480744,0.9795193302825671,0.09584245304574464,0.016058047642201395,0.11190050068794602,0.9444354027119659,0.006312767923157361,0.024341049987139884,0.030653817910297247,0.9778207264555333
P6_PRIORITARIAN_compromise__scenario_2,P6_PRIORITARIAN_compromise,PRIORITARIAN,compromise,2,usa,0.017597792467257636,0.02653797972367419,0.04413577219093183,0.12388742103374806,0.984147653321408,0.0717820697259504,0.01268401713810357,0.08446608686405395,0.9549384706158618,0.0388380750402462,0.017836652622225693,0.0566747276624719,0.984147653321408
P6_PRIORITARIAN_compromise__scenario_2,P6_PRIORITARIAN_compromise,PRIORITARIAN,compromise,2,gbr,0.00509044008105949,0.012295889510063327,0.01738632959112282,0.03909379076524613,0.9181218691990204,0.022816141092943373,0.005580182749396395,0.02839632384233977,0.8974687762684067,0.00866398146552507,0.008189856971297014,0.016853838436822085,0.9175599628153773
P6_PRIORITARIAN_compromise__scenario_2,P6_PRIORITARIAN_compromise,PRIORITARIAN,compromise,2,fra,0.004563160953171316,0.01851052030942597,0.02307368126259729,0.05828510451620111,0.8746222211857072,0.016947957960136893,0.008597577121473278,0.025545535081610168,0.8503322100418722,0.008976643269555681,0.012405171208531435,0.021381814478087114,0.872936736517726
P6_PRIORITARIAN_compromise__scenario_2,P6_PRIORITARIAN_compromise,PRIORITARIAN,compromise,2,rfa,0.017034042102170042,0.012918129723113677,0.029952171825283723,0.11222365578910026,0.9868398808874109,0.08561543353553949,0.0062694149420954,0.09188484847763491,0.9425346061645142,0.03441788599913496,0.0083611899786784,0.04277907597781335,0.9840395622039178
P6_PRIORITARIAN_compromise__scenario_2,P6_PRIORITARIAN_compromise,PRIORITARIAN,compromise,2,pol,0.011103380573260036,0.013162867232559395,0.024266247805819433,0.09022766532491554,0.9857762250073054,0.0458279352611235,0.006765210698755657,0.052593145959879156,0.9810827027585183,0.023793635530792775,0.00834421819753896,0.032137853728331736,0.9857762250073054
P6_PRIORITARIAN_compromise__scenario_2,P6_PRIORITARIAN_compromise,PRIORITARIAN,compromise,2,chn,0.011594384840985055,0.023119253427657728,0.03471363826864279,0.09734501187546507,0.9796081804404776,0.06712944284239579,0.010706719452962286,0.07783616229535806,0.9449721714439328,0.018965655465072947,0.015637808870318414,0.03460346433539136,0.9786478632396787
P6_PRIORITARIAN_compromise__scenario_2,P6_PRIORITARIAN_compromise,PRIORITARIAN,compromise,2,rus,0.016609431711332823,-0.000555527816066473,0.01605390389526635,0.14438136084395514,0.9903043905073807,0.07271766665089263,0.002204193106212102,0.07492185975710473,0.9473544830325668,0.035999696900793285,-0.001893191059653965,0.03410650584113931,0.9877560265601181
P6_PRIORITARIAN_compromise__scenario_3,P6_PRIORITARIAN_compromise,PRIORITARIAN,compromise,3,zaf,0.014979600553907521,0.04423829230698136,0.059217892860888875,0.1621159942060487,0.9760872362972332,0.12019051174365374,0.01582091801347744,0.13601142975713118,0.9431441907385664,0.010762634649517542,0.031811241579399255,0.0425738762289168,0.9760872362972332
P6_PRIORITARIAN_compromise__scenario_3,P6_PRIORITARIAN_compromise,PRIORITARIAN,compromise,3,usa,0.02440756842145821,0.03386456352604343,0.058272131947501644,0.13807026095347716,0.9831969998331651,0.08385040954655017,0.012495005955115218,0.09634541550166538,0.9539861942249339,0.0571382239816344,0.023675791665986514,0.08081401564762093,0.9831969998331651
P6_PRIORITARIAN_compromise__scenario_3,P6_PRIORITARIAN_compromise,PRIORITARIAN,compromise,3,gbr,0.008791403295345501,0.015913524932676854,0.02470492822802236,0.047692609287321754,0.91708917912333,0.030936630224780607,0.00549309688952436,0.03642972711430496,0.8966933194124768,0.017388557566060274,0.010988637830491784,0.028377195396552056,0.91708917912333
P6_PRIORITARIAN_compromise__scenario_3,P6_PRIORITARIAN_compromise,PRIORITARIAN,compromise,3,fra,0.008280580992437649,0.02376371530272295,0.03204429629516059,0.06725768746823131,0.8710218669526343,0.022849726999735212,0.008466579165017718,0.031316306164752936,0.8489776185217736,0.018097074505317702,0.0165389316288302,0.03463600613414789,0.8710218669526343
P6_PRIORITARIAN_compromise__scenario_3,P6_PRIORITARIAN_compromise,PRIORITARIAN,compromise,3,rfa,0.029805668073627854,0.01700157454437302,0.04680724261800087,0.15441365169697402,0.9800606349453196,0.11470152947143185,0.006171837126762967,0.12087336659819484,0.9396233064117391,0.07024495034688963,0.011403915071149748,0.08164886541803937,0.9800606349453196
P6_PRIORITARIAN_compromise__scenario_3,P6_PRIORITARIAN_compromise,PRIORITARIAN,compromise,3,pol,0.021071114354639504,0.017503675172328457,0.03857478952696796,0.1098110090782339,0.9856805613382738,0.06195881343990573,0.00666095197763958,0.06861976541754532,0.9807785819343484,0.049013547765019164,0.011506952474794135,0.06052050023981329,0.9856805613382738
P6_PRIORITARIAN_compromise__scenario_3,P6_PRIORITARIAN_compromise,PRIORITARIAN,compromise,3,chn,0.021311977492269124,0.029445954606118274,0.0507579320983874,0.1278019830108172,0.9781903012011578,0.09530091539922457,0.010545530703446753,0.10584644610267134,0.944046759590698,0.043539482435774574,0.02070961714944163,0.06424909958521621,0.9781903012011578
P6_PRIORITARIAN_compromise__scenario_3,P6_PRIORITARIAN_compromise,PRIORITARIAN,compromise,3,rus,0.02678212319989271,0.001130450481815056,0.02791257368170777,0.16257186096213627,0.9836277731873746,0.09115452203886673,0.0021706042820200935,0.09332512632088683,0.9445359834529229,0.06288825538413485,-0.0013514328307871997,0.06153682255334766,0.9836277731873746
P6_PRIORITARIAN_compromise__scenario_4,P6_PRIORITARIAN_compromise,PRIORITARIAN,compromise,4,zaf,0.015181151933824409,0.029237972815433087,0.044419124749257494,0.16430210174683885,0.9787342602708883,0.12273159893648537,0.014984083835232895,0.13771568277171828,0.9373927966099256,0.01122660379196548,0.025350867080440286,0.036577470872405766,0.9787342602708883
P6_PRIORITARIAN_compromise__scenario_4,P6_PRIORITARIAN_compromise,PRIORITARIAN,compromise,4,usa,0.013358216652975262,0.021610249624031304,0.03496846627700656,0.11164607778579097,0.9837818673539473,0.061962051307514275,0.011870691353282262,0.07383274266079654,0.9558841472540067,0.027145983493760552,0.01861829312294153,0.045764276616702085,0.9837818673539473
P6_PRIORITARIAN_compromise__scenario_4,P6_PRIORITARIAN_compromise,PRIORITARIAN,compromise,4,gbr,0.0067804400669701165,0.009869234981127385,0.0166496750480975,0.04362333166855173,0.9179912023869545,0.027774145374282678,0.005199019324071945,0.03297316469835462,0.8971061989178813,0.013199934036706357,0.008562009428290308,0.021761943464996665,0.9179912023869545
P6_PRIORITARIAN_compromise__scenario_4,P6_PRIORITARIAN_compromise,PRIORITARIAN,compromise,4,fra,0.006365635660379766,0.01498125192610932,0.02134688758648909,0.05192703557161577,0.873959150066331,0.020259406196968734,0.008027265661833007,0.028286671858801737,0.8451656316511631,0.014085783246230093,0.012956958422604027,0.027042741668834122,0.873959150066331
P6_PRIORITARIAN_compromise__scenario_4,P6_PRIORITARIAN_compromise,PRIORITARIAN,compromise,4,rfa,0.023849685811922133,0.0101894436450491,0.034039129456971226,0.1369556436868724,0.9858932762644608,0.09742088915754449,0.005866765880141636,0.10328765503768615,0.926830682898218,0.05524217461510397,0.008762322338578848,0.06400449695368281,0.9858932762644608
P6_PRIORITARIAN_compromise__scenario_4,P6_PRIORITARIAN_compromise,PRIORITARIAN,compromise,4,pol,0.01600058572155168,0.010268841853996298,0.02626942757554798,0.1004681684845343,0.9863398151166438,0.05530701265912437,0.006354050944900129,0.06166106360402449,0.9812610779082409,0.037233738621728726,0.008758999645392406,0.045992738267121136,0.9863398151166438
P6_PRIORITARIAN_compromise__scenario_4,P6_PRIORITARIAN_compromise,PRIORITARIAN,compromise,4,chn,0.008650247701580625,0.018860977097250785,0.027511224798831408,0.08428862257813036,0.9791227156579312,0.05494881866092226,0.00999751473467278,0.06494633339559502,0.9423329318172282,0.012331778418564513,0.016317575600118775,0.028649354018683293,0.9791227156579312
P6_PRIORITARIAN_compromise__scenario_4,P6_PRIORITARIAN_compromise,PRIORITARIAN,compromise,4,rus,0.011107452639844091,-0.001617593116008123,0.00948985952383597,0.12323537977606391,0.9895416948283178,0.054367166785192,0.002206369459551915,0.05657353624474391,0.9316755328655631,0.021684159257155965,-0.0018433552254738467,0.019840804031682122,0.9895416948283178
P6_PRIORITARIAN_compromise__scenario_5,P6_PRIORITARIAN_compromise,PRIORITARIAN,compromise,5,zaf,0.0154866970148523,0.031200309651494732,0.04668700666634703,0.1699982298550336,0.9784648748380643,0.12754426167726832,0.016312482403087584,0.14385674408035592,0.9446127322071021,0.01122782801154971,0.028083730638730462,0.039311558650280166,0.9784648748380643
P6_PRIORITARIAN_compromise__scenario_5,P6_PRIORITARIAN_compromise,PRIORITARIAN,compromise,5,usa,0.013317708465785588,0.023160216565982654,0.03647792503176824,0.11313150689857922,0.9829227302831032,0.06133986681937365,0.012875699939572103,0.07421556675894575,0.9533886758573105,0.02707251023849139,0.020739379969727637,0.047811890208219035,0.9829227302831032
P6_PRIORITARIAN_compromise__scenario_5,P6_PRIORITARIAN_compromise,PRIORITARIAN,compromise,5,gbr,0.006786008111728668,0.010618054944024945,0.01740406305575361,0.04459652231256378,0.9178732316828225,0.02772693170771081,0.00566966867275487,0.033396600380465685,0.8965667561973061,0.013199963155890527,0.009581295047916922,0.022781258203807452,0.9178732316828225
P6_PRIORITARIAN_compromise__scenario_5,P6_PRIORITARIAN_compromise,PRIORITARIAN,compromise,5,fra,0.006420821808731949,0.01608230299664253,0.022503124805374475,0.05360592549263241,0.8745056519660864,0.020672627499334285,0.008731775136154184,0.029404402635488467,0.8508325530315023,0.014124243211833221,0.014461140115433712,0.028585383327266938,0.8745056519660864
P6_PRIORITARIAN_compromise__scenario_5,P6_PRIORITARIAN_compromise,PRIORITARIAN,compromise,5,rfa,0.024283140189035712,0.01101036877557886,0.03529350896461457,0.1376922662758945,0.9851966102233215,0.10493613231185002,0.006363467989318454,0.11129960030116846,0.943638656507636,0.0551152656969323,0.009861588839340683,0.06497685453627298,0.9851966102233215
P6_PRIORITARIAN_compromise__scenario_5,P6_PRIORITARIAN_compromise,PRIORITARIAN,compromise,5,pol,0.015955271996781387,0.011126066432343837,0.027081338429125225,0.10170334815294103,0.9854621836149964,0.05513475131332843,0.00686096486226874,0.06199571617559717,0.9804459885296934,0.03711959204427161,0.009894276334712836,0.04701386837898445,0.9854621836149964
P6_PRIORITARIAN_compromise__scenario_5,P6_PRIORITARIAN_compromise,PRIORITARIAN,compromise,5,chn,0.008677365993454053,0.020205894146640216,0.028883260140094267,0.08583955070371029,0.9789345214009308,0.05544435321949791,0.010873979724671483,0.06631833294416939,0.9440024581596805,0.012330706854653815,0.018165684248840557,0.03049639110349437,0.9789345214009308
P6_PRIORITARIAN_compromise__scenario_5,P6_PRIORITARIAN_compromise,PRIORITARIAN,compromise,5,rus,0.01132659796427218,-0.0014313291069914728,0.009895268857280709,0.13095990186288375,0.9888498337135828,0.058491352482732704,0.002200803011191101,0.060692155493923816,0.9483671231916219,0.0216201997304579,-0.0017017843477207001,0.019918415382737198,0.9888498337135828
P6_PRIORITARIAN_compromise__scenario_6,P6_PRIORITARIAN_compromise,PRIORITARIAN,compromise,6,zaf,0.01302734261074844,0.045835014235821946,0.058862356846570395,0.15524876327767181,0.9749639815796358,0.1070721742157877,0.020713051228224068,0.12778522544401177,0.9376567956560371,0.008498112179338662,0.027076819759768875,0.03557493193910753,0.9749639815796358
P6_PRIORITARIAN_compromise__scenario_6,P6_PRIORITARIAN_compromise,PRIORITARIAN,compromise,6,usa,0.01993077348597631,0.03528836241264641,0.055219135898622713,0.13168641047432347,0.9810799328166014,0.0738759651602773,0.016256456034898434,0.09013242119517573,0.9452603300885104,0.04549041469746563,0.01997604404986113,0.06546645874732676,0.9810799328166014
P6_PRIORITARIAN_compromise__scenario_6,P6_PRIORITARIAN_compromise,PRIORITARIAN,compromise,6,gbr,0.008071929339150356,0.016654651320713518,0.024726580659863873,0.05132283867742268,0.9157457286528957,0.02971485392915108,0.007257832175871539,0.03697268610502261,0.8905715384448408,0.01631753972564078,0.009215450769231193,0.025532990494871975,0.9157457286528957
P6_PRIORITARIAN_compromise__scenario_6,P6_PRIORITARIAN_compromise,PRIORITARIAN,compromise,6,fra,0.00775317588404096,0.02480881451709206,0.03256199040113302,0.07396902011170645,0.8692109572300757,0.02272204159761503,0.01110319650948353,0.03382523810709856,0.8519655425952479,0.017283901532265177,0.013919759981179116,0.031203661513444295,0.8692109572300757
P6_PRIORITARIAN_compromise__scenario_6,P6_PRIORITARIAN_compromise,PRIORITARIAN,compromise,6,rfa,0.028681277253874798,0.017888532601426612,0.04656980985530141,0.15308450510467736,0.9767721165858527,0.11356306243196433,0.008066951212376034,0.1216300136443404,0.9420202956347706,0.06664000843683167,0.009476548761670934,0.07611655719850259,0.9767721165858527
P6_PRIORITARIAN_compromise__scenario_6,P6_PRIORITARIAN_compromise,PRIORITARIAN,compromise,6,pol,0.020208083027832117,0.018478482334402874,0.03868656536223499,0.10921223253276231,0.9830416442992428,0.06014624605627671,0.008619912620991118,0.06876615867726785,0.9749606585466093,0.04786256291905826,0.009503617297568927,0.05736618021662719,0.9830416442992428
P6_PRIORITARIAN_compromise__scenario_6,P6_PRIORITARIAN_compromise,PRIORITARIAN,compromise,6,chn,0.009661233361631761,0.030663800113096152,0.04032503347472791,0.09386339756982377,0.975839381078723,0.05687830482000127,0.013809727726730218,0.07068803254673152,0.9355924281715949,0.014488980446043524,0.01749583439448822,0.03198481484053174,0.975839381078723
P6_PRIORITARIAN_compromise__scenario_6,P6_PRIORITARIAN_compromise,PRIORITARIAN,compromise,6,rus,0.01217459593039604,0.0018249375926123158,0.013999533523008355,0.14742213520516054,0.9805196485533745,0.059921300127994646,0.0023538082787128213,0.06227510840670746,0.9461556843939875,0.023349204289454785,-0.0016948257792175321,0.021654378510237254,0.9805196485533745
P6_PRIORITARIAN_compromise__scenario_7,P6_PRIORITARIAN_compromise,PRIORITARIAN,compromise,7,zaf,0.01296795316844427,0.05649009284170703,0.06945804601015129,0.15528160774165606,0.971869223101884,0.10716420230661375,0.021002886199679167,0.1281670885062929,0.9377812001111745,0.008418381377965687,0.041355190991893456,0.04977357236985914,0.971869223101884
P6_PRIORITARIAN_compromise__scenario_7,P6_PRIORITARIAN_compromise,PRIORITARIAN,compromise,7,usa,0.019797849180594036,0.04417380184417289,0.06397165102476693,0.1354211259393987,0.9784443248481213,0.07388657541815111,0.01648004471468723,0.09036662013283833,0.9452732268375735,0.045167591616522944,0.03131503119929331,0.07648262281581623,0.9784443248481213
P6_PRIORITARIAN_compromise__scenario_7,P6_PRIORITARIAN_compromise,PRIORITARIAN,compromise,7,gbr,0.0080516713259863,0.02109523704182476,0.029146908367811065,0.05632052874633543,0.9144796710584564,0.02971983550379211,0.007363017776070725,0.03708285327986285,0.8906040189007484,0.016273681474706994,0.014709047243150393,0.030982728717857382,0.9144796710584564
P6_PRIORITARIAN_compromise__scenario_7,P6_PRIORITARIAN_compromise,PRIORITARIAN,compromise,7,fra,0.007700984777641591,0.031213504437751942,0.038914489215393526,0.08092355882162977,0.8658067448070208,0.022729057371388302,0.011260111437928122,0.03398916880931642,0.8520395811643203,0.017115028209906392,0.02198404022514983,0.03909906843505622,0.8658067448070208
P6_PRIORITARIAN_compromise__scenario_7,P6_PRIORITARIAN_compromise,PRIORITARIAN,compromise,7,rfa,0.028114907671728223,0.022971504284723627,0.05108641195645185,0.15616303571734144,0.9695947088462467,0.11376239923744297,0.008180233438027538,0.12194263267547051,0.9424574808765577,0.06479246746788485,0.015530045741652796,0.08032251320953764,0.9695947088462467
P6_PRIORITARIAN_compromise__scenario_7,P6_PRIORITARIAN_compromise,PRIORITARIAN,compromise,7,pol,0.02016469006574388,0.023926445532141596,0.044091135597885474,0.11498727048687017,0.9818001119222243,0.06011440842556441,0.008737217843378935,0.06885162626894334,0.9748267789263406,0.04772548638179067,0.015847558484978427,0.0635730448667691,0.9818001119222243
P6_PRIORITARIAN_compromise__scenario_7,P6_PRIORITARIAN_compromise,PRIORITARIAN,compromise,7,chn,0.009617110152923679,0.038320115592382985,0.047937225745306664,0.0966751103295224,0.974212192210272,0.056936414314051116,0.014003704727811463,0.07094011904186258,0.9357842246005045,0.014430050771255734,0.02732545071661514,0.041755501487870876,0.974212192210272
P6_PRIORITARIAN_compromise__scenario_7,P6_PRIORITARIAN_compromise,PRIORITARIAN,compromise,7,rus,0.011958367470033607,0.004380554519212784,0.016338921989246392,0.15466627126286073,0.9736597917353194,0.0600066834918378,0.002366920950148623,0.06237360444198644,0.9465103193531466,0.022702013614789067,-9.818877051799288e-05,0.02260382484427107,0.9736597917353194
P7_PRIORITARIAN_compromise__scenario_0,P7_PRIORITARIAN_compromise,PRIORITARIAN,compromise,0,zaf,0.009067963286235145,0.018502633342694245,0.02757059662892939,0.1225831687509691,0.9808048145650201,0.09240249305294147,0.013905416439056318,0.10630790949199781,0.9653174180726158,0.004189409170982791,0.015551247237071856,0.01974065640805465,0.9808048145650201
P7_PRIORITARIAN_compromise__scenario_0,P7_PRIORITARIAN_compromise,PRIORITARIAN,compromise,0,usa,0.007772104908699035,0.013206338512540642,0.020978443421239678,0.09217981103214003,0.9848693258247716,0.046627155867953345,0.01106646944302583,0.057693625310979164,0.9610740585283392,0.01288910562529017,0.01110482777752258,0.02399393340281275,0.9848693258247716
P7_PRIORITARIAN_compromise__scenario_0,P7_PRIORITARIAN_compromise,PRIORITARIAN,compromise,0,gbr,0.004633524428828003,0.005829381495387661,0.010462905924215664,0.03874928072166672,0.9198022872308181,0.0236714352622371,0.004822687598840986,0.028494122861078084,0.9059842370840692,0.008174791708504445,0.004995062066659098,0.013169853775163543,0.9198022872308181
P7_PRIORITARIAN_compromise__scenario_0,P7_PRIORITARIAN_compromise,PRIORITARIAN,compromise,0,fra,0.004346565903277888,0.009023542843033406,0.013370108746311296,0.0449466437331822,0.8775709914095865,0.018216984037200335,0.007463219376671655,0.02568020341387199,0.868345816270153,0.008897835642076003,0.007657818416148095,0.016555654058224102,0.8775709914095865
P7_PRIORITARIAN_compromise__scenario_0,P7_PRIORITARIAN_compromise,PRIORITARIAN,compromise,0,rfa,0.017770763961884175,0.005795525118678876,0.02356628908056305,0.1313530820691097,0.9900338638544125,0.09949488091822715,0.005476046221461564,0.10497092713968871,0.9775605435072321,0.03496758598239446,0.004954384437077109,0.03992197041947156,0.9900338638544125
P7_PRIORITARIAN_compromise__scenario_0,P7_PRIORITARIAN_compromise,PRIORITARIAN,compromise,0,pol,0.006215147840626604,0.005703627988514311,0.011918775829140913,0.07499104770637574,0.9871419966666403,0.03443305731985493,0.005960254910830515,0.04039331223068546,0.9829717191302466,0.011677758516877612,0.004848253696924328,0.016526012213801938,0.9871419966666403
P7_PRIORITARIAN_compromise__scenario_0,P7_PRIORITARIAN_compromise,PRIORITARIAN,compromise,0,chn,0.0038524815746359556,0.011558336687172386,0.01541081826180834,0.06167320345498889,0.9820888008276744,0.0331529264933697,0.009292809002880518,0.04244573549625022,0.9573013794887516,0.003271794563766369,0.009768149330110176,0.013039943893876547,0.9820888008276744
P7_PRIORITARIAN_compromise__scenario_0,P7_PRIORITARIAN_compromise,PRIORITARIAN,compromise,0,rus,0.008858700001822888,-0.002395482513666161,0.006463217488156726,0.13639916901794633,0.9837009678959859,0.055649659920859205,0.002250531562743555,0.05790019148360274,0.9702104594291655,0.015084495671762066,-0.002082495009837938,0.013002000661924131,0.9837009678959859
P7_PRIORITARIAN_compromise__scenario_1,P7_PRIORITARIAN_compromise,PRIORITARIAN,compromise,1,zaf,0.009063842778024193,0.018571381240023152,0.027635224018047345,0.12222041801643149,0.9809191421124428,0.09169046159730103,0.014062695387977652,0.10575315698527868,0.9637195471356751,0.004192371522703426,0.015843155635112717,0.020035527157816143,0.9809191421124428
P7_PRIORITARIAN_compromise__scenario_1,P7_PRIORITARIAN_compromise,PRIORITARIAN,compromise,1,usa,0.007759121567807815,0.013256945580570906,0.021016067148378722,0.09180469225060957,0.9845271799365423,0.04630635019561828,0.011170456441290357,0.05747680663690865,0.9594247118099737,0.012871723628388336,0.011325628396685024,0.02419735202507336,0.9845271799365423
P7_PRIORITARIAN_compromise__scenario_1,P7_PRIORITARIAN_compromise,PRIORITARIAN,compromise,1,gbr,0.004631425425154213,0.0058527847549247345,0.010484210180078947,0.038621254542677716,0.9197798043666855,0.023561033799338715,0.004874005013091529,0.028435038812430247,0.9047012743258838,0.008174480805089047,0.005098350729501465,0.013272831534590513,0.9197798043666855
P7_PRIORITARIAN_compromise__scenario_1,P7_PRIORITARIAN_compromise,PRIORITARIAN,compromise,1,fra,0.004346270229621137,0.009058848880015674,0.013405119109636812,0.04481089224111624,0.8777156366234448,0.01816491556798363,0.0075387268225084025,0.02570364239049203,0.8675871220342272,0.0089031784942577,0.007812510543138371,0.01671568903739607,0.8777156366234448
P7_PRIORITARIAN_compromise__scenario_1,P7_PRIORITARIAN_compromise,PRIORITARIAN,compromise,1,rfa,0.017758533763654282,0.0058195043367516635,0.023578038100405943,0.13138652706501208,0.9898748745208771,0.09910012426121924,0.005521312485273322,0.10462143674649256,0.9766474118784435,0.034945465581676265,0.005063391288463508,0.04000885687013978,0.9898748745208771
P7_PRIORITARIAN_compromise__scenario_1,P7_PRIORITARIAN_compromise,PRIORITARIAN,compromise,1,pol,0.0062134063841217235,0.005727571693094336,0.011940978077216061,0.07482487605385599,0.9870845888600998,0.03438238587133046,0.005999006146607285,0.04038139201793775,0.9826033935297462,0.011675505823870528,0.004959503954917785,0.016635009778788314,0.9870845888600998
P7_PRIORITARIAN_compromise__scenario_1,P7_PRIORITARIAN_compromise,PRIORITARIAN,compromise,1,chn,0.0038462460763968296,0.011602721203280016,0.015448967279676845,0.0613844444746068,0.9818912505277282,0.03286237240472901,0.009389367254309578,0.042251739659038584,0.9553651491451337,0.003269098602410851,0.009960654718997347,0.013229753321408196,0.9818912505277282
P7_PRIORITARIAN_compromise__scenario_1,P7_PRIORITARIAN_compromise,PRIORITARIAN,compromise,1,rus,0.00885614338159664,-0.002400596171766224,0.006455547209830416,0.13611150187150214,0.9838037642043838,0.0553200213537434,0.0021955296789298935,0.05751555103267328,0.968818171936869,0.015091489392244799,-0.0020839408608777244,0.013007548531367074,0.9838037642043838
P7_PRIORITARIAN_compromise__scenario_2,P7_PRIORITARIAN_compromise,PRIORITARIAN,compromise,2,zaf,0.011278916069827803,0.035137512584527304,0.046416428654355114,0.13703743909411711,0.9813893594533117,0.10204802110468487,0.016022569790637778,0.11807059089532264,0.9576869347750101,0.006424143351790202,0.024185337658159403,0.030609481009949605,0.9813893594533117
P7_PRIORITARIAN_compromise__scenario_2,P7_PRIORITARIAN_compromise,PRIORITARIAN,compromise,2,usa,0.01759575095635283,0.026420724908717306,0.04401647586507014,0.12375855168750197,0.9842494492956402,0.0712997523638072,0.012655809439552706,0.08395556180335989,0.9532815560123747,0.03885471417933136,0.017718545276478332,0.05657325945580968,0.9842494492956402
P7_PRIORITARIAN_compromise__scenario_2,P7_PRIORITARIAN_compromise,PRIORITARIAN,compromise,2,gbr,0.005133765609967399,0.012239497799047889,0.017373263409015287,0.03939654964882125,0.9192662294902428,0.02301285349446519,0.005567317700703717,0.028580171195168914,0.8997516246165337,0.00871890852621641,0.008134066925547032,0.016852975451763445,0.9192662294902428
P7_PRIORITARIAN_compromise__scenario_2,P7_PRIORITARIAN_compromise,PRIORITARIAN,compromise,2,fra,0.0047125251672112435,0.018427377869906218,0.023139903037117462,0.05807318961811925,0.878295080926282,0.017859711834760674,0.008578121345233385,0.026437833179994066,0.8650652301228903,0.00915946181057118,0.012322026935535765,0.021481488746106944,0.878295080926282
P7_PRIORITARIAN_compromise__scenario_2,P7_PRIORITARIAN_compromise,PRIORITARIAN,compromise,2,rfa,0.018206499747225182,0.012856761161865151,0.03106326090909033,0.13265629645807456,0.9920883851065437,0.09640405989102091,0.006255002489637684,0.10265906238065861,0.9726674595095088,0.0356588559931541,0.008302275646621338,0.04396113163977544,0.9920883851065437
P7_PRIORITARIAN_compromise__scenario_2,P7_PRIORITARIAN_compromise,PRIORITARIAN,compromise,2,pol,0.011093860881242968,0.013099081437106815,0.024192942318349786,0.08999464665033943,0.9855626146236642,0.045684159970970126,0.006749782720675585,0.0524339426916457,0.9802869097674362,0.023772733700145845,0.008284158871124929,0.03205689257127078,0.9855626146236642
P7_PRIORITARIAN_compromise__scenario_2,P7_PRIORITARIAN_compromise,PRIORITARIAN,compromise,2,chn,0.0117523376919277,0.023017373001739044,0.03476971069366675,0.10265564041181609,0.9806826770434743,0.06820284154935023,0.010682712255125317,0.07888555380447554,0.948334829979422,0.019144560261531766,0.015534628296562087,0.034679188558093856,0.9806826770434743
P7_PRIORITARIAN_compromise__scenario_2,P7_PRIORITARIAN_compromise,PRIORITARIAN,compromise,2,rus,0.01691658187373515,-0.0005665895049989136,0.016349992368736237,0.1667705668141246,0.9849184204883996,0.07709044206420647,0.0021992520288196733,0.07928969409302615,0.963434222878881,0.03552909960899708,-0.0018927948421459785,0.0336363047668511,0.9849184204883996
P7_PRIORITARIAN_compromise__scenario_3,P7_PRIORITARIAN_compromise,PRIORITARIAN,compromise,3,zaf,0.015676015680887587,0.044002364096727746,0.05967837977761533,0.1673716911044356,0.9814033963836574,0.12818815587192003,0.01578340284828097,0.14397155872020098,0.9561571470460886,0.011052384376621342,0.03164699789439426,0.0426993822710156,0.9814033963836574
P7_PRIORITARIAN_compromise__scenario_3,P7_PRIORITARIAN_compromise,PRIORITARIAN,compromise,3,usa,0.024362602744048552,0.03367083037237547,0.05803343311642401,0.13808700113126537,0.9825397954790811,0.08330261440780827,0.012464487768952025,0.0957671021767603,0.952356965370419,0.05697651369139037,0.023547387283948555,0.08052390097533893,0.9825397954790811
P7_PRIORITARIAN_compromise__scenario_3,P7_PRIORITARIAN_compromise,PRIORITARIAN,compromise,3,gbr,0.008888571733736188,0.01581766407213678,0.024706235805872973,0.04839802287256204,0.9198066648243614,0.031194638141876264,0.0054793481596977145,0.03667398630157397,0.8988574957282983,0.01756523342480431,0.010926937170180064,0.02849217059498438,0.9198066648243614
P7_PRIORITARIAN_compromise__scenario_3,P7_PRIORITARIAN_compromise,PRIORITARIAN,compromise,3,fra,0.00857956510508119,0.023624675896344947,0.03220424100142613,0.06671716155713746,0.8782086569100022,0.024148280394021848,0.008445686014681823,0.03259396640870367,0.8640121378951642,0.018596964462195817,0.016447911449766296,0.035044875911962106,0.8782086569100022
P7_PRIORITARIAN_compromise__scenario_3,P7_PRIORITARIAN_compromise,PRIORITARIAN,compromise,3,rfa,0.03214559966483114,0.016893117527648063,0.04903871719247921,0.17322396465703715,0.9919851890094938,0.1303770918065661,0.006156020469071126,0.13653311227563722,0.9707485992631756,0.07414306304206189,0.011336876358145155,0.08547993940020705,0.9919851890094938
P7_PRIORITARIAN_compromise__scenario_3,P7_PRIORITARIAN_compromise,PRIORITARIAN,compromise,3,pol,0.021062570470924566,0.017388218941148188,0.03845078941207275,0.10960232358337217,0.9856005190548426,0.061764668676461666,0.006643684461457736,0.0684083531379194,0.9799814486995982,0.04899614421972129,0.011437327407729429,0.06043347162745071,0.9856005190548426
P7_PRIORITARIAN_compromise__scenario_3,P7_PRIORITARIAN_compromise,PRIORITARIAN,compromise,3,chn,0.02165960440223298,0.029278715774810015,0.05093832017704299,0.13581705995812945,0.9808620657429455,0.09671340197192212,0.010519844751164074,0.10723324672308618,0.9470187112571108,0.0440924688590745,0.02059800394770772,0.06469047280678224,0.9808620657429455
P7_PRIORITARIAN_compromise__scenario_3,P7_PRIORITARIAN_compromise,PRIORITARIAN,compromise,3,rus,0.02745904428510604,0.001084032466794434,0.028543076751900476,0.19277904141722524,0.9843293393203006,0.09751786915185014,0.002162800168631423,0.09968066932048157,0.9617752776655802,0.06304777770790833,-0.0013631443789781025,0.06168463332893023,0.9843293393203006
P7_PRIORITARIAN_compromise__scenario_4,P7_PRIORITARIAN_compromise,PRIORITARIAN,compromise,4,zaf,0.01608496513650174,0.02909895214547802,0.04518391728197976,0.17371577139051672,0.9812206179548078,0.13654950473777766,0.014947944340781616,0.15149744907855928,0.9587377661538207,0.011369910888628492,0.025196707848079695,0.03656661873670818,0.9812206179548078
P7_PRIORITARIAN_compromise__scenario_4,P7_PRIORITARIAN_compromise,PRIORITARIAN,compromise,4,usa,0.013337499945146821,0.021501918831161156,0.03483941877630798,0.11169029539436837,0.9830983326019482,0.061642592902257286,0.011840965815536902,0.0734835587177942,0.9545894205982891,0.027067213498912043,0.01850042115897229,0.04556763465788432,0.9830983326019482
P7_PRIORITARIAN_compromise__scenario_4,P7_PRIORITARIAN_compromise,PRIORITARIAN,compromise,4,gbr,0.006855283294659322,0.009817306061684933,0.016672589356344254,0.04447114701219755,0.9200447453702364,0.028163921946231907,0.005185748795224069,0.03334967074145598,0.9008152324011502,0.013301210788370876,0.008506004983230548,0.021807215771601426,0.9200447453702364
P7_PRIORITARIAN_compromise__scenario_4,P7_PRIORITARIAN_compromise,PRIORITARIAN,compromise,4,fra,0.00659332545815495,0.014904542325512244,0.02149786778366719,0.05219135000030878,0.8784925528997365,0.021813907938914693,0.008007019385068244,0.029820927323982938,0.8655824858630835,0.014331056915524198,0.012873774575617825,0.027204831491142018,0.8784925528997365
P7_PRIORITARIAN_compromise__scenario_4,P7_PRIORITARIAN_compromise,PRIORITARIAN,compromise,4,rfa,0.025740808480449094,0.010133206317179599,0.035874014797628695,0.15663831919087526,0.9919860011927741,0.11829204198064479,0.005851291697741779,0.12414333367838655,0.9731845533631012,0.05681953125069105,0.008702734091295366,0.06552226534198642,0.9919860011927741
P7_PRIORITARIAN_compromise__scenario_4,P7_PRIORITARIAN_compromise,PRIORITARIAN,compromise,4,pol,0.015996910173555274,0.01021057037746556,0.026207480551020828,0.10023920773442155,0.9862690411303002,0.05528567390815967,0.006336985668459442,0.06162265957661912,0.9811621049504099,0.03722227594836183,0.008697964021352101,0.04592023996971394,0.9862690411303002
P7_PRIORITARIAN_compromise__scenario_4,P7_PRIORITARIAN_compromise,PRIORITARIAN,compromise,4,chn,0.00883055553903531,0.01876677412094872,0.02759732965998403,0.08903413212111859,0.9814205124989471,0.05691003711229884,0.009972651993898329,0.06688268910619719,0.9496497078519266,0.012463588870087122,0.016214702604654838,0.028678291474741966,0.9814205124989471
P7_PRIORITARIAN_compromise__scenario_4,P7_PRIORITARIAN_compromise,PRIORITARIAN,compromise,4,rus,0.011489555257711302,-0.0016259764700527958,0.009863578787658507,0.15027491963462072,0.9841518143950988,0.0621334749811235,0.0021975818588033788,0.06433105683992688,0.9643164574826406,0.021170660535243465,-0.0018458535794263914,0.01932480695581707,0.9841518143950988
P7_PRIORITARIAN_compromise__scenario_5,P7_PRIORITARIAN_compromise,PRIORITARIAN,compromise,5,zaf,0.01603484582275791,0.031091981670040125,0.04712682749279802,0.1752119518298233,0.9810290966894498,0.13461437233430446,0.016279267308640225,0.15089363964294472,0.9556468079764322,0.011373249850685005,0.027985042171348107,0.039358292022033114,0.9810290966894498
P7_PRIORITARIAN_compromise__scenario_5,P7_PRIORITARIAN_compromise,PRIORITARIAN,compromise,5,usa,0.01331144698565732,0.02307481613836503,0.03638626312402235,0.11303641274801954,0.98369470051419,0.0609032618238223,0.012848814450731404,0.07375207627455373,0.9516267673729865,0.027160595390364146,0.020663039648510195,0.04782363503887434,0.98369470051419
P7_PRIORITARIAN_compromise__scenario_5,P7_PRIORITARIAN_compromise,PRIORITARIAN,compromise,5,gbr,0.006830198404131705,0.010576852855713853,0.017407051259845558,0.045112279592833635,0.9189442484600928,0.02791540460537732,0.005657508583936497,0.03357291318931382,0.8983339472251097,0.013252973813509213,0.00954488925030027,0.022797863063809484,0.9189442484600928
P7_PRIORITARIAN_compromise__scenario_5,P7_PRIORITARIAN_compromise,PRIORITARIAN,compromise,5,fra,0.006578585000574087,0.0160216716584038,0.02260025665897789,0.05356707546066824,0.878296237561631,0.021685264782907214,0.00871332750548481,0.030398592288392028,0.8639389619019812,0.014329935816177778,0.014407201876184331,0.028737137692362115,0.878296237561631
P7_PRIORITARIAN_compromise__scenario_5,P7_PRIORITARIAN_compromise,PRIORITARIAN,compromise,5,rfa,0.025663249015794132,0.010965279418307753,0.03662852843410188,0.15833574384800536,0.9923918281958823,0.11712005266269898,0.006349563910944655,0.12346961657364361,0.9706939814360123,0.05694357909989715,0.009822399602968048,0.06676597870286519,0.9923918281958823
P7_PRIORITARIAN_compromise__scenario_5,P7_PRIORITARIAN_compromise,PRIORITARIAN,compromise,5,pol,0.0159237991351518,0.011079034408279703,0.027002833543431505,0.10147951029975733,0.9849461188663255,0.05495856242958041,0.006845855245826861,0.061804417675407265,0.9796333516980812,0.037041643143311244,0.009853806934271061,0.0468954500775823,0.9849461188663255
P7_PRIORITARIAN_compromise__scenario_5,P7_PRIORITARIAN_compromise,PRIORITARIAN,compromise,5,chn,0.008794119216962333,0.020131772329492155,0.02892589154645449,0.08992769700535862,0.9811890350673014,0.056067653756950095,0.01085128798449623,0.06691894174144632,0.946280265610192,0.01246032932298322,0.018099244512498034,0.030559573835481253,0.9811890350673014
P7_PRIORITARIAN_compromise__scenario_5,P7_PRIORITARIAN_compromise,PRIORITARIAN,compromise,5,rus,0.011477646726853148,-0.0014410222793985808,0.010036624447454569,0.15176568849795008,0.9847926995353605,0.061389629917891965,0.002194414353996145,0.0635840442718881,0.9614091369233939,0.021232476114875498,-0.0017062870402551203,0.019526189074620375,0.9847926995353605
P7_PRIORITARIAN_compromise__scenario_6,P7_PRIORITARIAN_compromise,PRIORITARIAN,compromise,6,zaf,0.013454775824750225,0.045372405452928276,0.05882718127767851,0.1581849210678266,0.9799030543708922,0.11210897501537041,0.020676841897693796,0.1327858169130642,0.9468506934686841,0.008706610422842246,0.026860531983751164,0.035567142406593415,0.9799030543708922
P7_PRIORITARIAN_compromise__scenario_6,P7_PRIORITARIAN_compromise,PRIORITARIAN,compromise,6,usa,0.019856850076051123,0.034894325206084764,0.05475117528213589,0.13113095914458073,0.9801283298654793,0.07318048358582212,0.01622826342885065,0.08940874701467277,0.9429825014556549,0.0453036054761277,0.019807250990455005,0.0651108564665827,0.9801283298654793
P7_PRIORITARIAN_compromise__scenario_6,P7_PRIORITARIAN_compromise,PRIORITARIAN,compromise,6,gbr,0.008128156193428045,0.016454927192658845,0.02458308338608689,0.04907154000630528,0.9178749731844732,0.029769630103680726,0.007244631009795028,0.03701426111347574,0.8910252642676176,0.016446451602459108,0.009134097570219647,0.02558054917267875,0.9178749731844732
P7_PRIORITARIAN_compromise__scenario_6,P7_PRIORITARIAN_compromise,PRIORITARIAN,compromise,6,fra,0.007995967520109504,0.024523003436840156,0.03251897095694967,0.07146531778819457,0.8771509255662929,0.023402226778505942,0.011083468409985291,0.03448569518849123,0.8599038661750532,0.01780643648906867,0.013799922639519622,0.03160635912858829,0.8771509255662929
P7_PRIORITARIAN_compromise__scenario_6,P7_PRIORITARIAN_compromise,PRIORITARIAN,compromise,6,rfa,0.030620570473451205,0.017656436720069866,0.04827700719352107,0.17296358649744764,0.9906314748730284,0.12413189814815653,0.008052577607459331,0.13218447575561587,0.9627000019054347,0.07086800417517516,0.009388335644186717,0.08025633981936185,0.9906314748730284
P7_PRIORITARIAN_compromise__scenario_6,P7_PRIORITARIAN_compromise,PRIORITARIAN,compromise,6,pol,0.020176867909211256,0.018227567904189168,0.038404435813400424,0.10909063431394464,0.9825466624831759,0.06010456590853854,0.00860489732733226,0.06870946323587081,0.9747853982053367,0.04776422195564843,0.009412193688503778,0.05717641564415222,0.9825466624831759
P7_PRIORITARIAN_compromise__scenario_6,P7_PRIORITARIAN_compromise,PRIORITARIAN,compromise,6,chn,0.009774986829813892,0.030325024283542945,0.040100011113356836,0.09495402853337558,0.9790051611938089,0.05717977139681936,0.013785378103576934,0.0709651495003963,0.93667300478452,0.014700858813969781,0.017348916142117157,0.032049774956086935,0.9790051611938089
P7_PRIORITARIAN_compromise__scenario_6,P7_PRIORITARIAN_compromise,PRIORITARIAN,compromise,6,rus,0.012407185485418666,0.0016855174206806094,0.014092702906099276,0.1521763177252426,0.98301375067592,0.06157461282194217,0.0023512132345162697,0.06392582605645843,0.9531359021929122,0.023567738689388447,-0.0017093008774529067,0.021858437811935544,0.98301375067592
P7_PRIORITARIAN_compromise__scenario_7,P7_PRIORITARIAN_compromise,PRIORITARIAN,compromise,7,zaf,0.01348256945420452,0.05572388218507088,0.06920645163927541,0.15906734986615267,0.9801994814489028,0.11210666851869723,0.020966623610440112,0.13307329212913735,0.9468095728327973,0.008763893592935461,0.041028270492345614,0.049792164085281074,0.9801994814489028
P7_PRIORITARIAN_compromise__scenario_7,P7_PRIORITARIAN_compromise,PRIORITARIAN,compromise,7,usa,0.019746419068627983,0.04350781620828624,0.06325423527691422,0.13486236863792955,0.9779537453970142,0.07319003187272717,0.016451689120457542,0.08964172099318472,0.9429909043650243,0.04506936176605185,0.03104977408935427,0.07611913585540611,0.9779537453970142
P7_PRIORITARIAN_compromise__scenario_7,P7_PRIORITARIAN_compromise,PRIORITARIAN,compromise,7,gbr,0.008116934505074582,0.020753528032337726,0.02887046253741231,0.05351182301032548,0.9170851930439909,0.029770072424134004,0.0073497616316601615,0.03711983405579416,0.8910155069970875,0.016429827121082822,0.014578813009298119,0.03100864013038095,0.9170851930439909
P7_PRIORITARIAN_compromise__scenario_7,P7_PRIORITARIAN_compromise,PRIORITARIAN,compromise,7,fra,0.008005727306539187,0.030727800958786956,0.03873352826532614,0.07901789253961868,0.8768256034916789,0.023400398810292555,0.011240290396006797,0.034640689206299355,0.8598792402730917,0.017832826214426088,0.021794326554776262,0.03962715276920235,0.8768256034916789
P7_PRIORITARIAN_compromise__scenario_7,P7_PRIORITARIAN_compromise,PRIORITARIAN,compromise,7,rfa,0.03065669785843118,0.02256906063466461,0.0532257584930958,0.17548690627666141,0.9906568582270905,0.1240635793058495,0.0081657289462151,0.13222930825206458,0.9625382711260946,0.07101520219147565,0.0153839620004422,0.08639916419191788,0.9906568582270905
P7_PRIORITARIAN_compromise__scenario_7,P7_PRIORITARIAN_compromise,PRIORITARIAN,compromise,7,pol,0.02016737761087288,0.023488076628786013,0.04365545423965889,0.11471029236805187,0.9818621361273983,0.060080837997617695,0.008722007911731841,0.06880284590934954,0.9746867880790935,0.047735100845398136,0.015692817770371823,0.06342791861576995,0.9818621361273983
P7_PRIORITARIAN_compromise__scenario_7,P7_PRIORITARIAN_compromise,PRIORITARIAN,compromise,7,chn,0.009716858151926413,0.037748809243933756,0.04746566739586016,0.09740595048813509,0.977009423146185,0.05719465933780572,0.013979260978727462,0.0711739203165332,0.9366925095550208,0.01461567434765421,0.027096181809862077,0.04171185615751629,0.977009423146185
P7_PRIORITARIAN_compromise__scenario_7,P7_PRIORITARIAN_compromise,PRIORITARIAN,compromise,7,rus,0.012440496664640022,0.004105213022905699,0.01654570968754572,0.1591680544791633,0.9835713734854126,0.06156199712137857,0.002363879418475607,0.06392587653985418,0.9530572671212237,0.02363437203890789,-0.00015310142084753715,0.02348127061806036,0.9835713734854126
P8_PRIORITARIAN_compromise__scenario_0,P8_PRIORITARIAN_compromise,PRIORITARIAN,compromise,0,zaf,0.0003592366001283902,0.018172654575627396,0.01853189117575579,0.06097312295397312,0.5611465446392713,0.002762194653805951,0.013848050466068074,0.016610245119874023,0.3790495965109493,0.0002260721779658129,0.015464706497648048,0.015690778675613856,0.5084535408334511
P8_PRIORITARIAN_compromise__scenario_0,P8_PRIORITARIAN_compromise,PRIORITARIAN,compromise,0,usa,0.008237466005191567,0.012951743360943886,0.02118920936613545,0.097044064924736,0.9991140315486537,0.053520463696482216,0.011022810457696633,0.06454327415417885,0.9941634930072395,0.013685725829165605,0.011039974231880412,0.02472570006104602,0.999048997324685
P8_PRIORITARIAN_compromise__scenario_0,P8_PRIORITARIAN_compromise,PRIORITARIAN,compromise,0,gbr,0.005804173760487958,0.0057078709168028605,0.011512044677290818,0.04554300943981804,0.9897326703524124,0.03156512809519809,0.00480230432694878,0.03636743242214688,0.9846004501474065,0.010563352331786404,0.004964580269665906,0.01552793260145231,0.9895739905450891
P8_PRIORITARIAN_compromise__scenario_0,P8_PRIORITARIAN_compromise,PRIORITARIAN,compromise,0,fra,0.006195735606188051,0.008843552264897032,0.015039287871085083,0.053501037481910686,0.9821898088627976,0.026909429896371184,0.0074326704254503145,0.0343421003218215,0.9727358386105216,0.013161663533815203,0.007612236432125927,0.02077389996594113,0.9821898088627976
P8_PRIORITARIAN_compromise__scenario_0,P8_PRIORITARIAN_compromise,PRIORITARIAN,compromise,0,rfa,0.016150733189082785,0.005665160438697323,0.021815893627780105,0.12045263635457797,0.9667296733386166,0.08979950755300165,0.00545438600843527,0.0952538935614369,0.9548699534367068,0.03147792727734431,0.0049226239732114985,0.03640055125055581,0.9667296733386166
P8_PRIORITARIAN_compromise__scenario_0,P8_PRIORITARIAN_compromise,PRIORITARIAN,compromise,0,pol,0.005336132191895683,0.00556937026330989,0.010905502455205574,0.06807981877721685,0.9491354198489815,0.028075213358688903,0.005938018334288141,0.03401323169297705,0.9323184391515333,0.009947949333417682,0.004816166175247187,0.014764115508664872,0.9475734987410771
P8_PRIORITARIAN_compromise__scenario_0,P8_PRIORITARIAN_compromise,PRIORITARIAN,compromise,0,chn,0.004113730481605269,0.01133649605343008,0.015450226535035349,0.06504514989399843,0.9967727623069853,0.03887925490467552,0.00925484034411556,0.04813409524879108,0.9924256576748479,0.0035003992018013083,0.009711326173883254,0.013211725375684567,0.9967539671740255
P8_PRIORITARIAN_compromise__scenario_0,P8_PRIORITARIAN_compromise,PRIORITARIAN,compromise,0,rus,0.007274270950185495,-0.0024075104425587707,0.004866760507626725,0.12313861553028634,0.9353260386339242,0.04517483989708936,0.0022498719242726147,0.04742471182136199,0.924598913773116,0.012066869940764339,-0.00207961576598817,0.009987254174776168,0.9344227132231635
P8_PRIORITARIAN_compromise__scenario_1,P8_PRIORITARIAN_compromise,PRIORITARIAN,compromise,1,zaf,0.0003351368161201305,0.018248694670387835,0.01858383148650796,0.06057095758183946,0.5622850131057471,0.0023473421373139424,0.014006430519898954,0.016353772657212898,0.35468359396730237,0.0002350372747031152,0.015763492916284996,0.01599853019098811,0.5137091966816568
P8_PRIORITARIAN_compromise__scenario_1,P8_PRIORITARIAN_compromise,PRIORITARIAN,compromise,1,usa,0.008236656070300474,0.01300815432060585,0.02124481039090632,0.09679668538966166,0.9991122522265636,0.05342352030243766,0.011127732384355877,0.06455125268679354,0.993732892315557,0.013687475741908891,0.011266137548158296,0.02495361329006718,0.9990564800243713
P8_PRIORITARIAN_compromise__scenario_1,P8_PRIORITARIAN_compromise,PRIORITARIAN,compromise,1,gbr,0.0058025046873839345,0.005734090404247925,0.011536595091631859,0.045456652352201886,0.9897175017680933,0.031500916871278636,0.0048540300582946335,0.03635494692957327,0.9840347862093421,0.010561806566494154,0.005070450210925359,0.01563225677741951,0.9895213616951156
P8_PRIORITARIAN_compromise__scenario_1,P8_PRIORITARIAN_compromise,PRIORITARIAN,compromise,1,fra,0.006190886816459372,0.008882988000583375,0.01507387481704275,0.05338665626334246,0.9819862116663582,0.026842830417461726,0.00750880654881285,0.03435163696627457,0.9720605572609241,0.013151837622284383,0.007770732924088545,0.020922570546372924,0.981971133956732
P8_PRIORITARIAN_compromise__scenario_1,P8_PRIORITARIAN_compromise,PRIORITARIAN,compromise,1,rfa,0.016126875681576548,0.0056922506948789454,0.02181912637645549,0.12052109843868167,0.9664657631770074,0.08951855273050066,0.00550014702168873,0.09501869975218938,0.9541773769344153,0.031430174750732155,0.0050344300398728085,0.036464604790604954,0.9663906532370646
P8_PRIORITARIAN_compromise__scenario_1,P8_PRIORITARIAN_compromise,PRIORITARIAN,compromise,1,pol,0.005331869213981945,0.005596577723902284,0.010928446937884228,0.06794509959707111,0.9489565562518706,0.027959037722339725,0.005977329912650593,0.03393636763499032,0.9313062514964894,0.009945605005973548,0.004930317228928502,0.014875922234902054,0.9475104820404656
P8_PRIORITARIAN_compromise__scenario_1,P8_PRIORITARIAN_compromise,PRIORITARIAN,compromise,1,chn,0.0041130030909327315,0.011385909240406005,0.015498912331338736,0.06486539201785983,0.9967746836679702,0.03879536338410259,0.009352167365961906,0.0481475307500645,0.9919541754794018,0.003500578686441162,0.009908497677243997,0.013409076363685159,0.9967468636547141
P8_PRIORITARIAN_compromise__scenario_1,P8_PRIORITARIAN_compromise,PRIORITARIAN,compromise,1,rus,0.007266762795932535,-0.002411763790065003,0.00485499900586753,0.12293541495507222,0.9351624197382704,0.04501518286391289,0.0021952546823234714,0.04721043754623637,0.9238235784774275,0.012060280377747427,-0.0020806049964185998,0.009979675381328825,0.9343066078699696
P8_PRIORITARIAN_compromise__scenario_2,P8_PRIORITARIAN_compromise,PRIORITARIAN,compromise,2,zaf,0.00035708117246329807,0.03475813193708152,0.035115213109544824,0.0929150465622146,0.5566959365628075,0.0019042396315494012,0.01603183765934232,0.01793607729089173,0.3054655047829976,0.00036883386953278594,0.02438755103284006,0.02475638490237285,0.5270488571120597
P8_PRIORITARIAN_compromise__scenario_2,P8_PRIORITARIAN_compromise,PRIORITARIAN,compromise,2,usa,0.018797451036226435,0.0261066207878666,0.044904071824093034,0.13310182738963555,0.9987163055100461,0.08374936276131795,0.01266292567380511,0.09641228843512305,0.9918340917494888,0.04134273120067196,0.017877348420118278,0.05922007962079023,0.998661885321638
P8_PRIORITARIAN_compromise__scenario_2,P8_PRIORITARIAN_compromise,PRIORITARIAN,compromise,2,gbr,0.006462797439100866,0.012083096364935701,0.01854589380403657,0.04645045792309199,0.9889986660608803,0.031069196923050005,0.005570606048265939,0.03663980297131594,0.9817325302050224,0.011266379201807033,0.008210288104758056,0.019476667306565092,0.9889986660608803
P8_PRIORITARIAN_compromise__scenario_2,P8_PRIORITARIAN_compromise,PRIORITARIAN,compromise,2,fra,0.006685790792217025,0.018201297771795303,0.024887088564012328,0.05767573415270657,0.9797205547555154,0.02625792256259365,0.008583069600579418,0.034840992163173067,0.9680257770868645,0.013390570611382453,0.01243448618539291,0.025825056796775363,0.9797205547555154
P8_PRIORITARIAN_compromise__scenario_2,P8_PRIORITARIAN_compromise,PRIORITARIAN,compromise,2,rfa,0.01627675467715557,0.01267877417354569,0.028955528850701254,0.12162206565863463,0.962883510895814,0.0866708626297251,0.006258551511855574,0.09292941414158067,0.9494053760052084,0.03126160536766132,0.008385548062683018,0.03964715343034434,0.962883510895814
P8_PRIORITARIAN_compromise__scenario_2,P8_PRIORITARIAN_compromise,PRIORITARIAN,compromise,2,pol,0.00944894522199241,0.012908960490992424,0.022357905712984835,0.08093737318064706,0.9454034707537458,0.03691209864560143,0.006753471382651705,0.04366557002825314,0.9274266626979372,0.020176204863218215,0.008370983045929464,0.02854718790914768,0.9453455501147782
P8_PRIORITARIAN_compromise__scenario_2,P8_PRIORITARIAN_compromise,PRIORITARIAN,compromise,2,chn,0.012703099889978432,0.022746381725927068,0.0354494816159055,0.11190818722825212,0.9963379426778458,0.0823915723801177,0.010688858006346301,0.09308043038646399,0.9899502774175211,0.02059507986756748,0.015672384667554766,0.03626746453512226,0.9963379426778458
P8_PRIORITARIAN_compromise__scenario_2,P8_PRIORITARIAN_compromise,PRIORITARIAN,compromise,2,rus,0.013640211620867065,-0.0006497654630966636,0.012990446157770402,0.14813354508058,0.9327248016005633,0.06323502702631092,0.00219969803017325,0.06543472505648418,0.9206818678183609,0.027983764024391962,-0.0018755663914605187,0.026108197632931446,0.9327248016005633
P8_PRIORITARIAN_compromise__scenario_3,P8_PRIORITARIAN_compromise,PRIORITARIAN,compromise,3,zaf,0.0005036541273923411,0.04299281452930121,0.04349646865669355,0.10452668317958759,0.5433935588252689,0.002303128407278677,0.01575594855237246,0.018059076959651144,0.3007095709194541,0.0005706135126661816,0.03160000269754035,0.032170616210206525,0.5109083837398201
P8_PRIORITARIAN_compromise__scenario_3,P8_PRIORITARIAN_compromise,PRIORITARIAN,compromise,3,usa,0.02612550096636181,0.03282418632517003,0.05894968729153184,0.14898075585285803,0.9986075826447112,0.09802138195171153,0.012443707026232115,0.11046508897794365,0.9913787860970193,0.061075880830543806,0.02351205504573909,0.0845879358762829,0.9985421440618809
P8_PRIORITARIAN_compromise__scenario_3,P8_PRIORITARIAN_compromise,PRIORITARIAN,compromise,3,gbr,0.011256363941721316,0.01539309299136352,0.026649456933084834,0.058189053339675154,0.9888265087073621,0.04216158303759025,0.005469553451382063,0.04763113648897234,0.9811254928315803,0.022665571781337195,0.010910228554848385,0.03357580033618559,0.9888265087073621
P8_PRIORITARIAN_compromise__scenario_3,P8_PRIORITARIAN_compromise,PRIORITARIAN,compromise,3,fra,0.012269169794223765,0.023013473618598925,0.035282643412822695,0.07093827238887397,0.9790369130671532,0.035547893384118685,0.008431069181086224,0.04397896256520491,0.9671985018118004,0.027181163184394928,0.016423001034526045,0.04360416421892097,0.9790369130671532
P8_PRIORITARIAN_compromise__scenario_3,P8_PRIORITARIAN_compromise,PRIORITARIAN,compromise,3,rfa,0.028388992386768983,0.016405202153656016,0.044794194540425,0.15853463696590353,0.9619391561499515,0.11771742742204631,0.006145703404716187,0.12386313082676252,0.9485557317500615,0.06456469299807917,0.011319446185554988,0.07588413918363417,0.9619391561499515
P8_PRIORITARIAN_compromise__scenario_3,P8_PRIORITARIAN_compromise,PRIORITARIAN,compromise,3,pol,0.017758266406823688,0.016864057393088307,0.034622323799912,0.10167586406657068,0.9428895235737722,0.04971165116958,0.00663317952332518,0.05634483069290518,0.9262016986424275,0.041090417739808344,0.011419712600273019,0.052510130340081354,0.9428895235737722
P8_PRIORITARIAN_compromise__scenario_3,P8_PRIORITARIAN_compromise,PRIORITARIAN,compromise,3,chn,0.023388823444556808,0.02854964734853223,0.05193847079308903,0.14930709088019037,0.9962561523492297,0.11724205195780923,0.010501685220385328,0.12774373717819457,0.9894426616027683,0.04742571998095745,0.020567014394642067,0.06799273437559952,0.9962561523492297
P8_PRIORITARIAN_compromise__scenario_3,P8_PRIORITARIAN_compromise,PRIORITARIAN,compromise,3,rus,0.021907926063461213,0.0008266318581561271,0.02273455792161734,0.1684789798631952,0.9316171087441044,0.08020806017014048,0.002163029863284438,0.0823710900334249,0.9198047418099697,0.049390747902278744,-0.0013617260368017094,0.048029021865477035,0.9316171087441044
P8_PRIORITARIAN_compromise__scenario_4,P8_PRIORITARIAN_compromise,PRIORITARIAN,compromise,4,zaf,0.000517049411526342,0.028340844393559345,0.028857893805085688,0.07707714103905562,0.5568659214879028,0.002734590004944158,0.014924260874833083,0.01765885087977724,0.31480359169662747,0.0006640439713734187,0.02519829415368634,0.025862338125059763,0.5315616071069597
P8_PRIORITARIAN_compromise__scenario_4,P8_PRIORITARIAN_compromise,PRIORITARIAN,compromise,4,usa,0.014258010214486994,0.020896822686407534,0.03515483290089453,0.11917191791867594,0.9987702852773911,0.0721268231088184,0.011824364353715144,0.08395118746253356,0.9922685378314139,0.028930674561544727,0.018503972163650406,0.04743464672519514,0.9986908206876539
P8_PRIORITARIAN_compromise__scenario_4,P8_PRIORITARIAN_compromise,PRIORITARIAN,compromise,4,gbr,0.00864270831465286,0.00952274887889929,0.018165457193552153,0.05308409054142544,0.9890178856908921,0.037963343138431985,0.0051775886301230626,0.04314093176855505,0.9823552129575698,0.01715053427804248,0.008508171293823995,0.025658705571866478,0.9890178856908921
P8_PRIORITARIAN_compromise__scenario_4,P8_PRIORITARIAN_compromise,PRIORITARIAN,compromise,4,fra,0.009406023072482164,0.014473253755178165,0.02387927682766033,0.060880233083295744,0.9801315471849823,0.03218051162547295,0.007995032540497694,0.04017554416597064,0.9694446094964794,0.02098991212847795,0.012876532466812795,0.03386644459529074,0.9801315471849823
P8_PRIORITARIAN_compromise__scenario_4,P8_PRIORITARIAN_compromise,PRIORITARIAN,compromise,4,rfa,0.02292204312235487,0.009807509772659425,0.03272955289501429,0.14433038153270583,0.9635450024867167,0.10695852573834438,0.005843508527830962,0.11280203426617536,0.951173289804234,0.04990333002001621,0.008706247816819782,0.05860957783683598,0.9635450024867167
P8_PRIORITARIAN_compromise__scenario_4,P8_PRIORITARIAN_compromise,PRIORITARIAN,compromise,4,pol,0.013573820361013863,0.00986867425221582,0.023442494613229687,0.08883435548810373,0.945510153085539,0.04476443095411456,0.006329760646775042,0.0510941916008896,0.9288110841877154,0.03148417495390774,0.008702396250843776,0.04018657120475152,0.9454589388230306
P8_PRIORITARIAN_compromise__scenario_4,P8_PRIORITARIAN_compromise,PRIORITARIAN,compromise,4,chn,0.009504079995954028,0.018242281610315287,0.027746361606269313,0.09616497647325366,0.996407796502326,0.06847189425741938,0.009957567992754006,0.0784294622501734,0.9904334148022336,0.01336012263471111,0.016217355045245886,0.029577477679956995,0.9963798898990084
P8_PRIORITARIAN_compromise__scenario_4,P8_PRIORITARIAN_compromise,PRIORITARIAN,compromise,4,rus,0.009322394238321997,-0.001718421104988434,0.007603973133333564,0.1356740018143525,0.9327522687974571,0.051028782927356325,0.002202727398996382,0.05323151032635271,0.9217277821331609,0.016760205476534163,-0.0018380979611439564,0.014922107515390208,0.9327522687974571
P8_PRIORITARIAN_compromise__scenario_5,P8_PRIORITARIAN_compromise,PRIORITARIAN,compromise,5,zaf,0.0005015134218391146,0.030383699832551368,0.03088521325439049,0.07890869380994193,0.5560613180093374,0.0024996443546361036,0.016257552492633425,0.01875719684726953,0.3002611142472488,0.0006039733391445246,0.02801735160291256,0.028621324942057085,0.513058236056268
P8_PRIORITARIAN_compromise__scenario_5,P8_PRIORITARIAN_compromise,PRIORITARIAN,compromise,5,usa,0.014256248383627873,0.022506353974579285,0.03676260235820716,0.1210606010004764,0.9985425256454067,0.07182992356483414,0.01283233342247206,0.0846622569873062,0.9912088636848118,0.028935184351741926,0.020690484680012926,0.04962566903175485,0.9984976002313767
P8_PRIORITARIAN_compromise__scenario_5,P8_PRIORITARIAN_compromise,PRIORITARIAN,compromise,5,gbr,0.008637920732343006,0.010299231126050091,0.018937151858393095,0.05389765690364305,0.9887871048109457,0.03778273883334799,0.005649746070583516,0.0434324849039315,0.9809830353446859,0.017143906467880332,0.00955852110292565,0.02670242757080598,0.9887871048109457
P8_PRIORITARIAN_compromise__scenario_5,P8_PRIORITARIAN_compromise,PRIORITARIAN,compromise,5,fra,0.009367572054526999,0.015615939046301305,0.0249835111008283,0.06207792689721984,0.9787898969115268,0.031878000270088254,0.00870174034001749,0.04057974061010575,0.9667579655111033,0.020900522125276724,0.014426888676560997,0.035327410801837725,0.9787898969115268
P8_PRIORITARIAN_compromise__scenario_5,P8_PRIORITARIAN_compromise,PRIORITARIAN,compromise,5,rfa,0.02274187296865515,0.010656907725231016,0.03339878069388616,0.14494305313098313,0.9615480890601529,0.10549868233943785,0.006341364860855495,0.11184004720029331,0.9479992514699752,0.04947430165683864,0.009838317615266105,0.05931261927210476,0.9615480890601529
P8_PRIORITARIAN_compromise__scenario_5,P8_PRIORITARIAN_compromise,PRIORITARIAN,compromise,5,pol,0.013504444315705758,0.010754415332273226,0.024258859647978987,0.09041001742334906,0.9437280040052259,0.04428235222761914,0.006837487081968386,0.051119839309587536,0.9260956464232445,0.03127584057112278,0.009871083498377092,0.04114692406949987,0.9437028060890661
P8_PRIORITARIAN_compromise__scenario_5,P8_PRIORITARIAN_compromise,PRIORITARIAN,compromise,5,chn,0.009500058092555191,0.019639421646501717,0.029139479739056905,0.09765128511316692,0.9961856688305033,0.06813369178081927,0.01083690040636193,0.0789705921871812,0.9892846358518338,0.013357957280075074,0.018122689519204115,0.031480646799279186,0.9961674430954586
P8_PRIORITARIAN_compromise__scenario_5,P8_PRIORITARIAN_compromise,PRIORITARIAN,compromise,5,rus,0.009290217150079095,-0.0015373580102463335,0.007752859139832764,0.13735782673149152,0.9317988391428483,0.05055488386737788,0.0021944605221955868,0.05274934438957347,0.9196611262418554,0.016688314791774513,-0.0016966620422819078,0.014991652749492603,0.9317988391428483
P8_PRIORITARIAN_compromise__scenario_6,P8_PRIORITARIAN_compromise,PRIORITARIAN,compromise,6,zaf,0.0004157950749306914,0.04517027876046252,0.04558607383539321,0.11635298497681926,0.5519597880515011,0.0014854876398023382,0.020721723621224118,0.02220721126102646,0.2912894527673345,0.0005354578096146941,0.027408795506211555,0.027944253315826246,0.5353130901461093
P8_PRIORITARIAN_compromise__scenario_6,P8_PRIORITARIAN_compromise,PRIORITARIAN,compromise,6,usa,0.021471646782289626,0.03471174652939045,0.05618339331168008,0.14347215647428543,0.9980511038533773,0.08835696890830094,0.016262159809076478,0.1046191287173774,0.9879628816262432,0.04894206515466724,0.020237517810845065,0.06917958296551231,0.9980179741145389
P8_PRIORITARIAN_compromise__scenario_6,P8_PRIORITARIAN_compromise,PRIORITARIAN,compromise,6,gbr,0.010337771496974908,0.016359130359645764,0.026696901856620672,0.0595671006438137,0.9880529846249788,0.04080279430059,0.007260795167985592,0.0480635894685756,0.9769570252790813,0.021314204861560195,0.009341133455316808,0.030655338316877,0.9880529846249788
P8_PRIORITARIAN_compromise__scenario_6,P8_PRIORITARIAN_compromise,PRIORITARIAN,compromise,6,fra,0.011340698217685664,0.024388475352459433,0.035729173570145094,0.07072954143241567,0.9759490165161109,0.033919903896649554,0.011107448860450812,0.04502735275710036,0.9586091812722679,0.02583135867364411,0.014105044759031507,0.039936403432675606,0.9759490165161109
P8_PRIORITARIAN_compromise__scenario_6,P8_PRIORITARIAN_compromise,PRIORITARIAN,compromise,6,rfa,0.026669621716311712,0.017541031824326942,0.04421065354063865,0.1552144614934014,0.9580301705122696,0.1105417654065572,0.00806954744447045,0.11861131285102769,0.9378610821479672,0.06097636381532942,0.009614179916434599,0.07059054373176402,0.9580301705122696
P8_PRIORITARIAN_compromise__scenario_6,P8_PRIORITARIAN_compromise,PRIORITARIAN,compromise,6,pol,0.01719030220731033,0.01810027440593964,0.03529057661324997,0.09982172109009325,0.9436443419963134,0.04794039437095042,0.008622088294165537,0.05656248266511595,0.9188510270551291,0.04068558407174047,0.009647350018460493,0.05033293409020095,0.9436443419963134
P8_PRIORITARIAN_compromise__scenario_6,P8_PRIORITARIAN_compromise,PRIORITARIAN,compromise,6,chn,0.010639407652480367,0.030168990531595684,0.04080839818407605,0.10529792263884137,0.9957048088901931,0.07152620981889585,0.013815109892138983,0.08534131971103483,0.9858445853172475,0.015887524225868085,0.017722556523734025,0.03361008074960211,0.9956961585896547
P8_PRIORITARIAN_compromise__scenario_6,P8_PRIORITARIAN_compromise,PRIORITARIAN,compromise,6,rus,0.010030433993707873,0.0015904946440128383,0.011620928637720714,0.13914784319201792,0.931310182475466,0.0511315831000366,0.0023505708141676575,0.05348215391420424,0.9138076770808253,0.018623285435366763,-0.0016643025249152674,0.016958982910451496,0.931310182475466
P8_PRIORITARIAN_compromise__scenario_7,P8_PRIORITARIAN_compromise,PRIORITARIAN,compromise,7,zaf,0.000437096237400846,0.0557802124434555,0.056217308680856344,0.12653389977095583,0.5385131695495716,0.0015717613642194832,0.02101207964691115,0.02258384101113063,0.29243109873256945,0.00045730611117031063,0.04162720782214814,0.04208451393331845,0.5121188330014141
P8_PRIORITARIAN_compromise__scenario_7,P8_PRIORITARIAN_compromise,PRIORITARIAN,compromise,7,usa,0.02148739645738639,0.04354926619314048,0.06503666265052688,0.14716211707538485,0.9972861211179558,0.08833495529707298,0.016486617746748325,0.10482157304382132,0.9878988036694254,0.048978445188573076,0.03153586897510048,0.08051431416367354,0.9972059407014074
P8_PRIORITARIAN_compromise__scenario_7,P8_PRIORITARIAN_compromise,PRIORITARIAN,compromise,7,gbr,0.010324733010727647,0.02077208384456983,0.03109681685529748,0.060789752737928054,0.9870599444640238,0.040787494878984226,0.007366261641618046,0.04815375652060226,0.9768496405161077,0.021278111778384515,0.014817266940517,0.03609537871890152,0.9870599444640238
P8_PRIORITARIAN_compromise__scenario_7,P8_PRIORITARIAN_compromise,PRIORITARIAN,compromise,7,fra,0.011259171019037666,0.030756241298411036,0.042015412317448694,0.07874408793995587,0.9726917736863662,0.03388366190852367,0.011264857758833844,0.045148519667357515,0.9583090454925343,0.02559460079237319,0.02214182450205923,0.047736425294432436,0.9726917736863662
P8_PRIORITARIAN_compromise__scenario_7,P8_PRIORITARIAN_compromise,PRIORITARIAN,compromise,7,rfa,0.02632077417130558,0.02258813863434074,0.04890891280564632,0.15759017631918196,0.9535755988377147,0.11035771466043544,0.008183418290522677,0.1185411329509581,0.9374789622032722,0.059865935443090504,0.015651543884408967,0.07551747932749948,0.9535755988377147
P8_PRIORITARIAN_compromise__scenario_7,P8_PRIORITARIAN_compromise,PRIORITARIAN,compromise,7,pol,0.01703074562574196,0.023507194148228005,0.040537939773969967,0.1084568619927507,0.9397367348952027,0.047891912892474874,0.00874024672520176,0.05663215961767663,0.9185983809193135,0.04012453229808933,0.015976362488737968,0.056100894786827296,0.9397367348952027
P8_PRIORITARIAN_compromise__scenario_7,P8_PRIORITARIAN_compromise,PRIORITARIAN,compromise,7,chn,0.010638678514142927,0.03778482678837196,0.04842350530251489,0.10768545493014188,0.9949851678842759,0.07150287155406339,0.014009635271491686,0.08551250682555506,0.9857689050205736,0.015888757241283583,0.027516183472701527,0.04340494071398511,0.9949851678842759
P8_PRIORITARIAN_compromise__scenario_7,P8_PRIORITARIAN_compromise,PRIORITARIAN,compromise,7,rus,0.009976342267540525,0.004100116496725594,0.01407645876426612,0.14604615479846272,0.9289269476858112,0.05108978217764429,0.0023654599112902953,0.05345524208893458,0.9136257817963753,0.018428427775024955,-5.214146478827689e-05,0.01837628631023668,0.9289269476858112
