,nfe,epsilon_progress,SBX,PCX,DifferentialEvolution,UNDX,SPX,UM
0,502,77,0.125,0.20833333333333334,0.08333333333333333,0.4583333333333333,0.041666666666666664,0.08333333333333333
