,nfe,epsilon_progress,SBX,PCX,DifferentialEvolution,UNDX,SPX,UM
0,502,70,0.043478260869565216,0.2608695652173913,0.043478260869565216,0.5652173913043478,0.043478260869565216,0.043478260869565216
