rho,eta,delta,ecs_ensemble,ecr_plateau,scenario,policy,model
0.022276665377430616,0.7814359674230218,1.7634718120098114,897.8243070980534,0.4,0,moderate_abatement,JUSTICE_GSA
0.020840649741701783,0.7814359674230218,1.7634718120098114,897.8243070980534,0.4,1,moderate_abatement,JUSTICE_GSA
0.022276665377430616,0.9910548664629459,1.7634718120098114,897.8243070980534,0.4,2,moderate_abatement,JUSTICE_GSA
0.022276665377430616,0.7814359674230218,1.6980930273421109,897.8243070980534,0.4,3,moderate_abatement,JUSTICE_GSA
0.022276665377430616,0.7814359674230218,1.7634718120098114,285.21322060842067,0.4,4,moderate_abatement,JUSTICE_GSA
0.022276665377430616,0.9910548664629459,1.6980930273421109,285.21322060842067,0.4,5,moderate_abatement,JUSTICE_GSA
0.020840649741701783,0.7814359674230218,1.6980930273421109,285.21322060842067,0.4,6,moderate_abatement,JUSTICE_GSA
0.020840649741701783,0.9910548664629459,1.7634718120098114,285.21322060842067,0.4,7,moderate_abatement,JUSTICE_GSA
0.020840649741701783,0.9910548664629459,1.6980930273421109,897.8243070980534,0.4,8,moderate_abatement,JUSTICE_GSA
0.020840649741701783,0.9910548664629459,1.6980930273421109,285.21322060842067,0.4,9,moderate_abatement,JUSTICE_GSA
0.010438235422596333,1.083647676743567,1.1415835204534233,172.95737673901021,0.4,10,moderate_abatement,JUSTICE_GSA
0.004447768962010741,1.083647676743567,1.1415835204534233,172.95737673901021,0.4,11,moderate_abatement,JUSTICE_GSA
0.010438235422596333,1.3842795407399535,1.1415835204534233,172.95737673901021,0.4,12,moderate_abatement,JUSTICE_GSA
0.010438235422596333,1.083647676743567,1.0952375889755785,172.95737673901021,0.4,13,moderate_abatement,JUSTICE_GSA
0.010438235422596333,1.083647676743567,1.1415835204534233,883.7698131231591,0.4,14,moderate_abatement,JUSTICE_GSA
0.010438235422596333,1.3842795407399535,1.0952375889755785,883.7698131231591,0.4,15,moderate_abatement,JUSTICE_GSA
0.004447768962010741,1.083647676743567,1.0952375889755785,883.7698131231591,0.4,16,moderate_abatement,JUSTICE_GSA
0.004447768962010741,1.3842795407399535,1.1415835204534233,883.7698131231591,0.4,17,moderate_abatement,JUSTICE_GSA
0.004447768962010741,1.3842795407399535,1.0952375889755785,172.95737673901021,0.4,18,moderate_abatement,JUSTICE_GSA
0.004447768962010741,1.3842795407399535,1.0952375889755785,883.7698131231591,0.4,19,moderate_abatement,JUSTICE_GSA
0.0014723499249666928,0.6292413426563144,1.2793705365620553,539.5584778953344,0.4,20,moderate_abatement,JUSTICE_GSA
0.012322123716585337,0.6292413426563144,1.2793705365620553,539.5584778953344,0.4,21,moderate_abatement,JUSTICE_GSA
0.0014723499249666928,1.2093215137720108,1.2793705365620553,539.5584778953344,0.4,22,moderate_abatement,JUSTICE_GSA
0.0014723499249666928,0.6292413426563144,1.3269920833408833,539.5584778953344,0.4,23,moderate_abatement,JUSTICE_GSA
0.0014723499249666928,0.6292413426563144,1.2793705365620553,510.3789371121675,0.4,24,moderate_abatement,JUSTICE_GSA
0.0014723499249666928,1.2093215137720108,1.3269920833408833,510.3789371121675,0.4,25,moderate_abatement,JUSTICE_GSA
0.012322123716585337,0.6292413426563144,1.3269920833408833,510.3789371121675,0.4,26,moderate_abatement,JUSTICE_GSA
0.012322123716585337,1.2093215137720108,1.2793705365620553,510.3789371121675,0.4,27,moderate_abatement,JUSTICE_GSA
0.012322123716585337,1.2093215137720108,1.3269920833408833,539.5584778953344,0.4,28,moderate_abatement,JUSTICE_GSA
0.012322123716585337,1.2093215137720108,1.3269920833408833,510.3789371121675,0.4,29,moderate_abatement,JUSTICE_GSA
0.027808816264383494,1.4860865352675319,0.8742200862616301,265.44464130233973,0.4,30,moderate_abatement,JUSTICE_GSA
0.024870557455345988,1.4860865352675319,0.8742200862616301,265.44464130233973,0.4,31,moderate_abatement,JUSTICE_GSA
0.027808816264383494,0.6650996832177043,0.8742200862616301,265.44464130233973,0.4,32,moderate_abatement,JUSTICE_GSA
0.027808816264383494,1.4860865352675319,0.715629393234849,265.44464130233973,0.4,33,moderate_abatement,JUSTICE_GSA
0.027808816264383494,1.4860865352675319,0.8742200862616301,158.73768435418606,0.4,34,moderate_abatement,JUSTICE_GSA
0.027808816264383494,0.6650996832177043,0.715629393234849,158.73768435418606,0.4,35,moderate_abatement,JUSTICE_GSA
0.024870557455345988,1.4860865352675319,0.715629393234849,158.73768435418606,0.4,36,moderate_abatement,JUSTICE_GSA
0.024870557455345988,0.6650996832177043,0.8742200862616301,158.73768435418606,0.4,37,moderate_abatement,JUSTICE_GSA
0.024870557455345988,0.6650996832177043,0.715629393234849,265.44464130233973,0.4,38,moderate_abatement,JUSTICE_GSA
0.024870557455345988,0.6650996832177043,0.715629393234849,158.73768435418606,0.4,39,moderate_abatement,JUSTICE_GSA
0.023301339072175322,0.5632672291249037,1.0339637226425111,487.25576515868306,0.4,40,moderate_abatement,JUSTICE_GSA
0.028653121549636125,0.5632672291249037,1.0339637226425111,487.25576515868306,0.4,41,moderate_abatement,JUSTICE_GSA
0.023301339072175322,0.7998679531738162,1.0339637226425111,487.25576515868306,0.4,42,moderate_abatement,JUSTICE_GSA
0.023301339072175322,0.5632672291249037,1.4850722863338888,487.25576515868306,0.4,43,moderate_abatement,JUSTICE_GSA
0.023301339072175322,0.5632672291249037,1.0339637226425111,742.7516977824271,0.4,44,moderate_abatement,JUSTICE_GSA
0.023301339072175322,0.7998679531738162,1.4850722863338888,742.7516977824271,0.4,45,moderate_abatement,JUSTICE_GSA
0.028653121549636125,0.5632672291249037,1.4850722863338888,742.7516977824271,0.4,46,moderate_abatement,JUSTICE_GSA
0.028653121549636125,0.7998679531738162,1.0339637226425111,742.7516977824271,0.4,47,moderate_abatement,JUSTICE_GSA
0.028653121549636125,0.7998679531738162,1.4850722863338888,487.25576515868306,0.4,48,moderate_abatement,JUSTICE_GSA
0.028653121549636125,0.7998679531738162,1.4850722863338888,742.7516977824271,0.4,49,moderate_abatement,JUSTICE_GSA
0.006026294127106666,1.3021178748458624,1.8242158945649862,708.7052905941382,0.4,50,moderate_abatement,JUSTICE_GSA
0.008854640276171267,1.3021178748458624,1.8242158945649862,708.7052905941382,0.4,51,moderate_abatement,JUSTICE_GSA
0.006026294127106666,1.324489839375019,1.8242158945649862,708.7052905941382,0.4,52,moderate_abatement,JUSTICE_GSA
0.006026294127106666,1.3021178748458624,0.5113839278928936,708.7052905941382,0.4,53,moderate_abatement,JUSTICE_GSA
0.006026294127106666,1.3021178748458624,1.8242158945649862,82.82463750056922,0.4,54,moderate_abatement,JUSTICE_GSA
0.006026294127106666,1.324489839375019,0.5113839278928936,82.82463750056922,0.4,55,moderate_abatement,JUSTICE_GSA
0.008854640276171267,1.3021178748458624,0.5113839278928936,82.82463750056922,0.4,56,moderate_abatement,JUSTICE_GSA
0.008854640276171267,1.324489839375019,1.8242158945649862,82.82463750056922,0.4,57,moderate_abatement,JUSTICE_GSA
0.008854640276171267,1.324489839375019,0.5113839278928936,708.7052905941382,0.4,58,moderate_abatement,JUSTICE_GSA
0.008854640276171267,1.324489839375019,0.5113839278928936,82.82463750056922,0.4,59,moderate_abatement,JUSTICE_GSA
0.01494989275187254,0.9733201302587986,0.5557529106736183,76.24922106880695,0.4,60,moderate_abatement,JUSTICE_GSA
0.00743376549705863,0.9733201302587986,0.5557529106736183,76.24922106880695,0.4,61,moderate_abatement,JUSTICE_GSA
0.01494989275187254,1.0191646059975028,0.5557529106736183,76.24922106880695,0.4,62,moderate_abatement,JUSTICE_GSA
0.01494989275187254,0.9733201302587986,1.866810197941959,76.24922106880695,0.4,63,moderate_abatement,JUSTICE_GSA
0.01494989275187254,0.9733201302587986,0.5557529106736183,454.7825174620375,0.4,64,moderate_abatement,JUSTICE_GSA
0.01494989275187254,1.0191646059975028,1.866810197941959,454.7825174620375,0.4,65,moderate_abatement,JUSTICE_GSA
0.00743376549705863,0.9733201302587986,1.866810197941959,454.7825174620375,0.4,66,moderate_abatement,JUSTICE_GSA
0.00743376549705863,1.0191646059975028,0.5557529106736183,454.7825174620375,0.4,67,moderate_abatement,JUSTICE_GSA
0.00743376549705863,1.0191646059975028,1.866810197941959,76.24922106880695,0.4,68,moderate_abatement,JUSTICE_GSA
0.00743376549705863,1.0191646059975028,1.866810197941959,454.7825174620375,0.4,69,moderate_abatement,JUSTICE_GSA
0.017726514120586217,1.14182073995471,1.5509619968943298,853.8113069161773,0.4,70,moderate_abatement,JUSTICE_GSA
0.016576709368266163,1.14182073995471,1.5509619968943298,853.8113069161773,0.4,71,moderate_abatement,JUSTICE_GSA
0.017726514120586217,0.6062332354485989,1.5509619968943298,853.8113069161773,0.4,72,moderate_abatement,JUSTICE_GSA
0.017726514120586217,1.14182073995471,0.8789354572072625,853.8113069161773,0.4,73,moderate_abatement,JUSTICE_GSA
0.017726514120586217,1.14182073995471,1.5509619968943298,869.9283024528995,0.4,74,moderate_abatement,JUSTICE_GSA
0.017726514120586217,0.6062332354485989,0.8789354572072625,869.9283024528995,0.4,75,moderate_abatement,JUSTICE_GSA
0.016576709368266163,1.14182073995471,0.8789354572072625,869.9283024528995,0.4,76,moderate_abatement,JUSTICE_GSA
0.016576709368266163,0.6062332354485989,1.5509619968943298,869.9283024528995,0.4,77,moderate_abatement,JUSTICE_GSA
0.016576709368266163,0.6062332354485989,0.8789354572072625,853.8113069161773,0.4,78,moderate_abatement,JUSTICE_GSA
0.016576709368266163,0.6062332354485989,0.8789354572072625,869.9283024528995,0.4,79,moderate_abatement,JUSTICE_GSA
0.016767131448723376,0.7051575938239694,0.6712917671538889,634.0850084293634,0.4,80,moderate_abatement,JUSTICE_GSA
0.0016435458920896053,0.7051575938239694,0.6712917671538889,634.0850084293634,0.4,81,moderate_abatement,JUSTICE_GSA
0.016767131448723376,0.728833818808198,0.6712917671538889,634.0850084293634,0.4,82,moderate_abatement,JUSTICE_GSA
0.016767131448723376,0.7051575938239694,1.5359604563564062,634.0850084293634,0.4,83,moderate_abatement,JUSTICE_GSA
0.016767131448723376,0.7051575938239694,0.6712917671538889,667.8117201579735,0.4,84,moderate_abatement,JUSTICE_GSA
0.016767131448723376,0.728833818808198,1.5359604563564062,667.8117201579735,0.4,85,moderate_abatement,JUSTICE_GSA
0.0016435458920896053,0.7051575938239694,1.5359604563564062,667.8117201579735,0.4,86,moderate_abatement,JUSTICE_GSA
0.0016435458920896053,0.728833818808198,0.6712917671538889,667.8117201579735,0.4,87,moderate_abatement,JUSTICE_GSA
0.0016435458920896053,0.728833818808198,1.5359604563564062,634.0850084293634,0.4,88,moderate_abatement,JUSTICE_GSA
0.0016435458920896053,0.728833818808198,1.5359604563564062,667.8117201579735,0.4,89,moderate_abatement,JUSTICE_GSA
0.0122912913300097,1.4135881895199418,1.4837572677060962,422.3741952581331,0.4,90,moderate_abatement,JUSTICE_GSA
0.02149153331760317,1.4135881895199418,1.4837572677060962,422.3741952581331,0.4,91,moderate_abatement,JUSTICE_GSA
0.0122912913300097,1.1455265963450074,1.4837572677060962,422.3741952581331,0.4,92,moderate_abatement,JUSTICE_GSA
0.0122912913300097,1.4135881895199418,0.6472830921411514,422.3741952581331,0.4,93,moderate_abatement,JUSTICE_GSA
0.0122912913300097,1.4135881895199418,1.4837572677060962,1.9165200488641858,0.4,94,moderate_abatement,JUSTICE_GSA
0.0122912913300097,1.1455265963450074,0.6472830921411514,1.9165200488641858,0.4,95,moderate_abatement,JUSTICE_GSA
0.02149153331760317,1.4135881895199418,0.6472830921411514,1.9165200488641858,0.4,96,moderate_abatement,JUSTICE_GSA
0.02149153331760317,1.1455265963450074,1.4837572677060962,1.9165200488641858,0.4,97,moderate_abatement,JUSTICE_GSA
0.02149153331760317,1.1455265963450074,0.6472830921411514,422.3741952581331,0.4,98,moderate_abatement,JUSTICE_GSA
0.02149153331760317,1.1455265963450074,0.6472830921411514,1.9165200488641858,0.4,99,moderate_abatement,JUSTICE_GSA
0.006985619973391294,0.8656759662553668,0.9663927936926484,804.5200576027855,0.4,100,moderate_abatement,JUSTICE_GSA
0.02382307877019048,0.8656759662553668,0.9663927936926484,804.5200576027855,0.4,101,moderate_abatement,JUSTICE_GSA
0.006985619973391294,1.4481053184717894,0.9663927936926484,804.5200576027855,0.4,102,moderate_abatement,JUSTICE_GSA
0.006985619973391294,0.8656759662553668,1.9155744188465178,804.5200576027855,0.4,103,moderate_abatement,JUSTICE_GSA
0.006985619973391294,0.8656759662553668,0.9663927936926484,377.62475318461657,0.4,104,moderate_abatement,JUSTICE_GSA
0.006985619973391294,1.4481053184717894,1.9155744188465178,377.62475318461657,0.4,105,moderate_abatement,JUSTICE_GSA
0.02382307877019048,0.8656759662553668,1.9155744188465178,377.62475318461657,0.4,106,moderate_abatement,JUSTICE_GSA
0.02382307877019048,1.4481053184717894,0.9663927936926484,377.62475318461657,0.4,107,moderate_abatement,JUSTICE_GSA
0.02382307877019048,1.4481053184717894,1.9155744188465178,804.5200576027855,0.4,108,moderate_abatement,JUSTICE_GSA
0.02382307877019048,1.4481053184717894,1.9155744188465178,377.62475318461657,0.4,109,moderate_abatement,JUSTICE_GSA
0.02595988366845995,1.003802272491157,1.937191263306886,17.24212478660047,0.4,110,moderate_abatement,JUSTICE_GSA
0.014616470427252351,1.003802272491157,1.937191263306886,17.24212478660047,0.4,111,moderate_abatement,JUSTICE_GSA
0.02595988366845995,0.9272903772071004,1.937191263306886,17.24212478660047,0.4,112,moderate_abatement,JUSTICE_GSA
0.02595988366845995,1.003802272491157,1.0183783587999642,17.24212478660047,0.4,113,moderate_abatement,JUSTICE_GSA
0.02595988366845995,1.003802272491157,1.937191263306886,790.7504726890475,0.4,114,moderate_abatement,JUSTICE_GSA
0.02595988366845995,0.9272903772071004,1.0183783587999642,790.7504726890475,0.4,115,moderate_abatement,JUSTICE_GSA
0.014616470427252351,1.003802272491157,1.0183783587999642,790.7504726890475,0.4,116,moderate_abatement,JUSTICE_GSA
0.014616470427252351,0.9272903772071004,1.937191263306886,790.7504726890475,0.4,117,moderate_abatement,JUSTICE_GSA
0.014616470427252351,0.9272903772071004,1.0183783587999642,17.24212478660047,0.4,118,moderate_abatement,JUSTICE_GSA
0.014616470427252351,0.9272903772071004,1.0183783587999642,790.7504726890475,0.4,119,moderate_abatement,JUSTICE_GSA
0.02865486410167068,0.9247323703020811,1.3538908818736672,232.96602059621364,0.4,120,moderate_abatement,JUSTICE_GSA
0.01171539248060435,0.9247323703020811,1.3538908818736672,232.96602059621364,0.4,121,moderate_abatement,JUSTICE_GSA
0.02865486410167068,0.5464665042236447,1.3538908818736672,232.96602059621364,0.4,122,moderate_abatement,JUSTICE_GSA
0.02865486410167068,0.9247323703020811,1.746095766313374,232.96602059621364,0.4,123,moderate_abatement,JUSTICE_GSA
0.02865486410167068,0.9247323703020811,1.3538908818736672,360.4903422500938,0.4,124,moderate_abatement,JUSTICE_GSA
0.02865486410167068,0.5464665042236447,1.746095766313374,360.4903422500938,0.4,125,moderate_abatement,JUSTICE_GSA
0.01171539248060435,0.9247323703020811,1.746095766313374,360.4903422500938,0.4,126,moderate_abatement,JUSTICE_GSA
0.01171539248060435,0.5464665042236447,1.3538908818736672,360.4903422500938,0.4,127,moderate_abatement,JUSTICE_GSA
0.01171539248060435,0.5464665042236447,1.746095766313374,232.96602059621364,0.4,128,moderate_abatement,JUSTICE_GSA
0.01171539248060435,0.5464665042236447,1.746095766313374,360.4903422500938,0.4,129,moderate_abatement,JUSTICE_GSA
0.004244179012253881,1.1948030944913626,0.7542838682420552,948.0637516304851,0.4,130,moderate_abatement,JUSTICE_GSA
0.02817205008678138,1.1948030944913626,0.7542838682420552,948.0637516304851,0.4,131,moderate_abatement,JUSTICE_GSA
0.004244179012253881,1.0788705255836248,0.7542838682420552,948.0637516304851,0.4,132,moderate_abatement,JUSTICE_GSA
0.004244179012253881,1.1948030944913626,1.2340220054611564,948.0637516304851,0.4,133,moderate_abatement,JUSTICE_GSA
0.004244179012253881,1.1948030944913626,0.7542838682420552,964.8321522288024,0.4,134,moderate_abatement,JUSTICE_GSA
0.004244179012253881,1.0788705255836248,1.2340220054611564,964.8321522288024,0.4,135,moderate_abatement,JUSTICE_GSA
0.02817205008678138,1.1948030944913626,1.2340220054611564,964.8321522288024,0.4,136,moderate_abatement,JUSTICE_GSA
0.02817205008678138,1.0788705255836248,0.7542838682420552,964.8321522288024,0.4,137,moderate_abatement,JUSTICE_GSA
0.02817205008678138,1.0788705255836248,1.2340220054611564,948.0637516304851,0.4,138,moderate_abatement,JUSTICE_GSA
0.02817205008678138,1.0788705255836248,1.2340220054611564,964.8321522288024,0.4,139,moderate_abatement,JUSTICE_GSA
0.009592137241736055,0.5220112390816212,1.6431693942286074,331.2667846567929,0.4,140,moderate_abatement,JUSTICE_GSA
0.017567435937933622,0.5220112390816212,1.6431693942286074,331.2667846567929,0.4,141,moderate_abatement,JUSTICE_GSA
0.009592137241736055,1.2647537747398019,1.6431693942286074,331.2667846567929,0.4,142,moderate_abatement,JUSTICE_GSA
0.009592137241736055,0.5220112390816212,1.378550003748387,331.2667846567929,0.4,143,moderate_abatement,JUSTICE_GSA
0.009592137241736055,0.5220112390816212,1.6431693942286074,587.3862906182185,0.4,144,moderate_abatement,JUSTICE_GSA
0.009592137241736055,1.2647537747398019,1.378550003748387,587.3862906182185,0.4,145,moderate_abatement,JUSTICE_GSA
0.017567435937933622,0.5220112390816212,1.378550003748387,587.3862906182185,0.4,146,moderate_abatement,JUSTICE_GSA
0.017567435937933622,1.2647537747398019,1.6431693942286074,587.3862906182185,0.4,147,moderate_abatement,JUSTICE_GSA
0.017567435937933622,1.2647537747398019,1.378550003748387,331.2667846567929,0.4,148,moderate_abatement,JUSTICE_GSA
0.017567435937933622,1.2647537747398019,1.378550003748387,587.3862906182185,0.4,149,moderate_abatement,JUSTICE_GSA
0.019504785946570336,1.3467917703092098,1.2135403780266643,615.1879294002429,0.4,150,moderate_abatement,JUSTICE_GSA
0.004969387149438262,1.3467917703092098,1.2135403780266643,615.1879294002429,0.4,151,moderate_abatement,JUSTICE_GSA
0.019504785946570336,0.8596652764827013,1.2135403780266643,615.1879294002429,0.4,152,moderate_abatement,JUSTICE_GSA
0.019504785946570336,1.3467917703092098,0.8522784165106714,615.1879294002429,0.4,153,moderate_abatement,JUSTICE_GSA
0.019504785946570336,1.3467917703092098,1.2135403780266643,237.58218098338693,0.4,154,moderate_abatement,JUSTICE_GSA
0.019504785946570336,0.8596652764827013,0.8522784165106714,237.58218098338693,0.4,155,moderate_abatement,JUSTICE_GSA
0.004969387149438262,1.3467917703092098,0.8522784165106714,237.58218098338693,0.4,156,moderate_abatement,JUSTICE_GSA
0.004969387149438262,0.8596652764827013,1.2135403780266643,237.58218098338693,0.4,157,moderate_abatement,JUSTICE_GSA
0.004969387149438262,0.8596652764827013,0.8522784165106714,615.1879294002429,0.4,158,moderate_abatement,JUSTICE_GSA
0.004969387149438262,0.8596652764827013,0.8522784165106714,237.58218098338693,0.4,159,moderate_abatement,JUSTICE_GSA
0.020405790572986006,0.5340905049815774,1.5193977388553321,115.71413107868284,0.4,160,moderate_abatement,JUSTICE_GSA
0.025890261855907738,0.5340905049815774,1.5193977388553321,115.71413107868284,0.4,161,moderate_abatement,JUSTICE_GSA
0.020405790572986006,1.098814208060503,1.5193977388553321,115.71413107868284,0.4,162,moderate_abatement,JUSTICE_GSA
0.020405790572986006,0.5340905049815774,1.153737333137542,115.71413107868284,0.4,163,moderate_abatement,JUSTICE_GSA
0.020405790572986006,0.5340905049815774,1.5193977388553321,621.6473623281345,0.4,164,moderate_abatement,JUSTICE_GSA
0.020405790572986006,1.098814208060503,1.153737333137542,621.6473623281345,0.4,165,moderate_abatement,JUSTICE_GSA
0.025890261855907738,0.5340905049815774,1.153737333137542,621.6473623281345,0.4,166,moderate_abatement,JUSTICE_GSA
0.025890261855907738,1.098814208060503,1.5193977388553321,621.6473623281345,0.4,167,moderate_abatement,JUSTICE_GSA
0.025890261855907738,1.098814208060503,1.153737333137542,115.71413107868284,0.4,168,moderate_abatement,JUSTICE_GSA
0.025890261855907738,1.098814208060503,1.153737333137542,621.6473623281345,0.4,169,moderate_abatement,JUSTICE_GSA
0.008680614265613257,1.3354487949982285,0.6356111913919449,830.8101390283555,0.4,170,moderate_abatement,JUSTICE_GSA
0.013115268155932426,1.3354487949982285,0.6356111913919449,830.8101390283555,0.4,171,moderate_abatement,JUSTICE_GSA
0.008680614265613257,0.5258485144004226,0.6356111913919449,830.8101390283555,0.4,172,moderate_abatement,JUSTICE_GSA
0.008680614265613257,1.3354487949982285,1.6630187355913222,830.8101390283555,0.4,173,moderate_abatement,JUSTICE_GSA
0.008680614265613257,1.3354487949982285,0.6356111913919449,211.3719559693709,0.4,174,moderate_abatement,JUSTICE_GSA
0.008680614265613257,0.5258485144004226,1.6630187355913222,211.3719559693709,0.4,175,moderate_abatement,JUSTICE_GSA
0.013115268155932426,1.3354487949982285,1.6630187355913222,211.3719559693709,0.4,176,moderate_abatement,JUSTICE_GSA
0.013115268155932426,0.5258485144004226,0.6356111913919449,211.3719559693709,0.4,177,moderate_abatement,JUSTICE_GSA
0.013115268155932426,0.5258485144004226,1.6630187355913222,830.8101390283555,0.4,178,moderate_abatement,JUSTICE_GSA
0.013115268155932426,0.5258485144004226,1.6630187355913222,211.3719559693709,0.4,179,moderate_abatement,JUSTICE_GSA
0.003346739704720676,0.8814069135114551,1.9961762707680464,448.64522227086127,0.4,180,moderate_abatement,JUSTICE_GSA
0.0036549716340377927,0.8814069135114551,1.9961762707680464,448.64522227086127,0.4,181,moderate_abatement,JUSTICE_GSA
0.003346739704720676,0.8179968893527985,1.9961762707680464,448.64522227086127,0.4,182,moderate_abatement,JUSTICE_GSA
0.003346739704720676,0.8814069135114551,0.7741222977638245,448.64522227086127,0.4,183,moderate_abatement,JUSTICE_GSA
0.003346739704720676,0.8814069135114551,1.9961762707680464,334.0360830537975,0.4,184,moderate_abatement,JUSTICE_GSA
0.003346739704720676,0.8179968893527985,0.7741222977638245,334.0360830537975,0.4,185,moderate_abatement,JUSTICE_GSA
0.0036549716340377927,0.8814069135114551,0.7741222977638245,334.0360830537975,0.4,186,moderate_abatement,JUSTICE_GSA
0.0036549716340377927,0.8179968893527985,1.9961762707680464,334.0360830537975,0.4,187,moderate_abatement,JUSTICE_GSA
0.0036549716340377927,0.8179968893527985,0.7741222977638245,448.64522227086127,0.4,188,moderate_abatement,JUSTICE_GSA
0.0036549716340377927,0.8179968893527985,0.7741222977638245,334.0360830537975,0.4,189,moderate_abatement,JUSTICE_GSA
0.029569897083565593,1.237399878911674,0.9073677710257471,732.5608256040141,0.4,190,moderate_abatement,JUSTICE_GSA
0.019821288995444775,1.237399878911674,0.9073677710257471,732.5608256040141,0.4,191,moderate_abatement,JUSTICE_GSA
0.029569897083565593,1.3075847504660487,0.9073677710257471,732.5608256040141,0.4,192,moderate_abatement,JUSTICE_GSA
0.029569897083565593,1.237399878911674,1.2919252570718527,732.5608256040141,0.4,193,moderate_abatement,JUSTICE_GSA
0.029569897083565593,1.237399878911674,0.9073677710257471,998.8487506117672,0.4,194,moderate_abatement,JUSTICE_GSA
0.029569897083565593,1.3075847504660487,1.2919252570718527,998.8487506117672,0.4,195,moderate_abatement,JUSTICE_GSA
0.019821288995444775,1.237399878911674,1.2919252570718527,998.8487506117672,0.4,196,moderate_abatement,JUSTICE_GSA
0.019821288995444775,1.3075847504660487,0.9073677710257471,998.8487506117672,0.4,197,moderate_abatement,JUSTICE_GSA
0.019821288995444775,1.3075847504660487,1.2919252570718527,732.5608256040141,0.4,198,moderate_abatement,JUSTICE_GSA
0.019821288995444775,1.3075847504660487,1.2919252570718527,998.8487506117672,0.4,199,moderate_abatement,JUSTICE_GSA
0.02504474648833275,0.8145189415663481,0.6961743142455816,516.8311836980283,0.4,200,moderate_abatement,JUSTICE_GSA
0.015557337494567034,0.8145189415663481,0.6961743142455816,516.8311836980283,0.4,201,moderate_abatement,JUSTICE_GSA
0.02504474648833275,1.15713522862643,0.6961743142455816,516.8311836980283,0.4,202,moderate_abatement,JUSTICE_GSA
0.02504474648833275,0.8145189415663481,0.5700654587708414,516.8311836980283,0.4,203,moderate_abatement,JUSTICE_GSA
0.02504474648833275,0.8145189415663481,0.6961743142455816,413.85153692401946,0.4,204,moderate_abatement,JUSTICE_GSA
0.02504474648833275,1.15713522862643,0.5700654587708414,413.85153692401946,0.4,205,moderate_abatement,JUSTICE_GSA
0.015557337494567034,0.8145189415663481,0.5700654587708414,413.85153692401946,0.4,206,moderate_abatement,JUSTICE_GSA
0.015557337494567034,1.15713522862643,0.6961743142455816,413.85153692401946,0.4,207,moderate_abatement,JUSTICE_GSA
0.015557337494567034,1.15713522862643,0.5700654587708414,516.8311836980283,0.4,208,moderate_abatement,JUSTICE_GSA
0.015557337494567034,1.15713522862643,0.5700654587708414,413.85153692401946,0.4,209,moderate_abatement,JUSTICE_GSA
0.007882955190725623,1.0542230065912008,1.4119603312574327,305.12245832476765,0.4,210,moderate_abatement,JUSTICE_GSA
0.006640958770178258,1.0542230065912008,1.4119603312574327,305.12245832476765,0.4,211,moderate_abatement,JUSTICE_GSA
0.007882955190725623,0.7185041233897209,1.4119603312574327,305.12245832476765,0.4,212,moderate_abatement,JUSTICE_GSA
0.007882955190725623,1.0542230065912008,1.4498164313845336,305.12245832476765,0.4,213,moderate_abatement,JUSTICE_GSA
0.007882955190725623,1.0542230065912008,1.4119603312574327,762.5735829249024,0.4,214,moderate_abatement,JUSTICE_GSA
0.007882955190725623,0.7185041233897209,1.4498164313845336,762.5735829249024,0.4,215,moderate_abatement,JUSTICE_GSA
0.006640958770178258,1.0542230065912008,1.4498164313845336,762.5735829249024,0.4,216,moderate_abatement,JUSTICE_GSA
0.006640958770178258,0.7185041233897209,1.4119603312574327,762.5735829249024,0.4,217,moderate_abatement,JUSTICE_GSA
0.006640958770178258,0.7185041233897209,1.4498164313845336,305.12245832476765,0.4,218,moderate_abatement,JUSTICE_GSA
0.006640958770178258,0.7185041233897209,1.4498164313845336,762.5735829249024,0.4,219,moderate_abatement,JUSTICE_GSA
0.013202918504364787,0.7250608094036579,1.1787754106335342,921.8927491204813,0.4,220,moderate_abatement,JUSTICE_GSA
0.00964776667393744,0.7250608094036579,1.1787754106335342,921.8927491204813,0.4,221,moderate_abatement,JUSTICE_GSA
0.013202918504364787,0.8753947308287024,1.1787754106335342,921.8927491204813,0.4,222,moderate_abatement,JUSTICE_GSA
0.013202918504364787,0.7250608094036579,0.9376130094751716,921.8927491204813,0.4,223,moderate_abatement,JUSTICE_GSA
0.013202918504364787,0.7250608094036579,1.1787754106335342,639.3912800149992,0.4,224,moderate_abatement,JUSTICE_GSA
0.013202918504364787,0.8753947308287024,0.9376130094751716,639.3912800149992,0.4,225,moderate_abatement,JUSTICE_GSA
0.00964776667393744,0.7250608094036579,0.9376130094751716,639.3912800149992,0.4,226,moderate_abatement,JUSTICE_GSA
0.00964776667393744,0.8753947308287024,1.1787754106335342,639.3912800149992,0.4,227,moderate_abatement,JUSTICE_GSA
0.00964776667393744,0.8753947308287024,0.9376130094751716,921.8927491204813,0.4,228,moderate_abatement,JUSTICE_GSA
0.00964776667393744,0.8753947308287024,0.9376130094751716,639.3912800149992,0.4,229,moderate_abatement,JUSTICE_GSA
0.01586623091250658,1.3944136463105679,1.6778943464159966,134.62070754170418,0.4,230,moderate_abatement,JUSTICE_GSA
0.029672809637151656,1.3944136463105679,1.6778943464159966,134.62070754170418,0.4,231,moderate_abatement,JUSTICE_GSA
0.01586623091250658,1.4992103092372417,1.6778943464159966,134.62070754170418,0.4,232,moderate_abatement,JUSTICE_GSA
0.01586623091250658,1.3944136463105679,1.8315589474514127,134.62070754170418,0.4,233,moderate_abatement,JUSTICE_GSA
0.01586623091250658,1.3944136463105679,1.6778943464159966,37.90025209914893,0.4,234,moderate_abatement,JUSTICE_GSA
0.01586623091250658,1.4992103092372417,1.8315589474514127,37.90025209914893,0.4,235,moderate_abatement,JUSTICE_GSA
0.029672809637151656,1.3944136463105679,1.8315589474514127,37.90025209914893,0.4,236,moderate_abatement,JUSTICE_GSA
0.029672809637151656,1.4992103092372417,1.6778943464159966,37.90025209914893,0.4,237,moderate_abatement,JUSTICE_GSA
0.029672809637151656,1.4992103092372417,1.8315589474514127,134.62070754170418,0.4,238,moderate_abatement,JUSTICE_GSA
0.029672809637151656,1.4992103092372417,1.8315589474514127,37.90025209914893,0.4,239,moderate_abatement,JUSTICE_GSA
0.01863811682537198,0.9539052555337548,1.1057155979797244,354.3918248359114,0.4,240,moderate_abatement,JUSTICE_GSA
0.013823787236586213,0.9539052555337548,1.1057155979797244,354.3918248359114,0.4,241,moderate_abatement,JUSTICE_GSA
0.01863811682537198,1.3688199911266565,1.1057155979797244,354.3918248359114,0.4,242,moderate_abatement,JUSTICE_GSA
0.01863811682537198,0.9539052555337548,0.6122106108814478,354.3918248359114,0.4,243,moderate_abatement,JUSTICE_GSA
0.01863811682537198,0.9539052555337548,1.1057155979797244,488.79744114074856,0.4,244,moderate_abatement,JUSTICE_GSA
0.01863811682537198,1.3688199911266565,0.6122106108814478,488.79744114074856,0.4,245,moderate_abatement,JUSTICE_GSA
0.013823787236586213,0.9539052555337548,0.6122106108814478,488.79744114074856,0.4,246,moderate_abatement,JUSTICE_GSA
0.013823787236586213,1.3688199911266565,1.1057155979797244,488.79744114074856,0.4,247,moderate_abatement,JUSTICE_GSA
0.013823787236586213,1.3688199911266565,0.6122106108814478,354.3918248359114,0.4,248,moderate_abatement,JUSTICE_GSA
0.013823787236586213,1.3688199911266565,0.6122106108814478,488.79744114074856,0.4,249,moderate_abatement,JUSTICE_GSA
0.014049023167230189,1.1614836240187287,1.7992882863618433,575.8430733559653,0.4,250,moderate_abatement,JUSTICE_GSA
0.022803832269273697,1.1614836240187287,1.7992882863618433,575.8430733559653,0.4,251,moderate_abatement,JUSTICE_GSA
0.014049023167230189,0.7568224603310227,1.7992882863618433,575.8430733559653,0.4,252,moderate_abatement,JUSTICE_GSA
0.014049023167230189,1.1614836240187287,1.5944591499865055,575.8430733559653,0.4,253,moderate_abatement,JUSTICE_GSA
0.014049023167230189,1.1614836240187287,1.7992882863618433,843.4719070782885,0.4,254,moderate_abatement,JUSTICE_GSA
0.014049023167230189,0.7568224603310227,1.5944591499865055,843.4719070782885,0.4,255,moderate_abatement,JUSTICE_GSA
0.022803832269273697,1.1614836240187287,1.5944591499865055,843.4719070782885,0.4,256,moderate_abatement,JUSTICE_GSA
0.022803832269273697,0.7568224603310227,1.7992882863618433,843.4719070782885,0.4,257,moderate_abatement,JUSTICE_GSA
0.022803832269273697,0.7568224603310227,1.5944591499865055,575.8430733559653,0.4,258,moderate_abatement,JUSTICE_GSA
0.022803832269273697,0.7568224603310227,1.5944591499865055,843.4719070782885,0.4,259,moderate_abatement,JUSTICE_GSA
0.005111119621433317,0.6139359129592776,0.8150047664530575,209.2305395519361,0.4,260,moderate_abatement,JUSTICE_GSA
0.022511344941332934,0.6139359129592776,0.8150047664530575,209.2305395519361,0.4,261,moderate_abatement,JUSTICE_GSA
0.005111119621433317,0.5870533864945173,0.8150047664530575,209.2305395519361,0.4,262,moderate_abatement,JUSTICE_GSA
0.005111119621433317,0.6139359129592776,0.9833097667433321,209.2305395519361,0.4,263,moderate_abatement,JUSTICE_GSA
0.005111119621433317,0.6139359129592776,0.8150047664530575,716.5397831778973,0.4,264,moderate_abatement,JUSTICE_GSA
0.005111119621433317,0.5870533864945173,0.9833097667433321,716.5397831778973,0.4,265,moderate_abatement,JUSTICE_GSA
0.022511344941332934,0.6139359129592776,0.9833097667433321,716.5397831778973,0.4,266,moderate_abatement,JUSTICE_GSA
0.022511344941332934,0.5870533864945173,0.8150047664530575,716.5397831778973,0.4,267,moderate_abatement,JUSTICE_GSA
0.022511344941332934,0.5870533864945173,0.9833097667433321,209.2305395519361,0.4,268,moderate_abatement,JUSTICE_GSA
0.022511344941332934,0.5870533864945173,0.9833097667433321,716.5397831778973,0.4,269,moderate_abatement,JUSTICE_GSA
0.024198692169040442,1.2512087998911738,1.3385343188419938,986.7981668096036,0.4,270,moderate_abatement,JUSTICE_GSA
0.0024367976626381276,1.2512087998911738,1.3385343188419938,986.7981668096036,0.4,271,moderate_abatement,JUSTICE_GSA
0.024198692169040442,1.0375480772927403,1.3385343188419938,986.7981668096036,0.4,272,moderate_abatement,JUSTICE_GSA
0.024198692169040442,1.2512087998911738,1.974068418610841,986.7981668096036,0.4,273,moderate_abatement,JUSTICE_GSA
0.024198692169040442,1.2512087998911738,1.3385343188419938,117.08358791843057,0.4,274,moderate_abatement,JUSTICE_GSA
0.024198692169040442,1.0375480772927403,1.974068418610841,117.08358791843057,0.4,275,moderate_abatement,JUSTICE_GSA
0.0024367976626381276,1.2512087998911738,1.974068418610841,117.08358791843057,0.4,276,moderate_abatement,JUSTICE_GSA
0.0024367976626381276,1.0375480772927403,1.3385343188419938,117.08358791843057,0.4,277,moderate_abatement,JUSTICE_GSA
0.0024367976626381276,1.0375480772927403,1.974068418610841,986.7981668096036,0.4,278,moderate_abatement,JUSTICE_GSA
0.0024367976626381276,1.0375480772927403,1.974068418610841,117.08358791843057,0.4,279,moderate_abatement,JUSTICE_GSA
0.026911346005275845,0.6720784585922956,1.882097997236997,764.9622424440458,0.4,280,moderate_abatement,JUSTICE_GSA
0.005762627576477826,0.6720784585922956,1.882097997236997,764.9622424440458,0.4,281,moderate_abatement,JUSTICE_GSA
0.026911346005275845,1.4340074257925153,1.882097997236997,764.9622424440458,0.4,282,moderate_abatement,JUSTICE_GSA
0.026911346005275845,0.6720784585922956,1.1987650552764535,764.9622424440458,0.4,283,moderate_abatement,JUSTICE_GSA
0.026911346005275845,0.6720784585922956,1.882097997236997,546.3605032116175,0.4,284,moderate_abatement,JUSTICE_GSA
0.026911346005275845,1.4340074257925153,1.1987650552764535,546.3605032116175,0.4,285,moderate_abatement,JUSTICE_GSA
0.005762627576477826,0.6720784585922956,1.1987650552764535,546.3605032116175,0.4,286,moderate_abatement,JUSTICE_GSA
0.005762627576477826,1.4340074257925153,1.882097997236997,546.3605032116175,0.4,287,moderate_abatement,JUSTICE_GSA
0.005762627576477826,1.4340074257925153,1.1987650552764535,764.9622424440458,0.4,288,moderate_abatement,JUSTICE_GSA
0.005762627576477826,1.4340074257925153,1.1987650552764535,546.3605032116175,0.4,289,moderate_abatement,JUSTICE_GSA
0.0023874073764309283,1.4430014099925756,0.9760301718488336,40.09322428703308,0.4,290,moderate_abatement,JUSTICE_GSA
0.01858723794668913,1.4430014099925756,0.9760301718488336,40.09322428703308,0.4,291,moderate_abatement,JUSTICE_GSA
0.0023874073764309283,0.9406583961099386,0.9760301718488336,40.09322428703308,0.4,292,moderate_abatement,JUSTICE_GSA
0.0023874073764309283,1.4430014099925756,1.8047790629789233,40.09322428703308,0.4,293,moderate_abatement,JUSTICE_GSA
0.0023874073764309283,1.4430014099925756,0.9760301718488336,130.3155992794782,0.4,294,moderate_abatement,JUSTICE_GSA
0.0023874073764309283,0.9406583961099386,1.8047790629789233,130.3155992794782,0.4,295,moderate_abatement,JUSTICE_GSA
0.01858723794668913,1.4430014099925756,1.8047790629789233,130.3155992794782,0.4,296,moderate_abatement,JUSTICE_GSA
0.01858723794668913,0.9406583961099386,0.9760301718488336,130.3155992794782,0.4,297,moderate_abatement,JUSTICE_GSA
0.01858723794668913,0.9406583961099386,1.8047790629789233,40.09322428703308,0.4,298,moderate_abatement,JUSTICE_GSA
0.01858723794668913,0.9406583961099386,1.8047790629789233,130.3155992794782,0.4,299,moderate_abatement,JUSTICE_GSA
0.011339222169481217,0.7698450423777103,1.5854966519400477,672.545482929796,0.4,300,moderate_abatement,JUSTICE_GSA
0.027152785328216848,0.7698450423777103,1.5854966519400477,672.545482929796,0.4,301,moderate_abatement,JUSTICE_GSA
0.011339222169481217,0.6532097766175866,1.5854966519400477,672.545482929796,0.4,302,moderate_abatement,JUSTICE_GSA
0.011339222169481217,0.7698450423777103,0.8170282165519893,672.545482929796,0.4,303,moderate_abatement,JUSTICE_GSA
0.011339222169481217,0.7698450423777103,1.5854966519400477,257.03417977970093,0.4,304,moderate_abatement,JUSTICE_GSA
0.011339222169481217,0.6532097766175866,0.8170282165519893,257.03417977970093,0.4,305,moderate_abatement,JUSTICE_GSA
0.027152785328216848,0.7698450423777103,0.8170282165519893,257.03417977970093,0.4,306,moderate_abatement,JUSTICE_GSA
0.027152785328216848,0.6532097766175866,1.5854966519400477,257.03417977970093,0.4,307,moderate_abatement,JUSTICE_GSA
0.027152785328216848,0.6532097766175866,0.8170282165519893,672.545482929796,0.4,308,moderate_abatement,JUSTICE_GSA
0.027152785328216848,0.6532097766175866,0.8170282165519893,257.03417977970093,0.4,309,moderate_abatement,JUSTICE_GSA
0.021365179726853967,1.095478992909193,0.5211667180992663,398.4257550993934,0.4,310,moderate_abatement,JUSTICE_GSA
0.010922692760825158,1.095478992909193,0.5211667180992663,398.4257550993934,0.4,311,moderate_abatement,JUSTICE_GSA
0.021365179726853967,1.222368286922574,0.5211667180992663,398.4257550993934,0.4,312,moderate_abatement,JUSTICE_GSA
0.021365179726853967,1.095478992909193,1.437225745525211,398.4257550993934,0.4,313,moderate_abatement,JUSTICE_GSA
0.021365179726853967,1.095478992909193,0.5211667180992663,919.9949370445684,0.4,314,moderate_abatement,JUSTICE_GSA
0.021365179726853967,1.222368286922574,1.437225745525211,919.9949370445684,0.4,315,moderate_abatement,JUSTICE_GSA
0.010922692760825158,1.095478992909193,1.437225745525211,919.9949370445684,0.4,316,moderate_abatement,JUSTICE_GSA
0.010922692760825158,1.222368286922574,0.5211667180992663,919.9949370445684,0.4,317,moderate_abatement,JUSTICE_GSA
0.010922692760825158,1.222368286922574,1.437225745525211,398.4257550993934,0.4,318,moderate_abatement,JUSTICE_GSA
0.010922692760825158,1.222368286922574,1.437225745525211,919.9949370445684,0.4,319,moderate_abatement,JUSTICE_GSA
0.021508263561874626,0.6443706257268786,0.9342018347233534,154.65236520860344,0.4,320,moderate_abatement,JUSTICE_GSA
0.017066883267834784,0.6443706257268786,0.9342018347233534,154.65236520860344,0.4,321,moderate_abatement,JUSTICE_GSA
0.021508263561874626,1.0492597883567214,0.9342018347233534,154.65236520860344,0.4,322,moderate_abatement,JUSTICE_GSA
0.021508263561874626,0.6443706257268786,0.73963857954368,154.65236520860344,0.4,323,moderate_abatement,JUSTICE_GSA
0.021508263561874626,0.6443706257268786,0.9342018347233534,816.5638114027679,0.4,324,moderate_abatement,JUSTICE_GSA
0.021508263561874626,1.0492597883567214,0.73963857954368,816.5638114027679,0.4,325,moderate_abatement,JUSTICE_GSA
0.017066883267834784,0.6443706257268786,0.73963857954368,816.5638114027679,0.4,326,moderate_abatement,JUSTICE_GSA
0.017066883267834784,1.0492597883567214,0.9342018347233534,816.5638114027679,0.4,327,moderate_abatement,JUSTICE_GSA
0.017066883267834784,1.0492597883567214,0.73963857954368,154.65236520860344,0.4,328,moderate_abatement,JUSTICE_GSA
0.017066883267834784,1.0492597883567214,0.73963857954368,816.5638114027679,0.4,329,moderate_abatement,JUSTICE_GSA
0.011596472264267504,1.4748634127900004,1.9107427350245416,932.1724122576416,0.4,330,moderate_abatement,JUSTICE_GSA
0.007867085351608693,1.4748634127900004,1.9107427350245416,932.1724122576416,0.4,331,moderate_abatement,JUSTICE_GSA
0.011596472264267504,0.5753428526222706,1.9107427350245416,932.1724122576416,0.4,332,moderate_abatement,JUSTICE_GSA
0.011596472264267504,1.4748634127900004,1.2561068716458976,932.1724122576416,0.4,333,moderate_abatement,JUSTICE_GSA
0.011596472264267504,1.4748634127900004,1.9107427350245416,477.53564583323896,0.4,334,moderate_abatement,JUSTICE_GSA
0.011596472264267504,0.5753428526222706,1.2561068716458976,477.53564583323896,0.4,335,moderate_abatement,JUSTICE_GSA
0.007867085351608693,1.4748634127900004,1.2561068716458976,477.53564583323896,0.4,336,moderate_abatement,JUSTICE_GSA
0.007867085351608693,0.5753428526222706,1.9107427350245416,477.53564583323896,0.4,337,moderate_abatement,JUSTICE_GSA
0.007867085351608693,0.5753428526222706,1.2561068716458976,932.1724122576416,0.4,338,moderate_abatement,JUSTICE_GSA
0.007867085351608693,0.5753428526222706,1.2561068716458976,477.53564583323896,0.4,339,moderate_abatement,JUSTICE_GSA
0.00223945436719805,0.8043935755267739,0.644843194168061,284.1108977049589,0.4,340,moderate_abatement,JUSTICE_GSA
0.008364887112751603,0.8043935755267739,0.644843194168061,284.1108977049589,0.4,341,moderate_abatement,JUSTICE_GSA
0.00223945436719805,0.7685484765097499,0.644843194168061,284.1108977049589,0.4,342,moderate_abatement,JUSTICE_GSA
0.00223945436719805,0.8043935755267739,1.1196137433871627,284.1108977049589,0.4,343,moderate_abatement,JUSTICE_GSA
0.00223945436719805,0.8043935755267739,0.644843194168061,104.93893504794687,0.4,344,moderate_abatement,JUSTICE_GSA
0.00223945436719805,0.7685484765097499,1.1196137433871627,104.93893504794687,0.4,345,moderate_abatement,JUSTICE_GSA
0.008364887112751603,0.8043935755267739,1.1196137433871627,104.93893504794687,0.4,346,moderate_abatement,JUSTICE_GSA
0.008364887112751603,0.7685484765097499,0.644843194168061,104.93893504794687,0.4,347,moderate_abatement,JUSTICE_GSA
0.008364887112751603,0.7685484765097499,1.1196137433871627,284.1108977049589,0.4,348,moderate_abatement,JUSTICE_GSA
0.008364887112751603,0.7685484765097499,1.1196137433871627,104.93893504794687,0.4,349,moderate_abatement,JUSTICE_GSA
0.026652766775339842,1.064596408046782,1.4515662640333176,505.5793584631756,0.4,350,moderate_abatement,JUSTICE_GSA
0.028220238096080718,1.064596408046782,1.4515662640333176,505.5793584631756,0.4,351,moderate_abatement,JUSTICE_GSA
0.026652766775339842,1.3570932447910309,1.4515662640333176,505.5793584631756,0.4,352,moderate_abatement,JUSTICE_GSA
0.026652766775339842,1.064596408046782,1.6268423618748784,505.5793584631756,0.4,353,moderate_abatement,JUSTICE_GSA
0.026652766775339842,1.064596408046782,1.4515662640333176,688.8074520314112,0.4,354,moderate_abatement,JUSTICE_GSA
0.026652766775339842,1.3570932447910309,1.6268423618748784,688.8074520314112,0.4,355,moderate_abatement,JUSTICE_GSA
0.028220238096080718,1.064596408046782,1.6268423618748784,688.8074520314112,0.4,356,moderate_abatement,JUSTICE_GSA
0.028220238096080718,1.3570932447910309,1.4515662640333176,688.8074520314112,0.4,357,moderate_abatement,JUSTICE_GSA
0.028220238096080718,1.3570932447910309,1.6268423618748784,505.5793584631756,0.4,358,moderate_abatement,JUSTICE_GSA
0.028220238096080718,1.3570932447910309,1.6268423618748784,688.8074520314112,0.4,359,moderate_abatement,JUSTICE_GSA
0.023885688187554478,0.9874734170734882,1.663687418680638,742.7789452206343,0.4,360,moderate_abatement,JUSTICE_GSA
0.02534746998269111,0.9874734170734882,1.663687418680638,742.7789452206343,0.4,361,moderate_abatement,JUSTICE_GSA
0.023885688187554478,1.2419077679514885,1.663687418680638,742.7789452206343,0.4,362,moderate_abatement,JUSTICE_GSA
0.023885688187554478,0.9874734170734882,0.9483098280616105,742.7789452206343,0.4,363,moderate_abatement,JUSTICE_GSA
0.023885688187554478,0.9874734170734882,1.663687418680638,150.24202411342412,0.4,364,moderate_abatement,JUSTICE_GSA
0.023885688187554478,1.2419077679514885,0.9483098280616105,150.24202411342412,0.4,365,moderate_abatement,JUSTICE_GSA
0.02534746998269111,0.9874734170734882,0.9483098280616105,150.24202411342412,0.4,366,moderate_abatement,JUSTICE_GSA
0.02534746998269111,1.2419077679514885,1.663687418680638,150.24202411342412,0.4,367,moderate_abatement,JUSTICE_GSA
0.02534746998269111,1.2419077679514885,0.9483098280616105,742.7789452206343,0.4,368,moderate_abatement,JUSTICE_GSA
0.02534746998269111,1.2419077679514885,0.9483098280616105,150.24202411342412,0.4,369,moderate_abatement,JUSTICE_GSA
0.00491051188018173,1.1315737925469875,1.2281328663229942,468.6154480641708,0.4,370,moderate_abatement,JUSTICE_GSA
0.012742182090878486,1.1315737925469875,1.2281328663229942,468.6154480641708,0.4,371,moderate_abatement,JUSTICE_GSA
0.00491051188018173,0.6336715025827289,1.2281328663229942,468.6154480641708,0.4,372,moderate_abatement,JUSTICE_GSA
0.00491051188018173,1.1315737925469875,1.8443114110268652,468.6154480641708,0.4,373,moderate_abatement,JUSTICE_GSA
0.00491051188018173,1.1315737925469875,1.2281328663229942,550.7016315711662,0.4,374,moderate_abatement,JUSTICE_GSA
0.00491051188018173,0.6336715025827289,1.8443114110268652,550.7016315711662,0.4,375,moderate_abatement,JUSTICE_GSA
0.012742182090878486,1.1315737925469875,1.8443114110268652,550.7016315711662,0.4,376,moderate_abatement,JUSTICE_GSA
0.012742182090878486,0.6336715025827289,1.2281328663229942,550.7016315711662,0.4,377,moderate_abatement,JUSTICE_GSA
0.012742182090878486,0.6336715025827289,1.8443114110268652,468.6154480641708,0.4,378,moderate_abatement,JUSTICE_GSA
0.012742182090878486,0.6336715025827289,1.8443114110268652,550.7016315711662,0.4,379,moderate_abatement,JUSTICE_GSA
0.014366899779997767,0.5852477084845304,1.3684833254665136,819.6187259582803,0.4,380,moderate_abatement,JUSTICE_GSA
0.00397130471933633,0.5852477084845304,1.3684833254665136,819.6187259582803,0.4,381,moderate_abatement,JUSTICE_GSA
0.014366899779997767,0.9601816646754742,1.3684833254665136,819.6187259582803,0.4,382,moderate_abatement,JUSTICE_GSA
0.014366899779997767,0.5852477084845304,0.58112383633852,819.6187259582803,0.4,383,moderate_abatement,JUSTICE_GSA
0.014366899779997767,0.5852477084845304,1.3684833254665136,923.4508818630129,0.4,384,moderate_abatement,JUSTICE_GSA
0.014366899779997767,0.9601816646754742,0.58112383633852,923.4508818630129,0.4,385,moderate_abatement,JUSTICE_GSA
0.00397130471933633,0.5852477084845304,0.58112383633852,923.4508818630129,0.4,386,moderate_abatement,JUSTICE_GSA
0.00397130471933633,0.9601816646754742,1.3684833254665136,923.4508818630129,0.4,387,moderate_abatement,JUSTICE_GSA
0.00397130471933633,0.9601816646754742,0.58112383633852,819.6187259582803,0.4,388,moderate_abatement,JUSTICE_GSA
0.00397130471933633,0.9601816646754742,0.58112383633852,923.4508818630129,0.4,389,moderate_abatement,JUSTICE_GSA
0.018840057158842682,1.2840435560792685,0.7748018479906023,94.7631091568619,0.4,390,moderate_abatement,JUSTICE_GSA
0.02042105510085821,1.2840435560792685,0.7748018479906023,94.7631091568619,0.4,391,moderate_abatement,JUSTICE_GSA
0.018840057158842682,1.4144834568724036,0.7748018479906023,94.7631091568619,0.4,392,moderate_abatement,JUSTICE_GSA
0.018840057158842682,1.2840435560792685,1.4622066151350737,94.7631091568619,0.4,393,moderate_abatement,JUSTICE_GSA
0.018840057158842682,1.2840435560792685,0.7748018479906023,276.1388067677617,0.4,394,moderate_abatement,JUSTICE_GSA
0.018840057158842682,1.4144834568724036,1.4622066151350737,276.1388067677617,0.4,395,moderate_abatement,JUSTICE_GSA
0.02042105510085821,1.2840435560792685,1.4622066151350737,276.1388067677617,0.4,396,moderate_abatement,JUSTICE_GSA
0.02042105510085821,1.4144834568724036,0.7748018479906023,276.1388067677617,0.4,397,moderate_abatement,JUSTICE_GSA
0.02042105510085821,1.4144834568724036,1.4622066151350737,94.7631091568619,0.4,398,moderate_abatement,JUSTICE_GSA
0.02042105510085821,1.4144834568724036,1.4622066151350737,276.1388067677617,0.4,399,moderate_abatement,JUSTICE_GSA
0.016174388190731404,0.8456495059654117,1.252944499719888,378.39412720501423,0.4,400,moderate_abatement,JUSTICE_GSA
0.005460231666453182,0.8456495059654117,1.252944499719888,378.39412720501423,0.4,401,moderate_abatement,JUSTICE_GSA
0.016174388190731404,1.2958577806130052,1.252944499719888,378.39412720501423,0.4,402,moderate_abatement,JUSTICE_GSA
0.016174388190731404,0.8456495059654117,0.9940484249964356,378.39412720501423,0.4,403,moderate_abatement,JUSTICE_GSA
0.016174388190731404,0.8456495059654117,1.252944499719888,199.85898479633033,0.4,404,moderate_abatement,JUSTICE_GSA
0.016174388190731404,1.2958577806130052,0.9940484249964356,199.85898479633033,0.4,405,moderate_abatement,JUSTICE_GSA
0.005460231666453182,0.8456495059654117,0.9940484249964356,199.85898479633033,0.4,406,moderate_abatement,JUSTICE_GSA
0.005460231666453182,1.2958577806130052,1.252944499719888,199.85898479633033,0.4,407,moderate_abatement,JUSTICE_GSA
0.005460231666453182,1.2958577806130052,0.9940484249964356,378.39412720501423,0.4,408,moderate_abatement,JUSTICE_GSA
0.005460231666453182,1.2958577806130052,0.9940484249964356,199.85898479633033,0.4,409,moderate_abatement,JUSTICE_GSA
0.013400449561886487,1.0199224529787898,0.8420065576210618,662.2658495651558,0.4,410,moderate_abatement,JUSTICE_GSA
0.018001854978501798,1.0199224529787898,0.8420065576210618,662.2658495651558,0.4,411,moderate_abatement,JUSTICE_GSA
0.013400449561886487,0.8297226820141077,0.8420065576210618,662.2658495651558,0.4,412,moderate_abatement,JUSTICE_GSA
0.013400449561886487,1.0199224529787898,1.9867797521874309,662.2658495651558,0.4,413,moderate_abatement,JUSTICE_GSA
0.013400449561886487,1.0199224529787898,0.8420065576210618,594.5028877295554,0.4,414,moderate_abatement,JUSTICE_GSA
0.013400449561886487,0.8297226820141077,1.9867797521874309,594.5028877295554,0.4,415,moderate_abatement,JUSTICE_GSA
0.018001854978501798,1.0199224529787898,1.9867797521874309,594.5028877295554,0.4,416,moderate_abatement,JUSTICE_GSA
0.018001854978501798,0.8297226820141077,0.8420065576210618,594.5028877295554,0.4,417,moderate_abatement,JUSTICE_GSA
0.018001854978501798,0.8297226820141077,1.9867797521874309,662.2658495651558,0.4,418,moderate_abatement,JUSTICE_GSA
0.018001854978501798,0.8297226820141077,1.9867797521874309,594.5028877295554,0.4,419,moderate_abatement,JUSTICE_GSA
0.007576120565645396,0.6929584452882409,1.7312583280727267,61.10481467936188,0.4,420,moderate_abatement,JUSTICE_GSA
0.027681640026159582,0.6929584452882409,1.7312583280727267,61.10481467936188,0.4,421,moderate_abatement,JUSTICE_GSA
0.007576120565645396,0.5141377570107579,1.7312583280727267,61.10481467936188,0.4,422,moderate_abatement,JUSTICE_GSA
0.007576120565645396,0.6929584452882409,0.6233187015168369,61.10481467936188,0.4,423,moderate_abatement,JUSTICE_GSA
0.007576120565645396,0.6929584452882409,1.7312583280727267,971.368041918613,0.4,424,moderate_abatement,JUSTICE_GSA
0.007576120565645396,0.5141377570107579,0.6233187015168369,971.368041918613,0.4,425,moderate_abatement,JUSTICE_GSA
0.027681640026159582,0.6929584452882409,0.6233187015168369,971.368041918613,0.4,426,moderate_abatement,JUSTICE_GSA
0.027681640026159582,0.5141377570107579,1.7312583280727267,971.368041918613,0.4,427,moderate_abatement,JUSTICE_GSA
0.027681640026159582,0.5141377570107579,0.6233187015168369,61.10481467936188,0.4,428,moderate_abatement,JUSTICE_GSA
0.027681640026159582,0.5141377570107579,0.6233187015168369,971.368041918613,0.4,429,moderate_abatement,JUSTICE_GSA
0.024852078123018144,1.4218811178579926,1.1151575283147395,776.2140974514186,0.4,430,moderate_abatement,JUSTICE_GSA
0.011281395688652992,1.4218811178579926,1.1151575283147395,776.2140974514186,0.4,431,moderate_abatement,JUSTICE_GSA
0.024852078123018144,1.1105256956070662,1.1151575283147395,776.2140974514186,0.4,432,moderate_abatement,JUSTICE_GSA
0.024852078123018144,1.4218811178579926,1.6067989110015333,776.2140974514186,0.4,433,moderate_abatement,JUSTICE_GSA
0.024852078123018144,1.4218811178579926,1.1151575283147395,322.1273625185713,0.4,434,moderate_abatement,JUSTICE_GSA
0.024852078123018144,1.1105256956070662,1.6067989110015333,322.1273625185713,0.4,435,moderate_abatement,JUSTICE_GSA
0.011281395688652992,1.4218811178579926,1.6067989110015333,322.1273625185713,0.4,436,moderate_abatement,JUSTICE_GSA
0.011281395688652992,1.1105256956070662,1.1151575283147395,322.1273625185713,0.4,437,moderate_abatement,JUSTICE_GSA
0.011281395688652992,1.1105256956070662,1.6067989110015333,776.2140974514186,0.4,438,moderate_abatement,JUSTICE_GSA
0.011281395688652992,1.1105256956070662,1.6067989110015333,322.1273625185713,0.4,439,moderate_abatement,JUSTICE_GSA
0.029431659951806067,0.5010077692568302,0.5703228292986751,976.5800174204633,0.4,440,moderate_abatement,JUSTICE_GSA
0.015092283660545946,0.5010077692568302,0.5703228292986751,976.5800174204633,0.4,441,moderate_abatement,JUSTICE_GSA
0.029431659951806067,1.4796860869973898,0.5703228292986751,976.5800174204633,0.4,442,moderate_abatement,JUSTICE_GSA
0.029431659951806067,0.5010077692568302,0.7824919242411852,976.5800174204633,0.4,443,moderate_abatement,JUSTICE_GSA
0.029431659951806067,0.5010077692568302,0.5703228292986751,766.6783025888726,0.4,444,moderate_abatement,JUSTICE_GSA
0.029431659951806067,1.4796860869973898,0.7824919242411852,766.6783025888726,0.4,445,moderate_abatement,JUSTICE_GSA
0.015092283660545946,0.5010077692568302,0.7824919242411852,766.6783025888726,0.4,446,moderate_abatement,JUSTICE_GSA
0.015092283660545946,1.4796860869973898,0.5703228292986751,766.6783025888726,0.4,447,moderate_abatement,JUSTICE_GSA
0.015092283660545946,1.4796860869973898,0.7824919242411852,976.5800174204633,0.4,448,moderate_abatement,JUSTICE_GSA
0.015092283660545946,1.4796860869973898,0.7824919242411852,766.6783025888726,0.4,449,moderate_abatement,JUSTICE_GSA
0.0030925662936642766,1.3638890199363232,1.5715025127865374,189.26028398610651,0.4,450,moderate_abatement,JUSTICE_GSA
0.02424246663507074,1.3638890199363232,1.5715025127865374,189.26028398610651,0.4,451,moderate_abatement,JUSTICE_GSA
0.0030925662936642766,0.8949177460744977,1.5715025127865374,189.26028398610651,0.4,452,moderate_abatement,JUSTICE_GSA
0.0030925662936642766,1.3638890199363232,1.4014606438577175,189.26028398610651,0.4,453,moderate_abatement,JUSTICE_GSA
0.0030925662936642766,1.3638890199363232,1.5715025127865374,433.5268156649545,0.4,454,moderate_abatement,JUSTICE_GSA
0.0030925662936642766,0.8949177460744977,1.4014606438577175,433.5268156649545,0.4,455,moderate_abatement,JUSTICE_GSA
0.02424246663507074,1.3638890199363232,1.4014606438577175,433.5268156649545,0.4,456,moderate_abatement,JUSTICE_GSA
0.02424246663507074,0.8949177460744977,1.5715025127865374,433.5268156649545,0.4,457,moderate_abatement,JUSTICE_GSA
0.02424246663507074,0.8949177460744977,1.4014606438577175,189.26028398610651,0.4,458,moderate_abatement,JUSTICE_GSA
0.02424246663507074,0.8949177460744977,1.4014606438577175,433.5268156649545,0.4,459,moderate_abatement,JUSTICE_GSA
0.008817525287158786,0.9115571063011885,1.0545042832382023,587.0344566535205,0.4,460,moderate_abatement,JUSTICE_GSA
0.021016182305291294,0.9115571063011885,1.0545042832382023,587.0344566535205,0.4,461,moderate_abatement,JUSTICE_GSA
0.008817525287158786,0.6989655960351229,1.0545042832382023,587.0344566535205,0.4,462,moderate_abatement,JUSTICE_GSA
0.008817525287158786,0.9115571063011885,1.1646024868823588,587.0344566535205,0.4,463,moderate_abatement,JUSTICE_GSA
0.008817525287158786,0.9115571063011885,1.0545042832382023,57.240781649947166,0.4,464,moderate_abatement,JUSTICE_GSA
0.008817525287158786,0.6989655960351229,1.1646024868823588,57.240781649947166,0.4,465,moderate_abatement,JUSTICE_GSA
0.021016182305291294,0.9115571063011885,1.1646024868823588,57.240781649947166,0.4,466,moderate_abatement,JUSTICE_GSA
0.021016182305291294,0.6989655960351229,1.0545042832382023,57.240781649947166,0.4,467,moderate_abatement,JUSTICE_GSA
0.021016182305291294,0.6989655960351229,1.1646024868823588,587.0344566535205,0.4,468,moderate_abatement,JUSTICE_GSA
0.021016182305291294,0.6989655960351229,1.1646024868823588,57.240781649947166,0.4,469,moderate_abatement,JUSTICE_GSA
0.02065509783476591,1.2040720786899328,1.8387858578935266,375.34281698521227,0.4,470,moderate_abatement,JUSTICE_GSA
0.001224608256481588,1.2040720786899328,1.8387858578935266,375.34281698521227,0.4,471,moderate_abatement,JUSTICE_GSA
0.02065509783476591,1.1766744563356042,1.8387858578935266,375.34281698521227,0.4,472,moderate_abatement,JUSTICE_GSA
0.02065509783476591,1.2040720786899328,1.768640958238393,375.34281698521227,0.4,473,moderate_abatement,JUSTICE_GSA
0.02065509783476591,1.2040720786899328,1.8387858578935266,643.0988770592958,0.4,474,moderate_abatement,JUSTICE_GSA
0.02065509783476591,1.1766744563356042,1.768640958238393,643.0988770592958,0.4,475,moderate_abatement,JUSTICE_GSA
0.001224608256481588,1.2040720786899328,1.768640958238393,643.0988770592958,0.4,476,moderate_abatement,JUSTICE_GSA
0.001224608256481588,1.1766744563356042,1.8387858578935266,643.0988770592958,0.4,477,moderate_abatement,JUSTICE_GSA
0.001224608256481588,1.1766744563356042,1.768640958238393,375.34281698521227,0.4,478,moderate_abatement,JUSTICE_GSA
0.001224608256481588,1.1766744563356042,1.768640958238393,643.0988770592958,0.4,479,moderate_abatement,JUSTICE_GSA
0.019757733718492092,0.8916539503261447,0.7827455005608499,874.8147396380082,0.4,480,moderate_abatement,JUSTICE_GSA
0.029239496696740388,0.8916539503261447,0.7827455005608499,874.8147396380082,0.4,481,moderate_abatement,JUSTICE_GSA
0.019757733718492092,0.9077518498525023,0.7827455005608499,874.8147396380082,0.4,482,moderate_abatement,JUSTICE_GSA
0.019757733718492092,0.8916539503261447,1.3147903471253812,874.8147396380082,0.4,483,moderate_abatement,JUSTICE_GSA
0.019757733718492092,0.8916539503261447,0.7827455005608499,28.833463745191693,0.4,484,moderate_abatement,JUSTICE_GSA
0.019757733718492092,0.9077518498525023,1.3147903471253812,28.833463745191693,0.4,485,moderate_abatement,JUSTICE_GSA
0.029239496696740388,0.8916539503261447,1.3147903471253812,28.833463745191693,0.4,486,moderate_abatement,JUSTICE_GSA
0.029239496696740388,0.9077518498525023,0.7827455005608499,28.833463745191693,0.4,487,moderate_abatement,JUSTICE_GSA
0.029239496696740388,0.9077518498525023,1.3147903471253812,874.8147396380082,0.4,488,moderate_abatement,JUSTICE_GSA
0.029239496696740388,0.9077518498525023,1.3147903471253812,28.833463745191693,0.4,489,moderate_abatement,JUSTICE_GSA
0.009732688773423433,1.2232466815039515,1.312245650216937,87.49303749576211,0.4,490,moderate_abatement,JUSTICE_GSA
0.009157585860230029,1.2232466815039515,1.312245650216937,87.49303749576211,0.4,491,moderate_abatement,JUSTICE_GSA
0.009732688773423433,1.4676445461809635,1.312245650216937,87.49303749576211,0.4,492,moderate_abatement,JUSTICE_GSA
0.009732688773423433,1.2232466815039515,0.7043818081729114,87.49303749576211,0.4,493,moderate_abatement,JUSTICE_GSA
0.009732688773423433,1.2232466815039515,1.312245650216937,679.0647232681513,0.4,494,moderate_abatement,JUSTICE_GSA
0.009732688773423433,1.4676445461809635,0.7043818081729114,679.0647232681513,0.4,495,moderate_abatement,JUSTICE_GSA
0.009157585860230029,1.2232466815039515,0.7043818081729114,679.0647232681513,0.4,496,moderate_abatement,JUSTICE_GSA
0.009157585860230029,1.4676445461809635,1.312245650216937,679.0647232681513,0.4,497,moderate_abatement,JUSTICE_GSA
0.009157585860230029,1.4676445461809635,0.7043818081729114,87.49303749576211,0.4,498,moderate_abatement,JUSTICE_GSA
0.009157585860230029,1.4676445461809635,0.7043818081729114,679.0647232681513,0.4,499,moderate_abatement,JUSTICE_GSA
0.003993438687175512,0.5521647343412042,1.079426884651184,688.6807485595345,0.4,500,moderate_abatement,JUSTICE_GSA
0.0070738491378724575,0.5521647343412042,1.079426884651184,688.6807485595345,0.4,501,moderate_abatement,JUSTICE_GSA
0.003993438687175512,1.1260023741051555,1.079426884651184,688.6807485595345,0.4,502,moderate_abatement,JUSTICE_GSA
0.003993438687175512,0.5521647343412042,1.6855182824656367,688.6807485595345,0.4,503,moderate_abatement,JUSTICE_GSA
0.003993438687175512,0.5521647343412042,1.079426884651184,802.8886593403295,0.4,504,moderate_abatement,JUSTICE_GSA
0.003993438687175512,1.1260023741051555,1.6855182824656367,802.8886593403295,0.4,505,moderate_abatement,JUSTICE_GSA
0.0070738491378724575,0.5521647343412042,1.6855182824656367,802.8886593403295,0.4,506,moderate_abatement,JUSTICE_GSA
0.0070738491378724575,1.1260023741051555,1.079426884651184,802.8886593403295,0.4,507,moderate_abatement,JUSTICE_GSA
0.0070738491378724575,1.1260023741051555,1.6855182824656367,688.6807485595345,0.4,508,moderate_abatement,JUSTICE_GSA
0.0070738491378724575,1.1260023741051555,1.6855182824656367,802.8886593403295,0.4,509,moderate_abatement,JUSTICE_GSA
0.02852006005588919,1.3134682262316346,1.7670289757661521,476.9833367438987,0.4,510,moderate_abatement,JUSTICE_GSA
0.016047083743847907,1.3134682262316346,1.7670289757661521,476.9833367438987,0.4,511,moderate_abatement,JUSTICE_GSA
0.02852006005588919,0.7483568340539932,1.7670289757661521,476.9833367438987,0.4,512,moderate_abatement,JUSTICE_GSA
0.02852006005588919,1.3134682262316346,1.084363722242415,476.9833367438987,0.4,513,moderate_abatement,JUSTICE_GSA
0.02852006005588919,1.3134682262316346,1.7670289757661521,405.36349472682923,0.4,514,moderate_abatement,JUSTICE_GSA
0.02852006005588919,0.7483568340539932,1.084363722242415,405.36349472682923,0.4,515,moderate_abatement,JUSTICE_GSA
0.016047083743847907,1.3134682262316346,1.084363722242415,405.36349472682923,0.4,516,moderate_abatement,JUSTICE_GSA
0.016047083743847907,0.7483568340539932,1.7670289757661521,405.36349472682923,0.4,517,moderate_abatement,JUSTICE_GSA
0.016047083743847907,0.7483568340539932,1.084363722242415,476.9833367438987,0.4,518,moderate_abatement,JUSTICE_GSA
0.016047083743847907,0.7483568340539932,1.084363722242415,405.36349472682923,0.4,519,moderate_abatement,JUSTICE_GSA
0.025763574793003497,0.7362838424742222,1.605991430580616,276.6269142087549,0.4,520,moderate_abatement,JUSTICE_GSA
0.01940123753529042,0.7362838424742222,1.605991430580616,276.6269142087549,0.4,521,moderate_abatement,JUSTICE_GSA
0.025763574793003497,0.8479545190930367,1.605991430580616,276.6269142087549,0.4,522,moderate_abatement,JUSTICE_GSA
0.025763574793003497,0.7362838424742222,1.9028102834708989,276.6269142087549,0.4,523,moderate_abatement,JUSTICE_GSA
0.025763574793003497,0.7362838424742222,1.605991430580616,944.8968793740496,0.4,524,moderate_abatement,JUSTICE_GSA
0.025763574793003497,0.8479545190930367,1.9028102834708989,944.8968793740496,0.4,525,moderate_abatement,JUSTICE_GSA
0.01940123753529042,0.7362838424742222,1.9028102834708989,944.8968793740496,0.4,526,moderate_abatement,JUSTICE_GSA
0.01940123753529042,0.8479545190930367,1.605991430580616,944.8968793740496,0.4,527,moderate_abatement,JUSTICE_GSA
0.01940123753529042,0.8479545190930367,1.9028102834708989,276.6269142087549,0.4,528,moderate_abatement,JUSTICE_GSA
0.01940123753529042,0.8479545190930367,1.9028102834708989,944.8968793740496,0.4,529,moderate_abatement,JUSTICE_GSA
0.006675144838169216,1.3792842738330364,0.5358740049414337,560.5004787435755,0.4,530,moderate_abatement,JUSTICE_GSA
0.0031780521925538776,1.3792842738330364,0.5358740049414337,560.5004787435755,0.4,531,moderate_abatement,JUSTICE_GSA
0.006675144838169216,1.276465262286365,0.5358740049414337,560.5004787435755,0.4,532,moderate_abatement,JUSTICE_GSA
0.006675144838169216,1.3792842738330364,0.9132375256158412,560.5004787435755,0.4,533,moderate_abatement,JUSTICE_GSA
0.006675144838169216,1.3792842738330364,0.5358740049414337,356.15800608787686,0.4,534,moderate_abatement,JUSTICE_GSA
0.006675144838169216,1.276465262286365,0.9132375256158412,356.15800608787686,0.4,535,moderate_abatement,JUSTICE_GSA
0.0031780521925538776,1.3792842738330364,0.9132375256158412,356.15800608787686,0.4,536,moderate_abatement,JUSTICE_GSA
0.0031780521925538776,1.276465262286365,0.5358740049414337,356.15800608787686,0.4,537,moderate_abatement,JUSTICE_GSA
0.0031780521925538776,1.276465262286365,0.9132375256158412,560.5004787435755,0.4,538,moderate_abatement,JUSTICE_GSA
0.0031780521925538776,1.276465262286365,0.9132375256158412,356.15800608787686,0.4,539,moderate_abatement,JUSTICE_GSA
0.012485389301553369,0.8335702996701002,1.8968052393756807,162.74536048900336,0.4,540,moderate_abatement,JUSTICE_GSA
0.01353486971091479,0.8335702996701002,1.8968052393756807,162.74536048900336,0.4,541,moderate_abatement,JUSTICE_GSA
0.012485389301553369,1.0671435557305813,1.8968052393756807,162.74536048900336,0.4,542,moderate_abatement,JUSTICE_GSA
0.012485389301553369,0.8335702996701002,1.5207007937133312,162.74536048900336,0.4,543,moderate_abatement,JUSTICE_GSA
0.012485389301553369,0.8335702996701002,1.8968052393756807,234.13270238414407,0.4,544,moderate_abatement,JUSTICE_GSA
0.012485389301553369,1.0671435557305813,1.5207007937133312,234.13270238414407,0.4,545,moderate_abatement,JUSTICE_GSA
0.01353486971091479,0.8335702996701002,1.5207007937133312,234.13270238414407,0.4,546,moderate_abatement,JUSTICE_GSA
0.01353486971091479,1.0671435557305813,1.8968052393756807,234.13270238414407,0.4,547,moderate_abatement,JUSTICE_GSA
0.01353486971091479,1.0671435557305813,1.5207007937133312,162.74536048900336,0.4,548,moderate_abatement,JUSTICE_GSA
0.01353486971091479,1.0671435557305813,1.5207007937133312,234.13270238414407,0.4,549,moderate_abatement,JUSTICE_GSA
0.01707185564097017,1.0312654878944159,0.9965249057859182,877.8603037614375,0.4,550,moderate_abatement,JUSTICE_GSA
0.026366719184443353,1.0312654878944159,0.9965249057859182,877.8603037614375,0.4,551,moderate_abatement,JUSTICE_GSA
0.01707185564097017,0.558192296884954,0.9965249057859182,877.8603037614375,0.4,552,moderate_abatement,JUSTICE_GSA
0.01707185564097017,1.0312654878944159,0.5460554230958223,877.8603037614375,0.4,553,moderate_abatement,JUSTICE_GSA
0.01707185564097017,1.0312654878944159,0.9965249057859182,568.2752532344311,0.4,554,moderate_abatement,JUSTICE_GSA
0.01707185564097017,0.558192296884954,0.5460554230958223,568.2752532344311,0.4,555,moderate_abatement,JUSTICE_GSA
0.026366719184443353,1.0312654878944159,0.5460554230958223,568.2752532344311,0.4,556,moderate_abatement,JUSTICE_GSA
0.026366719184443353,0.558192296884954,0.9965249057859182,568.2752532344311,0.4,557,moderate_abatement,JUSTICE_GSA
0.026366719184443353,0.558192296884954,0.5460554230958223,877.8603037614375,0.4,558,moderate_abatement,JUSTICE_GSA
0.026366719184443353,0.558192296884954,0.5460554230958223,568.2752532344311,0.4,559,moderate_abatement,JUSTICE_GSA
0.017925028714351355,0.5968386931344867,1.9698650324717164,594.184526450932,0.4,560,moderate_abatement,JUSTICE_GSA
0.010488266806118189,0.5968386931344867,1.9698650324717164,594.184526450932,0.4,561,moderate_abatement,JUSTICE_GSA
0.017925028714351355,0.6846229517832398,1.9698650324717164,594.184526450932,0.4,562,moderate_abatement,JUSTICE_GSA
0.017925028714351355,0.5968386931344867,1.95152407605201,594.184526450932,0.4,563,moderate_abatement,JUSTICE_GSA
0.017925028714351355,0.5968386931344867,1.9698650324717164,895.2897119894624,0.4,564,moderate_abatement,JUSTICE_GSA
0.017925028714351355,0.6846229517832398,1.95152407605201,895.2897119894624,0.4,565,moderate_abatement,JUSTICE_GSA
0.010488266806118189,0.5968386931344867,1.95152407605201,895.2897119894624,0.4,566,moderate_abatement,JUSTICE_GSA
0.010488266806118189,0.6846229517832398,1.9698650324717164,895.2897119894624,0.4,567,moderate_abatement,JUSTICE_GSA
0.010488266806118189,0.6846229517832398,1.95152407605201,594.184526450932,0.4,568,moderate_abatement,JUSTICE_GSA
0.010488266806118189,0.6846229517832398,1.95152407605201,895.2897119894624,0.4,569,moderate_abatement,JUSTICE_GSA
0.015264343624934552,1.2722122995182872,0.8751309965737164,320.0229980023578,0.4,570,moderate_abatement,JUSTICE_GSA
0.026661947725340723,1.2722122995182872,0.8751309965737164,320.0229980023578,0.4,571,moderate_abatement,JUSTICE_GSA
0.015264343624934552,1.1897975448518991,0.8751309965737164,320.0229980023578,0.4,572,moderate_abatement,JUSTICE_GSA
0.015264343624934552,1.2722122995182872,1.0527301346883178,320.0229980023578,0.4,573,moderate_abatement,JUSTICE_GSA
0.015264343624934552,1.2722122995182872,0.8751309965737164,312.3508233372122,0.4,574,moderate_abatement,JUSTICE_GSA
0.015264343624934552,1.1897975448518991,1.0527301346883178,312.3508233372122,0.4,575,moderate_abatement,JUSTICE_GSA
0.026661947725340723,1.2722122995182872,1.0527301346883178,312.3508233372122,0.4,576,moderate_abatement,JUSTICE_GSA
0.026661947725340723,1.1897975448518991,0.8751309965737164,312.3508233372122,0.4,577,moderate_abatement,JUSTICE_GSA
0.026661947725340723,1.1897975448518991,1.0527301346883178,320.0229980023578,0.4,578,moderate_abatement,JUSTICE_GSA
0.026661947725340723,1.1897975448518991,1.0527301346883178,312.3508233372122,0.4,579,moderate_abatement,JUSTICE_GSA
0.005822025565430522,0.9446362415328622,1.487161009106785,968.0883234376088,0.4,580,moderate_abatement,JUSTICE_GSA
0.019021227824501694,0.9446362415328622,1.487161009106785,968.0883234376088,0.4,581,moderate_abatement,JUSTICE_GSA
0.005822025565430522,1.403819021768868,1.487161009106785,968.0883234376088,0.4,582,moderate_abatement,JUSTICE_GSA
0.005822025565430522,0.9446362415328622,1.5715478393249214,968.0883234376088,0.4,583,moderate_abatement,JUSTICE_GSA
0.005822025565430522,0.9446362415328622,1.487161009106785,186.21003627311438,0.4,584,moderate_abatement,JUSTICE_GSA
0.005822025565430522,1.403819021768868,1.5715478393249214,186.21003627311438,0.4,585,moderate_abatement,JUSTICE_GSA
0.019021227824501694,0.9446362415328622,1.5715478393249214,186.21003627311438,0.4,586,moderate_abatement,JUSTICE_GSA
0.019021227824501694,1.403819021768868,1.487161009106785,186.21003627311438,0.4,587,moderate_abatement,JUSTICE_GSA
0.019021227824501694,1.403819021768868,1.5715478393249214,968.0883234376088,0.4,588,moderate_abatement,JUSTICE_GSA
0.019021227824501694,1.403819021768868,1.5715478393249214,186.21003627311438,0.4,589,moderate_abatement,JUSTICE_GSA
0.022984674270264804,1.174658858217299,0.6092999977990985,243.23847878351808,0.4,590,moderate_abatement,JUSTICE_GSA
0.006253044551238417,1.174658858217299,0.6092999977990985,243.23847878351808,0.4,591,moderate_abatement,JUSTICE_GSA
0.022984674270264804,0.9715165924280882,0.6092999977990985,243.23847878351808,0.4,592,moderate_abatement,JUSTICE_GSA
0.022984674270264804,1.174658858217299,0.6819964325986803,243.23847878351808,0.4,593,moderate_abatement,JUSTICE_GSA
0.022984674270264804,1.174658858217299,0.6092999977990985,522.2959585981444,0.4,594,moderate_abatement,JUSTICE_GSA
0.022984674270264804,0.9715165924280882,0.6819964325986803,522.2959585981444,0.4,595,moderate_abatement,JUSTICE_GSA
0.006253044551238417,1.174658858217299,0.6819964325986803,522.2959585981444,0.4,596,moderate_abatement,JUSTICE_GSA
0.006253044551238417,0.9715165924280882,0.6092999977990985,522.2959585981444,0.4,597,moderate_abatement,JUSTICE_GSA
0.006253044551238417,0.9715165924280882,0.6819964325986803,243.23847878351808,0.4,598,moderate_abatement,JUSTICE_GSA
0.006253044551238417,0.9715165924280882,0.6819964325986803,522.2959585981444,0.4,599,moderate_abatement,JUSTICE_GSA
0.027553662774153054,0.7537248320877552,1.1935051889158785,6.059822107665241,0.4,600,moderate_abatement,JUSTICE_GSA
0.00201740288361907,0.7537248320877552,1.1935051889158785,6.059822107665241,0.4,601,moderate_abatement,JUSTICE_GSA
0.027553662774153054,0.617959251627326,1.1935051889158785,6.059822107665241,0.4,602,moderate_abatement,JUSTICE_GSA
0.027553662774153054,0.7537248320877552,1.3663865309208632,6.059822107665241,0.4,603,moderate_abatement,JUSTICE_GSA
0.027553662774153054,0.7537248320877552,1.1935051889158785,78.71299014333636,0.4,604,moderate_abatement,JUSTICE_GSA
0.027553662774153054,0.617959251627326,1.3663865309208632,78.71299014333636,0.4,605,moderate_abatement,JUSTICE_GSA
0.00201740288361907,0.7537248320877552,1.3663865309208632,78.71299014333636,0.4,606,moderate_abatement,JUSTICE_GSA
0.00201740288361907,0.617959251627326,1.1935051889158785,78.71299014333636,0.4,607,moderate_abatement,JUSTICE_GSA
0.00201740288361907,0.617959251627326,1.3663865309208632,6.059822107665241,0.4,608,moderate_abatement,JUSTICE_GSA
0.00201740288361907,0.617959251627326,1.3663865309208632,78.71299014333636,0.4,609,moderate_abatement,JUSTICE_GSA
0.0013278226554393768,1.1155054233968258,1.6983665553852916,783.5780269820243,0.4,610,moderate_abatement,JUSTICE_GSA
0.022035538622178136,1.1155054233968258,1.6983665553852916,783.5780269820243,0.4,611,moderate_abatement,JUSTICE_GSA
0.0013278226554393768,1.0074378596618772,1.6983665553852916,783.5780269820243,0.4,612,moderate_abatement,JUSTICE_GSA
0.0013278226554393768,1.1155054233968258,0.840991847217083,783.5780269820243,0.4,613,moderate_abatement,JUSTICE_GSA
0.0013278226554393768,1.1155054233968258,1.6983665553852916,723.0832909112796,0.4,614,moderate_abatement,JUSTICE_GSA
0.0013278226554393768,1.0074378596618772,0.840991847217083,723.0832909112796,0.4,615,moderate_abatement,JUSTICE_GSA
0.022035538622178136,1.1155054233968258,0.840991847217083,723.0832909112796,0.4,616,moderate_abatement,JUSTICE_GSA
0.022035538622178136,1.0074378596618772,1.6983665553852916,723.0832909112796,0.4,617,moderate_abatement,JUSTICE_GSA
0.022035538622178136,1.0074378596618772,0.840991847217083,783.5780269820243,0.4,618,moderate_abatement,JUSTICE_GSA
0.022035538622178136,1.0074378596618772,0.840991847217083,723.0832909112796,0.4,619,moderate_abatement,JUSTICE_GSA
0.010699146337807178,0.6637855600565672,0.7166465679183602,432.5861817356199,0.4,620,moderate_abatement,JUSTICE_GSA
0.023222762990742923,0.6637855600565672,0.7166465679183602,432.5861817356199,0.4,621,moderate_abatement,JUSTICE_GSA
0.010699146337807178,1.3362015504390001,0.7166465679183602,432.5861817356199,0.4,622,moderate_abatement,JUSTICE_GSA
0.010699146337807178,0.6637855600565672,1.7335743107832968,432.5861817356199,0.4,623,moderate_abatement,JUSTICE_GSA
0.010699146337807178,0.6637855600565672,0.7166465679183602,850.5961296763271,0.4,624,moderate_abatement,JUSTICE_GSA
0.010699146337807178,1.3362015504390001,1.7335743107832968,850.5961296763271,0.4,625,moderate_abatement,JUSTICE_GSA
0.023222762990742923,0.6637855600565672,1.7335743107832968,850.5961296763271,0.4,626,moderate_abatement,JUSTICE_GSA
0.023222762990742923,1.3362015504390001,0.7166465679183602,850.5961296763271,0.4,627,moderate_abatement,JUSTICE_GSA
0.023222762990742923,1.3362015504390001,1.7335743107832968,432.5861817356199,0.4,628,moderate_abatement,JUSTICE_GSA
0.023222762990742923,1.3362015504390001,1.7335743107832968,850.5961296763271,0.4,629,moderate_abatement,JUSTICE_GSA
0.022423410032875835,1.4552005883306265,1.4266901542432606,654.0489819934592,0.4,630,moderate_abatement,JUSTICE_GSA
0.014299145163036882,1.4552005883306265,1.4266901542432606,654.0489819934592,0.4,631,moderate_abatement,JUSTICE_GSA
0.022423410032875835,0.7881574193015695,1.4266901542432606,654.0489819934592,0.4,632,moderate_abatement,JUSTICE_GSA
0.022423410032875835,1.4552005883306265,1.2230955702252686,654.0489819934592,0.4,633,moderate_abatement,JUSTICE_GSA
0.022423410032875835,1.4552005883306265,1.4266901542432606,451.06661946699023,0.4,634,moderate_abatement,JUSTICE_GSA
0.022423410032875835,0.7881574193015695,1.2230955702252686,451.06661946699023,0.4,635,moderate_abatement,JUSTICE_GSA
0.014299145163036882,1.4552005883306265,1.2230955702252686,451.06661946699023,0.4,636,moderate_abatement,JUSTICE_GSA
0.014299145163036882,0.7881574193015695,1.4266901542432606,451.06661946699023,0.4,637,moderate_abatement,JUSTICE_GSA
0.014299145163036882,0.7881574193015695,1.2230955702252686,654.0489819934592,0.4,638,moderate_abatement,JUSTICE_GSA
0.014299145163036882,0.7881574193015695,1.2230955702252686,451.06661946699023,0.4,639,moderate_abatement,JUSTICE_GSA
0.022566801925189794,0.5875117713585496,0.7404335890896618,328.14188886247575,0.4,640,moderate_abatement,JUSTICE_GSA
0.008174563423730432,0.5875117713585496,0.7404335890896618,328.14188886247575,0.4,641,moderate_abatement,JUSTICE_GSA
0.022566801925189794,0.5344022233039141,0.7404335890896618,328.14188886247575,0.4,642,moderate_abatement,JUSTICE_GSA
0.022566801925189794,0.5875117713585496,0.9272671174257994,328.14188886247575,0.4,643,moderate_abatement,JUSTICE_GSA
0.022566801925189794,0.5875117713585496,0.7404335890896618,395.72174597810954,0.4,644,moderate_abatement,JUSTICE_GSA
0.022566801925189794,0.5344022233039141,0.9272671174257994,395.72174597810954,0.4,645,moderate_abatement,JUSTICE_GSA
0.008174563423730432,0.5875117713585496,0.9272671174257994,395.72174597810954,0.4,646,moderate_abatement,JUSTICE_GSA
0.008174563423730432,0.5344022233039141,0.7404335890896618,395.72174597810954,0.4,647,moderate_abatement,JUSTICE_GSA
0.008174563423730432,0.5344022233039141,0.9272671174257994,328.14188886247575,0.4,648,moderate_abatement,JUSTICE_GSA
0.008174563423730432,0.5344022233039141,0.9272671174257994,395.72174597810954,0.4,649,moderate_abatement,JUSTICE_GSA
0.010842510573565958,1.2930138567462564,1.3662361288443208,602.2768620839342,0.4,650,moderate_abatement,JUSTICE_GSA
0.017100036833435295,1.2930138567462564,1.3662361288443208,602.2768620839342,0.4,651,moderate_abatement,JUSTICE_GSA
0.010842510573565958,1.0902626970782876,1.3662361288443208,602.2768620839342,0.4,652,moderate_abatement,JUSTICE_GSA
0.010842510573565958,1.2930138567462564,1.8184678927063942,602.2768620839342,0.4,653,moderate_abatement,JUSTICE_GSA
0.010842510573565958,1.2930138567462564,1.3662361288443208,811.7982720481232,0.4,654,moderate_abatement,JUSTICE_GSA
0.010842510573565958,1.0902626970782876,1.8184678927063942,811.7982720481232,0.4,655,moderate_abatement,JUSTICE_GSA
0.017100036833435295,1.2930138567462564,1.8184678927063942,811.7982720481232,0.4,656,moderate_abatement,JUSTICE_GSA
0.017100036833435295,1.0902626970782876,1.3662361288443208,811.7982720481232,0.4,657,moderate_abatement,JUSTICE_GSA
0.017100036833435295,1.0902626970782876,1.8184678927063942,602.2768620839342,0.4,658,moderate_abatement,JUSTICE_GSA
0.017100036833435295,1.0902626970782876,1.8184678927063942,811.7982720481232,0.4,659,moderate_abatement,JUSTICE_GSA
0.001180917516350746,0.9980305461212993,1.2246040208265185,235.2373382402584,0.4,660,moderate_abatement,JUSTICE_GSA
0.028585242235101758,0.9980305461212993,1.2246040208265185,235.2373382402584,0.4,661,moderate_abatement,JUSTICE_GSA
0.001180917516350746,1.253620645031333,1.2246040208265185,235.2373382402584,0.4,662,moderate_abatement,JUSTICE_GSA
0.001180917516350746,0.9980305461212993,0.556790912989527,235.2373382402584,0.4,663,moderate_abatement,JUSTICE_GSA
0.001180917516350746,0.9980305461212993,1.2246040208265185,685.779729090631,0.4,664,moderate_abatement,JUSTICE_GSA
0.001180917516350746,1.253620645031333,0.556790912989527,685.779729090631,0.4,665,moderate_abatement,JUSTICE_GSA
0.028585242235101758,0.9980305461212993,0.556790912989527,685.779729090631,0.4,666,moderate_abatement,JUSTICE_GSA
0.028585242235101758,1.253620645031333,1.2246040208265185,685.779729090631,0.4,667,moderate_abatement,JUSTICE_GSA
0.028585242235101758,1.253620645031333,0.556790912989527,235.2373382402584,0.4,668,moderate_abatement,JUSTICE_GSA
0.028585242235101758,1.253620645031333,0.556790912989527,685.779729090631,0.4,669,moderate_abatement,JUSTICE_GSA
0.027406729978509247,1.1332274181768298,1.6335306749679148,960.1215980667621,0.4,670,moderate_abatement,JUSTICE_GSA
0.008565307956188917,1.1332274181768298,1.6335306749679148,960.1215980667621,0.4,671,moderate_abatement,JUSTICE_GSA
0.027406729978509247,0.8719583200290799,1.6335306749679148,960.1215980667621,0.4,672,moderate_abatement,JUSTICE_GSA
0.027406729978509247,1.1332274181768298,1.4396532368846238,960.1215980667621,0.4,673,moderate_abatement,JUSTICE_GSA
0.027406729978509247,1.1332274181768298,1.6335306749679148,22.850593963637948,0.4,674,moderate_abatement,JUSTICE_GSA
0.027406729978509247,0.8719583200290799,1.4396532368846238,22.850593963637948,0.4,675,moderate_abatement,JUSTICE_GSA
0.008565307956188917,1.1332274181768298,1.4396532368846238,22.850593963637948,0.4,676,moderate_abatement,JUSTICE_GSA
0.008565307956188917,0.8719583200290799,1.6335306749679148,22.850593963637948,0.4,677,moderate_abatement,JUSTICE_GSA
0.008565307956188917,0.8719583200290799,1.4396532368846238,960.1215980667621,0.4,678,moderate_abatement,JUSTICE_GSA
0.008565307956188917,0.8719583200290799,1.4396532368846238,22.850593963637948,0.4,679,moderate_abatement,JUSTICE_GSA
0.022912109087221324,0.8060510214418173,1.4699184326454997,791.7007603580132,0.4,680,moderate_abatement,JUSTICE_GSA
0.012376182099804282,0.8060510214418173,1.4699184326454997,791.7007603580132,0.4,681,moderate_abatement,JUSTICE_GSA
0.022912109087221324,0.7255776794627309,1.4699184326454997,791.7007603580132,0.4,682,moderate_abatement,JUSTICE_GSA
0.022912109087221324,0.8060510214418173,0.7610305668786168,791.7007603580132,0.4,683,moderate_abatement,JUSTICE_GSA
0.022912109087221324,0.8060510214418173,1.4699184326454997,578.1609133537859,0.4,684,moderate_abatement,JUSTICE_GSA
0.022912109087221324,0.7255776794627309,0.7610305668786168,578.1609133537859,0.4,685,moderate_abatement,JUSTICE_GSA
0.012376182099804282,0.8060510214418173,0.7610305668786168,578.1609133537859,0.4,686,moderate_abatement,JUSTICE_GSA
0.012376182099804282,0.7255776794627309,1.4699184326454997,578.1609133537859,0.4,687,moderate_abatement,JUSTICE_GSA
0.012376182099804282,0.7255776794627309,0.7610305668786168,791.7007603580132,0.4,688,moderate_abatement,JUSTICE_GSA
0.012376182099804282,0.7255776794627309,0.7610305668786168,578.1609133537859,0.4,689,moderate_abatement,JUSTICE_GSA
0.005749432725831866,1.0751420985907316,0.6836255700327456,14.148374769836664,0.4,690,moderate_abatement,JUSTICE_GSA
0.025146055015735327,1.0751420985907316,0.6836255700327456,14.148374769836664,0.4,691,moderate_abatement,JUSTICE_GSA
0.005749432725831866,1.1500637661665678,0.6836255700327456,14.148374769836664,0.4,692,moderate_abatement,JUSTICE_GSA
0.005749432725831866,1.0751420985907316,1.2815786665305495,14.148374769836664,0.4,693,moderate_abatement,JUSTICE_GSA
0.005749432725831866,1.0751420985907316,0.6836255700327456,223.51579939946532,0.4,694,moderate_abatement,JUSTICE_GSA
0.005749432725831866,1.1500637661665678,1.2815786665305495,223.51579939946532,0.4,695,moderate_abatement,JUSTICE_GSA
0.025146055015735327,1.0751420985907316,1.2815786665305495,223.51579939946532,0.4,696,moderate_abatement,JUSTICE_GSA
0.025146055015735327,1.1500637661665678,0.6836255700327456,223.51579939946532,0.4,697,moderate_abatement,JUSTICE_GSA
0.025146055015735327,1.1500637661665678,1.2815786665305495,14.148374769836664,0.4,698,moderate_abatement,JUSTICE_GSA
0.025146055015735327,1.1500637661665678,1.2815786665305495,223.51579939946532,0.4,699,moderate_abatement,JUSTICE_GSA
0.01534047391079366,0.6533294878900051,1.9482434620149434,646.0516802445054,0.4,700,moderate_abatement,JUSTICE_GSA
0.020114350331947205,0.6533294878900051,1.9482434620149434,646.0516802445054,0.4,701,moderate_abatement,JUSTICE_GSA
0.01534047391079366,1.4437966728582978,1.9482434620149434,646.0516802445054,0.4,702,moderate_abatement,JUSTICE_GSA
0.01534047391079366,0.6533294878900051,1.1435748818330467,646.0516802445054,0.4,703,moderate_abatement,JUSTICE_GSA
0.01534047391079366,0.6533294878900051,1.9482434620149434,351.15029054228216,0.4,704,moderate_abatement,JUSTICE_GSA
0.01534047391079366,1.4437966728582978,1.1435748818330467,351.15029054228216,0.4,705,moderate_abatement,JUSTICE_GSA
0.020114350331947205,0.6533294878900051,1.1435748818330467,351.15029054228216,0.4,706,moderate_abatement,JUSTICE_GSA
0.020114350331947205,1.4437966728582978,1.9482434620149434,351.15029054228216,0.4,707,moderate_abatement,JUSTICE_GSA
0.020114350331947205,1.4437966728582978,1.1435748818330467,646.0516802445054,0.4,708,moderate_abatement,JUSTICE_GSA
0.020114350331947205,1.4437966728582978,1.1435748818330467,351.15029054228216,0.4,709,moderate_abatement,JUSTICE_GSA
0.01800113134365529,1.4771312959492207,0.9567655185237527,424.6156771155074,0.4,710,moderate_abatement,JUSTICE_GSA
0.003938926185481251,1.4771312959492207,0.9567655185237527,424.6156771155074,0.4,711,moderate_abatement,JUSTICE_GSA
0.01800113134365529,0.9308057967573404,0.9567655185237527,424.6156771155074,0.4,712,moderate_abatement,JUSTICE_GSA
0.01800113134365529,1.4771312959492207,1.6497449106536806,424.6156771155074,0.4,713,moderate_abatement,JUSTICE_GSA
0.01800113134365529,1.4771312959492207,0.9567655185237527,950.6358377849683,0.4,714,moderate_abatement,JUSTICE_GSA
0.01800113134365529,0.9308057967573404,1.6497449106536806,950.6358377849683,0.4,715,moderate_abatement,JUSTICE_GSA
0.003938926185481251,1.4771312959492207,1.6497449106536806,950.6358377849683,0.4,716,moderate_abatement,JUSTICE_GSA
0.003938926185481251,0.9308057967573404,0.9567655185237527,950.6358377849683,0.4,717,moderate_abatement,JUSTICE_GSA
0.003938926185481251,0.9308057967573404,1.6497449106536806,424.6156771155074,0.4,718,moderate_abatement,JUSTICE_GSA
0.003938926185481251,0.9308057967573404,1.6497449106536806,950.6358377849683,0.4,719,moderate_abatement,JUSTICE_GSA
0.017155026248656214,0.9176968717947602,1.8334313165396452,80.01434513460845,0.4,720,moderate_abatement,JUSTICE_GSA
0.017977565122768283,0.9176968717947602,1.8334313165396452,80.01434513460845,0.4,721,moderate_abatement,JUSTICE_GSA
0.017155026248656214,0.8122488521039486,1.8334313165396452,80.01434513460845,0.4,722,moderate_abatement,JUSTICE_GSA
0.017155026248656214,0.9176968717947602,0.8068650891073048,80.01434513460845,0.4,723,moderate_abatement,JUSTICE_GSA
0.017155026248656214,0.9176968717947602,1.8334313165396452,528.5079576941207,0.4,724,moderate_abatement,JUSTICE_GSA
0.017155026248656214,0.8122488521039486,0.8068650891073048,528.5079576941207,0.4,725,moderate_abatement,JUSTICE_GSA
0.017977565122768283,0.9176968717947602,0.8068650891073048,528.5079576941207,0.4,726,moderate_abatement,JUSTICE_GSA
0.017977565122768283,0.8122488521039486,1.8334313165396452,528.5079576941207,0.4,727,moderate_abatement,JUSTICE_GSA
0.017977565122768283,0.8122488521039486,0.8068650891073048,80.01434513460845,0.4,728,moderate_abatement,JUSTICE_GSA
0.017977565122768283,0.8122488521039486,0.8068650891073048,528.5079576941207,0.4,729,moderate_abatement,JUSTICE_GSA
0.012568587565794587,1.2169791171327233,1.023232092615217,867.3016283828765,0.4,730,moderate_abatement,JUSTICE_GSA
0.005143917108885943,1.2169791171327233,1.023232092615217,867.3016283828765,0.4,731,moderate_abatement,JUSTICE_GSA
0.012568587565794587,1.3133914014324546,1.023232092615217,867.3016283828765,0.4,732,moderate_abatement,JUSTICE_GSA
0.012568587565794587,1.2169791171327233,1.423951266799122,867.3016283828765,0.4,733,moderate_abatement,JUSTICE_GSA
0.012568587565794587,1.2169791171327233,1.023232092615217,179.75464682560414,0.4,734,moderate_abatement,JUSTICE_GSA
0.012568587565794587,1.3133914014324546,1.423951266799122,179.75464682560414,0.4,735,moderate_abatement,JUSTICE_GSA
0.005143917108885943,1.2169791171327233,1.423951266799122,179.75464682560414,0.4,736,moderate_abatement,JUSTICE_GSA
0.005143917108885943,1.3133914014324546,1.023232092615217,179.75464682560414,0.4,737,moderate_abatement,JUSTICE_GSA
0.005143917108885943,1.3133914014324546,1.423951266799122,867.3016283828765,0.4,738,moderate_abatement,JUSTICE_GSA
0.005143917108885943,1.3133914014324546,1.423951266799122,179.75464682560414,0.4,739,moderate_abatement,JUSTICE_GSA
0.0065954874772578475,0.5155016956850886,1.5382160726003349,484.58811572752893,0.4,740,moderate_abatement,JUSTICE_GSA
0.011086299380287528,0.5155016956850886,1.5382160726003349,484.58811572752893,0.4,741,moderate_abatement,JUSTICE_GSA
0.0065954874772578475,1.0304617658257484,1.5382160726003349,484.58811572752893,0.4,742,moderate_abatement,JUSTICE_GSA
0.0065954874772578475,0.5155016956850886,1.1856739781796932,484.58811572752893,0.4,743,moderate_abatement,JUSTICE_GSA
0.0065954874772578475,0.5155016956850886,1.5382160726003349,303.2120813149959,0.4,744,moderate_abatement,JUSTICE_GSA
0.0065954874772578475,1.0304617658257484,1.1856739781796932,303.2120813149959,0.4,745,moderate_abatement,JUSTICE_GSA
0.011086299380287528,0.5155016956850886,1.1856739781796932,303.2120813149959,0.4,746,moderate_abatement,JUSTICE_GSA
0.011086299380287528,1.0304617658257484,1.5382160726003349,303.2120813149959,0.4,747,moderate_abatement,JUSTICE_GSA
0.011086299380287528,1.0304617658257484,1.1856739781796932,484.58811572752893,0.4,748,moderate_abatement,JUSTICE_GSA
0.011086299380287528,1.0304617658257484,1.1856739781796932,303.2120813149959,0.4,749,moderate_abatement,JUSTICE_GSA
0.025683945088647304,1.3694184077903628,0.5699120461940765,696.3120864918455,0.4,750,moderate_abatement,JUSTICE_GSA
0.027311340305022896,1.3694184077903628,0.5699120461940765,696.3120864918455,0.4,751,moderate_abatement,JUSTICE_GSA
0.025683945088647304,0.5941423727199435,0.5699120461940765,696.3120864918455,0.4,752,moderate_abatement,JUSTICE_GSA
0.025683945088647304,1.3694184077903628,1.7944331485778093,696.3120864918455,0.4,753,moderate_abatement,JUSTICE_GSA
0.025683945088647304,1.3694184077903628,0.5699120461940765,904.6718443632126,0.4,754,moderate_abatement,JUSTICE_GSA
0.025683945088647304,0.5941423727199435,1.7944331485778093,904.6718443632126,0.4,755,moderate_abatement,JUSTICE_GSA
0.027311340305022896,1.3694184077903628,1.7944331485778093,904.6718443632126,0.4,756,moderate_abatement,JUSTICE_GSA
0.027311340305022896,0.5941423727199435,0.5699120461940765,904.6718443632126,0.4,757,moderate_abatement,JUSTICE_GSA
0.027311340305022896,0.5941423727199435,1.7944331485778093,696.3120864918455,0.4,758,moderate_abatement,JUSTICE_GSA
0.027311340305022896,0.5941423727199435,1.7944331485778093,904.6718443632126,0.4,759,moderate_abatement,JUSTICE_GSA
0.02836606273893267,0.6984916534274817,1.150810386519879,553.018003411591,0.4,760,moderate_abatement,JUSTICE_GSA
0.024438558363355695,0.6984916534274817,1.150810386519879,553.018003411591,0.4,761,moderate_abatement,JUSTICE_GSA
0.02836606273893267,0.9946047393605113,1.150810386519879,553.018003411591,0.4,762,moderate_abatement,JUSTICE_GSA
0.02836606273893267,0.6984916534274817,0.9700359641574323,553.018003411591,0.4,763,moderate_abatement,JUSTICE_GSA
0.02836606273893267,0.6984916534274817,1.150810386519879,445.5863247103989,0.4,764,moderate_abatement,JUSTICE_GSA
0.02836606273893267,0.9946047393605113,0.9700359641574323,445.5863247103989,0.4,765,moderate_abatement,JUSTICE_GSA
0.024438558363355695,0.6984916534274817,0.9700359641574323,445.5863247103989,0.4,766,moderate_abatement,JUSTICE_GSA
0.024438558363355695,0.9946047393605113,1.150810386519879,445.5863247103989,0.4,767,moderate_abatement,JUSTICE_GSA
0.024438558363355695,0.9946047393605113,0.9700359641574323,553.018003411591,0.4,768,moderate_abatement,JUSTICE_GSA
0.024438558363355695,0.9946047393605113,0.9700359641574323,445.5863247103989,0.4,769,moderate_abatement,JUSTICE_GSA
0.003839469026774168,1.4363636057823896,1.7527287378907204,269.11764546949416,0.4,770,moderate_abatement,JUSTICE_GSA
0.015463580530136824,1.4363636057823896,1.7527287378907204,269.11764546949416,0.4,771,moderate_abatement,JUSTICE_GSA
0.003839469026774168,1.3800589889287949,1.7527287378907204,269.11764546949416,0.4,772,moderate_abatement,JUSTICE_GSA
0.003839469026774168,1.4363636057823896,1.9639059896580875,269.11764546949416,0.4,773,moderate_abatement,JUSTICE_GSA
0.003839469026774168,1.4363636057823896,1.7527287378907204,855.8320218157023,0.4,774,moderate_abatement,JUSTICE_GSA
0.003839469026774168,1.3800589889287949,1.9639059896580875,855.8320218157023,0.4,775,moderate_abatement,JUSTICE_GSA
0.015463580530136824,1.4363636057823896,1.9639059896580875,855.8320218157023,0.4,776,moderate_abatement,JUSTICE_GSA
0.015463580530136824,1.3800589889287949,1.7527287378907204,855.8320218157023,0.4,777,moderate_abatement,JUSTICE_GSA
0.015463580530136824,1.3800589889287949,1.9639059896580875,269.11764546949416,0.4,778,moderate_abatement,JUSTICE_GSA
0.015463580530136824,1.3800589889287949,1.9639059896580875,855.8320218157023,0.4,779,moderate_abatement,JUSTICE_GSA
0.009883120987564324,0.8585451059043407,0.8614627178758383,885.461303495802,0.4,780,moderate_abatement,JUSTICE_GSA
0.0012481226483359933,0.8585451059043407,0.8614627178758383,885.461303495802,0.4,781,moderate_abatement,JUSTICE_GSA
0.009883120987564324,1.2138323402032256,0.8614627178758383,885.461303495802,0.4,782,moderate_abatement,JUSTICE_GSA
0.009883120987564324,0.8585451059043407,0.6018639532849193,885.461303495802,0.4,783,moderate_abatement,JUSTICE_GSA
0.009883120987564324,0.8585451059043407,0.8614627178758383,733.441530241631,0.4,784,moderate_abatement,JUSTICE_GSA
0.009883120987564324,1.2138323402032256,0.6018639532849193,733.441530241631,0.4,785,moderate_abatement,JUSTICE_GSA
0.0012481226483359933,0.8585451059043407,0.6018639532849193,733.441530241631,0.4,786,moderate_abatement,JUSTICE_GSA
0.0012481226483359933,1.2138323402032256,0.8614627178758383,733.441530241631,0.4,787,moderate_abatement,JUSTICE_GSA
0.0012481226483359933,1.2138323402032256,0.6018639532849193,885.461303495802,0.4,788,moderate_abatement,JUSTICE_GSA
0.0012481226483359933,1.2138323402032256,0.6018639532849193,733.441530241631,0.4,789,moderate_abatement,JUSTICE_GSA
0.019908193589188158,1.0260660387575626,1.2935411161743104,170.38053721562028,0.4,790,moderate_abatement,JUSTICE_GSA
0.021331723127514125,1.0260660387575626,1.2935411161743104,170.38053721562028,0.4,791,moderate_abatement,JUSTICE_GSA
0.019908193589188158,0.661748293787241,1.2935411161743104,170.38053721562028,0.4,792,moderate_abatement,JUSTICE_GSA
0.019908193589188158,1.0260660387575626,1.5813673520460725,170.38053721562028,0.4,793,moderate_abatement,JUSTICE_GSA
0.019908193589188158,1.0260660387575626,1.2935411161743104,68.59915343020111,0.4,794,moderate_abatement,JUSTICE_GSA
0.019908193589188158,0.661748293787241,1.5813673520460725,68.59915343020111,0.4,795,moderate_abatement,JUSTICE_GSA
0.021331723127514125,1.0260660387575626,1.5813673520460725,68.59915343020111,0.4,796,moderate_abatement,JUSTICE_GSA
0.021331723127514125,0.661748293787241,1.2935411161743104,68.59915343020111,0.4,797,moderate_abatement,JUSTICE_GSA
0.021331723127514125,0.661748293787241,1.5813673520460725,170.38053721562028,0.4,798,moderate_abatement,JUSTICE_GSA
0.021331723127514125,0.661748293787241,1.5813673520460725,68.59915343020111,0.4,799,moderate_abatement,JUSTICE_GSA
0.020823229379951954,0.8391301715746522,0.9882381791248918,669.7866700422019,0.4,800,moderate_abatement,JUSTICE_GSA
0.00958466502930969,0.8391301715746522,0.9882381791248918,669.7866700422019,0.4,801,moderate_abatement,JUSTICE_GSA
0.020823229379951954,1.4226181078702211,0.9882381791248918,669.7866700422019,0.4,802,moderate_abatement,JUSTICE_GSA
0.020823229379951954,0.8391301715746522,1.8769722748547792,669.7866700422019,0.4,803,moderate_abatement,JUSTICE_GSA
0.020823229379951954,0.8391301715746522,0.9882381791248918,699.42434012983,0.4,804,moderate_abatement,JUSTICE_GSA
0.020823229379951954,1.4226181078702211,1.8769722748547792,699.42434012983,0.4,805,moderate_abatement,JUSTICE_GSA
0.00958466502930969,0.8391301715746522,1.8769722748547792,699.42434012983,0.4,806,moderate_abatement,JUSTICE_GSA
0.00958466502930969,1.4226181078702211,0.9882381791248918,699.42434012983,0.4,807,moderate_abatement,JUSTICE_GSA
0.00958466502930969,1.4226181078702211,1.8769722748547792,669.7866700422019,0.4,808,moderate_abatement,JUSTICE_GSA
0.00958466502930969,1.4226181078702211,1.8769722748547792,699.42434012983,0.4,809,moderate_abatement,JUSTICE_GSA
0.008985684488900005,1.0457288632169366,1.8684766893275082,385.88077068980783,0.4,810,moderate_abatement,JUSTICE_GSA
0.029378035889938474,1.0457288632169366,1.8684766893275082,385.88077068980783,0.4,811,moderate_abatement,JUSTICE_GSA
0.008985684488900005,0.9527179012075067,1.8684766893275082,385.88077068980783,0.4,812,moderate_abatement,JUSTICE_GSA
0.008985684488900005,1.0457288632169366,0.8922117464244366,385.88077068980783,0.4,813,moderate_abatement,JUSTICE_GSA
0.008985684488900005,1.0457288632169366,1.8684766893275082,95.05328981485218,0.4,814,moderate_abatement,JUSTICE_GSA
0.008985684488900005,0.9527179012075067,0.8922117464244366,95.05328981485218,0.4,815,moderate_abatement,JUSTICE_GSA
0.029378035889938474,1.0457288632169366,0.8922117464244366,95.05328981485218,0.4,816,moderate_abatement,JUSTICE_GSA
0.029378035889938474,0.9527179012075067,1.8684766893275082,95.05328981485218,0.4,817,moderate_abatement,JUSTICE_GSA
0.029378035889938474,0.9527179012075067,0.8922117464244366,385.88077068980783,0.4,818,moderate_abatement,JUSTICE_GSA
0.029378035889938474,0.9527179012075067,0.8922117464244366,95.05328981485218,0.4,819,moderate_abatement,JUSTICE_GSA
0.002927947995252907,0.7491603968665004,0.511390580330044,768.5752289323136,0.4,820,moderate_abatement,JUSTICE_GSA
0.016306895635090767,0.7491603968665004,0.511390580330044,768.5752289323136,0.4,821,moderate_abatement,JUSTICE_GSA
0.002927947995252907,0.6409215088933706,0.511390580330044,768.5752289323136,0.4,822,moderate_abatement,JUSTICE_GSA
0.002927947995252907,0.7491603968665004,1.4981644586659968,768.5752289323136,0.4,823,moderate_abatement,JUSTICE_GSA
0.002927947995252907,0.7491603968665004,0.511390580330044,471.7966725360602,0.4,824,moderate_abatement,JUSTICE_GSA
0.002927947995252907,0.6409215088933706,1.4981644586659968,471.7966725360602,0.4,825,moderate_abatement,JUSTICE_GSA
0.016306895635090767,0.7491603968665004,1.4981644586659968,471.7966725360602,0.4,826,moderate_abatement,JUSTICE_GSA
0.016306895635090767,0.6409215088933706,0.511390580330044,471.7966725360602,0.4,827,moderate_abatement,JUSTICE_GSA
0.016306895635090767,0.6409215088933706,1.4981644586659968,768.5752289323136,0.4,828,moderate_abatement,JUSTICE_GSA
0.016306895635090767,0.6409215088933706,1.4981644586659968,471.7966725360602,0.4,829,moderate_abatement,JUSTICE_GSA
0.029267069309949875,1.3854545904323459,1.5967890871688724,53.492739567533135,0.4,830,moderate_abatement,JUSTICE_GSA
0.007154862264171243,1.3854545904323459,1.5967890871688724,53.492739567533135,0.4,831,moderate_abatement,JUSTICE_GSA
0.029267069309949875,1.2334985630586743,1.5967890871688724,53.492739567533135,0.4,832,moderate_abatement,JUSTICE_GSA
0.029267069309949875,1.3854545904323459,0.5217280765064061,53.492739567533135,0.4,833,moderate_abatement,JUSTICE_GSA
0.029267069309949875,1.3854545904323459,1.5967890871688724,821.5715418346226,0.4,834,moderate_abatement,JUSTICE_GSA
0.029267069309949875,1.2334985630586743,0.5217280765064061,821.5715418346226,0.4,835,moderate_abatement,JUSTICE_GSA
0.007154862264171243,1.3854545904323459,0.5217280765064061,821.5715418346226,0.4,836,moderate_abatement,JUSTICE_GSA
0.007154862264171243,1.2334985630586743,1.5967890871688724,821.5715418346226,0.4,837,moderate_abatement,JUSTICE_GSA
0.007154862264171243,1.2334985630586743,0.5217280765064061,53.492739567533135,0.4,838,moderate_abatement,JUSTICE_GSA
0.007154862264171243,1.2334985630586743,0.5217280765064061,821.5715418346226,0.4,839,moderate_abatement,JUSTICE_GSA
0.024783041743561624,0.5583388712257147,1.8114848495461047,196.7773252138868,0.4,840,moderate_abatement,JUSTICE_GSA
0.002919234424829483,0.5583388712257147,1.8114848495461047,196.7773252138868,0.4,841,moderate_abatement,JUSTICE_GSA
0.024783041743561624,1.3642780603840947,1.8114848495461047,196.7773252138868,0.4,842,moderate_abatement,JUSTICE_GSA
0.024783041743561624,0.5583388712257147,1.3402676517143846,196.7773252138868,0.4,843,moderate_abatement,JUSTICE_GSA
0.024783041743561624,0.5583388712257147,1.8114848495461047,267.22917917370796,0.4,844,moderate_abatement,JUSTICE_GSA
0.024783041743561624,1.3642780603840947,1.3402676517143846,267.22917917370796,0.4,845,moderate_abatement,JUSTICE_GSA
0.002919234424829483,0.5583388712257147,1.3402676517143846,267.22917917370796,0.4,846,moderate_abatement,JUSTICE_GSA
0.002919234424829483,1.3642780603840947,1.8114848495461047,267.22917917370796,0.4,847,moderate_abatement,JUSTICE_GSA
0.002919234424829483,1.3642780603840947,1.3402676517143846,196.7773252138868,0.4,848,moderate_abatement,JUSTICE_GSA
0.002919234424829483,1.3642780603840947,1.3402676517143846,267.22917917370796,0.4,849,moderate_abatement,JUSTICE_GSA
0.007507111842744052,1.3263333421200514,1.0921057341620326,984.0704996995628,0.4,850,moderate_abatement,JUSTICE_GSA
0.0193212202610448,1.3263333421200514,1.0921057341620326,984.0704996995628,0.4,851,moderate_abatement,JUSTICE_GSA
0.007507111842744052,0.7600814681500196,1.0921057341620326,984.0704996995628,0.4,852,moderate_abatement,JUSTICE_GSA
0.007507111842744052,1.3263333421200514,0.7257907269522548,984.0704996995628,0.4,853,moderate_abatement,JUSTICE_GSA
0.007507111842744052,1.3263333421200514,1.0921057341620326,933.0926454979926,0.4,854,moderate_abatement,JUSTICE_GSA
0.007507111842744052,0.7600814681500196,0.7257907269522548,933.0926454979926,0.4,855,moderate_abatement,JUSTICE_GSA
0.0193212202610448,1.3263333421200514,0.7257907269522548,933.0926454979926,0.4,856,moderate_abatement,JUSTICE_GSA
0.0193212202610448,0.7600814681500196,1.0921057341620326,933.0926454979926,0.4,857,moderate_abatement,JUSTICE_GSA
0.0193212202610448,0.7600814681500196,0.7257907269522548,984.0704996995628,0.4,858,moderate_abatement,JUSTICE_GSA
0.0193212202610448,0.7600814681500196,0.7257907269522548,933.0926454979926,0.4,859,moderate_abatement,JUSTICE_GSA
0.013465920838527382,0.906105887144804,1.3287696251645684,367.70016549527645,0.4,860,moderate_abatement,JUSTICE_GSA
0.02593886498361826,0.906105887144804,1.3287696251645684,367.70016549527645,0.4,861,moderate_abatement,JUSTICE_GSA
0.013465920838527382,0.5835350984707475,1.3287696251645684,367.70016549527645,0.4,862,moderate_abatement,JUSTICE_GSA
0.013465920838527382,0.906105887144804,1.7084378744475543,367.70016549527645,0.4,863,moderate_abatement,JUSTICE_GSA
0.013465920838527382,0.906105887144804,1.3287696251645684,556.6844864664599,0.4,864,moderate_abatement,JUSTICE_GSA
0.013465920838527382,0.5835350984707475,1.7084378744475543,556.6844864664599,0.4,865,moderate_abatement,JUSTICE_GSA
0.02593886498361826,0.906105887144804,1.7084378744475543,556.6844864664599,0.4,866,moderate_abatement,JUSTICE_GSA
0.02593886498361826,0.5835350984707475,1.3287696251645684,556.6844864664599,0.4,867,moderate_abatement,JUSTICE_GSA
0.02593886498361826,0.5835350984707475,1.7084378744475543,367.70016549527645,0.4,868,moderate_abatement,JUSTICE_GSA
0.02593886498361826,0.5835350984707475,1.7084378744475543,556.6844864664599,0.4,869,moderate_abatement,JUSTICE_GSA
0.016239887123927474,1.2288103736937046,0.8262857575900853,579.4262240575626,0.4,870,moderate_abatement,JUSTICE_GSA
0.013395557214505971,1.2288103736937046,0.8262857575900853,579.4262240575626,0.4,871,moderate_abatement,JUSTICE_GSA
0.016239887123927474,1.0418614838272333,0.8262857575900853,579.4262240575626,0.4,872,moderate_abatement,JUSTICE_GSA
0.016239887123927474,1.2288103736937046,1.1083304374478757,579.4262240575626,0.4,873,moderate_abatement,JUSTICE_GSA
0.016239887123927474,1.2288103736937046,0.8262857575900853,143.52703317720443,0.4,874,moderate_abatement,JUSTICE_GSA
0.016239887123927474,1.0418614838272333,1.1083304374478757,143.52703317720443,0.4,875,moderate_abatement,JUSTICE_GSA
0.013395557214505971,1.2288103736937046,1.1083304374478757,143.52703317720443,0.4,876,moderate_abatement,JUSTICE_GSA
0.013395557214505971,1.0418614838272333,0.8262857575900853,143.52703317720443,0.4,877,moderate_abatement,JUSTICE_GSA
0.013395557214505971,1.0418614838272333,1.1083304374478757,579.4262240575626,0.4,878,moderate_abatement,JUSTICE_GSA
0.013395557214505971,1.0418614838272333,1.1083304374478757,143.52703317720443,0.4,879,moderate_abatement,JUSTICE_GSA
0.01889848811365664,0.6654086941853166,1.4010912827216089,924.0723078576848,0.4,880,moderate_abatement,JUSTICE_GSA
0.026518084861338137,0.6654086941853166,1.4010912827216089,924.0723078576848,0.4,881,moderate_abatement,JUSTICE_GSA
0.01889848811365664,1.1682384423911572,1.4010912827216089,924.0723078576848,0.4,882,moderate_abatement,JUSTICE_GSA
0.01889848811365664,0.6654086941853166,1.3888940853066742,924.0723078576848,0.4,883,moderate_abatement,JUSTICE_GSA
0.01889848811365664,0.6654086941853166,1.4010912827216089,316.8914554929361,0.4,884,moderate_abatement,JUSTICE_GSA
0.01889848811365664,1.1682384423911572,1.3888940853066742,316.8914554929361,0.4,885,moderate_abatement,JUSTICE_GSA
0.026518084861338137,0.6654086941853166,1.3888940853066742,316.8914554929361,0.4,886,moderate_abatement,JUSTICE_GSA
0.026518084861338137,1.1682384423911572,1.4010912827216089,316.8914554929361,0.4,887,moderate_abatement,JUSTICE_GSA
0.026518084861338137,1.1682384423911572,1.3888940853066742,924.0723078576848,0.4,888,moderate_abatement,JUSTICE_GSA
0.026518084861338137,1.1682384423911572,1.3888940853066742,316.8914554929361,0.4,889,moderate_abatement,JUSTICE_GSA
0.014425303078256548,1.4657882610335946,0.7056185286492109,146.5254636798054,0.4,890,moderate_abatement,JUSTICE_GSA
0.010066484083421527,1.4657882610335946,0.7056185286492109,146.5254636798054,0.4,891,moderate_abatement,JUSTICE_GSA
0.014425303078256548,0.7061203708872199,0.7056185286492109,146.5254636798054,0.4,892,moderate_abatement,JUSTICE_GSA
0.014425303078256548,1.4657882610335946,0.865370521787554,146.5254636798054,0.4,893,moderate_abatement,JUSTICE_GSA
0.014425303078256548,1.4657882610335946,0.7056185286492109,976.8483515614644,0.4,894,moderate_abatement,JUSTICE_GSA
0.014425303078256548,0.7061203708872199,0.865370521787554,976.8483515614644,0.4,895,moderate_abatement,JUSTICE_GSA
0.010066484083421527,1.4657882610335946,0.865370521787554,976.8483515614644,0.4,896,moderate_abatement,JUSTICE_GSA
0.010066484083421527,0.7061203708872199,0.7056185286492109,976.8483515614644,0.4,897,moderate_abatement,JUSTICE_GSA
0.010066484083421527,0.7061203708872199,0.865370521787554,146.5254636798054,0.4,898,moderate_abatement,JUSTICE_GSA
0.010066484083421527,0.7061203708872199,0.865370521787554,976.8483515614644,0.4,899,moderate_abatement,JUSTICE_GSA
0.004848567678593099,0.762725624255836,1.6919162422418594,513.5535548757762,0.4,900,moderate_abatement,JUSTICE_GSA
0.006163166850805282,0.762725624255836,1.6919162422418594,513.5535548757762,0.4,901,moderate_abatement,JUSTICE_GSA
0.004848567678593099,0.8874884471297264,1.6919162422418594,513.5535548757762,0.4,902,moderate_abatement,JUSTICE_GSA
0.004848567678593099,0.762725624255836,1.7593720778822899,513.5535548757762,0.4,903,moderate_abatement,JUSTICE_GSA
0.004848567678593099,0.762725624255836,1.6919162422418594,604.6167095564306,0.4,904,moderate_abatement,JUSTICE_GSA
0.004848567678593099,0.8874884471297264,1.7593720778822899,604.6167095564306,0.4,905,moderate_abatement,JUSTICE_GSA
0.006163166850805282,0.762725624255836,1.7593720778822899,604.6167095564306,0.4,906,moderate_abatement,JUSTICE_GSA
0.006163166850805282,0.8874884471297264,1.6919162422418594,604.6167095564306,0.4,907,moderate_abatement,JUSTICE_GSA
0.006163166850805282,0.8874884471297264,1.7593720778822899,513.5535548757762,0.4,908,moderate_abatement,JUSTICE_GSA
0.006163166850805282,0.8874884471297264,1.7593720778822899,604.6167095564306,0.4,909,moderate_abatement,JUSTICE_GSA
0.02382371632941067,1.1177389426156878,1.166258457582444,292.11927483137697,0.4,910,moderate_abatement,JUSTICE_GSA
0.01877025155443698,1.1177389426156878,1.166258457582444,292.11927483137697,0.4,911,moderate_abatement,JUSTICE_GSA
0.02382371632941067,1.4879083735868335,1.166258457582444,292.11927483137697,0.4,912,moderate_abatement,JUSTICE_GSA
0.02382371632941067,1.1177389426156878,1.2441841047257185,292.11927483137697,0.4,913,moderate_abatement,JUSTICE_GSA
0.02382371632941067,1.1177389426156878,1.166258457582444,189.500760352239,0.4,914,moderate_abatement,JUSTICE_GSA
0.02382371632941067,1.4879083735868335,1.2441841047257185,189.500760352239,0.4,915,moderate_abatement,JUSTICE_GSA
0.01877025155443698,1.1177389426156878,1.2441841047257185,189.500760352239,0.4,916,moderate_abatement,JUSTICE_GSA
0.01877025155443698,1.4879083735868335,1.166258457582444,189.500760352239,0.4,917,moderate_abatement,JUSTICE_GSA
0.01877025155443698,1.4879083735868335,1.2441841047257185,292.11927483137697,0.4,918,moderate_abatement,JUSTICE_GSA
0.01877025155443698,1.4879083735868335,1.2441841047257185,189.500760352239,0.4,919,moderate_abatement,JUSTICE_GSA
0.026495240654796363,0.9468735810369253,0.6247306987643242,460.51918245851994,0.4,920,moderate_abatement,JUSTICE_GSA
0.022124419174157084,0.9468735810369253,0.6247306987643242,460.51918245851994,0.4,921,moderate_abatement,JUSTICE_GSA
0.026495240654796363,1.1030318913981318,0.6247306987643242,460.51918245851994,0.4,922,moderate_abatement,JUSTICE_GSA
0.026495240654796363,0.9468735810369253,1.9286672449670732,460.51918245851994,0.4,923,moderate_abatement,JUSTICE_GSA
0.026495240654796363,0.9468735810369253,0.6247306987643242,649.554251620546,0.4,924,moderate_abatement,JUSTICE_GSA
0.026495240654796363,1.1030318913981318,1.9286672449670732,649.554251620546,0.4,925,moderate_abatement,JUSTICE_GSA
0.022124419174157084,0.9468735810369253,1.9286672449670732,649.554251620546,0.4,926,moderate_abatement,JUSTICE_GSA
0.022124419174157084,1.1030318913981318,0.6247306987643242,649.554251620546,0.4,927,moderate_abatement,JUSTICE_GSA
0.022124419174157084,1.1030318913981318,1.9286672449670732,460.51918245851994,0.4,928,moderate_abatement,JUSTICE_GSA
0.022124419174157084,1.1030318913981318,1.9286672449670732,649.554251620546,0.4,929,moderate_abatement,JUSTICE_GSA
0.002081900590099394,1.1836482118815184,1.5288533973507583,734.6482644425705,0.4,930,moderate_abatement,JUSTICE_GSA
0.002267383733764291,1.1836482118815184,1.5288533973507583,734.6482644425705,0.4,931,moderate_abatement,JUSTICE_GSA
0.002081900590099394,0.5223034024238586,1.5288533973507583,734.6482644425705,0.4,932,moderate_abatement,JUSTICE_GSA
0.002081900590099394,1.1836482118815184,1.0287231835536659,734.6482644425705,0.4,933,moderate_abatement,JUSTICE_GSA
0.002081900590099394,1.1836482118815184,1.5288533973507583,51.028797440230846,0.4,934,moderate_abatement,JUSTICE_GSA
0.002081900590099394,0.5223034024238586,1.0287231835536659,51.028797440230846,0.4,935,moderate_abatement,JUSTICE_GSA
0.002267383733764291,1.1836482118815184,1.0287231835536659,51.028797440230846,0.4,936,moderate_abatement,JUSTICE_GSA
0.002267383733764291,0.5223034024238586,1.5288533973507583,51.028797440230846,0.4,937,moderate_abatement,JUSTICE_GSA
0.002267383733764291,0.5223034024238586,1.0287231835536659,734.6482644425705,0.4,938,moderate_abatement,JUSTICE_GSA
0.002267383733764291,0.5223034024238586,1.0287231835536659,51.028797440230846,0.4,939,moderate_abatement,JUSTICE_GSA
0.011757563487626611,0.6074149273335934,0.9214011109434068,102.7411480853334,0.4,940,moderate_abatement,JUSTICE_GSA
0.014443781762383878,0.6074149273335934,0.9214011109434068,102.7411480853334,0.4,941,moderate_abatement,JUSTICE_GSA
0.011757563487626611,0.8213435178622603,0.9214011109434068,102.7411480853334,0.4,942,moderate_abatement,JUSTICE_GSA
0.011757563487626611,0.6074149273335934,1.5461218571290374,102.7411480853334,0.4,943,moderate_abatement,JUSTICE_GSA
0.011757563487626611,0.6074149273335934,0.9214011109434068,424.14466840494424,0.4,944,moderate_abatement,JUSTICE_GSA
0.011757563487626611,0.8213435178622603,1.5461218571290374,424.14466840494424,0.4,945,moderate_abatement,JUSTICE_GSA
0.014443781762383878,0.6074149273335934,1.5461218571290374,424.14466840494424,0.4,946,moderate_abatement,JUSTICE_GSA
0.014443781762383878,0.8213435178622603,0.9214011109434068,424.14466840494424,0.4,947,moderate_abatement,JUSTICE_GSA
0.014443781762383878,0.8213435178622603,1.5461218571290374,102.7411480853334,0.4,948,moderate_abatement,JUSTICE_GSA
0.014443781762383878,0.8213435178622603,1.5461218571290374,424.14466840494424,0.4,949,moderate_abatement,JUSTICE_GSA
0.02166932712867856,1.2738392539322376,1.9836478736251593,827.6233201138675,0.4,950,moderate_abatement,JUSTICE_GSA
0.02364532117731869,1.2738392539322376,1.9836478736251593,827.6233201138675,0.4,951,moderate_abatement,JUSTICE_GSA
0.02166932712867856,1.3030767925083637,1.9836478736251593,827.6233201138675,0.4,952,moderate_abatement,JUSTICE_GSA
0.02166932712867856,1.2738392539322376,0.6605587275698781,827.6233201138675,0.4,953,moderate_abatement,JUSTICE_GSA
0.02166932712867856,1.2738392539322376,1.9836478736251593,775.817059497349,0.4,954,moderate_abatement,JUSTICE_GSA
0.02166932712867856,1.3030767925083637,0.6605587275698781,775.817059497349,0.4,955,moderate_abatement,JUSTICE_GSA
0.02364532117731869,1.2738392539322376,0.6605587275698781,775.817059497349,0.4,956,moderate_abatement,JUSTICE_GSA
0.02364532117731869,1.3030767925083637,1.9836478736251593,775.817059497349,0.4,957,moderate_abatement,JUSTICE_GSA
0.02364532117731869,1.3030767925083637,0.6605587275698781,827.6233201138675,0.4,958,moderate_abatement,JUSTICE_GSA
0.02364532117731869,1.3030767925083637,0.6605587275698781,775.817059497349,0.4,959,moderate_abatement,JUSTICE_GSA
0.02102000560797751,0.9789792774245143,1.5588024095632136,568.2386200092733,0.4,960,moderate_abatement,JUSTICE_GSA
0.004357877433300019,0.9789792774245143,1.5588024095632136,568.2386200092733,0.4,961,moderate_abatement,JUSTICE_GSA
0.02102000560797751,1.4761825809255242,1.5588024095632136,568.2386200092733,0.4,962,moderate_abatement,JUSTICE_GSA
0.02102000560797751,0.9789792774245143,1.5105381915345788,568.2386200092733,0.4,963,moderate_abatement,JUSTICE_GSA
0.02102000560797751,0.9789792774245143,1.5588024095632136,988.4909876417369,0.4,964,moderate_abatement,JUSTICE_GSA
0.02102000560797751,1.4761825809255242,1.5105381915345788,988.4909876417369,0.4,965,moderate_abatement,JUSTICE_GSA
0.004357877433300019,0.9789792774245143,1.5105381915345788,988.4909876417369,0.4,966,moderate_abatement,JUSTICE_GSA
0.004357877433300019,1.4761825809255242,1.5588024095632136,988.4909876417369,0.4,967,moderate_abatement,JUSTICE_GSA
0.004357877433300019,1.4761825809255242,1.5105381915345788,568.2386200092733,0.4,968,moderate_abatement,JUSTICE_GSA
0.004357877433300019,1.4761825809255242,1.5105381915345788,988.4909876417369,0.4,969,moderate_abatement,JUSTICE_GSA
0.010994075707159937,1.156185026280582,0.5845277858898044,346.7605780819431,0.4,970,moderate_abatement,JUSTICE_GSA
0.020589714956469832,1.156185026280582,0.5845277858898044,346.7605780819431,0.4,971,moderate_abatement,JUSTICE_GSA
0.010994075707159937,0.89921541698277,0.5845277858898044,346.7605780819431,0.4,972,moderate_abatement,JUSTICE_GSA
0.010994075707159937,1.156185026280582,0.5327814472839236,346.7605780819431,0.4,973,moderate_abatement,JUSTICE_GSA
0.010994075707159937,1.156185026280582,0.5845277858898044,344.15039612725377,0.4,974,moderate_abatement,JUSTICE_GSA
0.010994075707159937,0.89921541698277,0.5327814472839236,344.15039612725377,0.4,975,moderate_abatement,JUSTICE_GSA
0.020589714956469832,1.156185026280582,0.5327814472839236,344.15039612725377,0.4,976,moderate_abatement,JUSTICE_GSA
0.020589714956469832,0.89921541698277,0.5845277858898044,344.15039612725377,0.4,977,moderate_abatement,JUSTICE_GSA
0.020589714956469832,0.89921541698277,0.5327814472839236,346.7605780819431,0.4,978,moderate_abatement,JUSTICE_GSA
0.020589714956469832,0.89921541698277,0.5327814472839236,344.15039612725377,0.4,979,moderate_abatement,JUSTICE_GSA
0.0027290146639570596,0.5762886488810182,1.8480470115318894,994.2771885292605,0.4,980,moderate_abatement,JUSTICE_GSA
0.024726680763065813,0.5762886488810182,1.8480470115318894,994.2771885292605,0.4,981,moderate_abatement,JUSTICE_GSA
0.0027290146639570596,0.6944088833406568,1.8480470115318894,994.2771885292605,0.4,982,moderate_abatement,JUSTICE_GSA
0.0027290146639570596,0.5762886488810182,1.889718301128596,994.2771885292605,0.4,983,moderate_abatement,JUSTICE_GSA
0.0027290146639570596,0.5762886488810182,1.8480470115318894,216.85177436564118,0.4,984,moderate_abatement,JUSTICE_GSA
0.0027290146639570596,0.6944088833406568,1.889718301128596,216.85177436564118,0.4,985,moderate_abatement,JUSTICE_GSA
0.024726680763065813,0.5762886488810182,1.889718301128596,216.85177436564118,0.4,986,moderate_abatement,JUSTICE_GSA
0.024726680763065813,0.6944088833406568,1.8480470115318894,216.85177436564118,0.4,987,moderate_abatement,JUSTICE_GSA
0.024726680763065813,0.6944088833406568,1.889718301128596,994.2771885292605,0.4,988,moderate_abatement,JUSTICE_GSA
0.024726680763065813,0.6944088833406568,1.889718301128596,216.85177436564118,0.4,989,moderate_abatement,JUSTICE_GSA
0.02725298094935715,1.3081431398168206,1.043818384874612,216.74373826384544,0.4,990,moderate_abatement,JUSTICE_GSA
0.011900382478721439,1.3081431398168206,1.043818384874612,216.74373826384544,0.4,991,moderate_abatement,JUSTICE_GSA
0.02725298094935715,1.1799491997808218,1.043818384874612,216.74373826384544,0.4,992,moderate_abatement,JUSTICE_GSA
0.02725298094935715,1.3081431398168206,0.9028906836174428,216.74373826384544,0.4,993,moderate_abatement,JUSTICE_GSA
0.02725298094935715,1.3081431398168206,1.043818384874612,616.4109938284382,0.4,994,moderate_abatement,JUSTICE_GSA
0.02725298094935715,1.1799491997808218,0.9028906836174428,616.4109938284382,0.4,995,moderate_abatement,JUSTICE_GSA
0.011900382478721439,1.3081431398168206,0.9028906836174428,616.4109938284382,0.4,996,moderate_abatement,JUSTICE_GSA
0.011900382478721439,1.1799491997808218,1.043818384874612,616.4109938284382,0.4,997,moderate_abatement,JUSTICE_GSA
0.011900382478721439,1.1799491997808218,0.9028906836174428,216.74373826384544,0.4,998,moderate_abatement,JUSTICE_GSA
0.011900382478721439,1.1799491997808218,0.9028906836174428,616.4109938284382,0.4,999,moderate_abatement,JUSTICE_GSA
0.02452968020364642,0.6352551691234112,0.8292950103059411,32.492613456211984,0.4,1000,moderate_abatement,JUSTICE_GSA
0.008999290703795848,0.6352551691234112,0.8292950103059411,32.492613456211984,0.4,1001,moderate_abatement,JUSTICE_GSA
0.02452968020364642,1.2835537772625685,0.8292950103059411,32.492613456211984,0.4,1002,moderate_abatement,JUSTICE_GSA
0.02452968020364642,0.6352551691234112,1.672243619337678,32.492613456211984,0.4,1003,moderate_abatement,JUSTICE_GSA
0.02452968020364642,0.6352551691234112,0.8292950103059411,47.038517761044204,0.4,1004,moderate_abatement,JUSTICE_GSA
0.02452968020364642,1.2835537772625685,1.672243619337678,47.038517761044204,0.4,1005,moderate_abatement,JUSTICE_GSA
0.008999290703795848,0.6352551691234112,1.672243619337678,47.038517761044204,0.4,1006,moderate_abatement,JUSTICE_GSA
0.008999290703795848,1.2835537772625685,0.8292950103059411,47.038517761044204,0.4,1007,moderate_abatement,JUSTICE_GSA
0.008999290703795848,1.2835537772625685,1.672243619337678,32.492613456211984,0.4,1008,moderate_abatement,JUSTICE_GSA
0.008999290703795848,1.2835537772625685,1.672243619337678,47.038517761044204,0.4,1009,moderate_abatement,JUSTICE_GSA
0.005442135312594473,1.4991117753088474,1.2671609004028141,757.3272127192467,0.4,1010,moderate_abatement,JUSTICE_GSA
0.02907563825137913,1.4991117753088474,1.2671609004028141,757.3272127192467,0.4,1011,moderate_abatement,JUSTICE_GSA
0.005442135312594473,0.8408677401021123,1.2671609004028141,757.3272127192467,0.4,1012,moderate_abatement,JUSTICE_GSA
0.005442135312594473,1.4991117753088474,1.0742004103958607,757.3272127192467,0.4,1013,moderate_abatement,JUSTICE_GSA
0.005442135312594473,1.4991117753088474,1.2671609004028141,630.008671280928,0.4,1014,moderate_abatement,JUSTICE_GSA
0.005442135312594473,0.8408677401021123,1.0742004103958607,630.008671280928,0.4,1015,moderate_abatement,JUSTICE_GSA
0.02907563825137913,1.4991117753088474,1.0742004103958607,630.008671280928,0.4,1016,moderate_abatement,JUSTICE_GSA
0.02907563825137913,0.8408677401021123,1.2671609004028141,630.008671280928,0.4,1017,moderate_abatement,JUSTICE_GSA
0.02907563825137913,0.8408677401021123,1.0742004103958607,757.3272127192467,0.4,1018,moderate_abatement,JUSTICE_GSA
0.02907563825137913,0.8408677401021123,1.0742004103958607,630.008671280928,0.4,1019,moderate_abatement,JUSTICE_GSA
0.013721550107933581,0.7958040740340948,1.1244301260448992,405.90861561335623,0.4,1020,moderate_abatement,JUSTICE_GSA
0.0166656037485227,0.7958040740340948,1.1244301260448992,405.90861561335623,0.4,1021,moderate_abatement,JUSTICE_GSA
0.013721550107933581,0.5027641747146845,1.1244301260448992,405.90861561335623,0.4,1022,moderate_abatement,JUSTICE_GSA
0.013721550107933581,0.7958040740340948,1.3044442594982684,405.90861561335623,0.4,1023,moderate_abatement,JUSTICE_GSA
0.013721550107933581,0.7958040740340948,1.1244301260448992,756.3620601892471,0.4,1024,moderate_abatement,JUSTICE_GSA
0.013721550107933581,0.5027641747146845,1.3044442594982684,756.3620601892471,0.4,1025,moderate_abatement,JUSTICE_GSA
0.0166656037485227,0.7958040740340948,1.3044442594982684,756.3620601892471,0.4,1026,moderate_abatement,JUSTICE_GSA
0.0166656037485227,0.5027641747146845,1.1244301260448992,756.3620601892471,0.4,1027,moderate_abatement,JUSTICE_GSA
0.0166656037485227,0.5027641747146845,1.3044442594982684,405.90861561335623,0.4,1028,moderate_abatement,JUSTICE_GSA
0.0166656037485227,0.5027641747146845,1.3044442594982684,756.3620601892471,0.4,1029,moderate_abatement,JUSTICE_GSA
0.01831067142263055,1.0892953854054213,1.7205609856173396,680.0549023924395,0.4,1030,moderate_abatement,JUSTICE_GSA
0.007683704862371086,1.0892953854054213,1.7205609856173396,680.0549023924395,0.4,1031,moderate_abatement,JUSTICE_GSA
0.01831067142263055,1.12257041875273,1.7205609856173396,680.0549023924395,0.4,1032,moderate_abatement,JUSTICE_GSA
0.01831067142263055,1.0892953854054213,0.6912905578501523,680.0549023924395,0.4,1033,moderate_abatement,JUSTICE_GSA
0.01831067142263055,1.0892953854054213,1.7205609856173396,420.30740273185074,0.4,1034,moderate_abatement,JUSTICE_GSA
0.01831067142263055,1.12257041875273,0.6912905578501523,420.30740273185074,0.4,1035,moderate_abatement,JUSTICE_GSA
0.007683704862371086,1.0892953854054213,0.6912905578501523,420.30740273185074,0.4,1036,moderate_abatement,JUSTICE_GSA
0.007683704862371086,1.12257041875273,1.7205609856173396,420.30740273185074,0.4,1037,moderate_abatement,JUSTICE_GSA
0.007683704862371086,1.12257041875273,0.6912905578501523,680.0549023924395,0.4,1038,moderate_abatement,JUSTICE_GSA
0.007683704862371086,1.12257041875273,0.6912905578501523,420.30740273185074,0.4,1039,moderate_abatement,JUSTICE_GSA
0.015531717531383035,0.5237946240231395,1.2392422407865524,838.8108943896368,0.4,1040,moderate_abatement,JUSTICE_GSA
0.021751331380568444,0.5237946240231395,1.2392422407865524,838.8108943896368,0.4,1041,moderate_abatement,JUSTICE_GSA
0.015531717531383035,1.245209096930921,1.2392422407865524,838.8108943896368,0.4,1042,moderate_abatement,JUSTICE_GSA
0.015531717531383035,0.5237946240231395,1.723227535840124,838.8108943896368,0.4,1043,moderate_abatement,JUSTICE_GSA
0.015531717531383035,0.5237946240231395,1.2392422407865524,122.09082710370421,0.4,1044,moderate_abatement,JUSTICE_GSA
0.015531717531383035,1.245209096930921,1.723227535840124,122.09082710370421,0.4,1045,moderate_abatement,JUSTICE_GSA
0.021751331380568444,0.5237946240231395,1.723227535840124,122.09082710370421,0.4,1046,moderate_abatement,JUSTICE_GSA
0.021751331380568444,1.245209096930921,1.2392422407865524,122.09082710370421,0.4,1047,moderate_abatement,JUSTICE_GSA
0.021751331380568444,1.245209096930921,1.723227535840124,838.8108943896368,0.4,1048,moderate_abatement,JUSTICE_GSA
0.021751331380568444,1.245209096930921,1.723227535840124,122.09082710370421,0.4,1049,moderate_abatement,JUSTICE_GSA
0.012868377466686069,1.3572192592546344,1.6540944310836494,123.6807057261467,0.4,1050,moderate_abatement,JUSTICE_GSA
0.0017246005032211542,1.3572192592546344,1.6540944310836494,123.6807057261467,0.4,1051,moderate_abatement,JUSTICE_GSA
0.012868377466686069,0.6292097978293896,1.6540944310836494,123.6807057261467,0.4,1052,moderate_abatement,JUSTICE_GSA
0.012868377466686069,1.3572192592546344,1.2100036549381912,123.6807057261467,0.4,1053,moderate_abatement,JUSTICE_GSA
0.012868377466686069,1.3572192592546344,1.6540944310836494,710.8003484066576,0.4,1054,moderate_abatement,JUSTICE_GSA
0.012868377466686069,0.6292097978293896,1.2100036549381912,710.8003484066576,0.4,1055,moderate_abatement,JUSTICE_GSA
0.0017246005032211542,1.3572192592546344,1.2100036549381912,710.8003484066576,0.4,1056,moderate_abatement,JUSTICE_GSA
0.0017246005032211542,0.6292097978293896,1.6540944310836494,710.8003484066576,0.4,1057,moderate_abatement,JUSTICE_GSA
0.0017246005032211542,0.6292097978293896,1.2100036549381912,123.6807057261467,0.4,1058,moderate_abatement,JUSTICE_GSA
0.0017246005032211542,0.6292097978293896,1.2100036549381912,710.8003484066576,0.4,1059,moderate_abatement,JUSTICE_GSA
0.008221035403199493,0.933817052282393,0.76099738990888,724.4415458403528,0.4,1060,moderate_abatement,JUSTICE_GSA
0.015043535768054426,0.933817052282393,0.76099738990888,724.4415458403528,0.4,1061,moderate_abatement,JUSTICE_GSA
0.008221035403199493,0.9644446475431323,0.76099738990888,724.4415458403528,0.4,1062,moderate_abatement,JUSTICE_GSA
0.008221035403199493,0.933817052282393,1.3531125327572227,724.4415458403528,0.4,1063,moderate_abatement,JUSTICE_GSA
0.008221035403199493,0.933817052282393,0.76099738990888,833.5867233192548,0.4,1064,moderate_abatement,JUSTICE_GSA
0.008221035403199493,0.9644446475431323,1.3531125327572227,833.5867233192548,0.4,1065,moderate_abatement,JUSTICE_GSA
0.015043535768054426,0.933817052282393,1.3531125327572227,833.5867233192548,0.4,1066,moderate_abatement,JUSTICE_GSA
0.015043535768054426,0.9644446475431323,0.76099738990888,833.5867233192548,0.4,1067,moderate_abatement,JUSTICE_GSA
0.015043535768054426,0.9644446475431323,1.3531125327572227,724.4415458403528,0.4,1068,moderate_abatement,JUSTICE_GSA
0.015043535768054426,0.9644446475431323,1.3531125327572227,833.5867233192548,0.4,1069,moderate_abatement,JUSTICE_GSA
0.02538279904425144,1.1969526568427682,1.3808743935078382,440.5527396360412,0.4,1070,moderate_abatement,JUSTICE_GSA
0.023961659448221324,1.1969526568427682,1.3808743935078382,440.5527396360412,0.4,1071,moderate_abatement,JUSTICE_GSA
0.02538279904425144,1.410892091691494,1.3808743935078382,440.5527396360412,0.4,1072,moderate_abatement,JUSTICE_GSA
0.02538279904425144,1.1969526568427682,0.8308292226865888,440.5527396360412,0.4,1073,moderate_abatement,JUSTICE_GSA
0.02538279904425144,1.1969526568427682,1.3808743935078382,499.41482048574835,0.4,1074,moderate_abatement,JUSTICE_GSA
0.02538279904425144,1.410892091691494,0.8308292226865888,499.41482048574835,0.4,1075,moderate_abatement,JUSTICE_GSA
0.023961659448221324,1.1969526568427682,0.8308292226865888,499.41482048574835,0.4,1076,moderate_abatement,JUSTICE_GSA
0.023961659448221324,1.410892091691494,1.3808743935078382,499.41482048574835,0.4,1077,moderate_abatement,JUSTICE_GSA
0.023961659448221324,1.410892091691494,0.8308292226865888,440.5527396360412,0.4,1078,moderate_abatement,JUSTICE_GSA
0.023961659448221324,1.410892091691494,0.8308292226865888,499.41482048574835,0.4,1079,moderate_abatement,JUSTICE_GSA
0.029918596548959613,0.867814090102911,1.921840665396303,313.1194307152182,0.4,1080,moderate_abatement,JUSTICE_GSA
0.027744209714233876,0.867814090102911,1.921840665396303,313.1194307152182,0.4,1081,moderate_abatement,JUSTICE_GSA
0.029918596548959613,1.061399757862091,1.921840665396303,313.1194307152182,0.4,1082,moderate_abatement,JUSTICE_GSA
0.029918596548959613,0.867814090102911,1.558456611353904,313.1194307152182,0.4,1083,moderate_abatement,JUSTICE_GSA
0.029918596548959613,0.867814090102911,1.921840665396303,913.2804075824097,0.4,1084,moderate_abatement,JUSTICE_GSA
0.029918596548959613,1.061399757862091,1.558456611353904,913.2804075824097,0.4,1085,moderate_abatement,JUSTICE_GSA
0.027744209714233876,0.867814090102911,1.558456611353904,913.2804075824097,0.4,1086,moderate_abatement,JUSTICE_GSA
0.027744209714233876,1.061399757862091,1.921840665396303,913.2804075824097,0.4,1087,moderate_abatement,JUSTICE_GSA
0.027744209714233876,1.061399757862091,1.558456611353904,313.1194307152182,0.4,1088,moderate_abatement,JUSTICE_GSA
0.027744209714233876,1.061399757862091,1.558456611353904,913.2804075824097,0.4,1089,moderate_abatement,JUSTICE_GSA
0.00369541151355952,1.01289077475667,0.9246202912181616,524.8016008613631,0.4,1090,moderate_abatement,JUSTICE_GSA
0.011576038499362767,1.01289077475667,0.9246202912181616,524.8016008613631,0.4,1091,moderate_abatement,JUSTICE_GSA
0.00369541151355952,0.563995617441833,0.9246202912181616,524.8016008613631,0.4,1092,moderate_abatement,JUSTICE_GSA
0.00369541151355952,1.01289077475667,0.6716503673233092,524.8016008613631,0.4,1093,moderate_abatement,JUSTICE_GSA
0.00369541151355952,1.01289077475667,0.9246202912181616,263.0175259215757,0.4,1094,moderate_abatement,JUSTICE_GSA
0.00369541151355952,0.563995617441833,0.6716503673233092,263.0175259215757,0.4,1095,moderate_abatement,JUSTICE_GSA
0.011576038499362767,1.01289077475667,0.6716503673233092,263.0175259215757,0.4,1096,moderate_abatement,JUSTICE_GSA
0.011576038499362767,0.563995617441833,0.9246202912181616,263.0175259215757,0.4,1097,moderate_abatement,JUSTICE_GSA
0.011576038499362767,0.563995617441833,0.6716503673233092,524.8016008613631,0.4,1098,moderate_abatement,JUSTICE_GSA
0.011576038499362767,0.563995617441833,0.6716503673233092,263.0175259215757,0.4,1099,moderate_abatement,JUSTICE_GSA
0.008328399824909866,0.715588903054595,1.4377732500433922,126.49764852877706,0.4,1100,moderate_abatement,JUSTICE_GSA
0.004710583209991455,0.715588903054595,1.4377732500433922,126.49764852877706,0.4,1101,moderate_abatement,JUSTICE_GSA
0.008328399824909866,0.7796054370701313,1.4377732500433922,126.49764852877706,0.4,1102,moderate_abatement,JUSTICE_GSA
0.008328399824909866,0.715588903054595,1.9413606971502304,126.49764852877706,0.4,1103,moderate_abatement,JUSTICE_GSA
0.008328399824909866,0.715588903054595,1.4377732500433922,139.95687166787684,0.4,1104,moderate_abatement,JUSTICE_GSA
0.008328399824909866,0.7796054370701313,1.9413606971502304,139.95687166787684,0.4,1105,moderate_abatement,JUSTICE_GSA
0.004710583209991455,0.715588903054595,1.9413606971502304,139.95687166787684,0.4,1106,moderate_abatement,JUSTICE_GSA
0.004710583209991455,0.7796054370701313,1.4377732500433922,139.95687166787684,0.4,1107,moderate_abatement,JUSTICE_GSA
0.004710583209991455,0.7796054370701313,1.9413606971502304,126.49764852877706,0.4,1108,moderate_abatement,JUSTICE_GSA
0.004710583209991455,0.7796054370701313,1.9413606971502304,139.95687166787684,0.4,1109,moderate_abatement,JUSTICE_GSA
0.020053548475727438,1.4153601359575987,0.6572228181175888,913.8041052799672,0.4,1110,moderate_abatement,JUSTICE_GSA
0.01748737717885524,1.4153601359575987,0.6572228181175888,913.8041052799672,0.4,1111,moderate_abatement,JUSTICE_GSA
0.020053548475727438,1.3447547918185592,0.6572228181175888,913.8041052799672,0.4,1112,moderate_abatement,JUSTICE_GSA
0.020053548475727438,1.4153601359575987,1.0394554045051336,913.8041052799672,0.4,1113,moderate_abatement,JUSTICE_GSA
0.020053548475727438,1.4153601359575987,0.6572228181175888,537.4504141435027,0.4,1114,moderate_abatement,JUSTICE_GSA
0.020053548475727438,1.3447547918185592,1.0394554045051336,537.4504141435027,0.4,1115,moderate_abatement,JUSTICE_GSA
0.01748737717885524,1.4153601359575987,1.0394554045051336,537.4504141435027,0.4,1116,moderate_abatement,JUSTICE_GSA
0.01748737717885524,1.3447547918185592,0.6572228181175888,537.4504141435027,0.4,1117,moderate_abatement,JUSTICE_GSA
0.01748737717885524,1.3447547918185592,1.0394554045051336,913.8041052799672,0.4,1118,moderate_abatement,JUSTICE_GSA
0.01748737717885524,1.3447547918185592,1.0394554045051336,537.4504141435027,0.4,1119,moderate_abatement,JUSTICE_GSA
0.019141952252946792,0.7271798280999064,1.7123427195474505,414.3998481221497,0.4,1120,moderate_abatement,JUSTICE_GSA
0.012920185675844548,0.7271798280999064,1.7123427195474505,414.3998481221497,0.4,1121,moderate_abatement,JUSTICE_GSA
0.019141952252946792,0.6136663416400552,1.7123427195474505,414.3998481221497,0.4,1122,moderate_abatement,JUSTICE_GSA
0.019141952252946792,0.7271798280999064,0.5914688454940915,414.3998481221497,0.4,1123,moderate_abatement,JUSTICE_GSA
0.019141952252946792,0.7271798280999064,1.7123427195474505,168.12030797451735,0.4,1124,moderate_abatement,JUSTICE_GSA
0.019141952252946792,0.6136663416400552,0.5914688454940915,168.12030797451735,0.4,1125,moderate_abatement,JUSTICE_GSA
0.012920185675844548,0.7271798280999064,0.5914688454940915,168.12030797451735,0.4,1126,moderate_abatement,JUSTICE_GSA
0.012920185675844548,0.6136663416400552,1.7123427195474505,168.12030797451735,0.4,1127,moderate_abatement,JUSTICE_GSA
0.012920185675844548,0.6136663416400552,0.5914688454940915,414.3998481221497,0.4,1128,moderate_abatement,JUSTICE_GSA
0.012920185675844548,0.6136663416400552,0.5914688454940915,168.12030797451735,0.4,1129,moderate_abatement,JUSTICE_GSA
0.009229275891557337,1.4035288197919726,1.1809425042010844,626.076246120967,0.4,1130,moderate_abatement,JUSTICE_GSA
0.025519920649938285,1.4035288197919726,1.1809425042010844,626.076246120967,0.4,1131,moderate_abatement,JUSTICE_GSA
0.009229275891557337,1.010938497260213,1.1809425042010844,626.076246120967,0.4,1132,moderate_abatement,JUSTICE_GSA
0.009229275891557337,1.4035288197919726,1.4752996256574988,626.076246120967,0.4,1133,moderate_abatement,JUSTICE_GSA
0.009229275891557337,1.4035288197919726,1.1809425042010844,501.24065656401217,0.4,1134,moderate_abatement,JUSTICE_GSA
0.009229275891557337,1.010938497260213,1.4752996256574988,501.24065656401217,0.4,1135,moderate_abatement,JUSTICE_GSA
0.025519920649938285,1.4035288197919726,1.4752996256574988,501.24065656401217,0.4,1136,moderate_abatement,JUSTICE_GSA
0.025519920649938285,1.010938497260213,1.1809425042010844,501.24065656401217,0.4,1137,moderate_abatement,JUSTICE_GSA
0.025519920649938285,1.010938497260213,1.4752996256574988,626.076246120967,0.4,1138,moderate_abatement,JUSTICE_GSA
0.025519920649938285,1.010938497260213,1.4752996256574988,501.24065656401217,0.4,1139,moderate_abatement,JUSTICE_GSA
0.00461057953722775,0.8249769741669297,1.4157752846367657,25.34208218473941,0.4,1140,moderate_abatement,JUSTICE_GSA
0.019797012967988848,0.8249769741669297,1.4157752846367657,25.34208218473941,0.4,1141,moderate_abatement,JUSTICE_GSA
0.00461057953722775,1.3329296754673123,1.4157752846367657,25.34208218473941,0.4,1142,moderate_abatement,JUSTICE_GSA
0.00461057953722775,0.8249769741669297,0.961585636716336,25.34208218473941,0.4,1143,moderate_abatement,JUSTICE_GSA
0.00461057953722775,0.8249769741669297,1.4157752846367657,877.3139622015879,0.4,1144,moderate_abatement,JUSTICE_GSA
0.00461057953722775,1.3329296754673123,0.961585636716336,877.3139622015879,0.4,1145,moderate_abatement,JUSTICE_GSA
0.019797012967988848,0.8249769741669297,0.961585636716336,877.3139622015879,0.4,1146,moderate_abatement,JUSTICE_GSA
0.019797012967988848,1.3329296754673123,1.4157752846367657,877.3139622015879,0.4,1147,moderate_abatement,JUSTICE_GSA
0.019797012967988848,1.3329296754673123,0.961585636716336,25.34208218473941,0.4,1148,moderate_abatement,JUSTICE_GSA
0.019797012967988848,1.3329296754673123,0.961585636716336,877.3139622015879,0.4,1149,moderate_abatement,JUSTICE_GSA
0.029021236970089376,1.0559759000316262,0.7260449612513185,812.6465702280402,0.4,1150,moderate_abatement,JUSTICE_GSA
0.00333861559163779,1.0559759000316262,0.7260449612513185,812.6465702280402,0.4,1151,moderate_abatement,JUSTICE_GSA
0.029021236970089376,0.7927093710750341,0.7260449612513185,812.6465702280402,0.4,1152,moderate_abatement,JUSTICE_GSA
0.029021236970089376,1.0559759000316262,1.8544729850254953,812.6465702280402,0.4,1153,moderate_abatement,JUSTICE_GSA
0.029021236970089376,1.0559759000316262,0.7260449612513185,291.42472845781595,0.4,1154,moderate_abatement,JUSTICE_GSA
0.029021236970089376,0.7927093710750341,1.8544729850254953,291.42472845781595,0.4,1155,moderate_abatement,JUSTICE_GSA
0.00333861559163779,1.0559759000316262,1.8544729850254953,291.42472845781595,0.4,1156,moderate_abatement,JUSTICE_GSA
0.00333861559163779,0.7927093710750341,0.7260449612513185,291.42472845781595,0.4,1157,moderate_abatement,JUSTICE_GSA
0.00333861559163779,0.7927093710750341,1.8544729850254953,812.6465702280402,0.4,1158,moderate_abatement,JUSTICE_GSA
0.00333861559163779,0.7927093710750341,1.8544729850254953,291.42472845781595,0.4,1159,moderate_abatement,JUSTICE_GSA
0.02628026282135397,0.883148368448019,0.8891186048276722,940.0856252452359,0.4,1160,moderate_abatement,JUSTICE_GSA
0.006664459333755076,0.883148368448019,0.8891186048276722,940.0856252452359,0.4,1161,moderate_abatement,JUSTICE_GSA
0.02628026282135397,0.6734750401228666,0.8891186048276722,940.0856252452359,0.4,1162,moderate_abatement,JUSTICE_GSA
0.02628026282135397,0.883148368448019,1.1327060218900442,940.0856252452359,0.4,1163,moderate_abatement,JUSTICE_GSA
0.02628026282135397,0.883148368448019,0.8891186048276722,859.8140042657033,0.4,1164,moderate_abatement,JUSTICE_GSA
0.02628026282135397,0.6734750401228666,1.1327060218900442,859.8140042657033,0.4,1165,moderate_abatement,JUSTICE_GSA
0.006664459333755076,0.883148368448019,1.1327060218900442,859.8140042657033,0.4,1166,moderate_abatement,JUSTICE_GSA
0.006664459333755076,0.6734750401228666,0.8891186048276722,859.8140042657033,0.4,1167,moderate_abatement,JUSTICE_GSA
0.006664459333755076,0.6734750401228666,1.1327060218900442,940.0856252452359,0.4,1168,moderate_abatement,JUSTICE_GSA
0.006664459333755076,0.6734750401228666,1.1327060218900442,859.8140042657033,0.4,1169,moderate_abatement,JUSTICE_GSA
0.007305971469730138,1.2478617317974567,1.9572909036651254,224.96109708212316,0.4,1170,moderate_abatement,JUSTICE_GSA
0.01587291980162263,1.2478617317974567,1.9572909036651254,224.96109708212316,0.4,1171,moderate_abatement,JUSTICE_GSA
0.007305971469730138,1.2021063240244985,1.9572909036651254,224.96109708212316,0.4,1172,moderate_abatement,JUSTICE_GSA
0.007305971469730138,1.2478617317974567,1.6371866166591644,224.96109708212316,0.4,1173,moderate_abatement,JUSTICE_GSA
0.007305971469730138,1.2478617317974567,1.9572909036651254,465.1402655458078,0.4,1174,moderate_abatement,JUSTICE_GSA
0.007305971469730138,1.2021063240244985,1.6371866166591644,465.1402655458078,0.4,1175,moderate_abatement,JUSTICE_GSA
0.01587291980162263,1.2478617317974567,1.6371866166591644,465.1402655458078,0.4,1176,moderate_abatement,JUSTICE_GSA
0.01587291980162263,1.2021063240244985,1.9572909036651254,465.1402655458078,0.4,1177,moderate_abatement,JUSTICE_GSA
0.01587291980162263,1.2021063240244985,1.6371866166591644,224.96109708212316,0.4,1178,moderate_abatement,JUSTICE_GSA
0.01587291980162263,1.2021063240244985,1.6371866166591644,465.1402655458078,0.4,1179,moderate_abatement,JUSTICE_GSA
0.011967397201806305,0.5432094987481833,0.5983736841008067,623.284103827551,0.4,1180,moderate_abatement,JUSTICE_GSA
0.029868887537159026,0.5432094987481833,0.5983736841008067,623.284103827551,0.4,1181,moderate_abatement,JUSTICE_GSA
0.011967397201806305,1.3917695228010416,0.5983736841008067,623.284103827551,0.4,1182,moderate_abatement,JUSTICE_GSA
0.011967397201806305,0.5432094987481833,0.7498008632101119,623.284103827551,0.4,1183,moderate_abatement,JUSTICE_GSA
0.011967397201806305,0.5432094987481833,0.5983736841008067,88.06102088652551,0.4,1184,moderate_abatement,JUSTICE_GSA
0.011967397201806305,1.3917695228010416,0.7498008632101119,88.06102088652551,0.4,1185,moderate_abatement,JUSTICE_GSA
0.029868887537159026,0.5432094987481833,0.7498008632101119,88.06102088652551,0.4,1186,moderate_abatement,JUSTICE_GSA
0.029868887537159026,1.3917695228010416,0.5983736841008067,88.06102088652551,0.4,1187,moderate_abatement,JUSTICE_GSA
0.029868887537159026,1.3917695228010416,0.7498008632101119,623.284103827551,0.4,1188,moderate_abatement,JUSTICE_GSA
0.029868887537159026,1.3917695228010416,0.7498008632101119,88.06102088652551,0.4,1189,moderate_abatement,JUSTICE_GSA
0.016443209663964807,1.3375563751906157,1.4965708465315402,339.3971397979185,0.4,1190,moderate_abatement,JUSTICE_GSA
0.010019105028361081,1.3375563751906157,1.4965708465315402,339.3971397979185,0.4,1191,moderate_abatement,JUSTICE_GSA
0.016443209663964807,0.9828930282965302,1.4965708465315402,339.3971397979185,0.4,1192,moderate_abatement,JUSTICE_GSA
0.016443209663964807,1.3375563751906157,1.2693833676166832,339.3971397979185,0.4,1193,moderate_abatement,JUSTICE_GSA
0.016443209663964807,1.3375563751906157,1.4965708465315402,737.2718644998968,0.4,1194,moderate_abatement,JUSTICE_GSA
0.016443209663964807,0.9828930282965302,1.2693833676166832,737.2718644998968,0.4,1195,moderate_abatement,JUSTICE_GSA
0.010019105028361081,1.3375563751906157,1.2693833676166832,737.2718644998968,0.4,1196,moderate_abatement,JUSTICE_GSA
0.010019105028361081,0.9828930282965302,1.4965708465315402,737.2718644998968,0.4,1197,moderate_abatement,JUSTICE_GSA
0.010019105028361081,0.9828930282965302,1.2693833676166832,339.3971397979185,0.4,1198,moderate_abatement,JUSTICE_GSA
0.010019105028361081,0.9828930282965302,1.2693833676166832,737.2718644998968,0.4,1199,moderate_abatement,JUSTICE_GSA
0.01740966031420976,0.7759008584544063,0.5260520461015403,180.59633643645793,0.4,1200,moderate_abatement,JUSTICE_GSA
0.023168850236572325,0.7759008584544063,0.5260520461015403,180.59633643645793,0.4,1201,moderate_abatement,JUSTICE_GSA
0.01740966031420976,0.8524190923199058,0.5260520461015403,180.59633643645793,0.4,1202,moderate_abatement,JUSTICE_GSA
0.01740966031420976,0.7759008584544063,1.1747639938257635,180.59633643645793,0.4,1203,moderate_abatement,JUSTICE_GSA
0.01740966031420976,0.7759008584544063,0.5260520461015403,784.7671414334327,0.4,1204,moderate_abatement,JUSTICE_GSA
0.01740966031420976,0.8524190923199058,1.1747639938257635,784.7671414334327,0.4,1205,moderate_abatement,JUSTICE_GSA
0.023168850236572325,0.7759008584544063,1.1747639938257635,784.7671414334327,0.4,1206,moderate_abatement,JUSTICE_GSA
0.023168850236572325,0.8524190923199058,0.5260520461015403,784.7671414334327,0.4,1207,moderate_abatement,JUSTICE_GSA
0.023168850236572325,0.8524190923199058,1.1747639938257635,180.59633643645793,0.4,1208,moderate_abatement,JUSTICE_GSA
0.023168850236572325,0.8524190923199058,1.1747639938257635,784.7671414334327,0.4,1209,moderate_abatement,JUSTICE_GSA
0.014633066602051256,1.1084699286147952,1.6172380447387695,905.4367078468204,0.4,1210,moderate_abatement,JUSTICE_GSA
0.014024166595190762,1.1084699286147952,1.6172380447387695,905.4367078468204,0.4,1211,moderate_abatement,JUSTICE_GSA
0.014633066602051256,1.273159172385931,1.6172380447387695,905.4367078468204,0.4,1212,moderate_abatement,JUSTICE_GSA
0.014633066602051256,1.1084699286147952,1.7819166998378932,905.4367078468204,0.4,1213,moderate_abatement,JUSTICE_GSA
0.014633066602051256,1.1084699286147952,1.6172380447387695,384.3392677605152,0.4,1214,moderate_abatement,JUSTICE_GSA
0.014633066602051256,1.273159172385931,1.7819166998378932,384.3392677605152,0.4,1215,moderate_abatement,JUSTICE_GSA
0.014024166595190762,1.1084699286147952,1.7819166998378932,384.3392677605152,0.4,1216,moderate_abatement,JUSTICE_GSA
0.014024166595190762,1.273159172385931,1.6172380447387695,384.3392677605152,0.4,1217,moderate_abatement,JUSTICE_GSA
0.014024166595190762,1.273159172385931,1.7819166998378932,905.4367078468204,0.4,1218,moderate_abatement,JUSTICE_GSA
0.014024166595190762,1.273159172385931,1.7819166998378932,384.3392677605152,0.4,1219,moderate_abatement,JUSTICE_GSA
0.0063395811021327965,0.6864121938124299,1.0086871813982725,257.92390828207135,0.4,1220,moderate_abatement,JUSTICE_GSA
0.002744289563037455,0.6864121938124299,1.0086871813982725,257.92390828207135,0.4,1221,moderate_abatement,JUSTICE_GSA
0.0063395811021327965,1.0707396818324924,1.0086871813982725,257.92390828207135,0.4,1222,moderate_abatement,JUSTICE_GSA
0.0063395811021327965,0.6864121938124299,0.7955849571153522,257.92390828207135,0.4,1223,moderate_abatement,JUSTICE_GSA
0.0063395811021327965,0.6864121938124299,1.0086871813982725,10.826624003238976,0.4,1224,moderate_abatement,JUSTICE_GSA
0.0063395811021327965,1.0707396818324924,0.7955849571153522,10.826624003238976,0.4,1225,moderate_abatement,JUSTICE_GSA
0.002744289563037455,0.6864121938124299,0.7955849571153522,10.826624003238976,0.4,1226,moderate_abatement,JUSTICE_GSA
0.002744289563037455,1.0707396818324924,1.0086871813982725,10.826624003238976,0.4,1227,moderate_abatement,JUSTICE_GSA
0.002744289563037455,1.0707396818324924,0.7955849571153522,257.92390828207135,0.4,1228,moderate_abatement,JUSTICE_GSA
0.002744289563037455,1.0707396818324924,0.7955849571153522,10.826624003238976,0.4,1229,moderate_abatement,JUSTICE_GSA
0.02361465370375663,1.4486910412088037,1.883138199802488,532.072163769044,0.4,1230,moderate_abatement,JUSTICE_GSA
0.022544457022100686,1.4486910412088037,1.883138199802488,532.072163769044,0.4,1231,moderate_abatement,JUSTICE_GSA
0.02361465370375663,0.553926445543766,1.883138199802488,532.072163769044,0.4,1232,moderate_abatement,JUSTICE_GSA
0.02361465370375663,1.4486910412088037,1.4118056753650308,532.072163769044,0.4,1233,moderate_abatement,JUSTICE_GSA
0.02361465370375663,1.4486910412088037,1.883138199802488,658.1704328833148,0.4,1234,moderate_abatement,JUSTICE_GSA
0.02361465370375663,0.553926445543766,1.4118056753650308,658.1704328833148,0.4,1235,moderate_abatement,JUSTICE_GSA
0.022544457022100686,1.4486910412088037,1.4118056753650308,658.1704328833148,0.4,1236,moderate_abatement,JUSTICE_GSA
0.022544457022100686,0.553926445543766,1.883138199802488,658.1704328833148,0.4,1237,moderate_abatement,JUSTICE_GSA
0.022544457022100686,0.553926445543766,1.4118056753650308,532.072163769044,0.4,1238,moderate_abatement,JUSTICE_GSA
0.022544457022100686,0.553926445543766,1.4118056753650308,658.1704328833148,0.4,1239,moderate_abatement,JUSTICE_GSA
0.028168124611489473,0.6196141056716442,1.3024351354688406,716.3480890858918,0.4,1240,moderate_abatement,JUSTICE_GSA
0.018280519349500538,0.6196141056716442,1.3024351354688406,716.3480890858918,0.4,1241,moderate_abatement,JUSTICE_GSA
0.028168124611489473,0.9190943092107773,1.3024351354688406,716.3480890858918,0.4,1242,moderate_abatement,JUSTICE_GSA
0.028168124611489473,0.6196141056716442,0.6365951751358807,716.3480890858918,0.4,1243,moderate_abatement,JUSTICE_GSA
0.028168124611489473,0.6196141056716442,1.3024351354688406,243.32163064088672,0.4,1244,moderate_abatement,JUSTICE_GSA
0.028168124611489473,0.9190943092107773,0.6365951751358807,243.32163064088672,0.4,1245,moderate_abatement,JUSTICE_GSA
0.018280519349500538,0.6196141056716442,0.6365951751358807,243.32163064088672,0.4,1246,moderate_abatement,JUSTICE_GSA
0.018280519349500538,0.9190943092107773,1.3024351354688406,243.32163064088672,0.4,1247,moderate_abatement,JUSTICE_GSA
0.018280519349500538,0.9190943092107773,0.6365951751358807,716.3480890858918,0.4,1248,moderate_abatement,JUSTICE_GSA
0.018280519349500538,0.9190943092107773,0.6365951751358807,243.32163064088672,0.4,1249,moderate_abatement,JUSTICE_GSA
0.0018316859286278487,1.2655463553965092,0.7939806706272066,494.86438665818423,0.4,1250,moderate_abatement,JUSTICE_GSA
0.005730290527455509,1.2655463553965092,0.7939806706272066,494.86438665818423,0.4,1251,moderate_abatement,JUSTICE_GSA
0.0018316859286278487,1.4555074302479625,0.7939806706272066,494.86438665818423,0.4,1252,moderate_abatement,JUSTICE_GSA
0.0018316859286278487,1.2655463553965092,1.6169611723162234,494.86438665818423,0.4,1253,moderate_abatement,JUSTICE_GSA
0.0018316859286278487,1.2655463553965092,0.7939806706272066,582.3790365466848,0.4,1254,moderate_abatement,JUSTICE_GSA
0.0018316859286278487,1.4555074302479625,1.6169611723162234,582.3790365466848,0.4,1255,moderate_abatement,JUSTICE_GSA
0.005730290527455509,1.2655463553965092,1.6169611723162234,582.3790365466848,0.4,1256,moderate_abatement,JUSTICE_GSA
0.005730290527455509,1.4555074302479625,0.7939806706272066,582.3790365466848,0.4,1257,moderate_abatement,JUSTICE_GSA
0.005730290527455509,1.4555074302479625,1.6169611723162234,494.86438665818423,0.4,1258,moderate_abatement,JUSTICE_GSA
0.005730290527455509,1.4555074302479625,1.6169611723162234,582.3790365466848,0.4,1259,moderate_abatement,JUSTICE_GSA
0.010082442050799726,0.9669000115245581,1.7791798072867095,846.2944164117798,0.4,1260,moderate_abatement,JUSTICE_GSA
0.010556678941473364,0.9669000115245581,1.7791798072867095,846.2944164117798,0.4,1261,moderate_abatement,JUSTICE_GSA
0.010082442050799726,1.1383379735052586,1.7791798072867095,846.2944164117798,0.4,1262,moderate_abatement,JUSTICE_GSA
0.010082442050799726,0.9669000115245581,1.004392746835947,846.2944164117798,0.4,1263,moderate_abatement,JUSTICE_GSA
0.010082442050799726,0.9669000115245581,1.7791798072867095,954.2147877700627,0.4,1264,moderate_abatement,JUSTICE_GSA
0.010082442050799726,1.1383379735052586,1.004392746835947,954.2147877700627,0.4,1265,moderate_abatement,JUSTICE_GSA
0.010556678941473364,0.9669000115245581,1.004392746835947,954.2147877700627,0.4,1266,moderate_abatement,JUSTICE_GSA
0.010556678941473364,1.1383379735052586,1.7791798072867095,954.2147877700627,0.4,1267,moderate_abatement,JUSTICE_GSA
0.010556678941473364,1.1383379735052586,1.004392746835947,846.2944164117798,0.4,1268,moderate_abatement,JUSTICE_GSA
0.010556678941473364,1.1383379735052586,1.004392746835947,954.2147877700627,0.4,1269,moderate_abatement,JUSTICE_GSA
0.021920899662189186,1.1675280015915632,1.0657712891697884,68.75912397168577,0.4,1270,moderate_abatement,JUSTICE_GSA
0.026951411846093832,1.1675280015915632,1.0657712891697884,68.75912397168577,0.4,1271,moderate_abatement,JUSTICE_GSA
0.021920899662189186,0.7373046493157744,1.0657712891697884,68.75912397168577,0.4,1272,moderate_abatement,JUSTICE_GSA
0.021920899662189186,1.1675280015915632,1.9998720977455378,68.75912397168577,0.4,1273,moderate_abatement,JUSTICE_GSA
0.021920899662189186,1.1675280015915632,1.0657712891697884,370.37551112286747,0.4,1274,moderate_abatement,JUSTICE_GSA
0.021920899662189186,0.7373046493157744,1.9998720977455378,370.37551112286747,0.4,1275,moderate_abatement,JUSTICE_GSA
0.026951411846093832,1.1675280015915632,1.9998720977455378,370.37551112286747,0.4,1276,moderate_abatement,JUSTICE_GSA
0.026951411846093832,0.7373046493157744,1.0657712891697884,370.37551112286747,0.4,1277,moderate_abatement,JUSTICE_GSA
0.026951411846093832,0.7373046493157744,1.9998720977455378,68.75912397168577,0.4,1278,moderate_abatement,JUSTICE_GSA
0.026951411846093832,0.7373046493157744,1.9998720977455378,370.37551112286747,0.4,1279,moderate_abatement,JUSTICE_GSA
0.0219700656440109,0.6891694813966751,1.3247743295505643,798.2570777181536,0.4,1280,moderate_abatement,JUSTICE_GSA
0.008605457738973199,0.6891694813966751,1.3247743295505643,798.2570777181536,0.4,1281,moderate_abatement,JUSTICE_GSA
0.0219700656440109,1.3540468476712704,1.3247743295505643,798.2570777181536,0.4,1282,moderate_abatement,JUSTICE_GSA
0.0219700656440109,0.6891694813966751,0.7913278401829302,798.2570777181536,0.4,1283,moderate_abatement,JUSTICE_GSA
0.0219700656440109,0.6891694813966751,1.3247743295505643,427.01863581780344,0.4,1284,moderate_abatement,JUSTICE_GSA
0.0219700656440109,1.3540468476712704,0.7913278401829302,427.01863581780344,0.4,1285,moderate_abatement,JUSTICE_GSA
0.008605457738973199,0.6891694813966751,0.7913278401829302,427.01863581780344,0.4,1286,moderate_abatement,JUSTICE_GSA
0.008605457738973199,1.3540468476712704,1.3247743295505643,427.01863581780344,0.4,1287,moderate_abatement,JUSTICE_GSA
0.008605457738973199,1.3540468476712704,0.7913278401829302,798.2570777181536,0.4,1288,moderate_abatement,JUSTICE_GSA
0.008605457738973199,1.3540468476712704,0.7913278401829302,427.01863581780344,0.4,1289,moderate_abatement,JUSTICE_GSA
0.010245802002958954,1.425914190709591,0.8170510125346482,22.65955765824765,0.4,1290,moderate_abatement,JUSTICE_GSA
0.028460559759289024,1.425914190709591,0.8170510125346482,22.65955765824765,0.4,1291,moderate_abatement,JUSTICE_GSA
0.010245802002958954,0.7713499804958701,0.8170510125346482,22.65955765824765,0.4,1292,moderate_abatement,JUSTICE_GSA
0.010245802002958954,1.425914190709591,1.392625451553613,22.65955765824765,0.4,1293,moderate_abatement,JUSTICE_GSA
0.010245802002958954,1.425914190709591,0.8170510125346482,780.6196088856086,0.4,1294,moderate_abatement,JUSTICE_GSA
0.010245802002958954,0.7713499804958701,1.392625451553613,780.6196088856086,0.4,1295,moderate_abatement,JUSTICE_GSA
0.028460559759289024,1.425914190709591,1.392625451553613,780.6196088856086,0.4,1296,moderate_abatement,JUSTICE_GSA
0.028460559759289024,0.7713499804958701,0.8170510125346482,780.6196088856086,0.4,1297,moderate_abatement,JUSTICE_GSA
0.028460559759289024,0.7713499804958701,1.392625451553613,22.65955765824765,0.4,1298,moderate_abatement,JUSTICE_GSA
0.028460559759289024,0.7713499804958701,1.392625451553613,780.6196088856086,0.4,1299,moderate_abatement,JUSTICE_GSA
0.0017807214064523577,0.8494365606456995,1.8029823028482497,639.4909416651353,0.4,1300,moderate_abatement,JUSTICE_GSA
0.017307232641614972,0.8494365606456995,1.8029823028482497,639.4909416651353,0.4,1301,moderate_abatement,JUSTICE_GSA
0.0017807214064523577,0.5722816959023476,1.8029823028482497,639.4909416651353,0.4,1302,moderate_abatement,JUSTICE_GSA
0.0017807214064523577,0.8494365606456995,1.1614428404718637,639.4909416651353,0.4,1303,moderate_abatement,JUSTICE_GSA
0.0017807214064523577,0.8494365606456995,1.8029823028482497,654.5094596054405,0.4,1304,moderate_abatement,JUSTICE_GSA
0.0017807214064523577,0.5722816959023476,1.1614428404718637,654.5094596054405,0.4,1305,moderate_abatement,JUSTICE_GSA
0.017307232641614972,0.8494365606456995,1.1614428404718637,654.5094596054405,0.4,1306,moderate_abatement,JUSTICE_GSA
0.017307232641614972,0.5722816959023476,1.8029823028482497,654.5094596054405,0.4,1307,moderate_abatement,JUSTICE_GSA
0.017307232641614972,0.5722816959023476,1.1614428404718637,639.4909416651353,0.4,1308,moderate_abatement,JUSTICE_GSA
0.017307232641614972,0.5722816959023476,1.1614428404718637,654.5094596054405,0.4,1309,moderate_abatement,JUSTICE_GSA
0.028006561471149324,1.0158912856131792,1.0903078382834792,416.10745659284294,0.4,1310,moderate_abatement,JUSTICE_GSA
0.008107628267258405,1.0158912856131792,1.0903078382834792,416.10745659284294,0.4,1311,moderate_abatement,JUSTICE_GSA
0.028006561471149324,1.052077109925449,1.0903078382834792,416.10745659284294,0.4,1312,moderate_abatement,JUSTICE_GSA
0.028006561471149324,1.0158912856131792,1.7717998810112476,416.10745659284294,0.4,1313,moderate_abatement,JUSTICE_GSA
0.028006561471149324,1.0158912856131792,1.0903078382834792,53.9950150065124,0.4,1314,moderate_abatement,JUSTICE_GSA
0.028006561471149324,1.052077109925449,1.7717998810112476,53.9950150065124,0.4,1315,moderate_abatement,JUSTICE_GSA
0.008107628267258405,1.0158912856131792,1.7717998810112476,53.9950150065124,0.4,1316,moderate_abatement,JUSTICE_GSA
0.008107628267258405,1.052077109925449,1.0903078382834792,53.9950150065124,0.4,1317,moderate_abatement,JUSTICE_GSA
0.008107628267258405,1.052077109925449,1.7717998810112476,416.10745659284294,0.4,1318,moderate_abatement,JUSTICE_GSA
0.008107628267258405,1.052077109925449,1.7717998810112476,53.9950150065124,0.4,1319,moderate_abatement,JUSTICE_GSA
0.023438018605113027,0.9075183114036918,0.5015140720643103,332.81182121206075,0.4,1320,moderate_abatement,JUSTICE_GSA
0.0037304024305194615,0.9075183114036918,0.5015140720643103,332.81182121206075,0.4,1321,moderate_abatement,JUSTICE_GSA
0.023438018605113027,1.4211912481114268,0.5015140720643103,332.81182121206075,0.4,1322,moderate_abatement,JUSTICE_GSA
0.023438018605113027,0.9075183114036918,1.0031568477861583,332.81182121206075,0.4,1323,moderate_abatement,JUSTICE_GSA
0.023438018605113027,0.9075183114036918,0.5015140720643103,609.4502670243382,0.4,1324,moderate_abatement,JUSTICE_GSA
0.023438018605113027,1.4211912481114268,1.0031568477861583,609.4502670243382,0.4,1325,moderate_abatement,JUSTICE_GSA
0.0037304024305194615,0.9075183114036918,1.0031568477861583,609.4502670243382,0.4,1326,moderate_abatement,JUSTICE_GSA
0.0037304024305194615,1.4211912481114268,0.5015140720643103,609.4502670243382,0.4,1327,moderate_abatement,JUSTICE_GSA
0.0037304024305194615,1.4211912481114268,1.0031568477861583,332.81182121206075,0.4,1328,moderate_abatement,JUSTICE_GSA
0.0037304024305194615,1.4211912481114268,1.0031568477861583,609.4502670243382,0.4,1329,moderate_abatement,JUSTICE_GSA
0.006275369954295456,1.207866764627397,1.5934369852766395,612.7963782250881,0.4,1330,moderate_abatement,JUSTICE_GSA
0.02017995927017182,1.207866764627397,1.5934369852766395,612.7963782250881,0.4,1331,moderate_abatement,JUSTICE_GSA
0.006275369954295456,0.9532290548086166,1.5934369852766395,612.7963782250881,0.4,1332,moderate_abatement,JUSTICE_GSA
0.006275369954295456,1.207866764627397,1.9776706113480031,612.7963782250881,0.4,1333,moderate_abatement,JUSTICE_GSA
0.006275369954295456,1.207866764627397,1.5934369852766395,192.34473195113242,0.4,1334,moderate_abatement,JUSTICE_GSA
0.006275369954295456,0.9532290548086166,1.9776706113480031,192.34473195113242,0.4,1335,moderate_abatement,JUSTICE_GSA
0.02017995927017182,1.207866764627397,1.9776706113480031,192.34473195113242,0.4,1336,moderate_abatement,JUSTICE_GSA
0.02017995927017182,0.9532290548086166,1.5934369852766395,192.34473195113242,0.4,1337,moderate_abatement,JUSTICE_GSA
0.02017995927017182,0.9532290548086166,1.9776706113480031,612.7963782250881,0.4,1338,moderate_abatement,JUSTICE_GSA
0.02017995927017182,0.9532290548086166,1.9776706113480031,192.34473195113242,0.4,1339,moderate_abatement,JUSTICE_GSA
0.014811444927938282,0.5050484733656049,0.985618275590241,230.57060643658042,0.4,1340,moderate_abatement,JUSTICE_GSA
0.025106346441432833,0.5050484733656049,0.985618275590241,230.57060643658042,0.4,1341,moderate_abatement,JUSTICE_GSA
0.014811444927938282,0.640395007096231,0.985618275590241,230.57060643658042,0.4,1342,moderate_abatement,JUSTICE_GSA
0.014811444927938282,0.5050484733656049,0.6202527591958642,230.57060643658042,0.4,1343,moderate_abatement,JUSTICE_GSA
0.014811444927938282,0.5050484733656049,0.985618275590241,319.88766887318343,0.4,1344,moderate_abatement,JUSTICE_GSA
0.014811444927938282,0.640395007096231,0.6202527591958642,319.88766887318343,0.4,1345,moderate_abatement,JUSTICE_GSA
0.025106346441432833,0.5050484733656049,0.6202527591958642,319.88766887318343,0.4,1346,moderate_abatement,JUSTICE_GSA
0.025106346441432833,0.640395007096231,0.985618275590241,319.88766887318343,0.4,1347,moderate_abatement,JUSTICE_GSA
0.025106346441432833,0.640395007096231,0.6202527591958642,230.57060643658042,0.4,1348,moderate_abatement,JUSTICE_GSA
0.025106346441432833,0.640395007096231,0.6202527591958642,319.88766887318343,0.4,1349,moderate_abatement,JUSTICE_GSA
0.017472129963338374,1.3600924285128713,1.8607975807972252,949.597422526218,0.4,1350,moderate_abatement,JUSTICE_GSA
0.012501307512633501,1.3600924285128713,1.8607975807972252,949.597422526218,0.4,1351,moderate_abatement,JUSTICE_GSA
0.017472129963338374,1.23494029417634,1.8607975807972252,949.597422526218,0.4,1352,moderate_abatement,JUSTICE_GSA
0.017472129963338374,1.3600924285128713,1.609865571372211,949.597422526218,0.4,1353,moderate_abatement,JUSTICE_GSA
0.017472129963338374,1.3600924285128713,1.8607975807972252,981.7725514667109,0.4,1354,moderate_abatement,JUSTICE_GSA
0.017472129963338374,1.23494029417634,1.609865571372211,981.7725514667109,0.4,1355,moderate_abatement,JUSTICE_GSA
0.012501307512633501,1.3600924285128713,1.609865571372211,981.7725514667109,0.4,1356,moderate_abatement,JUSTICE_GSA
0.012501307512633501,1.23494029417634,1.8607975807972252,981.7725514667109,0.4,1357,moderate_abatement,JUSTICE_GSA
0.012501307512633501,1.23494029417634,1.609865571372211,949.597422526218,0.4,1358,moderate_abatement,JUSTICE_GSA
0.012501307512633501,1.23494029417634,1.609865571372211,981.7725514667109,0.4,1359,moderate_abatement,JUSTICE_GSA
0.016618946734815836,0.8003604412078857,0.9121879576705396,545.9738781964406,0.4,1360,moderate_abatement,JUSTICE_GSA
0.027468975080177187,0.8003604412078857,0.9121879576705396,545.9738781964406,0.4,1361,moderate_abatement,JUSTICE_GSA
0.016618946734815836,1.1152925211936235,0.9121879576705396,545.9738781964406,0.4,1362,moderate_abatement,JUSTICE_GSA
0.016618946734815836,0.8003604412078857,0.951468750834465,545.9738781964406,0.4,1363,moderate_abatement,JUSTICE_GSA
0.016618946734815836,0.8003604412078857,0.9121879576705396,559.5341520598158,0.4,1364,moderate_abatement,JUSTICE_GSA
0.016618946734815836,1.1152925211936235,0.951468750834465,559.5341520598158,0.4,1365,moderate_abatement,JUSTICE_GSA
0.027468975080177187,0.8003604412078857,0.951468750834465,559.5341520598158,0.4,1366,moderate_abatement,JUSTICE_GSA
0.027468975080177187,1.1152925211936235,0.9121879576705396,559.5341520598158,0.4,1367,moderate_abatement,JUSTICE_GSA
0.027468975080177187,1.1152925211936235,0.951468750834465,545.9738781964406,0.4,1368,moderate_abatement,JUSTICE_GSA
0.027468975080177187,1.1152925211936235,0.951468750834465,559.5341520598158,0.4,1369,moderate_abatement,JUSTICE_GSA
0.012032480449415742,1.068385310471058,1.9796323273330927,260.11865472607315,0.4,1370,moderate_abatement,JUSTICE_GSA
0.011068924392573534,1.068385310471058,1.9796323273330927,260.11865472607315,0.4,1371,moderate_abatement,JUSTICE_GSA
0.012032480449415742,0.5091275433078408,1.9796323273330927,260.11865472607315,0.4,1372,moderate_abatement,JUSTICE_GSA
0.012032480449415742,1.068385310471058,1.8411517646163702,260.11865472607315,0.4,1373,moderate_abatement,JUSTICE_GSA
0.012032480449415742,1.068385310471058,1.9796323273330927,148.36626975331455,0.4,1374,moderate_abatement,JUSTICE_GSA
0.012032480449415742,0.5091275433078408,1.8411517646163702,148.36626975331455,0.4,1375,moderate_abatement,JUSTICE_GSA
0.011068924392573534,1.068385310471058,1.8411517646163702,148.36626975331455,0.4,1376,moderate_abatement,JUSTICE_GSA
0.011068924392573534,0.5091275433078408,1.9796323273330927,148.36626975331455,0.4,1377,moderate_abatement,JUSTICE_GSA
0.011068924392573534,0.5091275433078408,1.8411517646163702,260.11865472607315,0.4,1378,moderate_abatement,JUSTICE_GSA
0.011068924392573534,0.5091275433078408,1.8411517646163702,148.36626975331455,0.4,1379,moderate_abatement,JUSTICE_GSA
0.0071284929001703854,0.6484018508344889,0.6229122839868069,892.509820157662,0.4,1380,moderate_abatement,JUSTICE_GSA
0.005247787972912192,0.6484018508344889,0.6229122839868069,892.509820157662,0.4,1381,moderate_abatement,JUSTICE_GSA
0.0071284929001703854,0.8344737496227026,0.6229122839868069,892.509820157662,0.4,1382,moderate_abatement,JUSTICE_GSA
0.0071284929001703854,0.6484018508344889,0.5722886440344155,892.509820157662,0.4,1383,moderate_abatement,JUSTICE_GSA
0.0071284929001703854,0.6484018508344889,0.6229122839868069,272.1591475047171,0.4,1384,moderate_abatement,JUSTICE_GSA
0.0071284929001703854,0.8344737496227026,0.5722886440344155,272.1591475047171,0.4,1385,moderate_abatement,JUSTICE_GSA
0.005247787972912192,0.6484018508344889,0.5722886440344155,272.1591475047171,0.4,1386,moderate_abatement,JUSTICE_GSA
0.005247787972912192,0.8344737496227026,0.6229122839868069,272.1591475047171,0.4,1387,moderate_abatement,JUSTICE_GSA
0.005247787972912192,0.8344737496227026,0.5722886440344155,892.509820157662,0.4,1388,moderate_abatement,JUSTICE_GSA
0.005247787972912192,0.8344737496227026,0.5722886440344155,272.1591475047171,0.4,1389,moderate_abatement,JUSTICE_GSA
0.026216922800987957,1.4710764158517122,1.520372889470309,179.37653582077473,0.4,1390,moderate_abatement,JUSTICE_GSA
0.017789162429980934,1.4710764158517122,1.520372889470309,179.37653582077473,0.4,1391,moderate_abatement,JUSTICE_GSA
0.026216922800987957,1.2908622669056058,1.520372889470309,179.37653582077473,0.4,1392,moderate_abatement,JUSTICE_GSA
0.026216922800987957,1.4710764158517122,1.4710425310768187,179.37653582077473,0.4,1393,moderate_abatement,JUSTICE_GSA
0.026216922800987957,1.4710764158517122,1.520372889470309,936.0945826452225,0.4,1394,moderate_abatement,JUSTICE_GSA
0.026216922800987957,1.2908622669056058,1.4710425310768187,936.0945826452225,0.4,1395,moderate_abatement,JUSTICE_GSA
0.017789162429980934,1.4710764158517122,1.4710425310768187,936.0945826452225,0.4,1396,moderate_abatement,JUSTICE_GSA
0.017789162429980934,1.2908622669056058,1.520372889470309,936.0945826452225,0.4,1397,moderate_abatement,JUSTICE_GSA
0.017789162429980934,1.2908622669056058,1.4710425310768187,179.37653582077473,0.4,1398,moderate_abatement,JUSTICE_GSA
0.017789162429980934,1.2908622669056058,1.4710425310768187,936.0945826452225,0.4,1399,moderate_abatement,JUSTICE_GSA
0.02897296890802681,0.5814530840143561,1.6885392405092716,74.85660493001342,0.4,1400,moderate_abatement,JUSTICE_GSA
0.021228294336237012,0.5814530840143561,1.6885392405092716,74.85660493001342,0.4,1401,moderate_abatement,JUSTICE_GSA
0.02897296890802681,1.175570455379784,1.6885392405092716,74.85660493001342,0.4,1402,moderate_abatement,JUSTICE_GSA
0.02897296890802681,0.5814530840143561,0.7427052399143577,74.85660493001342,0.4,1403,moderate_abatement,JUSTICE_GSA
0.02897296890802681,0.5814530840143561,1.6885392405092716,476.6049903500825,0.4,1404,moderate_abatement,JUSTICE_GSA
0.02897296890802681,1.175570455379784,0.7427052399143577,476.6049903500825,0.4,1405,moderate_abatement,JUSTICE_GSA
0.021228294336237012,0.5814530840143561,0.7427052399143577,476.6049903500825,0.4,1406,moderate_abatement,JUSTICE_GSA
0.021228294336237012,1.175570455379784,1.6885392405092716,476.6049903500825,0.4,1407,moderate_abatement,JUSTICE_GSA
0.021228294336237012,1.175570455379784,0.7427052399143577,74.85660493001342,0.4,1408,moderate_abatement,JUSTICE_GSA
0.021228294336237012,1.175570455379784,0.7427052399143577,476.6049903500825,0.4,1409,moderate_abatement,JUSTICE_GSA
0.004446347593329847,1.288082412444055,1.1564053292386234,856.2943043867126,0.4,1410,moderate_abatement,JUSTICE_GSA
0.001436969142407179,1.288082412444055,1.1564053292386234,856.2943043867126,0.4,1411,moderate_abatement,JUSTICE_GSA
0.004446347593329847,0.6998261343687773,1.1564053292386234,856.2943043867126,0.4,1412,moderate_abatement,JUSTICE_GSA
0.004446347593329847,1.288082412444055,1.253040929324925,856.2943043867126,0.4,1413,moderate_abatement,JUSTICE_GSA
0.004446347593329847,1.288082412444055,1.1564053292386234,824.4512330144644,0.4,1414,moderate_abatement,JUSTICE_GSA
0.004446347593329847,0.6998261343687773,1.253040929324925,824.4512330144644,0.4,1415,moderate_abatement,JUSTICE_GSA
0.001436969142407179,1.288082412444055,1.253040929324925,824.4512330144644,0.4,1416,moderate_abatement,JUSTICE_GSA
0.001436969142407179,0.6998261343687773,1.1564053292386234,824.4512330144644,0.4,1417,moderate_abatement,JUSTICE_GSA
0.001436969142407179,0.6998261343687773,1.253040929324925,856.2943043867126,0.4,1418,moderate_abatement,JUSTICE_GSA
0.001436969142407179,0.6998261343687773,1.253040929324925,824.4512330144644,0.4,1419,moderate_abatement,JUSTICE_GSA
0.009279340765438973,0.9912699507549405,1.3934352858923376,489.7426256136969,0.4,1420,moderate_abatement,JUSTICE_GSA
0.015304616943933067,0.9912699507549405,1.3934352858923376,489.7426256136969,0.4,1421,moderate_abatement,JUSTICE_GSA
0.009279340765438973,0.8938285494223237,1.3934352858923376,489.7426256136969,0.4,1422,moderate_abatement,JUSTICE_GSA
0.009279340765438973,0.9912699507549405,1.110504602547735,489.7426256136969,0.4,1423,moderate_abatement,JUSTICE_GSA
0.009279340765438973,0.9912699507549405,1.3934352858923376,702.396251690574,0.4,1424,moderate_abatement,JUSTICE_GSA
0.009279340765438973,0.8938285494223237,1.110504602547735,702.396251690574,0.4,1425,moderate_abatement,JUSTICE_GSA
0.015304616943933067,0.9912699507549405,1.110504602547735,702.396251690574,0.4,1426,moderate_abatement,JUSTICE_GSA
0.015304616943933067,0.8938285494223237,1.3934352858923376,702.396251690574,0.4,1427,moderate_abatement,JUSTICE_GSA
0.015304616943933067,0.8938285494223237,1.110504602547735,489.7426256136969,0.4,1428,moderate_abatement,JUSTICE_GSA
0.015304616943933067,0.8938285494223237,1.110504602547735,702.396251690574,0.4,1429,moderate_abatement,JUSTICE_GSA
0.01930438565649092,1.1275330306962132,0.702974172309041,707.3240401148796,0.4,1430,moderate_abatement,JUSTICE_GSA
0.024454606268554925,1.1275330306962132,0.702974172309041,707.3240401148796,0.4,1431,moderate_abatement,JUSTICE_GSA
0.01930438565649092,1.48053097166121,0.702974172309041,707.3240401148796,0.4,1432,moderate_abatement,JUSTICE_GSA
0.01930438565649092,1.1275330306962132,1.635950784664601,707.3240401148796,0.4,1433,moderate_abatement,JUSTICE_GSA
0.01930438565649092,1.1275330306962132,0.702974172309041,100.01417690794915,0.4,1434,moderate_abatement,JUSTICE_GSA
0.01930438565649092,1.48053097166121,1.635950784664601,100.01417690794915,0.4,1435,moderate_abatement,JUSTICE_GSA
0.024454606268554925,1.1275330306962132,1.635950784664601,100.01417690794915,0.4,1436,moderate_abatement,JUSTICE_GSA
0.024454606268554925,1.48053097166121,0.702974172309041,100.01417690794915,0.4,1437,moderate_abatement,JUSTICE_GSA
0.024454606268554925,1.48053097166121,1.635950784664601,707.3240401148796,0.4,1438,moderate_abatement,JUSTICE_GSA
0.024454606268554925,1.48053097166121,1.635950784664601,100.01417690794915,0.4,1439,moderate_abatement,JUSTICE_GSA
0.020201739671640098,0.9408492147922516,1.9449130636639893,207.71974511630833,0.4,1440,moderate_abatement,JUSTICE_GSA
0.007314945130608976,0.9408492147922516,1.9449130636639893,207.71974511630833,0.4,1441,moderate_abatement,JUSTICE_GSA
0.020201739671640098,0.743606012314558,1.9449130636639893,207.71974511630833,0.4,1442,moderate_abatement,JUSTICE_GSA
0.020201739671640098,0.9408492147922516,1.3573696636594832,207.71974511630833,0.4,1443,moderate_abatement,JUSTICE_GSA
0.020201739671640098,0.9408492147922516,1.9449130636639893,730.5572987524793,0.4,1444,moderate_abatement,JUSTICE_GSA
0.020201739671640098,0.743606012314558,1.3573696636594832,730.5572987524793,0.4,1445,moderate_abatement,JUSTICE_GSA
0.007314945130608976,0.9408492147922516,1.3573696636594832,730.5572987524793,0.4,1446,moderate_abatement,JUSTICE_GSA
0.007314945130608976,0.743606012314558,1.9449130636639893,730.5572987524793,0.4,1447,moderate_abatement,JUSTICE_GSA
0.007314945130608976,0.743606012314558,1.3573696636594832,207.71974511630833,0.4,1448,moderate_abatement,JUSTICE_GSA
0.007314945130608976,0.743606012314558,1.3573696636594832,730.5572987524793,0.4,1449,moderate_abatement,JUSTICE_GSA
0.008364167070016264,1.1786900535225868,0.9469586806371808,989.1554758651182,0.4,1450,moderate_abatement,JUSTICE_GSA
0.016287986086681486,1.1786900535225868,0.9469586806371808,989.1554758651182,0.4,1451,moderate_abatement,JUSTICE_GSA
0.008364167070016264,1.1309981336817145,0.9469586806371808,989.1554758651182,0.4,1452,moderate_abatement,JUSTICE_GSA
0.008364167070016264,1.1786900535225868,0.8500094381161034,989.1554758651182,0.4,1453,moderate_abatement,JUSTICE_GSA
0.008364167070016264,1.1786900535225868,0.9469586806371808,63.8020449699834,0.4,1454,moderate_abatement,JUSTICE_GSA
0.008364167070016264,1.1309981336817145,0.8500094381161034,63.8020449699834,0.4,1455,moderate_abatement,JUSTICE_GSA
0.016287986086681486,1.1786900535225868,0.8500094381161034,63.8020449699834,0.4,1456,moderate_abatement,JUSTICE_GSA
0.016287986086681486,1.1309981336817145,0.9469586806371808,63.8020449699834,0.4,1457,moderate_abatement,JUSTICE_GSA
0.016287986086681486,1.1309981336817145,0.8500094381161034,989.1554758651182,0.4,1458,moderate_abatement,JUSTICE_GSA
0.016287986086681486,1.1309981336817145,0.8500094381161034,63.8020449699834,0.4,1459,moderate_abatement,JUSTICE_GSA
0.003545478818938136,0.6006276253610849,1.462309173308313,356.76049955096096,0.4,1460,moderate_abatement,JUSTICE_GSA
0.0294803714370355,0.6006276253610849,1.462309173308313,356.76049955096096,0.4,1461,moderate_abatement,JUSTICE_GSA
0.003545478818938136,1.4628779515624046,1.462309173308313,356.76049955096096,0.4,1462,moderate_abatement,JUSTICE_GSA
0.003545478818938136,0.6006276253610849,1.7365486975759268,356.76049955096096,0.4,1463,moderate_abatement,JUSTICE_GSA
0.003545478818938136,0.6006276253610849,1.462309173308313,440.6370935589075,0.4,1464,moderate_abatement,JUSTICE_GSA
0.003545478818938136,1.4628779515624046,1.7365486975759268,440.6370935589075,0.4,1465,moderate_abatement,JUSTICE_GSA
0.0294803714370355,0.6006276253610849,1.7365486975759268,440.6370935589075,0.4,1466,moderate_abatement,JUSTICE_GSA
0.0294803714370355,1.4628779515624046,1.462309173308313,440.6370935589075,0.4,1467,moderate_abatement,JUSTICE_GSA
0.0294803714370355,1.4628779515624046,1.7365486975759268,356.76049955096096,0.4,1468,moderate_abatement,JUSTICE_GSA
0.0294803714370355,1.4628779515624046,1.7365486975759268,440.6370935589075,0.4,1469,moderate_abatement,JUSTICE_GSA
0.029884572531096637,1.2681791950017214,0.681027548853308,574.336141904816,0.4,1470,moderate_abatement,JUSTICE_GSA
0.009398709455505014,1.2681791950017214,0.681027548853308,574.336141904816,0.4,1471,moderate_abatement,JUSTICE_GSA
0.029884572531096637,0.912762294523418,0.681027548853308,574.336141904816,0.4,1472,moderate_abatement,JUSTICE_GSA
0.029884572531096637,1.2681791950017214,1.2201204597949982,574.336141904816,0.4,1473,moderate_abatement,JUSTICE_GSA
0.029884572531096637,1.2681791950017214,0.681027548853308,852.8570287991315,0.4,1474,moderate_abatement,JUSTICE_GSA
0.029884572531096637,0.912762294523418,1.2201204597949982,852.8570287991315,0.4,1475,moderate_abatement,JUSTICE_GSA
0.009398709455505014,1.2681791950017214,1.2201204597949982,852.8570287991315,0.4,1476,moderate_abatement,JUSTICE_GSA
0.009398709455505014,0.912762294523418,0.681027548853308,852.8570287991315,0.4,1477,moderate_abatement,JUSTICE_GSA
0.009398709455505014,0.912762294523418,1.2201204597949982,574.336141904816,0.4,1478,moderate_abatement,JUSTICE_GSA
0.009398709455505014,0.912762294523418,1.2201204597949982,852.8570287991315,0.4,1479,moderate_abatement,JUSTICE_GSA
0.025305436340160668,0.6597448280081153,1.215436085127294,678.8350831689313,0.4,1480,moderate_abatement,JUSTICE_GSA
0.013294547885656358,0.6597448280081153,1.215436085127294,678.8350831689313,0.4,1481,moderate_abatement,JUSTICE_GSA
0.025305436340160668,0.5592817245051265,1.215436085127294,678.8350831689313,0.4,1482,moderate_abatement,JUSTICE_GSA
0.025305436340160668,0.6597448280081153,1.9425966101698577,678.8350831689313,0.4,1483,moderate_abatement,JUSTICE_GSA
0.025305436340160668,0.6597448280081153,1.215436085127294,298.3849770408124,0.4,1484,moderate_abatement,JUSTICE_GSA
0.025305436340160668,0.5592817245051265,1.9425966101698577,298.3849770408124,0.4,1485,moderate_abatement,JUSTICE_GSA
0.013294547885656358,0.6597448280081153,1.9425966101698577,298.3849770408124,0.4,1486,moderate_abatement,JUSTICE_GSA
0.013294547885656358,0.5592817245051265,1.215436085127294,298.3849770408124,0.4,1487,moderate_abatement,JUSTICE_GSA
0.013294547885656358,0.5592817245051265,1.9425966101698577,678.8350831689313,0.4,1488,moderate_abatement,JUSTICE_GSA
0.013294547885656358,0.5592817245051265,1.9425966101698577,298.3849770408124,0.4,1489,moderate_abatement,JUSTICE_GSA
0.00802947872877121,1.4589971518144011,1.6295599439181387,392.98170187324286,0.4,1490,moderate_abatement,JUSTICE_GSA
0.026126148504205048,1.4589971518144011,1.6295599439181387,392.98170187324286,0.4,1491,moderate_abatement,JUSTICE_GSA
0.00802947872877121,1.0662989020347595,1.6295599439181387,392.98170187324286,0.4,1492,moderate_abatement,JUSTICE_GSA
0.00802947872877121,1.4589971518144011,1.061656882520765,392.98170187324286,0.4,1493,moderate_abatement,JUSTICE_GSA
0.00802947872877121,1.4589971518144011,1.6295599439181387,901.8186209537089,0.4,1494,moderate_abatement,JUSTICE_GSA
0.00802947872877121,1.0662989020347595,1.061656882520765,901.8186209537089,0.4,1495,moderate_abatement,JUSTICE_GSA
0.026126148504205048,1.4589971518144011,1.061656882520765,901.8186209537089,0.4,1496,moderate_abatement,JUSTICE_GSA
0.026126148504205048,1.0662989020347595,1.6295599439181387,901.8186209537089,0.4,1497,moderate_abatement,JUSTICE_GSA
0.026126148504205048,1.0662989020347595,1.061656882520765,392.98170187324286,0.4,1498,moderate_abatement,JUSTICE_GSA
0.026126148504205048,1.0662989020347595,1.061656882520765,901.8186209537089,0.4,1499,moderate_abatement,JUSTICE_GSA
0.01294753698259592,0.7577636586502194,0.7386604365892708,759.5219479985535,0.4,1500,moderate_abatement,JUSTICE_GSA
0.01916069445759058,0.7577636586502194,0.7386604365892708,759.5219479985535,0.4,1501,moderate_abatement,JUSTICE_GSA
0.01294753698259592,1.2775695091113448,0.7386604365892708,759.5219479985535,0.4,1502,moderate_abatement,JUSTICE_GSA
0.01294753698259592,0.7577636586502194,1.5747990356758237,759.5219479985535,0.4,1503,moderate_abatement,JUSTICE_GSA
0.01294753698259592,0.7577636586502194,0.7386604365892708,525.5019565979019,0.4,1504,moderate_abatement,JUSTICE_GSA
0.01294753698259592,1.2775695091113448,1.5747990356758237,525.5019565979019,0.4,1505,moderate_abatement,JUSTICE_GSA
0.01916069445759058,0.7577636586502194,1.5747990356758237,525.5019565979019,0.4,1506,moderate_abatement,JUSTICE_GSA
0.01916069445759058,1.2775695091113448,0.7386604365892708,525.5019565979019,0.4,1507,moderate_abatement,JUSTICE_GSA
0.01916069445759058,1.2775695091113448,1.5747990356758237,759.5219479985535,0.4,1508,moderate_abatement,JUSTICE_GSA
0.01916069445759058,1.2775695091113448,1.5747990356758237,525.5019565979019,0.4,1509,moderate_abatement,JUSTICE_GSA
0.015721475665457545,1.111710769124329,1.3578005703166127,46.39432416204363,0.4,1510,moderate_abatement,JUSTICE_GSA
0.0029377027647569777,1.111710769124329,1.3578005703166127,46.39432416204363,0.4,1511,moderate_abatement,JUSTICE_GSA
0.015721475665457545,0.847094226628542,1.3578005703166127,46.39432416204363,0.4,1512,moderate_abatement,JUSTICE_GSA
0.015721475665457545,1.111710769124329,0.678745954297483,46.39432416204363,0.4,1513,moderate_abatement,JUSTICE_GSA
0.015721475665457545,1.111710769124329,1.3578005703166127,174.83541148807853,0.4,1514,moderate_abatement,JUSTICE_GSA
0.015721475665457545,0.847094226628542,0.678745954297483,174.83541148807853,0.4,1515,moderate_abatement,JUSTICE_GSA
0.0029377027647569777,1.111710769124329,0.678745954297483,174.83541148807853,0.4,1516,moderate_abatement,JUSTICE_GSA
0.0029377027647569777,0.847094226628542,1.3578005703166127,174.83541148807853,0.4,1517,moderate_abatement,JUSTICE_GSA
0.0029377027647569777,0.847094226628542,0.678745954297483,46.39432416204363,0.4,1518,moderate_abatement,JUSTICE_GSA
0.0029377027647569777,0.847094226628542,0.678745954297483,174.83541148807853,0.4,1519,moderate_abatement,JUSTICE_GSA
0.018387162134982645,0.548133596777916,0.8516315165907145,450.06457041110843,0.4,1520,moderate_abatement,JUSTICE_GSA
0.018808866776525972,0.548133596777916,0.8516315165907145,450.06457041110843,0.4,1521,moderate_abatement,JUSTICE_GSA
0.018387162134982645,0.9745775032788515,0.8516315165907145,450.06457041110843,0.4,1522,moderate_abatement,JUSTICE_GSA
0.018387162134982645,0.548133596777916,1.8998351730406284,450.06457041110843,0.4,1523,moderate_abatement,JUSTICE_GSA
0.018387162134982645,0.548133596777916,0.8516315165907145,348.2951095895842,0.4,1524,moderate_abatement,JUSTICE_GSA
0.018387162134982645,0.9745775032788515,1.8998351730406284,348.2951095895842,0.4,1525,moderate_abatement,JUSTICE_GSA
0.018808866776525972,0.548133596777916,1.8998351730406284,348.2951095895842,0.4,1526,moderate_abatement,JUSTICE_GSA
0.018808866776525972,0.9745775032788515,0.8516315165907145,348.2951095895842,0.4,1527,moderate_abatement,JUSTICE_GSA
0.018808866776525972,0.9745775032788515,1.8998351730406284,450.06457041110843,0.4,1528,moderate_abatement,JUSTICE_GSA
0.018808866776525972,0.9745775032788515,1.8998351730406284,348.2951095895842,0.4,1529,moderate_abatement,JUSTICE_GSA
0.013914004702121018,1.3172553107142448,1.2902339189313352,730.0510961320251,0.4,1530,moderate_abatement,JUSTICE_GSA
0.00604093246627599,1.3172553107142448,1.2902339189313352,730.0510961320251,0.4,1531,moderate_abatement,JUSTICE_GSA
0.013914004702121018,1.4010014543309808,1.2902339189313352,730.0510961320251,0.4,1532,moderate_abatement,JUSTICE_GSA
0.013914004702121018,1.3172553107142448,0.9162119124084711,730.0510961320251,0.4,1533,moderate_abatement,JUSTICE_GSA
0.013914004702121018,1.3172553107142448,1.2902339189313352,945.8068206263706,0.4,1534,moderate_abatement,JUSTICE_GSA
0.013914004702121018,1.4010014543309808,0.9162119124084711,945.8068206263706,0.4,1535,moderate_abatement,JUSTICE_GSA
0.00604093246627599,1.3172553107142448,0.9162119124084711,945.8068206263706,0.4,1536,moderate_abatement,JUSTICE_GSA
0.00604093246627599,1.4010014543309808,1.2902339189313352,945.8068206263706,0.4,1537,moderate_abatement,JUSTICE_GSA
0.00604093246627599,1.4010014543309808,0.9162119124084711,730.0510961320251,0.4,1538,moderate_abatement,JUSTICE_GSA
0.00604093246627599,1.4010014543309808,0.9162119124084711,945.8068206263706,0.4,1539,moderate_abatement,JUSTICE_GSA
0.005363846059888601,0.8956869933754206,1.1482356558553874,113.19303594715893,0.4,1540,moderate_abatement,JUSTICE_GSA
0.010276127010583877,0.8956869933754206,1.1482356558553874,113.19303594715893,0.4,1541,moderate_abatement,JUSTICE_GSA
0.005363846059888601,1.1928437110036612,1.1482356558553874,113.19303594715893,0.4,1542,moderate_abatement,JUSTICE_GSA
0.005363846059888601,0.8956869933754206,1.5297183846123517,113.19303594715893,0.4,1543,moderate_abatement,JUSTICE_GSA
0.005363846059888601,0.8956869933754206,1.1482356558553874,573.2397949043661,0.4,1544,moderate_abatement,JUSTICE_GSA
0.005363846059888601,1.1928437110036612,1.5297183846123517,573.2397949043661,0.4,1545,moderate_abatement,JUSTICE_GSA
0.010276127010583877,0.8956869933754206,1.5297183846123517,573.2397949043661,0.4,1546,moderate_abatement,JUSTICE_GSA
0.010276127010583877,1.1928437110036612,1.1482356558553874,573.2397949043661,0.4,1547,moderate_abatement,JUSTICE_GSA
0.010276127010583877,1.1928437110036612,1.5297183846123517,113.19303594715893,0.4,1548,moderate_abatement,JUSTICE_GSA
0.010276127010583877,1.1928437110036612,1.5297183846123517,573.2397949043661,0.4,1549,moderate_abatement,JUSTICE_GSA
0.02433902242127806,1.2194576878100634,1.7450944893062115,832.2256241841242,0.4,1550,moderate_abatement,JUSTICE_GSA
0.02644961438793689,1.2194576878100634,1.7450944893062115,832.2256241841242,0.4,1551,moderate_abatement,JUSTICE_GSA
0.02433902242127806,0.6818212168291211,1.7450944893062115,832.2256241841242,0.4,1552,moderate_abatement,JUSTICE_GSA
0.02433902242127806,1.2194576878100634,0.5370385558344424,832.2256241841242,0.4,1553,moderate_abatement,JUSTICE_GSA
0.02433902242127806,1.2194576878100634,1.7450944893062115,220.5079300776124,0.4,1554,moderate_abatement,JUSTICE_GSA
0.02433902242127806,0.6818212168291211,0.5370385558344424,220.5079300776124,0.4,1555,moderate_abatement,JUSTICE_GSA
0.02644961438793689,1.2194576878100634,0.5370385558344424,220.5079300776124,0.4,1556,moderate_abatement,JUSTICE_GSA
0.02644961438793689,0.6818212168291211,1.7450944893062115,220.5079300776124,0.4,1557,moderate_abatement,JUSTICE_GSA
0.02644961438793689,0.6818212168291211,0.5370385558344424,832.2256241841242,0.4,1558,moderate_abatement,JUSTICE_GSA
0.02644961438793689,0.6818212168291211,0.5370385558344424,220.5079300776124,0.4,1559,moderate_abatement,JUSTICE_GSA
0.027105661853216587,0.8297736784443259,1.5342674697749317,915.5117025859654,0.4,1560,moderate_abatement,JUSTICE_GSA
0.023435234448872504,0.8297736784443259,1.5342674697749317,915.5117025859654,0.4,1561,moderate_abatement,JUSTICE_GSA
0.027105661853216587,0.7814336838200688,1.5342674697749317,915.5117025859654,0.4,1562,moderate_abatement,JUSTICE_GSA
0.027105661853216587,0.8297736784443259,1.311539868824184,915.5117025859654,0.4,1563,moderate_abatement,JUSTICE_GSA
0.027105661853216587,0.8297736784443259,1.5342674697749317,680.9807375185192,0.4,1564,moderate_abatement,JUSTICE_GSA
0.027105661853216587,0.7814336838200688,1.311539868824184,680.9807375185192,0.4,1565,moderate_abatement,JUSTICE_GSA
0.023435234448872504,0.8297736784443259,1.311539868824184,680.9807375185192,0.4,1566,moderate_abatement,JUSTICE_GSA
0.023435234448872504,0.7814336838200688,1.5342674697749317,680.9807375185192,0.4,1567,moderate_abatement,JUSTICE_GSA
0.023435234448872504,0.7814336838200688,1.311539868824184,915.5117025859654,0.4,1568,moderate_abatement,JUSTICE_GSA
0.023435234448872504,0.7814336838200688,1.311539868824184,680.9807375185192,0.4,1569,moderate_abatement,JUSTICE_GSA
0.002692349391058087,1.0353061622008681,0.5607236810028553,139.9123403513804,0.4,1570,moderate_abatement,JUSTICE_GSA
0.014511810163035987,1.0353061622008681,0.5607236810028553,139.9123403513804,0.4,1571,moderate_abatement,JUSTICE_GSA
0.002692349391058087,1.34316879324615,0.5607236810028553,139.9123403513804,0.4,1572,moderate_abatement,JUSTICE_GSA
0.002692349391058087,1.0353061622008681,0.7076330045238137,139.9123403513804,0.4,1573,moderate_abatement,JUSTICE_GSA
0.002692349391058087,1.0353061622008681,0.5607236810028553,19.964494248852134,0.4,1574,moderate_abatement,JUSTICE_GSA
0.002692349391058087,1.34316879324615,0.7076330045238137,19.964494248852134,0.4,1575,moderate_abatement,JUSTICE_GSA
0.014511810163035987,1.0353061622008681,0.7076330045238137,19.964494248852134,0.4,1576,moderate_abatement,JUSTICE_GSA
0.014511810163035987,1.34316879324615,0.5607236810028553,19.964494248852134,0.4,1577,moderate_abatement,JUSTICE_GSA
0.014511810163035987,1.34316879324615,0.7076330045238137,139.9123403513804,0.4,1578,moderate_abatement,JUSTICE_GSA
0.014511810163035987,1.34316879324615,0.7076330045238137,19.964494248852134,0.4,1579,moderate_abatement,JUSTICE_GSA
0.011143138030543922,0.7400785582140088,1.8249754179269075,522.1190577270463,0.4,1580,moderate_abatement,JUSTICE_GSA
0.002230095594190061,0.7400785582140088,1.8249754179269075,522.1190577270463,0.4,1581,moderate_abatement,JUSTICE_GSA
0.011143138030543922,1.0007298225536942,1.8249754179269075,522.1190577270463,0.4,1582,moderate_abatement,JUSTICE_GSA
0.011143138030543922,0.7400785582140088,1.694445030298084,522.1190577270463,0.4,1583,moderate_abatement,JUSTICE_GSA
0.011143138030543922,0.7400785582140088,1.8249754179269075,392.74479541834444,0.4,1584,moderate_abatement,JUSTICE_GSA
0.011143138030543922,1.0007298225536942,1.694445030298084,392.74479541834444,0.4,1585,moderate_abatement,JUSTICE_GSA
0.002230095594190061,0.7400785582140088,1.694445030298084,392.74479541834444,0.4,1586,moderate_abatement,JUSTICE_GSA
0.002230095594190061,1.0007298225536942,1.8249754179269075,392.74479541834444,0.4,1587,moderate_abatement,JUSTICE_GSA
0.002230095594190061,1.0007298225536942,1.694445030298084,522.1190577270463,0.4,1588,moderate_abatement,JUSTICE_GSA
0.002230095594190061,1.0007298225536942,1.694445030298084,392.74479541834444,0.4,1589,moderate_abatement,JUSTICE_GSA
0.021054929382167756,1.375245508737862,1.0214804424904287,298.7299121543765,0.4,1590,moderate_abatement,JUSTICE_GSA
0.022247982369735835,1.375245508737862,1.0214804424904287,298.7299121543765,0.4,1591,moderate_abatement,JUSTICE_GSA
0.021054929382167756,0.6249116156250238,1.0214804424904287,298.7299121543765,0.4,1592,moderate_abatement,JUSTICE_GSA
0.021054929382167756,1.375245508737862,1.0754362563602626,298.7299121543765,0.4,1593,moderate_abatement,JUSTICE_GSA
0.021054929382167756,1.375245508737862,1.0214804424904287,806.8471280122176,0.4,1594,moderate_abatement,JUSTICE_GSA
0.021054929382167756,0.6249116156250238,1.0754362563602626,806.8471280122176,0.4,1595,moderate_abatement,JUSTICE_GSA
0.022247982369735835,1.375245508737862,1.0754362563602626,806.8471280122176,0.4,1596,moderate_abatement,JUSTICE_GSA
0.022247982369735835,0.6249116156250238,1.0214804424904287,806.8471280122176,0.4,1597,moderate_abatement,JUSTICE_GSA
0.022247982369735835,0.6249116156250238,1.0754362563602626,298.7299121543765,0.4,1598,moderate_abatement,JUSTICE_GSA
0.022247982369735835,0.6249116156250238,1.0754362563602626,806.8471280122176,0.4,1599,moderate_abatement,JUSTICE_GSA
0.021818513960577546,0.8616352323442698,0.6023914432153106,58.61461225897074,0.4,1600,moderate_abatement,JUSTICE_GSA
0.012081470012664793,0.8616352323442698,0.6023914432153106,58.61461225897074,0.4,1601,moderate_abatement,JUSTICE_GSA
0.021818513960577546,0.6700954427942634,0.6023914432153106,58.61461225897074,0.4,1602,moderate_abatement,JUSTICE_GSA
0.021818513960577546,0.8616352323442698,1.7488891961984336,58.61461225897074,0.4,1603,moderate_abatement,JUSTICE_GSA
0.021818513960577546,0.8616352323442698,0.6023914432153106,957.0911444276571,0.4,1604,moderate_abatement,JUSTICE_GSA
0.021818513960577546,0.6700954427942634,1.7488891961984336,957.0911444276571,0.4,1605,moderate_abatement,JUSTICE_GSA
0.012081470012664793,0.8616352323442698,1.7488891961984336,957.0911444276571,0.4,1606,moderate_abatement,JUSTICE_GSA
0.012081470012664793,0.6700954427942634,0.6023914432153106,957.0911444276571,0.4,1607,moderate_abatement,JUSTICE_GSA
0.012081470012664793,0.6700954427942634,1.7488891961984336,58.61461225897074,0.4,1608,moderate_abatement,JUSTICE_GSA
0.012081470012664793,0.6700954427942634,1.7488891961984336,957.0911444276571,0.4,1609,moderate_abatement,JUSTICE_GSA
0.011792556349188087,1.0075988341122866,1.5057833069004118,777.5996277304366,0.4,1610,moderate_abatement,JUSTICE_GSA
0.024630097401328384,1.0075988341122866,1.5057833069004118,777.5996277304366,0.4,1611,moderate_abatement,JUSTICE_GSA
0.011792556349188087,1.2045706920325756,1.5057833069004118,777.5996277304366,0.4,1612,moderate_abatement,JUSTICE_GSA
0.011792556349188087,1.0075988341122866,1.2312292880378664,777.5996277304366,0.4,1613,moderate_abatement,JUSTICE_GSA
0.011792556349188087,1.0075988341122866,1.5057833069004118,375.18049441464245,0.4,1614,moderate_abatement,JUSTICE_GSA
0.011792556349188087,1.2045706920325756,1.2312292880378664,375.18049441464245,0.4,1615,moderate_abatement,JUSTICE_GSA
0.024630097401328384,1.0075988341122866,1.2312292880378664,375.18049441464245,0.4,1616,moderate_abatement,JUSTICE_GSA
0.024630097401328384,1.2045706920325756,1.5057833069004118,375.18049441464245,0.4,1617,moderate_abatement,JUSTICE_GSA
0.024630097401328384,1.2045706920325756,1.2312292880378664,777.5996277304366,0.4,1618,moderate_abatement,JUSTICE_GSA
0.024630097401328384,1.2045706920325756,1.2312292880378664,375.18049441464245,0.4,1619,moderate_abatement,JUSTICE_GSA
0.001934512298554182,0.7091964185237885,0.8975983303971589,379.78341626469046,0.4,1620,moderate_abatement,JUSTICE_GSA
0.020600217290222645,0.7091964185237885,0.8975983303971589,379.78341626469046,0.4,1621,moderate_abatement,JUSTICE_GSA
0.001934512298554182,1.3892899854108691,0.8975983303971589,379.78341626469046,0.4,1622,moderate_abatement,JUSTICE_GSA
0.001934512298554182,0.7091964185237885,1.3700803043320775,379.78341626469046,0.4,1623,moderate_abatement,JUSTICE_GSA
0.001934512298554182,0.7091964185237885,0.8975983303971589,248.2782304910943,0.4,1624,moderate_abatement,JUSTICE_GSA
0.001934512298554182,1.3892899854108691,1.3700803043320775,248.2782304910943,0.4,1625,moderate_abatement,JUSTICE_GSA
0.020600217290222645,0.7091964185237885,1.3700803043320775,248.2782304910943,0.4,1626,moderate_abatement,JUSTICE_GSA
0.020600217290222645,1.3892899854108691,0.8975983303971589,248.2782304910943,0.4,1627,moderate_abatement,JUSTICE_GSA
0.020600217290222645,1.3892899854108691,1.3700803043320775,379.78341626469046,0.4,1628,moderate_abatement,JUSTICE_GSA
0.020600217290222645,1.3892899854108691,1.3700803043320775,248.2782304910943,0.4,1629,moderate_abatement,JUSTICE_GSA
0.026458450981415808,1.4097935333848,1.9591114418581128,659.7871467806399,0.4,1630,moderate_abatement,JUSTICE_GSA
0.004207087655551731,1.4097935333848,1.9591114418581128,659.7871467806399,0.4,1631,moderate_abatement,JUSTICE_GSA
0.026458450981415808,0.986288271844387,1.9591114418581128,659.7871467806399,0.4,1632,moderate_abatement,JUSTICE_GSA
0.026458450981415808,1.4097935333848,0.8607474034652114,659.7871467806399,0.4,1633,moderate_abatement,JUSTICE_GSA
0.026458450981415808,1.4097935333848,1.9591114418581128,585.3466608645394,0.4,1634,moderate_abatement,JUSTICE_GSA
0.026458450981415808,0.986288271844387,0.8607474034652114,585.3466608645394,0.4,1635,moderate_abatement,JUSTICE_GSA
0.004207087655551731,1.4097935333848,0.8607474034652114,585.3466608645394,0.4,1636,moderate_abatement,JUSTICE_GSA
0.004207087655551731,0.986288271844387,1.9591114418581128,585.3466608645394,0.4,1637,moderate_abatement,JUSTICE_GSA
0.004207087655551731,0.986288271844387,0.8607474034652114,659.7871467806399,0.4,1638,moderate_abatement,JUSTICE_GSA
0.004207087655551731,0.986288271844387,0.8607474034652114,585.3466608645394,0.4,1639,moderate_abatement,JUSTICE_GSA
0.023745357989333568,0.5182242142036557,1.4256291505880654,592.3522855592892,0.4,1640,moderate_abatement,JUSTICE_GSA
0.0076745296111330385,0.5182242142036557,1.4256291505880654,592.3522855592892,0.4,1641,moderate_abatement,JUSTICE_GSA
0.023745357989333568,0.6053885817527771,1.4256291505880654,592.3522855592892,0.4,1642,moderate_abatement,JUSTICE_GSA
0.023745357989333568,0.5182242142036557,1.5386601933278143,592.3522855592892,0.4,1643,moderate_abatement,JUSTICE_GSA
0.023745357989333568,0.5182242142036557,1.4256291505880654,15.661573336459696,0.4,1644,moderate_abatement,JUSTICE_GSA
0.023745357989333568,0.6053885817527771,1.5386601933278143,15.661573336459696,0.4,1645,moderate_abatement,JUSTICE_GSA
0.0076745296111330385,0.5182242142036557,1.5386601933278143,15.661573336459696,0.4,1646,moderate_abatement,JUSTICE_GSA
0.0076745296111330385,0.6053885817527771,1.4256291505880654,15.661573336459696,0.4,1647,moderate_abatement,JUSTICE_GSA
0.0076745296111330385,0.6053885817527771,1.5386601933278143,592.3522855592892,0.4,1648,moderate_abatement,JUSTICE_GSA
0.0076745296111330385,0.6053885817527771,1.5386601933278143,15.661573336459696,0.4,1649,moderate_abatement,JUSTICE_GSA
0.004657785387709737,1.3508229674771428,0.7294198842719197,368.91937810368836,0.4,1650,moderate_abatement,JUSTICE_GSA
0.016817722337320446,1.3508229674771428,0.7294198842719197,368.91937810368836,0.4,1651,moderate_abatement,JUSTICE_GSA
0.004657785387709737,1.0202540336176753,0.7294198842719197,368.91937810368836,0.4,1652,moderate_abatement,JUSTICE_GSA
0.004657785387709737,1.3508229674771428,0.6445826482959092,368.91937810368836,0.4,1653,moderate_abatement,JUSTICE_GSA
0.004657785387709737,1.3508229674771428,0.7294198842719197,661.0158112337813,0.4,1654,moderate_abatement,JUSTICE_GSA
0.004657785387709737,1.0202540336176753,0.6445826482959092,661.0158112337813,0.4,1655,moderate_abatement,JUSTICE_GSA
0.016817722337320446,1.3508229674771428,0.6445826482959092,661.0158112337813,0.4,1656,moderate_abatement,JUSTICE_GSA
0.016817722337320446,1.0202540336176753,0.7294198842719197,661.0158112337813,0.4,1657,moderate_abatement,JUSTICE_GSA
0.016817722337320446,1.0202540336176753,0.6445826482959092,368.91937810368836,0.4,1658,moderate_abatement,JUSTICE_GSA
0.016817722337320446,1.0202540336176753,0.6445826482959092,661.0158112337813,0.4,1659,moderate_abatement,JUSTICE_GSA
0.014501918191090226,0.9285213043913245,1.7149849077686667,970.1679441984743,0.4,1660,moderate_abatement,JUSTICE_GSA
0.02889410691615194,0.9285213043913245,1.7149849077686667,970.1679441984743,0.4,1661,moderate_abatement,JUSTICE_GSA
0.014501918191090226,1.3236295469105244,1.7149849077686667,970.1679441984743,0.4,1662,moderate_abatement,JUSTICE_GSA
0.014501918191090226,0.9285213043913245,1.9068322014063597,970.1679441984743,0.4,1663,moderate_abatement,JUSTICE_GSA
0.014501918191090226,0.9285213043913245,1.7149849077686667,787.7657440584153,0.4,1664,moderate_abatement,JUSTICE_GSA
0.014501918191090226,1.3236295469105244,1.9068322014063597,787.7657440584153,0.4,1665,moderate_abatement,JUSTICE_GSA
0.02889410691615194,0.9285213043913245,1.9068322014063597,787.7657440584153,0.4,1666,moderate_abatement,JUSTICE_GSA
0.02889410691615194,1.3236295469105244,1.7149849077686667,787.7657440584153,0.4,1667,moderate_abatement,JUSTICE_GSA
0.02889410691615194,1.3236295469105244,1.9068322014063597,970.1679441984743,0.4,1668,moderate_abatement,JUSTICE_GSA
0.02889410691615194,1.3236295469105244,1.9068322014063597,787.7657440584153,0.4,1669,moderate_abatement,JUSTICE_GSA
0.019091011903248727,1.190769991837442,1.1885991492308676,194.58197587635368,0.4,1670,moderate_abatement,JUSTICE_GSA
0.00909543199278414,1.190769991837442,1.1885991492308676,194.58197587635368,0.4,1671,moderate_abatement,JUSTICE_GSA
0.019091011903248727,0.800972199998796,1.1885991492308676,194.58197587635368,0.4,1672,moderate_abatement,JUSTICE_GSA
0.019091011903248727,1.190769991837442,1.0271212831139565,194.58197587635368,0.4,1673,moderate_abatement,JUSTICE_GSA
0.019091011903248727,1.190769991837442,1.1885991492308676,389.26590156927705,0.4,1674,moderate_abatement,JUSTICE_GSA
0.019091011903248727,0.800972199998796,1.0271212831139565,389.26590156927705,0.4,1675,moderate_abatement,JUSTICE_GSA
0.00909543199278414,1.190769991837442,1.0271212831139565,389.26590156927705,0.4,1676,moderate_abatement,JUSTICE_GSA
0.00909543199278414,0.800972199998796,1.1885991492308676,389.26590156927705,0.4,1677,moderate_abatement,JUSTICE_GSA
0.00909543199278414,0.800972199998796,1.0271212831139565,194.58197587635368,0.4,1678,moderate_abatement,JUSTICE_GSA
0.00909543199278414,0.800972199998796,1.0271212831139565,389.26590156927705,0.4,1679,moderate_abatement,JUSTICE_GSA
0.01631914349179715,0.6254447195678949,1.7884152005426586,286.50965382996947,0.4,1680,moderate_abatement,JUSTICE_GSA
0.02403588210698217,0.6254447195678949,1.7884152005426586,286.50965382996947,0.4,1681,moderate_abatement,JUSTICE_GSA
0.01631914349179715,0.9244728097692132,1.7884152005426586,286.50965382996947,0.4,1682,moderate_abatement,JUSTICE_GSA
0.01631914349179715,0.6254447195678949,1.4935412732884288,286.50965382996947,0.4,1683,moderate_abatement,JUSTICE_GSA
0.01631914349179715,0.6254447195678949,1.7884152005426586,90.90832700766623,0.4,1684,moderate_abatement,JUSTICE_GSA
0.01631914349179715,0.9244728097692132,1.4935412732884288,90.90832700766623,0.4,1685,moderate_abatement,JUSTICE_GSA
0.02403588210698217,0.6254447195678949,1.4935412732884288,90.90832700766623,0.4,1686,moderate_abatement,JUSTICE_GSA
0.02403588210698217,0.9244728097692132,1.7884152005426586,90.90832700766623,0.4,1687,moderate_abatement,JUSTICE_GSA
0.02403588210698217,0.9244728097692132,1.4935412732884288,286.50965382996947,0.4,1688,moderate_abatement,JUSTICE_GSA
0.02403588210698217,0.9244728097692132,1.4935412732884288,90.90832700766623,0.4,1689,moderate_abatement,JUSTICE_GSA
0.013655831029638646,1.490127207711339,1.0697644166648388,504.04140776768327,0.4,1690,moderate_abatement,JUSTICE_GSA
0.014829024801030755,1.490127207711339,1.0697644166648388,504.04140776768327,0.4,1691,moderate_abatement,JUSTICE_GSA
0.013655831029638646,1.4511662293225527,1.0697644166648388,504.04140776768327,0.4,1692,moderate_abatement,JUSTICE_GSA
0.013655831029638646,1.490127207711339,0.502914228476584,504.04140776768327,0.4,1693,moderate_abatement,JUSTICE_GSA
0.013655831029638646,1.490127207711339,1.0697644166648388,742.1087564900517,0.4,1694,moderate_abatement,JUSTICE_GSA
0.013655831029638646,1.4511662293225527,0.502914228476584,742.1087564900517,0.4,1695,moderate_abatement,JUSTICE_GSA
0.014829024801030755,1.490127207711339,0.502914228476584,742.1087564900517,0.4,1696,moderate_abatement,JUSTICE_GSA
0.014829024801030755,1.4511662293225527,1.0697644166648388,742.1087564900517,0.4,1697,moderate_abatement,JUSTICE_GSA
0.014829024801030755,1.4511662293225527,0.502914228476584,504.04140776768327,0.4,1698,moderate_abatement,JUSTICE_GSA
0.014829024801030755,1.4511662293225527,0.502914228476584,742.1087564900517,0.4,1699,moderate_abatement,JUSTICE_GSA
0.007429596973583101,0.7852306813001633,1.3042309526354074,153.11065573245287,0.4,1700,moderate_abatement,JUSTICE_GSA
0.0018561279764398933,0.7852306813001633,1.3042309526354074,153.11065573245287,0.4,1701,moderate_abatement,JUSTICE_GSA
0.007429596973583101,1.1427248613908887,1.3042309526354074,153.11065573245287,0.4,1702,moderate_abatement,JUSTICE_GSA
0.007429596973583101,0.7852306813001633,1.864017480518669,153.11065573245287,0.4,1703,moderate_abatement,JUSTICE_GSA
0.007429596973583101,0.7852306813001633,1.3042309526354074,864.7424914138392,0.4,1704,moderate_abatement,JUSTICE_GSA
0.007429596973583101,1.1427248613908887,1.864017480518669,864.7424914138392,0.4,1705,moderate_abatement,JUSTICE_GSA
0.0018561279764398933,0.7852306813001633,1.864017480518669,864.7424914138392,0.4,1706,moderate_abatement,JUSTICE_GSA
0.0018561279764398933,1.1427248613908887,1.3042309526354074,864.7424914138392,0.4,1707,moderate_abatement,JUSTICE_GSA
0.0018561279764398933,1.1427248613908887,1.864017480518669,153.11065573245287,0.4,1708,moderate_abatement,JUSTICE_GSA
0.0018561279764398933,1.1427248613908887,1.864017480518669,864.7424914138392,0.4,1709,moderate_abatement,JUSTICE_GSA
0.024591388325206933,1.0796089097857475,0.8024839549325407,934.5596687467769,0.4,1710,moderate_abatement,JUSTICE_GSA
0.02170430894382298,1.0796089097857475,0.8024839549325407,934.5596687467769,0.4,1711,moderate_abatement,JUSTICE_GSA
0.024591388325206933,0.73187998495996,0.8024839549325407,934.5596687467769,0.4,1712,moderate_abatement,JUSTICE_GSA
0.024591388325206933,1.0796089097857475,0.8817288870923221,934.5596687467769,0.4,1713,moderate_abatement,JUSTICE_GSA
0.024591388325206933,1.0796089097857475,0.8024839549325407,468.14076616894454,0.4,1714,moderate_abatement,JUSTICE_GSA
0.024591388325206933,0.73187998495996,0.8817288870923221,468.14076616894454,0.4,1715,moderate_abatement,JUSTICE_GSA
0.02170430894382298,1.0796089097857475,0.8817288870923221,468.14076616894454,0.4,1716,moderate_abatement,JUSTICE_GSA
0.02170430894382298,0.73187998495996,0.8024839549325407,468.14076616894454,0.4,1717,moderate_abatement,JUSTICE_GSA
0.02170430894382298,0.73187998495996,0.8817288870923221,934.5596687467769,0.4,1718,moderate_abatement,JUSTICE_GSA
0.02170430894382298,0.73187998495996,0.8817288870923221,468.14076616894454,0.4,1719,moderate_abatement,JUSTICE_GSA
0.02911698455829173,0.9692889945581555,1.0120414067059755,814.209450757131,0.4,1720,moderate_abatement,JUSTICE_GSA
0.017355406768620015,0.9692889945581555,1.0120414067059755,814.209450757131,0.4,1721,moderate_abatement,JUSTICE_GSA
0.02911698455829173,0.8666325192898512,1.0120414067059755,814.209450757131,0.4,1722,moderate_abatement,JUSTICE_GSA
0.02911698455829173,0.9692889945581555,1.7068359516561031,814.209450757131,0.4,1723,moderate_abatement,JUSTICE_GSA
0.02911698455829173,0.9692889945581555,1.0120414067059755,882.1207988327369,0.4,1724,moderate_abatement,JUSTICE_GSA
0.02911698455829173,0.8666325192898512,1.7068359516561031,882.1207988327369,0.4,1725,moderate_abatement,JUSTICE_GSA
0.017355406768620015,0.9692889945581555,1.7068359516561031,882.1207988327369,0.4,1726,moderate_abatement,JUSTICE_GSA
0.017355406768620015,0.8666325192898512,1.0120414067059755,882.1207988327369,0.4,1727,moderate_abatement,JUSTICE_GSA
0.017355406768620015,0.8666325192898512,1.7068359516561031,814.209450757131,0.4,1728,moderate_abatement,JUSTICE_GSA
0.017355406768620015,0.8666325192898512,1.7068359516561031,882.1207988327369,0.4,1729,moderate_abatement,JUSTICE_GSA
0.002893827125430107,1.1456078262999654,1.8930139257572591,101.03412762191147,0.4,1730,moderate_abatement,JUSTICE_GSA
0.004757164438255131,1.1456078262999654,1.8930139257572591,101.03412762191147,0.4,1731,moderate_abatement,JUSTICE_GSA
0.002893827125430107,1.2580300392583013,1.8930139257572591,101.03412762191147,0.4,1732,moderate_abatement,JUSTICE_GSA
0.002893827125430107,1.1456078262999654,1.0864953715354204,101.03412762191147,0.4,1733,moderate_abatement,JUSTICE_GSA
0.002893827125430107,1.1456078262999654,1.8930139257572591,294.30298311356455,0.4,1734,moderate_abatement,JUSTICE_GSA
0.002893827125430107,1.2580300392583013,1.0864953715354204,294.30298311356455,0.4,1735,moderate_abatement,JUSTICE_GSA
0.004757164438255131,1.1456078262999654,1.0864953715354204,294.30298311356455,0.4,1736,moderate_abatement,JUSTICE_GSA
0.004757164438255131,1.2580300392583013,1.8930139257572591,294.30298311356455,0.4,1737,moderate_abatement,JUSTICE_GSA
0.004757164438255131,1.2580300392583013,1.0864953715354204,101.03412762191147,0.4,1738,moderate_abatement,JUSTICE_GSA
0.004757164438255131,1.2580300392583013,1.0864953715354204,294.30298311356455,0.4,1739,moderate_abatement,JUSTICE_GSA
0.00913397242873907,0.5673002740368247,0.5337304617278278,749.038598026149,0.4,1740,moderate_abatement,JUSTICE_GSA
0.011503142058849333,0.5673002740368247,0.5337304617278278,749.038598026149,0.4,1741,moderate_abatement,JUSTICE_GSA
0.00913397242873907,1.0858228895813227,0.5337304617278278,749.038598026149,0.4,1742,moderate_abatement,JUSTICE_GSA
0.00913397242873907,0.5673002740368247,1.324291639495641,749.038598026149,0.4,1743,moderate_abatement,JUSTICE_GSA
0.00913397242873907,0.5673002740368247,0.5337304617278278,171.08986006304622,0.4,1744,moderate_abatement,JUSTICE_GSA
0.00913397242873907,1.0858228895813227,1.324291639495641,171.08986006304622,0.4,1745,moderate_abatement,JUSTICE_GSA
0.011503142058849333,0.5673002740368247,1.324291639495641,171.08986006304622,0.4,1746,moderate_abatement,JUSTICE_GSA
0.011503142058849333,1.0858228895813227,0.5337304617278278,171.08986006304622,0.4,1747,moderate_abatement,JUSTICE_GSA
0.011503142058849333,1.0858228895813227,1.324291639495641,749.038598026149,0.4,1748,moderate_abatement,JUSTICE_GSA
0.011503142058849333,1.0858228895813227,1.324291639495641,171.08986006304622,0.4,1749,moderate_abatement,JUSTICE_GSA
0.02085914879012853,1.2983288830146194,1.6198601610958576,463.202309878543,0.4,1750,moderate_abatement,JUSTICE_GSA
0.027960048628039656,1.2983288830146194,1.6198601610958576,463.202309878543,0.4,1751,moderate_abatement,JUSTICE_GSA
0.02085914879012853,0.5397584671154618,1.6198601610958576,463.202309878543,0.4,1752,moderate_abatement,JUSTICE_GSA
0.02085914879012853,1.2983288830146194,0.7183291302062571,463.202309878543,0.4,1753,moderate_abatement,JUSTICE_GSA
0.02085914879012853,1.2983288830146194,1.6198601610958576,506.199199071154,0.4,1754,moderate_abatement,JUSTICE_GSA
0.02085914879012853,0.5397584671154618,0.7183291302062571,506.199199071154,0.4,1755,moderate_abatement,JUSTICE_GSA
0.027960048628039656,1.2983288830146194,0.7183291302062571,506.199199071154,0.4,1756,moderate_abatement,JUSTICE_GSA
0.027960048628039656,0.5397584671154618,1.6198601610958576,506.199199071154,0.4,1757,moderate_abatement,JUSTICE_GSA
0.027960048628039656,0.5397584671154618,0.7183291302062571,463.202309878543,0.4,1758,moderate_abatement,JUSTICE_GSA
0.027960048628039656,0.5397584671154618,0.7183291302062571,506.199199071154,0.4,1759,moderate_abatement,JUSTICE_GSA
0.019958133954554796,0.6098971161991358,1.1277380608953536,962.8047292083502,0.4,1760,moderate_abatement,JUSTICE_GSA
0.00341395871900022,0.6098971161991358,1.1277380608953536,962.8047292083502,0.4,1761,moderate_abatement,JUSTICE_GSA
0.019958133954554796,1.310386254452169,1.1277380608953536,962.8047292083502,0.4,1762,moderate_abatement,JUSTICE_GSA
0.019958133954554796,0.6098971161991358,1.196156873833388,962.8047292083502,0.4,1763,moderate_abatement,JUSTICE_GSA
0.019958133954554796,0.6098971161991358,1.1277380608953536,137.07505919598043,0.4,1764,moderate_abatement,JUSTICE_GSA
0.019958133954554796,1.310386254452169,1.196156873833388,137.07505919598043,0.4,1765,moderate_abatement,JUSTICE_GSA
0.00341395871900022,0.6098971161991358,1.196156873833388,137.07505919598043,0.4,1766,moderate_abatement,JUSTICE_GSA
0.00341395871900022,1.310386254452169,1.1277380608953536,137.07505919598043,0.4,1767,moderate_abatement,JUSTICE_GSA
0.00341395871900022,1.310386254452169,1.196156873833388,962.8047292083502,0.4,1768,moderate_abatement,JUSTICE_GSA
0.00341395871900022,1.310386254452169,1.196156873833388,137.07505919598043,0.4,1769,moderate_abatement,JUSTICE_GSA
0.010045485303737223,1.255003483965993,1.730390108190477,249.6276829885319,0.4,1770,moderate_abatement,JUSTICE_GSA
0.019580525043420494,1.255003483965993,1.730390108190477,249.6276829885319,0.4,1771,moderate_abatement,JUSTICE_GSA
0.010045485303737223,0.814950492233038,1.730390108190477,249.6276829885319,0.4,1772,moderate_abatement,JUSTICE_GSA
0.010045485303737223,1.255003483965993,1.8073879568837583,249.6276829885319,0.4,1773,moderate_abatement,JUSTICE_GSA
0.010045485303737223,1.255003483965993,1.730390108190477,532.6557098142803,0.4,1774,moderate_abatement,JUSTICE_GSA
0.010045485303737223,0.814950492233038,1.8073879568837583,532.6557098142803,0.4,1775,moderate_abatement,JUSTICE_GSA
0.019580525043420494,1.255003483965993,1.8073879568837583,532.6557098142803,0.4,1776,moderate_abatement,JUSTICE_GSA
0.019580525043420494,0.814950492233038,1.730390108190477,532.6557098142803,0.4,1777,moderate_abatement,JUSTICE_GSA
0.019580525043420494,0.814950492233038,1.8073879568837583,249.6276829885319,0.4,1778,moderate_abatement,JUSTICE_GSA
0.019580525043420494,0.814950492233038,1.8073879568837583,532.6557098142803,0.4,1779,moderate_abatement,JUSTICE_GSA
0.003791270160116255,0.9579459577798843,0.8369270907714963,600.5698676714674,0.4,1780,moderate_abatement,JUSTICE_GSA
0.025649470193311572,0.9579459577798843,0.8369270907714963,600.5698676714674,0.4,1781,moderate_abatement,JUSTICE_GSA
0.003791270160116255,0.5286658359691501,0.8369270907714963,600.5698676714674,0.4,1782,moderate_abatement,JUSTICE_GSA
0.003791270160116255,0.9579459577798843,0.8256788784638047,600.5698676714674,0.4,1783,moderate_abatement,JUSTICE_GSA
0.003791270160116255,0.9579459577798843,0.8369270907714963,908.3325980687514,0.4,1784,moderate_abatement,JUSTICE_GSA
0.003791270160116255,0.5286658359691501,0.8256788784638047,908.3325980687514,0.4,1785,moderate_abatement,JUSTICE_GSA
0.025649470193311572,0.9579459577798843,0.8256788784638047,908.3325980687514,0.4,1786,moderate_abatement,JUSTICE_GSA
0.025649470193311572,0.5286658359691501,0.8369270907714963,908.3325980687514,0.4,1787,moderate_abatement,JUSTICE_GSA
0.025649470193311572,0.5286658359691501,0.8256788784638047,600.5698676714674,0.4,1788,moderate_abatement,JUSTICE_GSA
0.025649470193311572,0.5286658359691501,0.8256788784638047,908.3325980687514,0.4,1789,moderate_abatement,JUSTICE_GSA
0.028201955195516347,1.1576870307326317,1.2697362792678177,314.72803811356425,0.4,1790,moderate_abatement,JUSTICE_GSA
0.01287428295146674,1.1576870307326317,1.2697362792678177,314.72803811356425,0.4,1791,moderate_abatement,JUSTICE_GSA
0.028201955195516347,1.09575305134058,1.2697362792678177,314.72803811356425,0.4,1792,moderate_abatement,JUSTICE_GSA
0.028201955195516347,1.1576870307326317,1.428574371151626,314.72803811356425,0.4,1793,moderate_abatement,JUSTICE_GSA
0.028201955195516347,1.1576870307326317,1.2697362792678177,260.04390988405794,0.4,1794,moderate_abatement,JUSTICE_GSA
0.028201955195516347,1.09575305134058,1.428574371151626,260.04390988405794,0.4,1795,moderate_abatement,JUSTICE_GSA
0.01287428295146674,1.1576870307326317,1.428574371151626,260.04390988405794,0.4,1796,moderate_abatement,JUSTICE_GSA
0.01287428295146674,1.09575305134058,1.2697362792678177,260.04390988405794,0.4,1797,moderate_abatement,JUSTICE_GSA
0.01287428295146674,1.09575305134058,1.428574371151626,314.72803811356425,0.4,1798,moderate_abatement,JUSTICE_GSA
0.01287428295146674,1.09575305134058,1.428574371151626,260.04390988405794,0.4,1799,moderate_abatement,JUSTICE_GSA
0.025506535606458783,0.7660560803487897,1.857237589545548,435.1029970673844,0.4,1800,moderate_abatement,JUSTICE_GSA
0.009888226673938332,0.7660560803487897,1.857237589545548,435.1029970673844,0.4,1801,moderate_abatement,JUSTICE_GSA
0.025506535606458783,1.4922576993703842,1.857237589545548,435.1029970673844,0.4,1802,moderate_abatement,JUSTICE_GSA
0.025506535606458783,0.7660560803487897,0.6093256310559809,435.1029970673844,0.4,1803,moderate_abatement,JUSTICE_GSA
0.025506535606458783,0.7660560803487897,1.857237589545548,828.7610406829044,0.4,1804,moderate_abatement,JUSTICE_GSA
0.025506535606458783,1.4922576993703842,0.6093256310559809,828.7610406829044,0.4,1805,moderate_abatement,JUSTICE_GSA
0.009888226673938332,0.7660560803487897,0.6093256310559809,828.7610406829044,0.4,1806,moderate_abatement,JUSTICE_GSA
0.009888226673938332,1.4922576993703842,1.857237589545548,828.7610406829044,0.4,1807,moderate_abatement,JUSTICE_GSA
0.009888226673938332,1.4922576993703842,0.6093256310559809,435.1029970673844,0.4,1808,moderate_abatement,JUSTICE_GSA
0.009888226673938332,1.4922576993703842,0.6093256310559809,828.7610406829044,0.4,1809,moderate_abatement,JUSTICE_GSA
0.006532271965406834,1.0995120676234365,1.0477662947960198,652.6368388030678,0.4,1810,moderate_abatement,JUSTICE_GSA
0.029913463179022073,1.0995120676234365,1.0477662947960198,652.6368388030678,0.4,1811,moderate_abatement,JUSTICE_GSA
0.006532271965406834,0.8821025220677257,1.0477662947960198,652.6368388030678,0.4,1812,moderate_abatement,JUSTICE_GSA
0.006532271965406834,1.0995120676234365,1.5973434229381382,652.6368388030678,0.4,1813,moderate_abatement,JUSTICE_GSA
0.006532271965406834,1.0995120676234365,1.0477662947960198,496.5629740552977,0.4,1814,moderate_abatement,JUSTICE_GSA
0.006532271965406834,0.8821025220677257,1.5973434229381382,496.5629740552977,0.4,1815,moderate_abatement,JUSTICE_GSA
0.029913463179022073,1.0995120676234365,1.5973434229381382,496.5629740552977,0.4,1816,moderate_abatement,JUSTICE_GSA
0.029913463179022073,0.8821025220677257,1.0477662947960198,496.5629740552977,0.4,1817,moderate_abatement,JUSTICE_GSA
0.029913463179022073,0.8821025220677257,1.5973434229381382,652.6368388030678,0.4,1818,moderate_abatement,JUSTICE_GSA
0.029913463179022073,0.8821025220677257,1.5973434229381382,496.5629740552977,0.4,1819,moderate_abatement,JUSTICE_GSA
0.012744200236164033,0.6758655151352286,1.5605532773770392,4.636179281398654,0.4,1820,moderate_abatement,JUSTICE_GSA
0.015798018747009337,0.6758655151352286,1.5605532773770392,4.636179281398654,0.4,1821,moderate_abatement,JUSTICE_GSA
0.012744200236164033,0.7115366496145725,1.5605532773770392,4.636179281398654,0.4,1822,moderate_abatement,JUSTICE_GSA
0.012744200236164033,0.6758655151352286,0.991871016100049,4.636179281398654,0.4,1823,moderate_abatement,JUSTICE_GSA
0.012744200236164033,0.6758655151352286,1.5605532773770392,119.0872450247407,0.4,1824,moderate_abatement,JUSTICE_GSA
0.012744200236164033,0.7115366496145725,0.991871016100049,119.0872450247407,0.4,1825,moderate_abatement,JUSTICE_GSA
0.015798018747009337,0.6758655151352286,0.991871016100049,119.0872450247407,0.4,1826,moderate_abatement,JUSTICE_GSA
0.015798018747009337,0.7115366496145725,1.5605532773770392,119.0872450247407,0.4,1827,moderate_abatement,JUSTICE_GSA
0.015798018747009337,0.7115366496145725,0.991871016100049,4.636179281398654,0.4,1828,moderate_abatement,JUSTICE_GSA
0.015798018747009337,0.7115366496145725,0.991871016100049,119.0872450247407,0.4,1829,moderate_abatement,JUSTICE_GSA
0.017220040300861002,1.4389702444896102,0.5929858079180121,786.0910835331306,0.4,1830,moderate_abatement,JUSTICE_GSA
0.006881391059607267,1.4389702444896102,0.5929858079180121,786.0910835331306,0.4,1831,moderate_abatement,JUSTICE_GSA
0.017220040300861002,1.1638587331399322,0.5929858079180121,786.0910835331306,0.4,1832,moderate_abatement,JUSTICE_GSA
0.017220040300861002,1.4389702444896102,1.9655078761279583,786.0910835331306,0.4,1833,moderate_abatement,JUSTICE_GSA
0.017220040300861002,1.4389702444896102,0.5929858079180121,705.8835172001272,0.4,1834,moderate_abatement,JUSTICE_GSA
0.017220040300861002,1.1638587331399322,1.9655078761279583,705.8835172001272,0.4,1835,moderate_abatement,JUSTICE_GSA
0.006881391059607267,1.4389702444896102,1.9655078761279583,705.8835172001272,0.4,1836,moderate_abatement,JUSTICE_GSA
0.006881391059607267,1.1638587331399322,0.5929858079180121,705.8835172001272,0.4,1837,moderate_abatement,JUSTICE_GSA
0.006881391059607267,1.1638587331399322,1.9655078761279583,786.0910835331306,0.4,1838,moderate_abatement,JUSTICE_GSA
0.006881391059607267,1.1638587331399322,1.9655078761279583,705.8835172001272,0.4,1839,moderate_abatement,JUSTICE_GSA
0.018179412817582487,0.8776122871786356,1.4475822113454342,694.1167632052675,0.4,1840,moderate_abatement,JUSTICE_GSA
0.022723567598499358,0.8776122871786356,1.4475822113454342,694.1167632052675,0.4,1841,moderate_abatement,JUSTICE_GSA
0.018179412817582487,1.0325378635898232,1.4475822113454342,694.1167632052675,0.4,1842,moderate_abatement,JUSTICE_GSA
0.018179412817582487,0.8776122871786356,0.5614140843972564,694.1167632052675,0.4,1843,moderate_abatement,JUSTICE_GSA
0.018179412817582487,0.8776122871786356,1.4475822113454342,753.504549536854,0.4,1844,moderate_abatement,JUSTICE_GSA
0.018179412817582487,1.0325378635898232,0.5614140843972564,753.504549536854,0.4,1845,moderate_abatement,JUSTICE_GSA
0.022723567598499358,0.8776122871786356,0.5614140843972564,753.504549536854,0.4,1846,moderate_abatement,JUSTICE_GSA
0.022723567598499358,1.0325378635898232,1.4475822113454342,753.504549536854,0.4,1847,moderate_abatement,JUSTICE_GSA
0.022723567598499358,1.0325378635898232,0.5614140843972564,694.1167632052675,0.4,1848,moderate_abatement,JUSTICE_GSA
0.022723567598499358,1.0325378635898232,0.5614140843972564,753.504549536854,0.4,1849,moderate_abatement,JUSTICE_GSA
0.01540279150288552,1.2414387334138155,0.6605524341575801,470.68557883426547,0.4,1850,moderate_abatement,JUSTICE_GSA
0.0026488266699016094,1.2414387334138155,0.6605524341575801,470.68557883426547,0.4,1851,moderate_abatement,JUSTICE_GSA
0.01540279150288552,0.5918202120810747,0.6605524341575801,470.68557883426547,0.4,1852,moderate_abatement,JUSTICE_GSA
0.01540279150288552,1.2414387334138155,1.458467093296349,470.68557883426547,0.4,1853,moderate_abatement,JUSTICE_GSA
0.01540279150288552,1.2414387334138155,0.6605524341575801,415.4760112147778,0.4,1854,moderate_abatement,JUSTICE_GSA
0.01540279150288552,0.5918202120810747,1.458467093296349,415.4760112147778,0.4,1855,moderate_abatement,JUSTICE_GSA
0.0026488266699016094,1.2414387334138155,1.458467093296349,415.4760112147778,0.4,1856,moderate_abatement,JUSTICE_GSA
0.0026488266699016094,0.5918202120810747,0.6605524341575801,415.4760112147778,0.4,1857,moderate_abatement,JUSTICE_GSA
0.0026488266699016094,0.5918202120810747,1.458467093296349,470.68557883426547,0.4,1858,moderate_abatement,JUSTICE_GSA
0.0026488266699016094,0.5918202120810747,1.458467093296349,415.4760112147778,0.4,1859,moderate_abatement,JUSTICE_GSA
0.005572949792258441,0.5378870368003845,1.924437993671745,868.5208447128534,0.4,1860,moderate_abatement,JUSTICE_GSA
0.014035788641311227,0.5378870368003845,1.924437993671745,868.5208447128534,0.4,1861,moderate_abatement,JUSTICE_GSA
0.005572949792258441,0.7518269466236234,1.924437993671745,868.5208447128534,0.4,1862,moderate_abatement,JUSTICE_GSA
0.005572949792258441,0.5378870368003845,0.9402219033800066,868.5208447128534,0.4,1863,moderate_abatement,JUSTICE_GSA
0.005572949792258441,0.5378870368003845,1.924437993671745,42.115947901271284,0.4,1864,moderate_abatement,JUSTICE_GSA
0.005572949792258441,0.7518269466236234,0.9402219033800066,42.115947901271284,0.4,1865,moderate_abatement,JUSTICE_GSA
0.014035788641311227,0.5378870368003845,0.9402219033800066,42.115947901271284,0.4,1866,moderate_abatement,JUSTICE_GSA
0.014035788641311227,0.7518269466236234,1.924437993671745,42.115947901271284,0.4,1867,moderate_abatement,JUSTICE_GSA
0.014035788641311227,0.7518269466236234,0.9402219033800066,868.5208447128534,0.4,1868,moderate_abatement,JUSTICE_GSA
0.014035788641311227,0.7518269466236234,0.9402219033800066,42.115947901271284,0.4,1869,moderate_abatement,JUSTICE_GSA
0.022847994683310387,1.3314080312848091,0.9322317633777857,92.94041780102998,0.4,1870,moderate_abatement,JUSTICE_GSA
0.023016082528978587,1.3314080312848091,0.9322317633777857,92.94041780102998,0.4,1871,moderate_abatement,JUSTICE_GSA
0.022847994683310387,1.3735710587352514,0.9322317633777857,92.94041780102998,0.4,1872,moderate_abatement,JUSTICE_GSA
0.022847994683310387,1.3314080312848091,1.8289507660083473,92.94041780102998,0.4,1873,moderate_abatement,JUSTICE_GSA
0.022847994683310387,1.3314080312848091,0.9322317633777857,626.9993356624618,0.4,1874,moderate_abatement,JUSTICE_GSA
0.022847994683310387,1.3735710587352514,1.8289507660083473,626.9993356624618,0.4,1875,moderate_abatement,JUSTICE_GSA
0.023016082528978587,1.3314080312848091,1.8289507660083473,626.9993356624618,0.4,1876,moderate_abatement,JUSTICE_GSA
0.023016082528978587,1.3735710587352514,0.9322317633777857,626.9993356624618,0.4,1877,moderate_abatement,JUSTICE_GSA
0.023016082528978587,1.3735710587352514,1.8289507660083473,92.94041780102998,0.4,1878,moderate_abatement,JUSTICE_GSA
0.023016082528978587,1.3735710587352514,1.8289507660083473,626.9993356624618,0.4,1879,moderate_abatement,JUSTICE_GSA
0.027355917513370513,0.7210276769474149,0.764968769159168,160.38096557371318,0.4,1880,moderate_abatement,JUSTICE_GSA
0.026940231008455155,0.7210276769474149,0.764968769159168,160.38096557371318,0.4,1881,moderate_abatement,JUSTICE_GSA
0.027355917513370513,1.2232288252562284,0.764968769159168,160.38096557371318,0.4,1882,moderate_abatement,JUSTICE_GSA
0.027355917513370513,0.7210276769474149,1.1451767906546593,160.38096557371318,0.4,1883,moderate_abatement,JUSTICE_GSA
0.027355917513370513,0.7210276769474149,0.764968769159168,212.05133138317615,0.4,1884,moderate_abatement,JUSTICE_GSA
0.027355917513370513,1.2232288252562284,1.1451767906546593,212.05133138317615,0.4,1885,moderate_abatement,JUSTICE_GSA
0.026940231008455155,0.7210276769474149,1.1451767906546593,212.05133138317615,0.4,1886,moderate_abatement,JUSTICE_GSA
0.026940231008455155,1.2232288252562284,0.764968769159168,212.05133138317615,0.4,1887,moderate_abatement,JUSTICE_GSA
0.026940231008455155,1.2232288252562284,1.1451767906546593,160.38096557371318,0.4,1888,moderate_abatement,JUSTICE_GSA
0.026940231008455155,1.2232288252562284,1.1451767906546593,212.05133138317615,0.4,1889,moderate_abatement,JUSTICE_GSA
0.0010194512279704214,1.3982025505974889,1.390040161088109,879.3638932472095,0.4,1890,moderate_abatement,JUSTICE_GSA
0.010709889586083592,1.3982025505974889,1.390040161088109,879.3638932472095,0.4,1891,moderate_abatement,JUSTICE_GSA
0.0010194512279704214,0.6521057756617665,1.390040161088109,879.3638932472095,0.4,1892,moderate_abatement,JUSTICE_GSA
0.0010194512279704214,1.3982025505974889,1.671579984948039,879.3638932472095,0.4,1893,moderate_abatement,JUSTICE_GSA
0.0010194512279704214,1.3982025505974889,1.390040161088109,613.5234278170392,0.4,1894,moderate_abatement,JUSTICE_GSA
0.0010194512279704214,0.6521057756617665,1.671579984948039,613.5234278170392,0.4,1895,moderate_abatement,JUSTICE_GSA
0.010709889586083592,1.3982025505974889,1.671579984948039,613.5234278170392,0.4,1896,moderate_abatement,JUSTICE_GSA
0.010709889586083592,0.6521057756617665,1.390040161088109,613.5234278170392,0.4,1897,moderate_abatement,JUSTICE_GSA
0.010709889586083592,0.6521057756617665,1.671579984948039,879.3638932472095,0.4,1898,moderate_abatement,JUSTICE_GSA
0.010709889586083592,0.6521057756617665,1.671579984948039,613.5234278170392,0.4,1899,moderate_abatement,JUSTICE_GSA
0.010891579811461268,0.8185501685366035,1.247675720602274,278.1420033304021,0.4,1900,moderate_abatement,JUSTICE_GSA
0.005549852004274726,0.8185501685366035,1.247675720602274,278.1420033304021,0.4,1901,moderate_abatement,JUSTICE_GSA
0.010891579811461268,0.9415032807737589,1.247675720602274,278.1420033304021,0.4,1902,moderate_abatement,JUSTICE_GSA
0.010891579811461268,0.8185501685366035,0.7770065707154572,278.1420033304021,0.4,1903,moderate_abatement,JUSTICE_GSA
0.010891579811461268,0.8185501685366035,1.247675720602274,985.5117073822767,0.4,1904,moderate_abatement,JUSTICE_GSA
0.010891579811461268,0.9415032807737589,0.7770065707154572,985.5117073822767,0.4,1905,moderate_abatement,JUSTICE_GSA
0.005549852004274726,0.8185501685366035,0.7770065707154572,985.5117073822767,0.4,1906,moderate_abatement,JUSTICE_GSA
0.005549852004274726,0.9415032807737589,1.247675720602274,985.5117073822767,0.4,1907,moderate_abatement,JUSTICE_GSA
0.005549852004274726,0.9415032807737589,0.7770065707154572,278.1420033304021,0.4,1908,moderate_abatement,JUSTICE_GSA
0.005549852004274726,0.9415032807737589,0.7770065707154572,985.5117073822767,0.4,1909,moderate_abatement,JUSTICE_GSA
0.022730009712278842,1.0504360115155578,1.6558683211915195,558.1398426089436,0.4,1910,moderate_abatement,JUSTICE_GSA
0.01837465602438897,1.0504360115155578,1.6558683211915195,558.1398426089436,0.4,1911,moderate_abatement,JUSTICE_GSA
0.022730009712278842,1.4329182291403413,1.6558683211915195,558.1398426089436,0.4,1912,moderate_abatement,JUSTICE_GSA
0.022730009712278842,1.0504360115155578,1.2890402772463858,558.1398426089436,0.4,1913,moderate_abatement,JUSTICE_GSA
0.022730009712278842,1.0504360115155578,1.6558683211915195,339.19687773287296,0.4,1914,moderate_abatement,JUSTICE_GSA
0.022730009712278842,1.4329182291403413,1.2890402772463858,339.19687773287296,0.4,1915,moderate_abatement,JUSTICE_GSA
0.01837465602438897,1.0504360115155578,1.2890402772463858,339.19687773287296,0.4,1916,moderate_abatement,JUSTICE_GSA
0.01837465602438897,1.4329182291403413,1.6558683211915195,339.19687773287296,0.4,1917,moderate_abatement,JUSTICE_GSA
0.01837465602438897,1.4329182291403413,1.2890402772463858,558.1398426089436,0.4,1918,moderate_abatement,JUSTICE_GSA
0.01837465602438897,1.4329182291403413,1.2890402772463858,339.19687773287296,0.4,1919,moderate_abatement,JUSTICE_GSA
0.022374257825315,0.9297858849167824,1.1704329471103847,478.20270937960595,0.4,1920,moderate_abatement,JUSTICE_GSA
0.024939484315924347,0.9297858849167824,1.1704329471103847,478.20270937960595,0.4,1921,moderate_abatement,JUSTICE_GSA
0.022374257825315,1.1869125608354807,1.1704329471103847,478.20270937960595,0.4,1922,moderate_abatement,JUSTICE_GSA
0.022374257825315,0.9297858849167824,1.561522550880909,478.20270937960595,0.4,1923,moderate_abatement,JUSTICE_GSA
0.022374257825315,0.9297858849167824,1.1704329471103847,254.0610847612843,0.4,1924,moderate_abatement,JUSTICE_GSA
0.022374257825315,1.1869125608354807,1.561522550880909,254.0610847612843,0.4,1925,moderate_abatement,JUSTICE_GSA
0.024939484315924347,0.9297858849167824,1.561522550880909,254.0610847612843,0.4,1926,moderate_abatement,JUSTICE_GSA
0.024939484315924347,1.1869125608354807,1.1704329471103847,254.0610847612843,0.4,1927,moderate_abatement,JUSTICE_GSA
0.024939484315924347,1.1869125608354807,1.561522550880909,478.20270937960595,0.4,1928,moderate_abatement,JUSTICE_GSA
0.024939484315924347,1.1869125608354807,1.561522550880909,254.0610847612843,0.4,1929,moderate_abatement,JUSTICE_GSA
0.01053580026794225,1.200739711523056,1.6760280095040798,701.6070966217667,0.4,1930,moderate_abatement,JUSTICE_GSA
0.01211293706856668,1.200739711523056,1.6760280095040798,701.6070966217667,0.4,1931,moderate_abatement,JUSTICE_GSA
0.01053580026794225,0.6876888955011964,1.6760280095040798,701.6070966217667,0.4,1932,moderate_abatement,JUSTICE_GSA
0.01053580026794225,1.200739711523056,0.6685837041586637,701.6070966217667,0.4,1933,moderate_abatement,JUSTICE_GSA
0.01053580026794225,1.200739711523056,1.6760280095040798,915.0476187774912,0.4,1934,moderate_abatement,JUSTICE_GSA
0.01053580026794225,0.6876888955011964,0.6685837041586637,915.0476187774912,0.4,1935,moderate_abatement,JUSTICE_GSA
0.01211293706856668,1.200739711523056,0.6685837041586637,915.0476187774912,0.4,1936,moderate_abatement,JUSTICE_GSA
0.01211293706856668,0.6876888955011964,1.6760280095040798,915.0476187774912,0.4,1937,moderate_abatement,JUSTICE_GSA
0.01211293706856668,0.6876888955011964,0.6685837041586637,701.6070966217667,0.4,1938,moderate_abatement,JUSTICE_GSA
0.01211293706856668,0.6876888955011964,0.6685837041586637,915.0476187774912,0.4,1939,moderate_abatement,JUSTICE_GSA
0.0013787734033539891,0.5278276968747377,0.6921108458191156,85.29785562865436,0.4,1940,moderate_abatement,JUSTICE_GSA
0.004570459733717143,0.5278276968747377,0.6921108458191156,85.29785562865436,0.4,1941,moderate_abatement,JUSTICE_GSA
0.0013787734033539891,0.9061640333384275,0.6921108458191156,85.29785562865436,0.4,1942,moderate_abatement,JUSTICE_GSA
0.0013787734033539891,0.5278276968747377,1.9322522771544755,85.29785562865436,0.4,1943,moderate_abatement,JUSTICE_GSA
0.0013787734033539891,0.5278276968747377,0.6921108458191156,541.565307635814,0.4,1944,moderate_abatement,JUSTICE_GSA
0.0013787734033539891,0.9061640333384275,1.9322522771544755,541.565307635814,0.4,1945,moderate_abatement,JUSTICE_GSA
0.004570459733717143,0.5278276968747377,1.9322522771544755,541.565307635814,0.4,1946,moderate_abatement,JUSTICE_GSA
0.004570459733717143,0.9061640333384275,0.6921108458191156,541.565307635814,0.4,1947,moderate_abatement,JUSTICE_GSA
0.004570459733717143,0.9061640333384275,1.9322522771544755,85.29785562865436,0.4,1948,moderate_abatement,JUSTICE_GSA
0.004570459733717143,0.9061640333384275,1.9322522771544755,541.565307635814,0.4,1949,moderate_abatement,JUSTICE_GSA
0.027715212032198906,1.3534302953630686,1.4028852223418653,860.9124632542953,0.4,1950,moderate_abatement,JUSTICE_GSA
0.02080249079875648,1.3534302953630686,1.4028852223418653,860.9124632542953,0.4,1951,moderate_abatement,JUSTICE_GSA
0.027715212032198906,1.4694784255698323,1.4028852223418653,860.9124632542953,0.4,1952,moderate_abatement,JUSTICE_GSA
0.027715212032198906,1.3534302953630686,1.048564548138529,860.9124632542953,0.4,1953,moderate_abatement,JUSTICE_GSA
0.027715212032198906,1.3534302953630686,1.4028852223418653,127.43326578848064,0.4,1954,moderate_abatement,JUSTICE_GSA
0.027715212032198906,1.4694784255698323,1.048564548138529,127.43326578848064,0.4,1955,moderate_abatement,JUSTICE_GSA
0.02080249079875648,1.3534302953630686,1.048564548138529,127.43326578848064,0.4,1956,moderate_abatement,JUSTICE_GSA
0.02080249079875648,1.4694784255698323,1.4028852223418653,127.43326578848064,0.4,1957,moderate_abatement,JUSTICE_GSA
0.02080249079875648,1.4694784255698323,1.048564548138529,860.9124632542953,0.4,1958,moderate_abatement,JUSTICE_GSA
0.02080249079875648,1.4694784255698323,1.048564548138529,127.43326578848064,0.4,1959,moderate_abatement,JUSTICE_GSA
0.02316129548661411,0.7117923116311431,1.9936713892966509,886.8848625868559,0.4,1960,moderate_abatement,JUSTICE_GSA
0.016453574795275927,0.7117923116311431,1.9936713892966509,886.8848625868559,0.4,1961,moderate_abatement,JUSTICE_GSA
0.02316129548661411,1.1197567330673337,1.9936713892966509,886.8848625868559,0.4,1962,moderate_abatement,JUSTICE_GSA
0.02316129548661411,0.7117923116311431,1.7263871794566512,886.8848625868559,0.4,1963,moderate_abatement,JUSTICE_GSA
0.02316129548661411,0.7117923116311431,1.9936713892966509,711.6224607247859,0.4,1964,moderate_abatement,JUSTICE_GSA
0.02316129548661411,1.1197567330673337,1.7263871794566512,711.6224607247859,0.4,1965,moderate_abatement,JUSTICE_GSA
0.016453574795275927,0.7117923116311431,1.7263871794566512,711.6224607247859,0.4,1966,moderate_abatement,JUSTICE_GSA
0.016453574795275927,1.1197567330673337,1.9936713892966509,711.6224607247859,0.4,1967,moderate_abatement,JUSTICE_GSA
0.016453574795275927,1.1197567330673337,1.7263871794566512,886.8848625868559,0.4,1968,moderate_abatement,JUSTICE_GSA
0.016453574795275927,1.1197567330673337,1.7263871794566512,711.6224607247859,0.4,1969,moderate_abatement,JUSTICE_GSA
0.005886222939006984,1.4194008400663733,0.8996652825735509,167.8675197409466,0.4,1970,moderate_abatement,JUSTICE_GSA
0.007471482367254793,1.4194008400663733,0.8996652825735509,167.8675197409466,0.4,1971,moderate_abatement,JUSTICE_GSA
0.005886222939006984,0.5058213379234076,0.8996652825735509,167.8675197409466,0.4,1972,moderate_abatement,JUSTICE_GSA
0.005886222939006984,1.4194008400663733,1.2068447293713689,167.8675197409466,0.4,1973,moderate_abatement,JUSTICE_GSA
0.005886222939006984,1.4194008400663733,0.8996652825735509,114.0794848203659,0.4,1974,moderate_abatement,JUSTICE_GSA
0.005886222939006984,0.5058213379234076,1.2068447293713689,114.0794848203659,0.4,1975,moderate_abatement,JUSTICE_GSA
0.007471482367254793,1.4194008400663733,1.2068447293713689,114.0794848203659,0.4,1976,moderate_abatement,JUSTICE_GSA
0.007471482367254793,0.5058213379234076,0.8996652825735509,114.0794848203659,0.4,1977,moderate_abatement,JUSTICE_GSA
0.007471482367254793,0.5058213379234076,1.2068447293713689,167.8675197409466,0.4,1978,moderate_abatement,JUSTICE_GSA
0.007471482367254793,0.5058213379234076,1.2068447293713689,114.0794848203659,0.4,1979,moderate_abatement,JUSTICE_GSA
0.015085979181341826,0.8716087760403752,1.5094981188885868,550.5011229524389,0.4,1980,moderate_abatement,JUSTICE_GSA
0.00878704049810767,0.8716087760403752,1.5094981188885868,550.5011229524389,0.4,1981,moderate_abatement,JUSTICE_GSA
0.015085979181341826,0.8380697527900338,1.5094981188885868,550.5011229524389,0.4,1982,moderate_abatement,JUSTICE_GSA
0.015085979181341826,0.8716087760403752,1.3442766196094453,550.5011229524389,0.4,1983,moderate_abatement,JUSTICE_GSA
0.015085979181341826,0.8716087760403752,1.5094981188885868,485.946115729399,0.4,1984,moderate_abatement,JUSTICE_GSA
0.015085979181341826,0.8380697527900338,1.3442766196094453,485.946115729399,0.4,1985,moderate_abatement,JUSTICE_GSA
0.00878704049810767,0.8716087760403752,1.3442766196094453,485.946115729399,0.4,1986,moderate_abatement,JUSTICE_GSA
0.00878704049810767,0.8380697527900338,1.5094981188885868,485.946115729399,0.4,1987,moderate_abatement,JUSTICE_GSA
0.00878704049810767,0.8380697527900338,1.3442766196094453,550.5011229524389,0.4,1988,moderate_abatement,JUSTICE_GSA
0.00878704049810767,0.8380697527900338,1.3442766196094453,485.946115729399,0.4,1989,moderate_abatement,JUSTICE_GSA
0.017862572839483618,1.0088519798591733,0.6323736645281315,270.52983890101314,0.4,1990,moderate_abatement,JUSTICE_GSA
0.028863637008704243,1.0088519798591733,0.6323736645281315,270.52983890101314,0.4,1991,moderate_abatement,JUSTICE_GSA
0.017862572839483618,1.2865960616618395,0.6323736645281315,270.52983890101314,0.4,1992,moderate_abatement,JUSTICE_GSA
0.017862572839483618,1.0088519798591733,0.839664417784661,270.52983890101314,0.4,1993,moderate_abatement,JUSTICE_GSA
0.017862572839483618,1.0088519798591733,0.6323736645281315,838.6467156885192,0.4,1994,moderate_abatement,JUSTICE_GSA
0.017862572839483618,1.2865960616618395,0.839664417784661,838.6467156885192,0.4,1995,moderate_abatement,JUSTICE_GSA
0.028863637008704243,1.0088519798591733,0.839664417784661,838.6467156885192,0.4,1996,moderate_abatement,JUSTICE_GSA
0.028863637008704243,1.2865960616618395,0.6323736645281315,838.6467156885192,0.4,1997,moderate_abatement,JUSTICE_GSA
0.028863637008704243,1.2865960616618395,0.839664417784661,270.52983890101314,0.4,1998,moderate_abatement,JUSTICE_GSA
0.028863637008704243,1.2865960616618395,0.839664417784661,838.6467156885192,0.4,1999,moderate_abatement,JUSTICE_GSA
0.016896104687824844,0.57250165194273,1.5836551254615188,241.53126852028072,0.4,2000,moderate_abatement,JUSTICE_GSA
0.01480288228020072,0.57250165194273,1.5836551254615188,241.53126852028072,0.4,2001,moderate_abatement,JUSTICE_GSA
0.016896104687824844,1.410043690353632,1.5836551254615188,241.53126852028072,0.4,2002,moderate_abatement,JUSTICE_GSA
0.016896104687824844,0.57250165194273,1.6813527629710734,241.53126852028072,0.4,2003,moderate_abatement,JUSTICE_GSA
0.016896104687824844,0.57250165194273,1.5836551254615188,636.3815126949921,0.4,2004,moderate_abatement,JUSTICE_GSA
0.016896104687824844,1.410043690353632,1.6813527629710734,636.3815126949921,0.4,2005,moderate_abatement,JUSTICE_GSA
0.01480288228020072,0.57250165194273,1.6813527629710734,636.3815126949921,0.4,2006,moderate_abatement,JUSTICE_GSA
0.01480288228020072,1.410043690353632,1.5836551254615188,636.3815126949921,0.4,2007,moderate_abatement,JUSTICE_GSA
0.01480288228020072,1.410043690353632,1.6813527629710734,241.53126852028072,0.4,2008,moderate_abatement,JUSTICE_GSA
0.01480288228020072,1.410043690353632,1.6813527629710734,636.3815126949921,0.4,2009,moderate_abatement,JUSTICE_GSA
0.012420292279683054,1.3121743649244308,0.5128007852472365,954.6741377478465,0.4,2010,moderate_abatement,JUSTICE_GSA
0.023721199610270558,1.3121743649244308,0.5128007852472365,954.6741377478465,0.4,2011,moderate_abatement,JUSTICE_GSA
0.012420292279683054,0.9655379569157958,0.5128007852472365,954.6741377478465,0.4,2012,moderate_abatement,JUSTICE_GSA
0.012420292279683054,1.3121743649244308,1.0650919904001057,954.6741377478465,0.4,2013,moderate_abatement,JUSTICE_GSA
0.012420292279683054,1.3121743649244308,0.5128007852472365,32.977220765314996,0.4,2014,moderate_abatement,JUSTICE_GSA
0.012420292279683054,0.9655379569157958,1.0650919904001057,32.977220765314996,0.4,2015,moderate_abatement,JUSTICE_GSA
0.023721199610270558,1.3121743649244308,1.0650919904001057,32.977220765314996,0.4,2016,moderate_abatement,JUSTICE_GSA
0.023721199610270558,0.9655379569157958,0.5128007852472365,32.977220765314996,0.4,2017,moderate_abatement,JUSTICE_GSA
0.023721199610270558,0.9655379569157958,1.0650919904001057,954.6741377478465,0.4,2018,moderate_abatement,JUSTICE_GSA
0.023721199610270558,0.9655379569157958,1.0650919904001057,32.977220765314996,0.4,2019,moderate_abatement,JUSTICE_GSA
0.006852637290023267,0.9827681798487902,1.872999866027385,322.70592817943543,0.4,2020,moderate_abatement,JUSTICE_GSA
0.021510899145156144,0.9827681798487902,1.872999866027385,322.70592817943543,0.4,2021,moderate_abatement,JUSTICE_GSA
0.006852637290023267,0.6283456236124039,1.872999866027385,322.70592817943543,0.4,2022,moderate_abatement,JUSTICE_GSA
0.006852637290023267,0.9827681798487902,1.301377596333623,322.70592817943543,0.4,2023,moderate_abatement,JUSTICE_GSA
0.006852637290023267,0.9827681798487902,1.872999866027385,409.02060688100755,0.4,2024,moderate_abatement,JUSTICE_GSA
0.006852637290023267,0.6283456236124039,1.301377596333623,409.02060688100755,0.4,2025,moderate_abatement,JUSTICE_GSA
0.021510899145156144,0.9827681798487902,1.301377596333623,409.02060688100755,0.4,2026,moderate_abatement,JUSTICE_GSA
0.021510899145156144,0.6283456236124039,1.872999866027385,409.02060688100755,0.4,2027,moderate_abatement,JUSTICE_GSA
0.021510899145156144,0.6283456236124039,1.301377596333623,322.70592817943543,0.4,2028,moderate_abatement,JUSTICE_GSA
0.021510899145156144,0.6283456236124039,1.301377596333623,409.02060688100755,0.4,2029,moderate_abatement,JUSTICE_GSA
0.02582692858763039,1.1521518919616938,0.9719912456348538,608.5745511446148,0.4,2030,moderate_abatement,JUSTICE_GSA
0.001483919412828982,1.1521518919616938,0.9719912456348538,608.5745511446148,0.4,2031,moderate_abatement,JUSTICE_GSA
0.02582692858763039,1.2463170913979411,0.9719912456348538,608.5745511446148,0.4,2032,moderate_abatement,JUSTICE_GSA
0.02582692858763039,1.1521518919616938,0.6943564973771572,608.5745511446148,0.4,2033,moderate_abatement,JUSTICE_GSA
0.02582692858763039,1.1521518919616938,0.9719912456348538,759.7165039740503,0.4,2034,moderate_abatement,JUSTICE_GSA
0.02582692858763039,1.2463170913979411,0.6943564973771572,759.7165039740503,0.4,2035,moderate_abatement,JUSTICE_GSA
0.001483919412828982,1.1521518919616938,0.6943564973771572,759.7165039740503,0.4,2036,moderate_abatement,JUSTICE_GSA
0.001483919412828982,1.2463170913979411,0.9719912456348538,759.7165039740503,0.4,2037,moderate_abatement,JUSTICE_GSA
0.001483919412828982,1.2463170913979411,0.6943564973771572,608.5745511446148,0.4,2038,moderate_abatement,JUSTICE_GSA
0.001483919412828982,1.2463170913979411,0.6943564973771572,759.7165039740503,0.4,2039,moderate_abatement,JUSTICE_GSA
0.028568341892212627,0.7917633121833205,0.8072805968113244,644.5366450855508,0.4,2040,moderate_abatement,JUSTICE_GSA
0.004951347540132701,0.7917633121833205,0.8072805968113244,644.5366450855508,0.4,2041,moderate_abatement,JUSTICE_GSA
0.028568341892212627,1.3497542990371585,0.8072805968113244,644.5366450855508,0.4,2042,moderate_abatement,JUSTICE_GSA
0.028568341892212627,0.7917633121833205,1.519373386632651,644.5366450855508,0.4,2043,moderate_abatement,JUSTICE_GSA
0.028568341892212627,0.7917633121833205,0.8072805968113244,329.0830261334777,0.4,2044,moderate_abatement,JUSTICE_GSA
0.028568341892212627,1.3497542990371585,1.519373386632651,329.0830261334777,0.4,2045,moderate_abatement,JUSTICE_GSA
0.004951347540132701,0.7917633121833205,1.519373386632651,329.0830261334777,0.4,2046,moderate_abatement,JUSTICE_GSA
0.004951347540132701,1.3497542990371585,0.8072805968113244,329.0830261334777,0.4,2047,moderate_abatement,JUSTICE_GSA
0.004951347540132701,1.3497542990371585,1.519373386632651,644.5366450855508,0.4,2048,moderate_abatement,JUSTICE_GSA
0.004951347540132701,1.3497542990371585,1.519373386632651,329.0830261334777,0.4,2049,moderate_abatement,JUSTICE_GSA
0.004157684513367712,1.0930919190868735,1.3360495986416936,426.9762444011867,0.4,2050,moderate_abatement,JUSTICE_GSA
0.01772839036397636,1.0930919190868735,1.3360495986416936,426.9762444011867,0.4,2051,moderate_abatement,JUSTICE_GSA
0.004157684513367712,0.7748507335782051,1.3360495986416936,426.9762444011867,0.4,2052,moderate_abatement,JUSTICE_GSA
0.004157684513367712,1.0930919190868735,0.5239455341361463,426.9762444011867,0.4,2053,moderate_abatement,JUSTICE_GSA
0.004157684513367712,1.0930919190868735,1.3360495986416936,995.8699020538479,0.4,2054,moderate_abatement,JUSTICE_GSA
0.004157684513367712,0.7748507335782051,0.5239455341361463,995.8699020538479,0.4,2055,moderate_abatement,JUSTICE_GSA
0.01772839036397636,1.0930919190868735,0.5239455341361463,995.8699020538479,0.4,2056,moderate_abatement,JUSTICE_GSA
0.01772839036397636,0.7748507335782051,1.3360495986416936,995.8699020538479,0.4,2057,moderate_abatement,JUSTICE_GSA
0.01772839036397636,0.7748507335782051,0.5239455341361463,426.9762444011867,0.4,2058,moderate_abatement,JUSTICE_GSA
0.01772839036397636,0.7748507335782051,0.5239455341361463,995.8699020538479,0.4,2059,moderate_abatement,JUSTICE_GSA
0.009682610125280915,0.6392940254881978,1.102498679421842,794.065190628171,0.4,2060,moderate_abatement,JUSTICE_GSA
0.027985195296816527,0.6392940254881978,1.102498679421842,794.065190628171,0.4,2061,moderate_abatement,JUSTICE_GSA
0.009682610125280915,0.5690099438652396,1.102498679421842,794.065190628171,0.4,2062,moderate_abatement,JUSTICE_GSA
0.009682610125280915,0.6392940254881978,1.8865593755617738,794.065190628171,0.4,2063,moderate_abatement,JUSTICE_GSA
0.009682610125280915,0.6392940254881978,1.102498679421842,618.7593646151945,0.4,2064,moderate_abatement,JUSTICE_GSA
0.009682610125280915,0.5690099438652396,1.8865593755617738,618.7593646151945,0.4,2065,moderate_abatement,JUSTICE_GSA
0.027985195296816527,0.6392940254881978,1.8865593755617738,618.7593646151945,0.4,2066,moderate_abatement,JUSTICE_GSA
0.027985195296816527,0.5690099438652396,1.102498679421842,618.7593646151945,0.4,2067,moderate_abatement,JUSTICE_GSA
0.027985195296816527,0.5690099438652396,1.8865593755617738,794.065190628171,0.4,2068,moderate_abatement,JUSTICE_GSA
0.027985195296816527,0.5690099438652396,1.8865593755617738,618.7593646151945,0.4,2069,moderate_abatement,JUSTICE_GSA
0.019595286432653666,1.4953171508386731,1.7893667169846594,12.644705270417035,0.4,2070,moderate_abatement,JUSTICE_GSA
0.011816830432042479,1.4953171508386731,1.7893667169846594,12.644705270417035,0.4,2071,moderate_abatement,JUSTICE_GSA
0.019595286432653666,1.056629415601492,1.7893667169846594,12.644705270417035,0.4,2072,moderate_abatement,JUSTICE_GSA
0.019595286432653666,1.4953171508386731,0.9060503272339702,12.644705270417035,0.4,2073,moderate_abatement,JUSTICE_GSA
0.019595286432653666,1.4953171508386731,1.7893667169846594,206.57105151284486,0.4,2074,moderate_abatement,JUSTICE_GSA
0.019595286432653666,1.056629415601492,0.9060503272339702,206.57105151284486,0.4,2075,moderate_abatement,JUSTICE_GSA
0.011816830432042479,1.4953171508386731,0.9060503272339702,206.57105151284486,0.4,2076,moderate_abatement,JUSTICE_GSA
0.011816830432042479,1.056629415601492,1.7893667169846594,206.57105151284486,0.4,2077,moderate_abatement,JUSTICE_GSA
0.011816830432042479,1.056629415601492,0.9060503272339702,12.644705270417035,0.4,2078,moderate_abatement,JUSTICE_GSA
0.011816830432042479,1.056629415601492,0.9060503272339702,206.57105151284486,0.4,2079,moderate_abatement,JUSTICE_GSA
0.020506892864592372,0.6823790892958641,0.5479834787547588,512.1642304612324,0.4,2080,moderate_abatement,JUSTICE_GSA
0.020009235409088433,0.6823790892958641,0.5479834787547588,512.1642304612324,0.4,2081,moderate_abatement,JUSTICE_GSA
0.020506892864592372,0.7935737762600183,0.5479834787547588,512.1642304612324,0.4,2082,moderate_abatement,JUSTICE_GSA
0.020506892864592372,0.6823790892958641,0.6333439759910107,512.1642304612324,0.4,2083,moderate_abatement,JUSTICE_GSA
0.020506892864592372,0.6823790892958641,0.5479834787547588,590.3544061826542,0.4,2084,moderate_abatement,JUSTICE_GSA
0.020506892864592372,0.7935737762600183,0.6333439759910107,590.3544061826542,0.4,2085,moderate_abatement,JUSTICE_GSA
0.020009235409088433,0.6823790892958641,0.6333439759910107,590.3544061826542,0.4,2086,moderate_abatement,JUSTICE_GSA
0.020009235409088433,0.7935737762600183,0.5479834787547588,590.3544061826542,0.4,2087,moderate_abatement,JUSTICE_GSA
0.020009235409088433,0.7935737762600183,0.6333439759910107,512.1642304612324,0.4,2088,moderate_abatement,JUSTICE_GSA
0.020009235409088433,0.7935737762600183,0.6333439759910107,590.3544061826542,0.4,2089,moderate_abatement,JUSTICE_GSA
0.00878174415975809,1.452479973435402,1.5484323273412883,294.59805762954056,0.4,2090,moderate_abatement,JUSTICE_GSA
0.0035506443828344342,1.452479973435402,1.5484323273412883,294.59805762954056,0.4,2091,moderate_abatement,JUSTICE_GSA
0.00878174415975809,1.3318219119682908,1.5484323273412883,294.59805762954056,0.4,2092,moderate_abatement,JUSTICE_GSA
0.00878174415975809,1.452479973435402,1.620211647823453,294.59805762954056,0.4,2093,moderate_abatement,JUSTICE_GSA
0.00878174415975809,1.452479973435402,1.5484323273412883,242.53930185269564,0.4,2094,moderate_abatement,JUSTICE_GSA
0.00878174415975809,1.3318219119682908,1.620211647823453,242.53930185269564,0.4,2095,moderate_abatement,JUSTICE_GSA
0.0035506443828344342,1.452479973435402,1.620211647823453,242.53930185269564,0.4,2096,moderate_abatement,JUSTICE_GSA
0.0035506443828344342,1.3318219119682908,1.5484323273412883,242.53930185269564,0.4,2097,moderate_abatement,JUSTICE_GSA
0.0035506443828344342,1.3318219119682908,1.620211647823453,294.59805762954056,0.4,2098,moderate_abatement,JUSTICE_GSA
0.0035506443828344342,1.3318219119682908,1.620211647823453,242.53930185269564,0.4,2099,moderate_abatement,JUSTICE_GSA
0.0032425127625465393,0.7799320537596941,1.030701586510986,926.5624563153833,0.4,2100,moderate_abatement,JUSTICE_GSA
0.013132186864502727,0.7799320537596941,1.030701586510986,926.5624563153833,0.4,2101,moderate_abatement,JUSTICE_GSA
0.0032425127625465393,1.0117871444672346,1.030701586510986,926.5624563153833,0.4,2102,moderate_abatement,JUSTICE_GSA
0.0032425127625465393,0.7799320537596941,1.013320215512067,926.5624563153833,0.4,2103,moderate_abatement,JUSTICE_GSA
0.0032425127625465393,0.7799320537596941,1.030701586510986,365.29480452276766,0.4,2104,moderate_abatement,JUSTICE_GSA
0.0032425127625465393,1.0117871444672346,1.013320215512067,365.29480452276766,0.4,2105,moderate_abatement,JUSTICE_GSA
0.013132186864502727,0.7799320537596941,1.013320215512067,365.29480452276766,0.4,2106,moderate_abatement,JUSTICE_GSA
0.013132186864502727,1.0117871444672346,1.030701586510986,365.29480452276766,0.4,2107,moderate_abatement,JUSTICE_GSA
0.013132186864502727,1.0117871444672346,1.013320215512067,926.5624563153833,0.4,2108,moderate_abatement,JUSTICE_GSA
0.013132186864502727,1.0117871444672346,1.013320215512067,365.29480452276766,0.4,2109,moderate_abatement,JUSTICE_GSA
0.02946569785196334,1.1046829018741846,1.8142495099455118,145.14000224974006,0.4,2110,moderate_abatement,JUSTICE_GSA
0.025732170693576334,1.1046829018741846,1.8142495099455118,145.14000224974006,0.4,2111,moderate_abatement,JUSTICE_GSA
0.02946569785196334,0.6125732781365514,1.8142495099455118,145.14000224974006,0.4,2112,moderate_abatement,JUSTICE_GSA
0.02946569785196334,1.1046829018741846,1.9909453527070582,145.14000224974006,0.4,2113,moderate_abatement,JUSTICE_GSA
0.02946569785196334,1.1046829018741846,1.8142495099455118,967.7080176398158,0.4,2114,moderate_abatement,JUSTICE_GSA
0.02946569785196334,0.6125732781365514,1.9909453527070582,967.7080176398158,0.4,2115,moderate_abatement,JUSTICE_GSA
0.025732170693576334,1.1046829018741846,1.9909453527070582,967.7080176398158,0.4,2116,moderate_abatement,JUSTICE_GSA
0.025732170693576334,0.6125732781365514,1.8142495099455118,967.7080176398158,0.4,2117,moderate_abatement,JUSTICE_GSA
0.025732170693576334,0.6125732781365514,1.9909453527070582,145.14000224974006,0.4,2118,moderate_abatement,JUSTICE_GSA
0.025732170693576334,0.6125732781365514,1.9909453527070582,967.7080176398158,0.4,2119,moderate_abatement,JUSTICE_GSA
0.024929454709403217,0.9631053572520614,1.2774822725914419,109.15316734462976,0.4,2120,moderate_abatement,JUSTICE_GSA
0.029656333001330495,0.9631053572520614,1.2774822725914419,109.15316734462976,0.4,2121,moderate_abatement,JUSTICE_GSA
0.024929454709403217,0.9778789477422833,1.2774822725914419,109.15316734462976,0.4,2122,moderate_abatement,JUSTICE_GSA
0.024929454709403217,0.9631053572520614,1.1717896042391658,109.15316734462976,0.4,2123,moderate_abatement,JUSTICE_GSA
0.024929454709403217,0.9631053572520614,1.2774822725914419,382.55086597427726,0.4,2124,moderate_abatement,JUSTICE_GSA
0.024929454709403217,0.9778789477422833,1.1717896042391658,382.55086597427726,0.4,2125,moderate_abatement,JUSTICE_GSA
0.029656333001330495,0.9631053572520614,1.1717896042391658,382.55086597427726,0.4,2126,moderate_abatement,JUSTICE_GSA
0.029656333001330495,0.9778789477422833,1.2774822725914419,382.55086597427726,0.4,2127,moderate_abatement,JUSTICE_GSA
0.029656333001330495,0.9778789477422833,1.1717896042391658,109.15316734462976,0.4,2128,moderate_abatement,JUSTICE_GSA
0.029656333001330495,0.9778789477422833,1.1717896042391658,382.55086597427726,0.4,2129,moderate_abatement,JUSTICE_GSA
0.007767691014334559,1.1715668281540275,0.865807818248868,822.301697072573,0.4,2130,moderate_abatement,JUSTICE_GSA
0.009806301637552677,1.1715668281540275,0.865807818248868,822.301697072573,0.4,2131,moderate_abatement,JUSTICE_GSA
0.007767691014334559,1.3965401109308004,0.865807818248868,822.301697072573,0.4,2132,moderate_abatement,JUSTICE_GSA
0.007767691014334559,1.1715668281540275,1.784891807474196,822.301697072573,0.4,2133,moderate_abatement,JUSTICE_GSA
0.007767691014334559,1.1715668281540275,0.865807818248868,793.748584067449,0.4,2134,moderate_abatement,JUSTICE_GSA
0.007767691014334559,1.3965401109308004,1.784891807474196,793.748584067449,0.4,2135,moderate_abatement,JUSTICE_GSA
0.009806301637552677,1.1715668281540275,1.784891807474196,793.748584067449,0.4,2136,moderate_abatement,JUSTICE_GSA
0.009806301637552677,1.3965401109308004,0.865807818248868,793.748584067449,0.4,2137,moderate_abatement,JUSTICE_GSA
0.009806301637552677,1.3965401109308004,1.784891807474196,822.301697072573,0.4,2138,moderate_abatement,JUSTICE_GSA
0.009806301637552677,1.3965401109308004,1.784891807474196,793.748584067449,0.4,2139,moderate_abatement,JUSTICE_GSA
0.013321276163682342,0.6234106691554189,1.7543270774185658,455.20131819788367,0.4,2140,moderate_abatement,JUSTICE_GSA
0.0064516835454851386,0.6234106691554189,1.7543270774185658,455.20131819788367,0.4,2141,moderate_abatement,JUSTICE_GSA
0.013321276163682342,1.1971070477738976,1.7543270774185658,455.20131819788367,0.4,2142,moderate_abatement,JUSTICE_GSA
0.013321276163682342,0.6234106691554189,0.8046018271706998,455.20131819788367,0.4,2143,moderate_abatement,JUSTICE_GSA
0.013321276163682342,0.6234106691554189,1.7543270774185658,670.657589755021,0.4,2144,moderate_abatement,JUSTICE_GSA
0.013321276163682342,1.1971070477738976,0.8046018271706998,670.657589755021,0.4,2145,moderate_abatement,JUSTICE_GSA
0.0064516835454851386,0.6234106691554189,0.8046018271706998,670.657589755021,0.4,2146,moderate_abatement,JUSTICE_GSA
0.0064516835454851386,1.1971070477738976,1.7543270774185658,670.657589755021,0.4,2147,moderate_abatement,JUSTICE_GSA
0.0064516835454851386,1.1971070477738976,0.8046018271706998,455.20131819788367,0.4,2148,moderate_abatement,JUSTICE_GSA
0.0064516835454851386,1.1971070477738976,0.8046018271706998,670.657589755021,0.4,2149,moderate_abatement,JUSTICE_GSA
0.015984616282396016,1.2615056233480573,1.1374983037821949,741.0717833377421,0.4,2150,moderate_abatement,JUSTICE_GSA
0.01566033766325563,1.2615056233480573,1.1374983037821949,741.0717833377421,0.4,2151,moderate_abatement,JUSTICE_GSA
0.015984616282396016,0.6782299745827913,1.1374983037821949,741.0717833377421,0.4,2152,moderate_abatement,JUSTICE_GSA
0.015984616282396016,1.2615056233480573,1.402788087259978,741.0717833377421,0.4,2153,moderate_abatement,JUSTICE_GSA
0.015984616282396016,1.2615056233480573,1.1374983037821949,6.751990401186049,0.4,2154,moderate_abatement,JUSTICE_GSA
0.015984616282396016,0.6782299745827913,1.402788087259978,6.751990401186049,0.4,2155,moderate_abatement,JUSTICE_GSA
0.01566033766325563,1.2615056233480573,1.402788087259978,6.751990401186049,0.4,2156,moderate_abatement,JUSTICE_GSA
0.01566033766325563,0.6782299745827913,1.1374983037821949,6.751990401186049,0.4,2157,moderate_abatement,JUSTICE_GSA
0.01566033766325563,0.6782299745827913,1.402788087259978,741.0717833377421,0.4,2158,moderate_abatement,JUSTICE_GSA
0.01566033766325563,0.6782299745827913,1.402788087259978,6.751990401186049,0.4,2159,moderate_abatement,JUSTICE_GSA
0.018763580328784883,0.8211879804730415,1.6406178646720946,770.1170035358518,0.4,2160,moderate_abatement,JUSTICE_GSA
0.0025032764319330453,0.8211879804730415,1.6406178646720946,770.1170035358518,0.4,2161,moderate_abatement,JUSTICE_GSA
0.018763580328784883,0.5469775982201099,1.6406178646720946,770.1170035358518,0.4,2162,moderate_abatement,JUSTICE_GSA
0.018763580328784883,0.8211879804730415,1.1237792768515646,770.1170035358518,0.4,2163,moderate_abatement,JUSTICE_GSA
0.018763580328784883,0.8211879804730415,1.6406178646720946,457.78255661111325,0.4,2164,moderate_abatement,JUSTICE_GSA
0.018763580328784883,0.5469775982201099,1.1237792768515646,457.78255661111325,0.4,2165,moderate_abatement,JUSTICE_GSA
0.0025032764319330453,0.8211879804730415,1.1237792768515646,457.78255661111325,0.4,2166,moderate_abatement,JUSTICE_GSA
0.0025032764319330453,0.5469775982201099,1.6406178646720946,457.78255661111325,0.4,2167,moderate_abatement,JUSTICE_GSA
0.0025032764319330453,0.5469775982201099,1.1237792768515646,770.1170035358518,0.4,2168,moderate_abatement,JUSTICE_GSA
0.0025032764319330453,0.5469775982201099,1.1237792768515646,457.78255661111325,0.4,2169,moderate_abatement,JUSTICE_GSA
0.014174458960071204,1.060008943080902,1.205791643820703,51.1054328372702,0.4,2170,moderate_abatement,JUSTICE_GSA
0.022303692854009568,1.060008943080902,1.205791643820703,51.1054328372702,0.4,2171,moderate_abatement,JUSTICE_GSA
0.014174458960071204,1.0774436062201858,1.205791643820703,51.1054328372702,0.4,2172,moderate_abatement,JUSTICE_GSA
0.014174458960071204,1.060008943080902,1.6461140853352845,51.1054328372702,0.4,2173,moderate_abatement,JUSTICE_GSA
0.014174458960071204,1.060008943080902,1.205791643820703,874.8563578994945,0.4,2174,moderate_abatement,JUSTICE_GSA
0.014174458960071204,1.0774436062201858,1.6461140853352845,874.8563578994945,0.4,2175,moderate_abatement,JUSTICE_GSA
0.022303692854009568,1.060008943080902,1.6461140853352845,874.8563578994945,0.4,2176,moderate_abatement,JUSTICE_GSA
0.022303692854009568,1.0774436062201858,1.205791643820703,874.8563578994945,0.4,2177,moderate_abatement,JUSTICE_GSA
0.022303692854009568,1.0774436062201858,1.6461140853352845,51.1054328372702,0.4,2178,moderate_abatement,JUSTICE_GSA
0.022303692854009568,1.0774436062201858,1.6461140853352845,874.8563578994945,0.4,2179,moderate_abatement,JUSTICE_GSA
0.0049887872505933045,0.7309669125825167,1.343944569118321,667.387997652404,0.4,2180,moderate_abatement,JUSTICE_GSA
0.02292805835790932,0.7309669125825167,1.343944569118321,667.387997652404,0.4,2181,moderate_abatement,JUSTICE_GSA
0.0049887872505933045,1.2661955654621124,1.343944569118321,667.387997652404,0.4,2182,moderate_abatement,JUSTICE_GSA
0.0049887872505933045,0.7309669125825167,0.7530513387173414,667.387997652404,0.4,2183,moderate_abatement,JUSTICE_GSA
0.0049887872505933045,0.7309669125825167,1.343944569118321,747.589021474123,0.4,2184,moderate_abatement,JUSTICE_GSA
0.0049887872505933045,1.2661955654621124,0.7530513387173414,747.589021474123,0.4,2185,moderate_abatement,JUSTICE_GSA
0.02292805835790932,0.7309669125825167,0.7530513387173414,747.589021474123,0.4,2186,moderate_abatement,JUSTICE_GSA
0.02292805835790932,1.2661955654621124,1.343944569118321,747.589021474123,0.4,2187,moderate_abatement,JUSTICE_GSA
0.02292805835790932,1.2661955654621124,0.7530513387173414,667.387997652404,0.4,2188,moderate_abatement,JUSTICE_GSA
0.02292805835790932,1.2661955654621124,0.7530513387173414,747.589021474123,0.4,2189,moderate_abatement,JUSTICE_GSA
0.02407633219566196,1.3994976822286844,0.7509999615140259,387.4186823088676,0.4,2190,moderate_abatement,JUSTICE_GSA
0.013783181174658238,1.3994976822286844,0.7509999615140259,387.4186823088676,0.4,2191,moderate_abatement,JUSTICE_GSA
0.02407633219566196,0.8591388342902064,0.7509999615140259,387.4186823088676,0.4,2192,moderate_abatement,JUSTICE_GSA
0.02407633219566196,1.3994976822286844,1.2661321684718132,387.4186823088676,0.4,2193,moderate_abatement,JUSTICE_GSA
0.02407633219566196,1.3994976822286844,0.7509999615140259,85.67240509577096,0.4,2194,moderate_abatement,JUSTICE_GSA
0.02407633219566196,0.8591388342902064,1.2661321684718132,85.67240509577096,0.4,2195,moderate_abatement,JUSTICE_GSA
0.013783181174658238,1.3994976822286844,1.2661321684718132,85.67240509577096,0.4,2196,moderate_abatement,JUSTICE_GSA
0.013783181174658238,0.8591388342902064,0.7509999615140259,85.67240509577096,0.4,2197,moderate_abatement,JUSTICE_GSA
0.013783181174658238,0.8591388342902064,1.2661321684718132,387.4186823088676,0.4,2198,moderate_abatement,JUSTICE_GSA
0.013783181174658238,0.8591388342902064,1.2661321684718132,85.67240509577096,0.4,2199,moderate_abatement,JUSTICE_GSA
0.026800072097219525,0.5391707336530089,0.9580051572993398,361.4405964249745,0.4,2200,moderate_abatement,JUSTICE_GSA
0.01079713872540742,0.5391707336530089,0.9580051572993398,361.4405964249745,0.4,2201,moderate_abatement,JUSTICE_GSA
0.026800072097219525,0.7401023907586932,0.9580051572993398,361.4405964249745,0.4,2202,moderate_abatement,JUSTICE_GSA
0.026800072097219525,0.5391707336530089,0.5824512573890388,361.4405964249745,0.4,2203,moderate_abatement,JUSTICE_GSA
0.026800072097219525,0.5391707336530089,0.9580051572993398,515.3379113208503,0.4,2204,moderate_abatement,JUSTICE_GSA
0.026800072097219525,0.7401023907586932,0.5824512573890388,515.3379113208503,0.4,2205,moderate_abatement,JUSTICE_GSA
0.01079713872540742,0.5391707336530089,0.5824512573890388,515.3379113208503,0.4,2206,moderate_abatement,JUSTICE_GSA
0.01079713872540742,0.7401023907586932,0.9580051572993398,515.3379113208503,0.4,2207,moderate_abatement,JUSTICE_GSA
0.01079713872540742,0.7401023907586932,0.5824512573890388,361.4405964249745,0.4,2208,moderate_abatement,JUSTICE_GSA
0.01079713872540742,0.7401023907586932,0.5824512573890388,515.3379113208503,0.4,2209,moderate_abatement,JUSTICE_GSA
0.0022761057578027247,1.3413510909304023,1.9352800664491951,584.8393231667578,0.4,2210,moderate_abatement,JUSTICE_GSA
0.02719206517189741,1.3413510909304023,1.9352800664491951,584.8393231667578,0.4,2211,moderate_abatement,JUSTICE_GSA
0.0022761057578027247,1.1352954432368279,1.9352800664491951,584.8393231667578,0.4,2212,moderate_abatement,JUSTICE_GSA
0.0022761057578027247,1.3413510909304023,1.4843164957128465,584.8393231667578,0.4,2213,moderate_abatement,JUSTICE_GSA
0.0022761057578027247,1.3413510909304023,1.9352800664491951,161.70769791677594,0.4,2214,moderate_abatement,JUSTICE_GSA
0.0022761057578027247,1.1352954432368279,1.4843164957128465,161.70769791677594,0.4,2215,moderate_abatement,JUSTICE_GSA
0.02719206517189741,1.3413510909304023,1.4843164957128465,161.70769791677594,0.4,2216,moderate_abatement,JUSTICE_GSA
0.02719206517189741,1.1352954432368279,1.9352800664491951,161.70769791677594,0.4,2217,moderate_abatement,JUSTICE_GSA
0.02719206517189741,1.1352954432368279,1.4843164957128465,584.8393231667578,0.4,2218,moderate_abatement,JUSTICE_GSA
0.02719206517189741,1.1352954432368279,1.4843164957128465,161.70769791677594,0.4,2219,moderate_abatement,JUSTICE_GSA
0.011447423715144397,0.8871890427544713,0.6671829917468131,202.18666554242373,0.4,2220,moderate_abatement,JUSTICE_GSA
0.018521200385876,0.8871890427544713,0.6671829917468131,202.18666554242373,0.4,2221,moderate_abatement,JUSTICE_GSA
0.011447423715144397,1.4583208849653602,0.6671829917468131,202.18666554242373,0.4,2222,moderate_abatement,JUSTICE_GSA
0.011447423715144397,0.8871890427544713,0.9645607443526387,202.18666554242373,0.4,2223,moderate_abatement,JUSTICE_GSA
0.011447423715144397,0.8871890427544713,0.6671829917468131,288.09101379010826,0.4,2224,moderate_abatement,JUSTICE_GSA
0.011447423715144397,1.4583208849653602,0.9645607443526387,288.09101379010826,0.4,2225,moderate_abatement,JUSTICE_GSA
0.018521200385876,0.8871890427544713,0.9645607443526387,288.09101379010826,0.4,2226,moderate_abatement,JUSTICE_GSA
0.018521200385876,1.4583208849653602,0.6671829917468131,288.09101379010826,0.4,2227,moderate_abatement,JUSTICE_GSA
0.018521200385876,1.4583208849653602,0.9645607443526387,202.18666554242373,0.4,2228,moderate_abatement,JUSTICE_GSA
0.018521200385876,1.4583208849653602,0.9645607443526387,288.09101379010826,0.4,2229,moderate_abatement,JUSTICE_GSA
0.021473353669978677,1.2440651105716825,1.4746372541412711,977.7994309933856,0.4,2230,moderate_abatement,JUSTICE_GSA
0.00597072260081768,1.2440651105716825,1.4746372541412711,977.7994309933856,0.4,2231,moderate_abatement,JUSTICE_GSA
0.021473353669978677,0.9160369150340557,1.4746372541412711,977.7994309933856,0.4,2232,moderate_abatement,JUSTICE_GSA
0.021473353669978677,1.2440651105716825,1.8514985954388976,977.7994309933856,0.4,2233,moderate_abatement,JUSTICE_GSA
0.021473353669978677,1.2440651105716825,1.4746372541412711,888.5762180527672,0.4,2234,moderate_abatement,JUSTICE_GSA
0.021473353669978677,0.9160369150340557,1.8514985954388976,888.5762180527672,0.4,2235,moderate_abatement,JUSTICE_GSA
0.00597072260081768,1.2440651105716825,1.8514985954388976,888.5762180527672,0.4,2236,moderate_abatement,JUSTICE_GSA
0.00597072260081768,0.9160369150340557,1.4746372541412711,888.5762180527672,0.4,2237,moderate_abatement,JUSTICE_GSA
0.00597072260081768,0.9160369150340557,1.8514985954388976,977.7994309933856,0.4,2238,moderate_abatement,JUSTICE_GSA
0.00597072260081768,0.9160369150340557,1.8514985954388976,888.5762180527672,0.4,2239,moderate_abatement,JUSTICE_GSA
0.0212159791206941,0.5117070395499468,1.905170479323715,722.0728208841756,0.4,2240,moderate_abatement,JUSTICE_GSA
0.028372577073052525,0.5117070395499468,1.905170479323715,722.0728208841756,0.4,2241,moderate_abatement,JUSTICE_GSA
0.0212159791206941,0.8708505565300584,1.905170479323715,722.0728208841756,0.4,2242,moderate_abatement,JUSTICE_GSA
0.0212159791206941,0.5117070395499468,0.9787781788036227,722.0728208841756,0.4,2243,moderate_abatement,JUSTICE_GSA
0.0212159791206941,0.5117070395499468,1.905170479323715,847.6206156406552,0.4,2244,moderate_abatement,JUSTICE_GSA
0.0212159791206941,0.8708505565300584,0.9787781788036227,847.6206156406552,0.4,2245,moderate_abatement,JUSTICE_GSA
0.028372577073052525,0.5117070395499468,0.9787781788036227,847.6206156406552,0.4,2246,moderate_abatement,JUSTICE_GSA
0.028372577073052525,0.8708505565300584,1.905170479323715,847.6206156406552,0.4,2247,moderate_abatement,JUSTICE_GSA
0.028372577073052525,0.8708505565300584,0.9787781788036227,722.0728208841756,0.4,2248,moderate_abatement,JUSTICE_GSA
0.028372577073052525,0.8708505565300584,0.9787781788036227,847.6206156406552,0.4,2249,moderate_abatement,JUSTICE_GSA
0.011304215425625444,1.373457232490182,0.9983686450868845,442.05973621457815,0.4,2250,moderate_abatement,JUSTICE_GSA
0.008352836444042623,1.373457232490182,0.9983686450868845,442.05973621457815,0.4,2251,moderate_abatement,JUSTICE_GSA
0.011304215425625444,1.2544850502163172,0.9983686450868845,442.05973621457815,0.4,2252,moderate_abatement,JUSTICE_GSA
0.011304215425625444,1.373457232490182,1.9551630625501275,442.05973621457815,0.4,2253,moderate_abatement,JUSTICE_GSA
0.011304215425625444,1.373457232490182,0.9983686450868845,446.11689706891775,0.4,2254,moderate_abatement,JUSTICE_GSA
0.011304215425625444,1.2544850502163172,1.9551630625501275,446.11689706891775,0.4,2255,moderate_abatement,JUSTICE_GSA
0.008352836444042623,1.373457232490182,1.9551630625501275,446.11689706891775,0.4,2256,moderate_abatement,JUSTICE_GSA
0.008352836444042623,1.2544850502163172,0.9983686450868845,446.11689706891775,0.4,2257,moderate_abatement,JUSTICE_GSA
0.008352836444042623,1.2544850502163172,1.9551630625501275,442.05973621457815,0.4,2258,moderate_abatement,JUSTICE_GSA
0.008352836444042623,1.2544850502163172,1.9551630625501275,446.11689706891775,0.4,2259,moderate_abatement,JUSTICE_GSA
0.0025348094422370194,0.9214934334158897,1.6100324802100658,840.321649748832,0.4,2260,moderate_abatement,JUSTICE_GSA
0.007962119514122606,0.9214934334158897,1.6100324802100658,840.321649748832,0.4,2261,moderate_abatement,JUSTICE_GSA
0.0025348094422370194,1.0891696335747838,1.6100324802100658,840.321649748832,0.4,2262,moderate_abatement,JUSTICE_GSA
0.0025348094422370194,0.9214934334158897,0.5991642191074789,840.321649748832,0.4,2263,moderate_abatement,JUSTICE_GSA
0.0025348094422370194,0.9214934334158897,1.6100324802100658,73.91637292969972,0.4,2264,moderate_abatement,JUSTICE_GSA
0.0025348094422370194,1.0891696335747838,0.5991642191074789,73.91637292969972,0.4,2265,moderate_abatement,JUSTICE_GSA
0.007962119514122606,0.9214934334158897,0.5991642191074789,73.91637292969972,0.4,2266,moderate_abatement,JUSTICE_GSA
0.007962119514122606,1.0891696335747838,1.6100324802100658,73.91637292969972,0.4,2267,moderate_abatement,JUSTICE_GSA
0.007962119514122606,1.0891696335747838,0.5991642191074789,840.321649748832,0.4,2268,moderate_abatement,JUSTICE_GSA
0.007962119514122606,1.0891696335747838,0.5991642191074789,73.91637292969972,0.4,2269,moderate_abatement,JUSTICE_GSA
0.026948149560950697,1.2129383832216263,0.5449713538400829,121.32348040584475,0.4,2270,moderate_abatement,JUSTICE_GSA
0.016887344068847596,1.2129383832216263,0.5449713538400829,121.32348040584475,0.4,2271,moderate_abatement,JUSTICE_GSA
0.026948149560950697,0.5352508705109358,0.5449713538400829,121.32348040584475,0.4,2272,moderate_abatement,JUSTICE_GSA
0.026948149560950697,1.2129383832216263,1.5840677986852825,121.32348040584475,0.4,2273,moderate_abatement,JUSTICE_GSA
0.026948149560950697,1.2129383832216263,0.5449713538400829,720.199580441229,0.4,2274,moderate_abatement,JUSTICE_GSA
0.026948149560950697,0.5352508705109358,1.5840677986852825,720.199580441229,0.4,2275,moderate_abatement,JUSTICE_GSA
0.016887344068847596,1.2129383832216263,1.5840677986852825,720.199580441229,0.4,2276,moderate_abatement,JUSTICE_GSA
0.016887344068847596,0.5352508705109358,0.5449713538400829,720.199580441229,0.4,2277,moderate_abatement,JUSTICE_GSA
0.016887344068847596,0.5352508705109358,1.5840677986852825,121.32348040584475,0.4,2278,moderate_abatement,JUSTICE_GSA
0.016887344068847596,0.5352508705109358,1.5840677986852825,720.199580441229,0.4,2279,moderate_abatement,JUSTICE_GSA
0.02427706439141184,0.8545120032504201,1.0819095261394978,131.9379038978368,0.4,2280,moderate_abatement,JUSTICE_GSA
0.02032646214682609,0.8545120032504201,1.0819095261394978,131.9379038978368,0.4,2281,moderate_abatement,JUSTICE_GSA
0.02427706439141184,0.9355763848870993,1.0819095261394978,131.9379038978368,0.4,2282,moderate_abatement,JUSTICE_GSA
0.02427706439141184,0.8545120032504201,0.8153347857296467,131.9379038978368,0.4,2283,moderate_abatement,JUSTICE_GSA
0.02427706439141184,0.8545120032504201,1.0819095261394978,181.29129218216985,0.4,2284,moderate_abatement,JUSTICE_GSA
0.02427706439141184,0.9355763848870993,0.8153347857296467,181.29129218216985,0.4,2285,moderate_abatement,JUSTICE_GSA
0.02032646214682609,0.8545120032504201,0.8153347857296467,181.29129218216985,0.4,2286,moderate_abatement,JUSTICE_GSA
0.02032646214682609,0.9355763848870993,1.0819095261394978,181.29129218216985,0.4,2287,moderate_abatement,JUSTICE_GSA
0.02032646214682609,0.9355763848870993,0.8153347857296467,131.9379038978368,0.4,2288,moderate_abatement,JUSTICE_GSA
0.02032646214682609,0.9355763848870993,0.8153347857296467,181.29129218216985,0.4,2289,moderate_abatement,JUSTICE_GSA
0.005301915686577559,1.029854972846806,1.7747538830153644,907.5030891401693,0.4,2290,moderate_abatement,JUSTICE_GSA
0.004151286855340004,1.029854972846806,1.7747538830153644,907.5030891401693,0.4,2291,moderate_abatement,JUSTICE_GSA
0.005301915686577559,1.438782592304051,1.7747538830153644,907.5030891401693,0.4,2292,moderate_abatement,JUSTICE_GSA
0.005301915686577559,1.029854972846806,1.4154822770506144,907.5030891401693,0.4,2293,moderate_abatement,JUSTICE_GSA
0.005301915686577559,1.029854972846806,1.7747538830153644,519.2904785210267,0.4,2294,moderate_abatement,JUSTICE_GSA
0.005301915686577559,1.438782592304051,1.4154822770506144,519.2904785210267,0.4,2295,moderate_abatement,JUSTICE_GSA
0.004151286855340004,1.029854972846806,1.4154822770506144,519.2904785210267,0.4,2296,moderate_abatement,JUSTICE_GSA
0.004151286855340004,1.438782592304051,1.7747538830153644,519.2904785210267,0.4,2297,moderate_abatement,JUSTICE_GSA
0.004151286855340004,1.438782592304051,1.4154822770506144,907.5030891401693,0.4,2298,moderate_abatement,JUSTICE_GSA
0.004151286855340004,1.438782592304051,1.4154822770506144,519.2904785210267,0.4,2299,moderate_abatement,JUSTICE_GSA
0.013972394172102214,0.7025228505954146,0.7926677181385458,306.82978023495525,0.4,2300,moderate_abatement,JUSTICE_GSA
0.01258851516712457,0.7025228505954146,0.7926677181385458,306.82978023495525,0.4,2301,moderate_abatement,JUSTICE_GSA
0.013972394172102214,1.1548187006264925,0.7926677181385458,306.82978023495525,0.4,2302,moderate_abatement,JUSTICE_GSA
0.013972394172102214,0.7025228505954146,1.1828805510886014,306.82978023495525,0.4,2303,moderate_abatement,JUSTICE_GSA
0.013972394172102214,0.7025228505954146,0.7926677181385458,892.4359675608575,0.4,2304,moderate_abatement,JUSTICE_GSA
0.013972394172102214,1.1548187006264925,1.1828805510886014,892.4359675608575,0.4,2305,moderate_abatement,JUSTICE_GSA
0.01258851516712457,0.7025228505954146,1.1828805510886014,892.4359675608575,0.4,2306,moderate_abatement,JUSTICE_GSA
0.01258851516712457,1.1548187006264925,0.7926677181385458,892.4359675608575,0.4,2307,moderate_abatement,JUSTICE_GSA
0.01258851516712457,1.1548187006264925,1.1828805510886014,306.82978023495525,0.4,2308,moderate_abatement,JUSTICE_GSA
0.01258851516712457,1.1548187006264925,1.1828805510886014,892.4359675608575,0.4,2309,moderate_abatement,JUSTICE_GSA
0.018445579261519015,1.4325765809044242,1.3154604006558657,530.2457192149013,0.4,2310,moderate_abatement,JUSTICE_GSA
0.025358194433152674,1.4325765809044242,1.3154604006558657,530.2457192149013,0.4,2311,moderate_abatement,JUSTICE_GSA
0.018445579261519015,0.7205784032121301,1.3154604006558657,530.2457192149013,0.4,2312,moderate_abatement,JUSTICE_GSA
0.018445579261519015,1.4325765809044242,1.797225868795067,530.2457192149013,0.4,2313,moderate_abatement,JUSTICE_GSA
0.018445579261519015,1.4325765809044242,1.3154604006558657,307.5232278164476,0.4,2314,moderate_abatement,JUSTICE_GSA
0.018445579261519015,0.7205784032121301,1.797225868795067,307.5232278164476,0.4,2315,moderate_abatement,JUSTICE_GSA
0.025358194433152674,1.4325765809044242,1.797225868795067,307.5232278164476,0.4,2316,moderate_abatement,JUSTICE_GSA
0.025358194433152674,0.7205784032121301,1.3154604006558657,307.5232278164476,0.4,2317,moderate_abatement,JUSTICE_GSA
0.025358194433152674,0.7205784032121301,1.797225868795067,530.2457192149013,0.4,2318,moderate_abatement,JUSTICE_GSA
0.025358194433152674,0.7205784032121301,1.797225868795067,307.5232278164476,0.4,2319,moderate_abatement,JUSTICE_GSA
0.0157869884269312,0.9939917791634798,0.7185107367113233,996.798363674432,0.4,2320,moderate_abatement,JUSTICE_GSA
0.011326869790442288,0.9939917791634798,0.7185107367113233,996.798363674432,0.4,2321,moderate_abatement,JUSTICE_GSA
0.0157869884269312,0.6008462971076369,0.7185107367113233,996.798363674432,0.4,2322,moderate_abatement,JUSTICE_GSA
0.0157869884269312,0.9939917791634798,0.7637310135178268,996.798363674432,0.4,2323,moderate_abatement,JUSTICE_GSA
0.0157869884269312,0.9939917791634798,0.7185107367113233,231.1252647638321,0.4,2324,moderate_abatement,JUSTICE_GSA
0.0157869884269312,0.6008462971076369,0.7637310135178268,231.1252647638321,0.4,2325,moderate_abatement,JUSTICE_GSA
0.011326869790442288,0.9939917791634798,0.7637310135178268,231.1252647638321,0.4,2326,moderate_abatement,JUSTICE_GSA
0.011326869790442288,0.6008462971076369,0.7185107367113233,231.1252647638321,0.4,2327,moderate_abatement,JUSTICE_GSA
0.011326869790442288,0.6008462971076369,0.7637310135178268,996.798363674432,0.4,2328,moderate_abatement,JUSTICE_GSA
0.011326869790442288,0.6008462971076369,0.7637310135178268,231.1252647638321,0.4,2329,moderate_abatement,JUSTICE_GSA
0.013013022087514401,1.1370221320539713,1.435033265966922,215.32821775320917,0.4,2330,moderate_abatement,JUSTICE_GSA
0.027551661752164364,1.1370221320539713,1.435033265966922,215.32821775320917,0.4,2331,moderate_abatement,JUSTICE_GSA
0.013013022087514401,1.0235129185020924,1.435033265966922,215.32821775320917,0.4,2332,moderate_abatement,JUSTICE_GSA
0.013013022087514401,1.1370221320539713,1.2788789323531091,215.32821775320917,0.4,2333,moderate_abatement,JUSTICE_GSA
0.013013022087514401,1.1370221320539713,1.435033265966922,563.3545962590724,0.4,2334,moderate_abatement,JUSTICE_GSA
0.013013022087514401,1.0235129185020924,1.2788789323531091,563.3545962590724,0.4,2335,moderate_abatement,JUSTICE_GSA
0.027551661752164364,1.1370221320539713,1.2788789323531091,563.3545962590724,0.4,2336,moderate_abatement,JUSTICE_GSA
0.027551661752164364,1.0235129185020924,1.435033265966922,563.3545962590724,0.4,2337,moderate_abatement,JUSTICE_GSA
0.027551661752164364,1.0235129185020924,1.2788789323531091,215.32821775320917,0.4,2338,moderate_abatement,JUSTICE_GSA
0.027551661752164364,1.0235129185020924,1.2788789323531091,563.3545962590724,0.4,2339,moderate_abatement,JUSTICE_GSA
0.007960456177592277,0.5915524438023567,1.202581035438925,566.8193407179788,0.4,2340,moderate_abatement,JUSTICE_GSA
0.018217914280481636,0.5915524438023567,1.202581035438925,566.8193407179788,0.4,2341,moderate_abatement,JUSTICE_GSA
0.007960456177592277,1.3201111434027553,1.202581035438925,566.8193407179788,0.4,2342,moderate_abatement,JUSTICE_GSA
0.007960456177592277,0.5915524438023567,1.1348319547250867,566.8193407179788,0.4,2343,moderate_abatement,JUSTICE_GSA
0.007960456177592277,0.5915524438023567,1.202581035438925,940.0674007413909,0.4,2344,moderate_abatement,JUSTICE_GSA
0.007960456177592277,1.3201111434027553,1.1348319547250867,940.0674007413909,0.4,2345,moderate_abatement,JUSTICE_GSA
0.018217914280481636,0.5915524438023567,1.1348319547250867,940.0674007413909,0.4,2346,moderate_abatement,JUSTICE_GSA
0.018217914280481636,1.3201111434027553,1.202581035438925,940.0674007413909,0.4,2347,moderate_abatement,JUSTICE_GSA
0.018217914280481636,1.3201111434027553,1.1348319547250867,566.8193407179788,0.4,2348,moderate_abatement,JUSTICE_GSA
0.018217914280481636,1.3201111434027553,1.1348319547250867,940.0674007413909,0.4,2349,moderate_abatement,JUSTICE_GSA
0.02523638613242656,1.289217233657837,1.702427945099771,349.27025359123945,0.4,2350,moderate_abatement,JUSTICE_GSA
0.005384459808468818,1.289217233657837,1.702427945099771,349.27025359123945,0.4,2351,moderate_abatement,JUSTICE_GSA
0.02523638613242656,0.80528524518013,1.702427945099771,349.27025359123945,0.4,2352,moderate_abatement,JUSTICE_GSA
0.02523638613242656,1.289217233657837,1.658487125299871,349.27025359123945,0.4,2353,moderate_abatement,JUSTICE_GSA
0.02523638613242656,1.289217233657837,1.702427945099771,353.3023934336379,0.4,2354,moderate_abatement,JUSTICE_GSA
0.02523638613242656,0.80528524518013,1.658487125299871,353.3023934336379,0.4,2355,moderate_abatement,JUSTICE_GSA
0.005384459808468818,1.289217233657837,1.658487125299871,353.3023934336379,0.4,2356,moderate_abatement,JUSTICE_GSA
0.005384459808468818,0.80528524518013,1.702427945099771,353.3023934336379,0.4,2357,moderate_abatement,JUSTICE_GSA
0.005384459808468818,0.80528524518013,1.658487125299871,349.27025359123945,0.4,2358,moderate_abatement,JUSTICE_GSA
0.005384459808468818,0.80528524518013,1.658487125299871,353.3023934336379,0.4,2359,moderate_abatement,JUSTICE_GSA
0.029719968060962856,0.6495404960587621,1.4948627152480185,400.6208104332909,0.4,2360,moderate_abatement,JUSTICE_GSA
0.0010072201434522868,0.6495404960587621,1.4948627152480185,400.6208104332909,0.4,2361,moderate_abatement,JUSTICE_GSA
0.029719968060962856,0.6587057635188103,1.4948627152480185,400.6208104332909,0.4,2362,moderate_abatement,JUSTICE_GSA
0.029719968060962856,0.6495404960587621,0.9300598376430571,400.6208104332909,0.4,2363,moderate_abatement,JUSTICE_GSA
0.029719968060962856,0.6495404960587621,1.4948627152480185,797.9370538303629,0.4,2364,moderate_abatement,JUSTICE_GSA
0.029719968060962856,0.6587057635188103,0.9300598376430571,797.9370538303629,0.4,2365,moderate_abatement,JUSTICE_GSA
0.0010072201434522868,0.6495404960587621,0.9300598376430571,797.9370538303629,0.4,2366,moderate_abatement,JUSTICE_GSA
0.0010072201434522868,0.6587057635188103,1.4948627152480185,797.9370538303629,0.4,2367,moderate_abatement,JUSTICE_GSA
0.0010072201434522868,0.6587057635188103,0.9300598376430571,400.6208104332909,0.4,2368,moderate_abatement,JUSTICE_GSA
0.0010072201434522868,0.6587057635188103,0.9300598376430571,797.9370538303629,0.4,2369,moderate_abatement,JUSTICE_GSA
0.003380846692249179,1.4811643408611417,0.6118070026859641,686.4473946001381,0.4,2370,moderate_abatement,JUSTICE_GSA
0.021090627080760895,1.4811643408611417,0.6118070026859641,686.4473946001381,0.4,2371,moderate_abatement,JUSTICE_GSA
0.003380846692249179,1.2166300816461444,0.6118070026859641,686.4473946001381,0.4,2372,moderate_abatement,JUSTICE_GSA
0.003380846692249179,1.4811643408611417,1.8156744656153023,686.4473946001381,0.4,2373,moderate_abatement,JUSTICE_GSA
0.003380846692249179,1.4811643408611417,0.6118070026859641,402.3861124655232,0.4,2374,moderate_abatement,JUSTICE_GSA
0.003380846692249179,1.2166300816461444,1.8156744656153023,402.3861124655232,0.4,2375,moderate_abatement,JUSTICE_GSA
0.021090627080760895,1.4811643408611417,1.8156744656153023,402.3861124655232,0.4,2376,moderate_abatement,JUSTICE_GSA
0.021090627080760895,1.2166300816461444,0.6118070026859641,402.3861124655232,0.4,2377,moderate_abatement,JUSTICE_GSA
0.021090627080760895,1.2166300816461444,1.8156744656153023,686.4473946001381,0.4,2378,moderate_abatement,JUSTICE_GSA
0.021090627080760895,1.2166300816461444,1.8156744656153023,402.3861124655232,0.4,2379,moderate_abatement,JUSTICE_GSA
0.00853234010003507,0.8098381077870727,1.973104772157967,38.87374000437558,0.4,2380,moderate_abatement,JUSTICE_GSA
0.024197434606030584,0.8098381077870727,1.973104772157967,38.87374000437558,0.4,2381,moderate_abatement,JUSTICE_GSA
0.00853234010003507,1.3770015947520733,1.973104772157967,38.87374000437558,0.4,2382,moderate_abatement,JUSTICE_GSA
0.00853234010003507,0.8098381077870727,0.5483219232410192,38.87374000437558,0.4,2383,moderate_abatement,JUSTICE_GSA
0.00853234010003507,0.8098381077870727,1.973104772157967,25.947795731946826,0.4,2384,moderate_abatement,JUSTICE_GSA
0.00853234010003507,1.3770015947520733,0.5483219232410192,25.947795731946826,0.4,2385,moderate_abatement,JUSTICE_GSA
0.024197434606030584,0.8098381077870727,0.5483219232410192,25.947795731946826,0.4,2386,moderate_abatement,JUSTICE_GSA
0.024197434606030584,1.3770015947520733,1.973104772157967,25.947795731946826,0.4,2387,moderate_abatement,JUSTICE_GSA
0.024197434606030584,1.3770015947520733,0.5483219232410192,38.87374000437558,0.4,2388,moderate_abatement,JUSTICE_GSA
0.024197434606030584,1.3770015947520733,0.5483219232410192,25.947795731946826,0.4,2389,moderate_abatement,JUSTICE_GSA
0.020369885045103727,1.0711109628900886,0.8850299236364663,752.0355445547029,0.4,2390,moderate_abatement,JUSTICE_GSA
0.015222705735825001,1.0711109628900886,0.8850299236364663,752.0355445547029,0.4,2391,moderate_abatement,JUSTICE_GSA
0.020369885045103727,0.997418194077909,0.8850299236364663,752.0355445547029,0.4,2392,moderate_abatement,JUSTICE_GSA
0.020369885045103727,1.0711109628900886,1.4481229335069656,752.0355445547029,0.4,2393,moderate_abatement,JUSTICE_GSA
0.020369885045103727,1.0711109628900886,0.8850299236364663,674.2661931701005,0.4,2394,moderate_abatement,JUSTICE_GSA
0.020369885045103727,0.997418194077909,1.4481229335069656,674.2661931701005,0.4,2395,moderate_abatement,JUSTICE_GSA
0.015222705735825001,1.0711109628900886,1.4481229335069656,674.2661931701005,0.4,2396,moderate_abatement,JUSTICE_GSA
0.015222705735825001,0.997418194077909,0.8850299236364663,674.2661931701005,0.4,2397,moderate_abatement,JUSTICE_GSA
0.015222705735825001,0.997418194077909,1.4481229335069656,752.0355445547029,0.4,2398,moderate_abatement,JUSTICE_GSA
0.015222705735825001,0.997418194077909,1.4481229335069656,674.2661931701005,0.4,2399,moderate_abatement,JUSTICE_GSA
0.019454859355464576,0.758929030969739,1.3762299809604883,252.51789503265172,0.4,2400,moderate_abatement,JUSTICE_GSA
0.016094534803181886,0.758929030969739,1.3762299809604883,252.51789503265172,0.4,2401,moderate_abatement,JUSTICE_GSA
0.019454859355464576,1.226778575219214,1.3762299809604883,252.51789503265172,0.4,2402,moderate_abatement,JUSTICE_GSA
0.019454859355464576,0.758929030969739,1.9201059928163886,252.51789503265172,0.4,2403,moderate_abatement,JUSTICE_GSA
0.019454859355464576,0.758929030969739,1.3762299809604883,60.206507969647646,0.4,2404,moderate_abatement,JUSTICE_GSA
0.019454859355464576,1.226778575219214,1.9201059928163886,60.206507969647646,0.4,2405,moderate_abatement,JUSTICE_GSA
0.016094534803181886,0.758929030969739,1.9201059928163886,60.206507969647646,0.4,2406,moderate_abatement,JUSTICE_GSA
0.016094534803181886,1.226778575219214,1.3762299809604883,60.206507969647646,0.4,2407,moderate_abatement,JUSTICE_GSA
0.016094534803181886,1.226778575219214,1.9201059928163886,252.51789503265172,0.4,2408,moderate_abatement,JUSTICE_GSA
0.016094534803181886,1.226778575219214,1.9201059928163886,60.206507969647646,0.4,2409,moderate_abatement,JUSTICE_GSA
0.009429786807857454,1.1217796448618174,0.7773541151545942,538.3389377892017,0.4,2410,moderate_abatement,JUSTICE_GSA
0.006942750395275652,1.1217796448618174,0.7773541151545942,538.3389377892017,0.4,2411,moderate_abatement,JUSTICE_GSA
0.009429786807857454,0.6478848699480295,0.7773541151545942,538.3389377892017,0.4,2412,moderate_abatement,JUSTICE_GSA
0.009429786807857454,1.1217796448618174,1.037283723242581,538.3389377892017,0.4,2413,moderate_abatement,JUSTICE_GSA
0.009429786807857454,1.1217796448618174,0.7773541151545942,648.0535640250891,0.4,2414,moderate_abatement,JUSTICE_GSA
0.009429786807857454,0.6478848699480295,1.037283723242581,648.0535640250891,0.4,2415,moderate_abatement,JUSTICE_GSA
0.006942750395275652,1.1217796448618174,1.037283723242581,648.0535640250891,0.4,2416,moderate_abatement,JUSTICE_GSA
0.006942750395275652,0.6478848699480295,0.7773541151545942,648.0535640250891,0.4,2417,moderate_abatement,JUSTICE_GSA
0.006942750395275652,0.6478848699480295,1.037283723242581,538.3389377892017,0.4,2418,moderate_abatement,JUSTICE_GSA
0.006942750395275652,0.6478848699480295,1.037283723242581,648.0535640250891,0.4,2419,moderate_abatement,JUSTICE_GSA
0.004292364104650915,0.6692033782601357,1.6669719736091793,186.8592474721372,0.4,2420,moderate_abatement,JUSTICE_GSA
0.009372525449842215,0.6692033782601357,1.6669719736091793,186.8592474721372,0.4,2421,moderate_abatement,JUSTICE_GSA
0.004292364104650915,0.9460137458518147,1.6669719736091793,186.8592474721372,0.4,2422,moderate_abatement,JUSTICE_GSA
0.004292364104650915,0.6692033782601357,1.549006839748472,186.8592474721372,0.4,2423,moderate_abatement,JUSTICE_GSA
0.004292364104650915,0.6692033782601357,1.6669719736091793,771.4813729962334,0.4,2424,moderate_abatement,JUSTICE_GSA
0.004292364104650915,0.9460137458518147,1.549006839748472,771.4813729962334,0.4,2425,moderate_abatement,JUSTICE_GSA
0.009372525449842215,0.6692033782601357,1.549006839748472,771.4813729962334,0.4,2426,moderate_abatement,JUSTICE_GSA
0.009372525449842215,0.9460137458518147,1.6669719736091793,771.4813729962334,0.4,2427,moderate_abatement,JUSTICE_GSA
0.009372525449842215,0.9460137458518147,1.549006839748472,186.8592474721372,0.4,2428,moderate_abatement,JUSTICE_GSA
0.009372525449842215,0.9460137458518147,1.549006839748472,771.4813729962334,0.4,2429,moderate_abatement,JUSTICE_GSA
0.028818957762792707,1.4617494642734528,1.2380770109593868,900.0193289378658,0.4,2430,moderate_abatement,JUSTICE_GSA
0.029165702768601476,1.4617494642734528,1.2380770109593868,900.0193289378658,0.4,2431,moderate_abatement,JUSTICE_GSA
0.028818957762792707,1.4295667242258787,1.2380770109593868,900.0193289378658,0.4,2432,moderate_abatement,JUSTICE_GSA
0.028818957762792707,1.4617494642734528,0.6576744574122131,900.0193289378658,0.4,2433,moderate_abatement,JUSTICE_GSA
0.028818957762792707,1.4617494642734528,1.2380770109593868,436.40127432439476,0.4,2434,moderate_abatement,JUSTICE_GSA
0.028818957762792707,1.4295667242258787,0.6576744574122131,436.40127432439476,0.4,2435,moderate_abatement,JUSTICE_GSA
0.029165702768601476,1.4617494642734528,0.6576744574122131,436.40127432439476,0.4,2436,moderate_abatement,JUSTICE_GSA
0.029165702768601476,1.4295667242258787,1.2380770109593868,436.40127432439476,0.4,2437,moderate_abatement,JUSTICE_GSA
0.029165702768601476,1.4295667242258787,0.6576744574122131,900.0193289378658,0.4,2438,moderate_abatement,JUSTICE_GSA
0.029165702768601476,1.4295667242258787,0.6576744574122131,436.40127432439476,0.4,2439,moderate_abatement,JUSTICE_GSA
0.026137279268354175,0.6033837618306279,0.6467536981217563,848.6897617224604,0.4,2440,moderate_abatement,JUSTICE_GSA
0.026151336657814682,0.6033837618306279,0.6467536981217563,848.6897617224604,0.4,2441,moderate_abatement,JUSTICE_GSA
0.026137279268354175,1.0449186470359564,0.6467536981217563,848.6897617224604,0.4,2442,moderate_abatement,JUSTICE_GSA
0.026137279268354175,0.6033837618306279,1.3802434206008911,848.6897617224604,0.4,2443,moderate_abatement,JUSTICE_GSA
0.026137279268354175,0.6033837618306279,0.6467536981217563,976.2927628429607,0.4,2444,moderate_abatement,JUSTICE_GSA
0.026137279268354175,1.0449186470359564,1.3802434206008911,976.2927628429607,0.4,2445,moderate_abatement,JUSTICE_GSA
0.026151336657814682,0.6033837618306279,1.3802434206008911,976.2927628429607,0.4,2446,moderate_abatement,JUSTICE_GSA
0.026151336657814682,1.0449186470359564,0.6467536981217563,976.2927628429607,0.4,2447,moderate_abatement,JUSTICE_GSA
0.026151336657814682,1.0449186470359564,1.3802434206008911,848.6897617224604,0.4,2448,moderate_abatement,JUSTICE_GSA
0.026151336657814682,1.0449186470359564,1.3802434206008911,976.2927628429607,0.4,2449,moderate_abatement,JUSTICE_GSA
0.0070488217109814285,1.2776263104751706,1.4599561132490635,67.22550703864545,0.4,2450,moderate_abatement,JUSTICE_GSA
0.013608222430571911,1.2776263104751706,1.4599561132490635,67.22550703864545,0.4,2451,moderate_abatement,JUSTICE_GSA
0.0070488217109814285,0.5807214127853513,1.4599561132490635,67.22550703864545,0.4,2452,moderate_abatement,JUSTICE_GSA
0.0070488217109814285,1.2776263104751706,0.8740218933671713,67.22550703864545,0.4,2453,moderate_abatement,JUSTICE_GSA
0.0070488217109814285,1.2776263104751706,1.4599561132490635,325.12406714539975,0.4,2454,moderate_abatement,JUSTICE_GSA
0.0070488217109814285,0.5807214127853513,0.8740218933671713,325.12406714539975,0.4,2455,moderate_abatement,JUSTICE_GSA
0.013608222430571911,1.2776263104751706,0.8740218933671713,325.12406714539975,0.4,2456,moderate_abatement,JUSTICE_GSA
0.013608222430571911,0.5807214127853513,1.4599561132490635,325.12406714539975,0.4,2457,moderate_abatement,JUSTICE_GSA
0.013608222430571911,0.5807214127853513,0.8740218933671713,67.22550703864545,0.4,2458,moderate_abatement,JUSTICE_GSA
0.013608222430571911,0.5807214127853513,0.8740218933671713,325.12406714539975,0.4,2459,moderate_abatement,JUSTICE_GSA
0.01211569254193455,0.9509066557511687,0.9433239717036486,714.8029725169763,0.4,2460,moderate_abatement,JUSTICE_GSA
0.003131927351467311,0.9509066557511687,0.9433239717036486,714.8029725169763,0.4,2461,moderate_abatement,JUSTICE_GSA
0.01211569254193455,0.7631237525492907,0.9433239717036486,714.8029725169763,0.4,2462,moderate_abatement,JUSTICE_GSA
0.01211569254193455,0.9509066557511687,1.761980262119323,714.8029725169763,0.4,2463,moderate_abatement,JUSTICE_GSA
0.01211569254193455,0.9509066557511687,0.9433239717036486,202.70246514864266,0.4,2464,moderate_abatement,JUSTICE_GSA
0.01211569254193455,0.7631237525492907,1.761980262119323,202.70246514864266,0.4,2465,moderate_abatement,JUSTICE_GSA
0.003131927351467311,0.9509066557511687,1.761980262119323,202.70246514864266,0.4,2466,moderate_abatement,JUSTICE_GSA
0.003131927351467311,0.7631237525492907,0.9433239717036486,202.70246514864266,0.4,2467,moderate_abatement,JUSTICE_GSA
0.003131927351467311,0.7631237525492907,1.761980262119323,714.8029725169763,0.4,2468,moderate_abatement,JUSTICE_GSA
0.003131927351467311,0.7631237525492907,1.761980262119323,202.70246514864266,0.4,2469,moderate_abatement,JUSTICE_GSA
0.016702131170779465,1.1798592498525977,1.9148507281206548,497.25597318820655,0.4,2470,moderate_abatement,JUSTICE_GSA
0.019533664224669338,1.1798592498525977,1.9148507281206548,497.25597318820655,0.4,2471,moderate_abatement,JUSTICE_GSA
0.016702131170779465,1.3614800730720162,1.9148507281206548,497.25597318820655,0.4,2472,moderate_abatement,JUSTICE_GSA
0.016702131170779465,1.1798592498525977,1.2415752136148512,497.25597318820655,0.4,2473,moderate_abatement,JUSTICE_GSA
0.016702131170779465,1.1798592498525977,1.9148507281206548,599.3359241783619,0.4,2474,moderate_abatement,JUSTICE_GSA
0.016702131170779465,1.3614800730720162,1.2415752136148512,599.3359241783619,0.4,2475,moderate_abatement,JUSTICE_GSA
0.019533664224669338,1.1798592498525977,1.2415752136148512,599.3359241783619,0.4,2476,moderate_abatement,JUSTICE_GSA
0.019533664224669338,1.3614800730720162,1.9148507281206548,599.3359241783619,0.4,2477,moderate_abatement,JUSTICE_GSA
0.019533664224669338,1.3614800730720162,1.2415752136148512,497.25597318820655,0.4,2478,moderate_abatement,JUSTICE_GSA
0.019533664224669338,1.3614800730720162,1.2415752136148512,599.3359241783619,0.4,2479,moderate_abatement,JUSTICE_GSA
0.017548218764364718,0.7451196331530809,1.0570331704802811,30.656619366258383,0.4,2480,moderate_abatement,JUSTICE_GSA
0.006404263059608638,0.7451196331530809,1.0570331704802811,30.656619366258383,0.4,2481,moderate_abatement,JUSTICE_GSA
0.017548218764364718,1.489001682959497,1.0570331704802811,30.656619366258383,0.4,2482,moderate_abatement,JUSTICE_GSA
0.017548218764364718,0.7451196331530809,1.3373833815567195,30.656619366258383,0.4,2483,moderate_abatement,JUSTICE_GSA
0.017548218764364718,0.7451196331530809,1.0570331704802811,926.4532804843038,0.4,2484,moderate_abatement,JUSTICE_GSA
0.017548218764364718,1.489001682959497,1.3373833815567195,926.4532804843038,0.4,2485,moderate_abatement,JUSTICE_GSA
0.006404263059608638,0.7451196331530809,1.3373833815567195,926.4532804843038,0.4,2486,moderate_abatement,JUSTICE_GSA
0.006404263059608638,1.489001682959497,1.0570331704802811,926.4532804843038,0.4,2487,moderate_abatement,JUSTICE_GSA
0.006404263059608638,1.489001682959497,1.3373833815567195,30.656619366258383,0.4,2488,moderate_abatement,JUSTICE_GSA
0.006404263059608638,1.489001682959497,1.3373833815567195,926.4532804843038,0.4,2489,moderate_abatement,JUSTICE_GSA
0.0148875613855198,1.389251122251153,1.8465574132278562,806.227346018888,0.4,2490,moderate_abatement,JUSTICE_GSA
0.019011154113337397,1.389251122251153,1.8465574132278562,806.227346018888,0.4,2491,moderate_abatement,JUSTICE_GSA
0.0148875613855198,0.8866400457918644,1.8465574132278562,806.227346018888,0.4,2492,moderate_abatement,JUSTICE_GSA
0.0148875613855198,1.389251122251153,0.7286757095716894,806.227346018888,0.4,2493,moderate_abatement,JUSTICE_GSA
0.0148875613855198,1.389251122251153,1.8465574132278562,281.0692068003118,0.4,2494,moderate_abatement,JUSTICE_GSA
0.0148875613855198,0.8866400457918644,0.7286757095716894,281.0692068003118,0.4,2495,moderate_abatement,JUSTICE_GSA
0.019011154113337397,1.389251122251153,0.7286757095716894,281.0692068003118,0.4,2496,moderate_abatement,JUSTICE_GSA
0.019011154113337397,0.8866400457918644,1.8465574132278562,281.0692068003118,0.4,2497,moderate_abatement,JUSTICE_GSA
0.019011154113337397,0.8866400457918644,0.7286757095716894,806.227346018888,0.4,2498,moderate_abatement,JUSTICE_GSA
0.019011154113337397,0.8866400457918644,0.7286757095716894,281.0692068003118,0.4,2499,moderate_abatement,JUSTICE_GSA
0.006202790942974388,0.8431690260767937,0.5802914267405868,407.984486897476,0.4,2500,moderate_abatement,JUSTICE_GSA
0.026758959817700087,0.8431690260767937,0.5802914267405868,407.984486897476,0.4,2501,moderate_abatement,JUSTICE_GSA
0.006202790942974388,0.7072283653542399,0.5802914267405868,407.984486897476,0.4,2502,moderate_abatement,JUSTICE_GSA
0.006202790942974388,0.8431690260767937,1.7169984141364694,407.984486897476,0.4,2503,moderate_abatement,JUSTICE_GSA
0.006202790942974388,0.8431690260767937,0.5802914267405868,155.0808289879933,0.4,2504,moderate_abatement,JUSTICE_GSA
0.006202790942974388,0.7072283653542399,1.7169984141364694,155.0808289879933,0.4,2505,moderate_abatement,JUSTICE_GSA
0.026758959817700087,0.8431690260767937,1.7169984141364694,155.0808289879933,0.4,2506,moderate_abatement,JUSTICE_GSA
0.026758959817700087,0.7072283653542399,0.5802914267405868,155.0808289879933,0.4,2507,moderate_abatement,JUSTICE_GSA
0.026758959817700087,0.7072283653542399,1.7169984141364694,407.984486897476,0.4,2508,moderate_abatement,JUSTICE_GSA
0.026758959817700087,0.7072283653542399,1.7169984141364694,155.0808289879933,0.4,2509,moderate_abatement,JUSTICE_GSA
0.023365467250347136,1.0419342368841171,1.574763956014067,631.4021489620209,0.4,2510,moderate_abatement,JUSTICE_GSA
0.01030760789476335,1.0419342368841171,1.574763956014067,631.4021489620209,0.4,2511,moderate_abatement,JUSTICE_GSA
0.023365467250347136,1.1673742681741714,1.574763956014067,631.4021489620209,0.4,2512,moderate_abatement,JUSTICE_GSA
0.023365467250347136,1.0419342368841171,1.0997691852971911,631.4021489620209,0.4,2513,moderate_abatement,JUSTICE_GSA
0.023365467250347136,1.0419342368841171,1.574763956014067,553.5508356904611,0.4,2514,moderate_abatement,JUSTICE_GSA
0.023365467250347136,1.1673742681741714,1.0997691852971911,553.5508356904611,0.4,2515,moderate_abatement,JUSTICE_GSA
0.01030760789476335,1.0419342368841171,1.0997691852971911,553.5508356904611,0.4,2516,moderate_abatement,JUSTICE_GSA
0.01030760789476335,1.1673742681741714,1.574763956014067,553.5508356904611,0.4,2517,moderate_abatement,JUSTICE_GSA
0.01030760789476335,1.1673742681741714,1.0997691852971911,631.4021489620209,0.4,2518,moderate_abatement,JUSTICE_GSA
0.01030760789476335,1.1673742681741714,1.0997691852971911,553.5508356904611,0.4,2519,moderate_abatement,JUSTICE_GSA
0.027859642503783106,0.9023188920691609,1.739668427966535,620.7972824489698,0.4,2520,moderate_abatement,JUSTICE_GSA
0.01420346015319228,0.9023188920691609,1.739668427966535,620.7972824489698,0.4,2521,moderate_abatement,JUSTICE_GSA
0.027859642503783106,1.2983220890164375,1.739668427966535,620.7972824489698,0.4,2522,moderate_abatement,JUSTICE_GSA
0.027859642503783106,0.9023188920691609,1.874363383743912,620.7972824489698,0.4,2523,moderate_abatement,JUSTICE_GSA
0.027859642503783106,0.9023188920691609,1.739668427966535,109.8993904395029,0.4,2524,moderate_abatement,JUSTICE_GSA
0.027859642503783106,1.2983220890164375,1.874363383743912,109.8993904395029,0.4,2525,moderate_abatement,JUSTICE_GSA
0.01420346015319228,0.9023188920691609,1.874363383743912,109.8993904395029,0.4,2526,moderate_abatement,JUSTICE_GSA
0.01420346015319228,1.2983220890164375,1.739668427966535,109.8993904395029,0.4,2527,moderate_abatement,JUSTICE_GSA
0.01420346015319228,1.2983220890164375,1.874363383743912,620.7972824489698,0.4,2528,moderate_abatement,JUSTICE_GSA
0.01420346015319228,1.2983220890164375,1.874363383743912,109.8993904395029,0.4,2529,moderate_abatement,JUSTICE_GSA
0.001633830095641315,1.23284160066396,1.1170464404858649,340.7783065419644,0.4,2530,moderate_abatement,JUSTICE_GSA
0.023404750713147224,1.23284160066396,1.1170464404858649,340.7783065419644,0.4,2531,moderate_abatement,JUSTICE_GSA
0.001633830095641315,0.8263430250808597,1.1170464404858649,340.7783065419644,0.4,2532,moderate_abatement,JUSTICE_GSA
0.001633830095641315,1.23284160066396,0.8948199306614697,340.7783065419644,0.4,2533,moderate_abatement,JUSTICE_GSA
0.001633830095641315,1.23284160066396,1.1170464404858649,691.7789021180943,0.4,2534,moderate_abatement,JUSTICE_GSA
0.001633830095641315,0.8263430250808597,0.8948199306614697,691.7789021180943,0.4,2535,moderate_abatement,JUSTICE_GSA
0.023404750713147224,1.23284160066396,0.8948199306614697,691.7789021180943,0.4,2536,moderate_abatement,JUSTICE_GSA
0.023404750713147224,0.8263430250808597,1.1170464404858649,691.7789021180943,0.4,2537,moderate_abatement,JUSTICE_GSA
0.023404750713147224,0.8263430250808597,0.8948199306614697,340.7783065419644,0.4,2538,moderate_abatement,JUSTICE_GSA
0.023404750713147224,0.8263430250808597,0.8948199306614697,691.7789021180943,0.4,2539,moderate_abatement,JUSTICE_GSA
0.010389152410440146,0.5621277755126357,1.2570304539985955,941.478291625157,0.4,2540,moderate_abatement,JUSTICE_GSA
0.02188387631252408,0.5621277755126357,1.2570304539985955,941.478291625157,0.4,2541,moderate_abatement,JUSTICE_GSA
0.010389152410440146,0.5175330601632595,1.2570304539985955,941.478291625157,0.4,2542,moderate_abatement,JUSTICE_GSA
0.010389152410440146,0.5621277755126357,1.506815830245614,941.478291625157,0.4,2543,moderate_abatement,JUSTICE_GSA
0.010389152410440146,0.5621277755126357,1.2570304539985955,819.4439640566707,0.4,2544,moderate_abatement,JUSTICE_GSA
0.010389152410440146,0.5175330601632595,1.506815830245614,819.4439640566707,0.4,2545,moderate_abatement,JUSTICE_GSA
0.02188387631252408,0.5621277755126357,1.506815830245614,819.4439640566707,0.4,2546,moderate_abatement,JUSTICE_GSA
0.02188387631252408,0.5175330601632595,1.2570304539985955,819.4439640566707,0.4,2547,moderate_abatement,JUSTICE_GSA
0.02188387631252408,0.5175330601632595,1.506815830245614,941.478291625157,0.4,2548,moderate_abatement,JUSTICE_GSA
0.02188387631252408,0.5175330601632595,1.506815830245614,819.4439640566707,0.4,2549,moderate_abatement,JUSTICE_GSA
0.02211344370804727,1.3223002096638083,0.8511492135003209,222.47803448420018,0.4,2550,moderate_abatement,JUSTICE_GSA
0.002027034522034228,1.3223002096638083,0.8511492135003209,222.47803448420018,0.4,2551,moderate_abatement,JUSTICE_GSA
0.02211344370804727,1.1080462178215384,0.8511492135003209,222.47803448420018,0.4,2552,moderate_abatement,JUSTICE_GSA
0.02211344370804727,1.3223002096638083,0.5130774118006229,222.47803448420018,0.4,2553,moderate_abatement,JUSTICE_GSA
0.02211344370804727,1.3223002096638083,0.8511492135003209,482.3443953488022,0.4,2554,moderate_abatement,JUSTICE_GSA
0.02211344370804727,1.1080462178215384,0.5130774118006229,482.3443953488022,0.4,2555,moderate_abatement,JUSTICE_GSA
0.002027034522034228,1.3223002096638083,0.5130774118006229,482.3443953488022,0.4,2556,moderate_abatement,JUSTICE_GSA
0.002027034522034228,1.1080462178215384,0.8511492135003209,482.3443953488022,0.4,2557,moderate_abatement,JUSTICE_GSA
0.002027034522034228,1.1080462178215384,0.5130774118006229,222.47803448420018,0.4,2558,moderate_abatement,JUSTICE_GSA
0.002027034522034228,1.1080462178215384,0.5130774118006229,482.3443953488022,0.4,2559,moderate_abatement,JUSTICE_GSA
0.022165280438028276,0.560276654548943,1.0017562597058713,527.9067621268332,0.4,2560,moderate_abatement,JUSTICE_GSA
0.012468243938870728,0.560276654548943,1.0017562597058713,527.9067621268332,0.4,2561,moderate_abatement,JUSTICE_GSA
0.022165280438028276,0.8832543017342687,1.0017562597058713,527.9067621268332,0.4,2562,moderate_abatement,JUSTICE_GSA
0.022165280438028276,0.560276654548943,1.3953675646334887,527.9067621268332,0.4,2563,moderate_abatement,JUSTICE_GSA
0.022165280438028276,0.560276654548943,1.0017562597058713,215.55055521149188,0.4,2564,moderate_abatement,JUSTICE_GSA
0.022165280438028276,0.8832543017342687,1.3953675646334887,215.55055521149188,0.4,2565,moderate_abatement,JUSTICE_GSA
0.012468243938870728,0.560276654548943,1.3953675646334887,215.55055521149188,0.4,2566,moderate_abatement,JUSTICE_GSA
0.012468243938870728,0.8832543017342687,1.0017562597058713,215.55055521149188,0.4,2567,moderate_abatement,JUSTICE_GSA
0.012468243938870728,0.8832543017342687,1.3953675646334887,527.9067621268332,0.4,2568,moderate_abatement,JUSTICE_GSA
0.012468243938870728,0.8832543017342687,1.3953675646334887,215.55055521149188,0.4,2569,moderate_abatement,JUSTICE_GSA
0.010327044079080222,1.320489247329533,1.9032469931989908,308.37608119193465,0.4,2570,moderate_abatement,JUSTICE_GSA
0.025068277031183243,1.320489247329533,1.9032469931989908,308.37608119193465,0.4,2571,moderate_abatement,JUSTICE_GSA
0.010327044079080222,1.49134954623878,1.9032469931989908,308.37608119193465,0.4,2572,moderate_abatement,JUSTICE_GSA
0.010327044079080222,1.320489247329533,0.787844356149435,308.37608119193465,0.4,2573,moderate_abatement,JUSTICE_GSA
0.010327044079080222,1.320489247329533,1.9032469931989908,610.1480576721951,0.4,2574,moderate_abatement,JUSTICE_GSA
0.010327044079080222,1.49134954623878,0.787844356149435,610.1480576721951,0.4,2575,moderate_abatement,JUSTICE_GSA
0.025068277031183243,1.320489247329533,0.787844356149435,610.1480576721951,0.4,2576,moderate_abatement,JUSTICE_GSA
0.025068277031183243,1.49134954623878,1.9032469931989908,610.1480576721951,0.4,2577,moderate_abatement,JUSTICE_GSA
0.025068277031183243,1.49134954623878,0.787844356149435,308.37608119193465,0.4,2578,moderate_abatement,JUSTICE_GSA
0.025068277031183243,1.49134954623878,0.787844356149435,610.1480576721951,0.4,2579,moderate_abatement,JUSTICE_GSA
0.0015875279176980257,0.9002618556842208,0.5410336963832378,909.6171446116641,0.4,2580,moderate_abatement,JUSTICE_GSA
0.020248948385007678,0.9002618556842208,0.5410336963832378,909.6171446116641,0.4,2581,moderate_abatement,JUSTICE_GSA
0.0015875279176980257,1.16502630058676,0.5410336963832378,909.6171446116641,0.4,2582,moderate_abatement,JUSTICE_GSA
0.0015875279176980257,0.9002618556842208,1.7749085710383952,909.6171446116641,0.4,2583,moderate_abatement,JUSTICE_GSA
0.0015875279176980257,0.9002618556842208,0.5410336963832378,986.9225675631315,0.4,2584,moderate_abatement,JUSTICE_GSA
0.0015875279176980257,1.16502630058676,1.7749085710383952,986.9225675631315,0.4,2585,moderate_abatement,JUSTICE_GSA
0.020248948385007678,0.9002618556842208,1.7749085710383952,986.9225675631315,0.4,2586,moderate_abatement,JUSTICE_GSA
0.020248948385007678,1.16502630058676,0.5410336963832378,986.9225675631315,0.4,2587,moderate_abatement,JUSTICE_GSA
0.020248948385007678,1.16502630058676,1.7749085710383952,909.6171446116641,0.4,2588,moderate_abatement,JUSTICE_GSA
0.020248948385007678,1.16502630058676,1.7749085710383952,986.9225675631315,0.4,2589,moderate_abatement,JUSTICE_GSA
0.02792418785300106,1.230748220346868,1.6125045786611736,130.12871158868074,0.4,2590,moderate_abatement,JUSTICE_GSA
0.003790292538702488,1.230748220346868,1.6125045786611736,130.12871158868074,0.4,2591,moderate_abatement,JUSTICE_GSA
0.02792418785300106,0.7106137666851282,1.6125045786611736,130.12871158868074,0.4,2592,moderate_abatement,JUSTICE_GSA
0.02792418785300106,1.230748220346868,1.1590583552606404,130.12871158868074,0.4,2593,moderate_abatement,JUSTICE_GSA
0.02792418785300106,1.230748220346868,1.6125045786611736,337.66597475111485,0.4,2594,moderate_abatement,JUSTICE_GSA
0.02792418785300106,0.7106137666851282,1.1590583552606404,337.66597475111485,0.4,2595,moderate_abatement,JUSTICE_GSA
0.003790292538702488,1.230748220346868,1.1590583552606404,337.66597475111485,0.4,2596,moderate_abatement,JUSTICE_GSA
0.003790292538702488,0.7106137666851282,1.6125045786611736,337.66597475111485,0.4,2597,moderate_abatement,JUSTICE_GSA
0.003790292538702488,0.7106137666851282,1.1590583552606404,130.12871158868074,0.4,2598,moderate_abatement,JUSTICE_GSA
0.003790292538702488,0.7106137666851282,1.1590583552606404,337.66597475111485,0.4,2599,moderate_abatement,JUSTICE_GSA
0.023412530415691434,0.8410681206732988,1.772280354052782,119.28748103883117,0.4,2600,moderate_abatement,JUSTICE_GSA
0.008025972234085202,0.8410681206732988,1.772280354052782,119.28748103883117,0.4,2601,moderate_abatement,JUSTICE_GSA
0.023412530415691434,0.8258831966668367,1.772280354052782,119.28748103883117,0.4,2602,moderate_abatement,JUSTICE_GSA
0.023412530415691434,0.8410681206732988,1.9804127300158143,119.28748103883117,0.4,2603,moderate_abatement,JUSTICE_GSA
0.023412530415691434,0.8410681206732988,1.772280354052782,751.1352523900568,0.4,2604,moderate_abatement,JUSTICE_GSA
0.023412530415691434,0.8258831966668367,1.9804127300158143,751.1352523900568,0.4,2605,moderate_abatement,JUSTICE_GSA
0.008025972234085202,0.8410681206732988,1.9804127300158143,751.1352523900568,0.4,2606,moderate_abatement,JUSTICE_GSA
0.008025972234085202,0.8258831966668367,1.772280354052782,751.1352523900568,0.4,2607,moderate_abatement,JUSTICE_GSA
0.008025972234085202,0.8258831966668367,1.9804127300158143,119.28748103883117,0.4,2608,moderate_abatement,JUSTICE_GSA
0.008025972234085202,0.8258831966668367,1.9804127300158143,751.1352523900568,0.4,2609,moderate_abatement,JUSTICE_GSA
0.006137679066509008,1.0398847255855799,1.0858486141078174,842.1747193094343,0.4,2610,moderate_abatement,JUSTICE_GSA
0.0172345649888739,1.0398847255855799,1.0858486141078174,842.1747193094343,0.4,2611,moderate_abatement,JUSTICE_GSA
0.006137679066509008,1.299697251059115,1.0858486141078174,842.1747193094343,0.4,2612,moderate_abatement,JUSTICE_GSA
0.006137679066509008,1.0398847255855799,0.9996733693405986,842.1747193094343,0.4,2613,moderate_abatement,JUSTICE_GSA
0.006137679066509008,1.0398847255855799,1.0858486141078174,417.9691620450467,0.4,2614,moderate_abatement,JUSTICE_GSA
0.006137679066509008,1.299697251059115,0.9996733693405986,417.9691620450467,0.4,2615,moderate_abatement,JUSTICE_GSA
0.0172345649888739,1.0398847255855799,0.9996733693405986,417.9691620450467,0.4,2616,moderate_abatement,JUSTICE_GSA
0.0172345649888739,1.299697251059115,1.0858486141078174,417.9691620450467,0.4,2617,moderate_abatement,JUSTICE_GSA
0.0172345649888739,1.299697251059115,0.9996733693405986,842.1747193094343,0.4,2618,moderate_abatement,JUSTICE_GSA
0.0172345649888739,1.299697251059115,0.9996733693405986,417.9691620450467,0.4,2619,moderate_abatement,JUSTICE_GSA
0.014834521163254975,0.7433161959052086,1.3173853172920644,444.3510051686317,0.4,2620,moderate_abatement,JUSTICE_GSA
0.0285073960814625,0.7433161959052086,1.3173853172920644,444.3510051686317,0.4,2621,moderate_abatement,JUSTICE_GSA
0.014834521163254975,1.1066709216684103,1.3173853172920644,444.3510051686317,0.4,2622,moderate_abatement,JUSTICE_GSA
0.014834521163254975,0.7433161959052086,1.612974255811423,444.3510051686317,0.4,2623,moderate_abatement,JUSTICE_GSA
0.014834521163254975,0.7433161959052086,1.3173853172920644,41.59111791756004,0.4,2624,moderate_abatement,JUSTICE_GSA
0.014834521163254975,1.1066709216684103,1.612974255811423,41.59111791756004,0.4,2625,moderate_abatement,JUSTICE_GSA
0.0285073960814625,0.7433161959052086,1.612974255811423,41.59111791756004,0.4,2626,moderate_abatement,JUSTICE_GSA
0.0285073960814625,1.1066709216684103,1.3173853172920644,41.59111791756004,0.4,2627,moderate_abatement,JUSTICE_GSA
0.0285073960814625,1.1066709216684103,1.612974255811423,444.3510051686317,0.4,2628,moderate_abatement,JUSTICE_GSA
0.0285073960814625,1.1066709216684103,1.612974255811423,41.59111791756004,0.4,2629,moderate_abatement,JUSTICE_GSA
0.017611336127854885,1.3873924762010574,0.7892786730080843,720.4522747052833,0.4,2630,moderate_abatement,JUSTICE_GSA
0.008657410523854195,1.3873924762010574,0.7892786730080843,720.4522747052833,0.4,2631,moderate_abatement,JUSTICE_GSA
0.017611336127854885,0.5179925160482526,0.7892786730080843,720.4522747052833,0.4,2632,moderate_abatement,JUSTICE_GSA
0.017611336127854885,1.3873924762010574,0.6178682683967054,720.4522747052833,0.4,2633,moderate_abatement,JUSTICE_GSA
0.017611336127854885,1.3873924762010574,0.7892786730080843,627.4041228452697,0.4,2634,moderate_abatement,JUSTICE_GSA
0.017611336127854885,0.5179925160482526,0.6178682683967054,627.4041228452697,0.4,2635,moderate_abatement,JUSTICE_GSA
0.008657410523854195,1.3873924762010574,0.6178682683967054,627.4041228452697,0.4,2636,moderate_abatement,JUSTICE_GSA
0.008657410523854195,0.5179925160482526,0.7892786730080843,627.4041228452697,0.4,2637,moderate_abatement,JUSTICE_GSA
0.008657410523854195,0.5179925160482526,0.6178682683967054,720.4522747052833,0.4,2638,moderate_abatement,JUSTICE_GSA
0.008657410523854195,0.5179925160482526,0.6178682683967054,627.4041228452697,0.4,2639,moderate_abatement,JUSTICE_GSA
0.016651957129128276,0.9527482511475682,1.432925601489842,753.9019522042945,0.4,2640,moderate_abatement,JUSTICE_GSA
0.0245305649433285,0.9527482511475682,1.432925601489842,753.9019522042945,0.4,2641,moderate_abatement,JUSTICE_GSA
0.016651957129128276,0.645476090721786,1.432925601489842,753.9019522042945,0.4,2642,moderate_abatement,JUSTICE_GSA
0.016651957129128276,0.9527482511475682,1.8387644183821976,753.9019522042945,0.4,2643,moderate_abatement,JUSTICE_GSA
0.016651957129128276,0.9527482511475682,1.432925601489842,831.9839755250141,0.4,2644,moderate_abatement,JUSTICE_GSA
0.016651957129128276,0.645476090721786,1.8387644183821976,831.9839755250141,0.4,2645,moderate_abatement,JUSTICE_GSA
0.0245305649433285,0.9527482511475682,1.8387644183821976,831.9839755250141,0.4,2646,moderate_abatement,JUSTICE_GSA
0.0245305649433285,0.645476090721786,1.432925601489842,831.9839755250141,0.4,2647,moderate_abatement,JUSTICE_GSA
0.0245305649433285,0.645476090721786,1.8387644183821976,753.9019522042945,0.4,2648,moderate_abatement,JUSTICE_GSA
0.0245305649433285,0.645476090721786,1.8387644183821976,831.9839755250141,0.4,2649,moderate_abatement,JUSTICE_GSA
0.012175923414528368,1.1816797303035855,0.7220839601941407,36.824402548372746,0.4,2650,moderate_abatement,JUSTICE_GSA
0.01538563676830381,1.1816797303035855,0.7220839601941407,36.824402548372746,0.4,2651,moderate_abatement,JUSTICE_GSA
0.012175923414528368,1.2301031649112701,0.7220839601941407,36.824402548372746,0.4,2652,moderate_abatement,JUSTICE_GSA
0.012175923414528368,1.1816797303035855,0.9545745798386633,36.824402548372746,0.4,2653,moderate_abatement,JUSTICE_GSA
0.012175923414528368,1.1816797303035855,0.7220839601941407,492.9722890453413,0.4,2654,moderate_abatement,JUSTICE_GSA
0.012175923414528368,1.2301031649112701,0.9545745798386633,492.9722890453413,0.4,2655,moderate_abatement,JUSTICE_GSA
0.01538563676830381,1.1816797303035855,0.9545745798386633,492.9722890453413,0.4,2656,moderate_abatement,JUSTICE_GSA
0.01538563676830381,1.2301031649112701,0.7220839601941407,492.9722890453413,0.4,2657,moderate_abatement,JUSTICE_GSA
0.01538563676830381,1.2301031649112701,0.9545745798386633,36.824402548372746,0.4,2658,moderate_abatement,JUSTICE_GSA
0.01538563676830381,1.2301031649112701,0.9545745798386633,492.9722890453413,0.4,2659,moderate_abatement,JUSTICE_GSA
0.007097007721662521,0.6054465090855956,1.7047194414772093,684.8363756276667,0.4,2660,moderate_abatement,JUSTICE_GSA
0.0013825548160821199,0.6054465090855956,1.7047194414772093,684.8363756276667,0.4,2661,moderate_abatement,JUSTICE_GSA
0.007097007721662521,1.426242238841951,1.7047194414772093,684.8363756276667,0.4,2662,moderate_abatement,JUSTICE_GSA
0.007097007721662521,0.6054465090855956,1.4675561860203743,684.8363756276667,0.4,2663,moderate_abatement,JUSTICE_GSA
0.007097007721662521,0.6054465090855956,1.7047194414772093,120.70960918813944,0.4,2664,moderate_abatement,JUSTICE_GSA
0.007097007721662521,1.426242238841951,1.4675561860203743,120.70960918813944,0.4,2665,moderate_abatement,JUSTICE_GSA
0.0013825548160821199,0.6054465090855956,1.4675561860203743,120.70960918813944,0.4,2666,moderate_abatement,JUSTICE_GSA
0.0013825548160821199,1.426242238841951,1.7047194414772093,120.70960918813944,0.4,2667,moderate_abatement,JUSTICE_GSA
0.0013825548160821199,1.426242238841951,1.4675561860203743,684.8363756276667,0.4,2668,moderate_abatement,JUSTICE_GSA
0.0013825548160821199,1.426242238841951,1.4675561860203743,120.70960918813944,0.4,2669,moderate_abatement,JUSTICE_GSA
0.02607107782084495,1.2797139873728156,1.198825410567224,402.9025521809235,0.4,2670,moderate_abatement,JUSTICE_GSA
0.021183034329675138,1.2797139873728156,1.198825410567224,402.9025521809235,0.4,2671,moderate_abatement,JUSTICE_GSA
0.02607107782084495,0.9484228678047657,1.198825410567224,402.9025521809235,0.4,2672,moderate_abatement,JUSTICE_GSA
0.02607107782084495,1.2797139873728156,0.575027896091342,402.9025521809235,0.4,2673,moderate_abatement,JUSTICE_GSA
0.02607107782084495,1.2797139873728156,1.198825410567224,704.6250923220068,0.4,2674,moderate_abatement,JUSTICE_GSA
0.02607107782084495,0.9484228678047657,0.575027896091342,704.6250923220068,0.4,2675,moderate_abatement,JUSTICE_GSA
0.021183034329675138,1.2797139873728156,0.575027896091342,704.6250923220068,0.4,2676,moderate_abatement,JUSTICE_GSA
0.021183034329675138,0.9484228678047657,1.198825410567224,704.6250923220068,0.4,2677,moderate_abatement,JUSTICE_GSA
0.021183034329675138,0.9484228678047657,0.575027896091342,402.9025521809235,0.4,2678,moderate_abatement,JUSTICE_GSA
0.021183034329675138,0.9484228678047657,0.575027896091342,704.6250923220068,0.4,2679,moderate_abatement,JUSTICE_GSA
0.02877023201715201,0.6712832916527987,0.6155611970461905,350.83370351977646,0.4,2680,moderate_abatement,JUSTICE_GSA
0.017828807939775287,0.6712832916527987,0.6155611970461905,350.83370351977646,0.4,2681,moderate_abatement,JUSTICE_GSA
0.02877023201715201,0.5792853347957134,0.6155611970461905,350.83370351977646,0.4,2682,moderate_abatement,JUSTICE_GSA
0.02877023201715201,0.6712832916527987,1.250653577502817,350.83370351977646,0.4,2683,moderate_abatement,JUSTICE_GSA
0.02877023201715201,0.6712832916527987,0.6155611970461905,134.4294730629772,0.4,2684,moderate_abatement,JUSTICE_GSA
0.02877023201715201,0.5792853347957134,1.250653577502817,134.4294730629772,0.4,2685,moderate_abatement,JUSTICE_GSA
0.017828807939775287,0.6712832916527987,1.250653577502817,134.4294730629772,0.4,2686,moderate_abatement,JUSTICE_GSA
0.017828807939775287,0.5792853347957134,0.6155611970461905,134.4294730629772,0.4,2687,moderate_abatement,JUSTICE_GSA
0.017828807939775287,0.5792853347957134,1.250653577502817,350.83370351977646,0.4,2688,moderate_abatement,JUSTICE_GSA
0.017828807939775287,0.5792853347957134,1.250653577502817,134.4294730629772,0.4,2689,moderate_abatement,JUSTICE_GSA
0.004359353331848979,1.4638199750334024,1.4925726493820548,564.463234658353,0.4,2690,moderate_abatement,JUSTICE_GSA
0.005278389789164066,1.4638199750334024,1.4925726493820548,564.463234658353,0.4,2691,moderate_abatement,JUSTICE_GSA
0.004359353331848979,1.0453173210844398,1.4925726493820548,564.463234658353,0.4,2692,moderate_abatement,JUSTICE_GSA
0.004359353331848979,1.4638199750334024,0.7458110633306205,564.463234658353,0.4,2693,moderate_abatement,JUSTICE_GSA
0.004359353331848979,1.4638199750334024,1.4925726493820548,534.9335457794368,0.4,2694,moderate_abatement,JUSTICE_GSA
0.004359353331848979,1.0453173210844398,0.7458110633306205,534.9335457794368,0.4,2695,moderate_abatement,JUSTICE_GSA
0.005278389789164066,1.4638199750334024,0.7458110633306205,534.9335457794368,0.4,2696,moderate_abatement,JUSTICE_GSA
0.005278389789164066,1.0453173210844398,1.4925726493820548,534.9335457794368,0.4,2697,moderate_abatement,JUSTICE_GSA
0.005278389789164066,1.0453173210844398,0.7458110633306205,564.463234658353,0.4,2698,moderate_abatement,JUSTICE_GSA
0.005278389789164066,1.0453173210844398,0.7458110633306205,534.9335457794368,0.4,2699,moderate_abatement,JUSTICE_GSA
0.009480943089351056,0.7607572749257088,0.8814581306651235,213.5399852981791,0.4,2700,moderate_abatement,JUSTICE_GSA
0.01100839785952121,0.7607572749257088,0.8814581306651235,213.5399852981791,0.4,2701,moderate_abatement,JUSTICE_GSA
0.009480943089351056,1.3610815331339836,0.8814581306651235,213.5399852981791,0.4,2702,moderate_abatement,JUSTICE_GSA
0.009480943089351056,0.7607572749257088,1.6324644451960921,213.5399852981791,0.4,2703,moderate_abatement,JUSTICE_GSA
0.009480943089351056,0.7607572749257088,0.8814581306651235,908.0192720675841,0.4,2704,moderate_abatement,JUSTICE_GSA
0.009480943089351056,1.3610815331339836,1.6324644451960921,908.0192720675841,0.4,2705,moderate_abatement,JUSTICE_GSA
0.01100839785952121,0.7607572749257088,1.6324644451960921,908.0192720675841,0.4,2706,moderate_abatement,JUSTICE_GSA
0.01100839785952121,1.3610815331339836,0.8814581306651235,908.0192720675841,0.4,2707,moderate_abatement,JUSTICE_GSA
0.01100839785952121,1.3610815331339836,1.6324644451960921,213.5399852981791,0.4,2708,moderate_abatement,JUSTICE_GSA
0.01100839785952121,1.3610815331339836,1.6324644451960921,908.0192720675841,0.4,2709,moderate_abatement,JUSTICE_GSA
0.01939339819829911,1.1236134767532349,1.9752110061235726,998.8914592918009,0.4,2710,moderate_abatement,JUSTICE_GSA
0.02740327677130699,1.1236134767532349,1.9752110061235726,998.8914592918009,0.4,2711,moderate_abatement,JUSTICE_GSA
0.01939339819829911,0.7645602030679584,1.9752110061235726,998.8914592918009,0.4,2712,moderate_abatement,JUSTICE_GSA
0.01939339819829911,1.1236134767532349,1.113243860192597,998.8914592918009,0.4,2713,moderate_abatement,JUSTICE_GSA
0.01939339819829911,1.1236134767532349,1.9752110061235726,260.72117517050356,0.4,2714,moderate_abatement,JUSTICE_GSA
0.01939339819829911,0.7645602030679584,1.113243860192597,260.72117517050356,0.4,2715,moderate_abatement,JUSTICE_GSA
0.02740327677130699,1.1236134767532349,1.113243860192597,260.72117517050356,0.4,2716,moderate_abatement,JUSTICE_GSA
0.02740327677130699,0.7645602030679584,1.9752110061235726,260.72117517050356,0.4,2717,moderate_abatement,JUSTICE_GSA
0.02740327677130699,0.7645602030679584,1.113243860192597,998.8914592918009,0.4,2718,moderate_abatement,JUSTICE_GSA
0.02740327677130699,0.7645602030679584,1.113243860192597,260.72117517050356,0.4,2719,moderate_abatement,JUSTICE_GSA
0.02029083707369864,0.81189523357898,0.781109044328332,499.30524737760425,0.4,2720,moderate_abatement,JUSTICE_GSA
0.002997040065936744,0.81189523357898,0.781109044328332,499.30524737760425,0.4,2721,moderate_abatement,JUSTICE_GSA
0.02029083707369864,1.0268985601142049,0.781109044328332,499.30524737760425,0.4,2722,moderate_abatement,JUSTICE_GSA
0.02029083707369864,0.81189523357898,0.8465377669781446,499.30524737760425,0.4,2723,moderate_abatement,JUSTICE_GSA
0.02029083707369864,0.81189523357898,0.781109044328332,879.5988282030448,0.4,2724,moderate_abatement,JUSTICE_GSA
0.02029083707369864,1.0268985601142049,0.8465377669781446,879.5988282030448,0.4,2725,moderate_abatement,JUSTICE_GSA
0.002997040065936744,0.81189523357898,0.8465377669781446,879.5988282030448,0.4,2726,moderate_abatement,JUSTICE_GSA
0.002997040065936744,1.0268985601142049,0.781109044328332,879.5988282030448,0.4,2727,moderate_abatement,JUSTICE_GSA
0.002997040065936744,1.0268985601142049,0.8465377669781446,499.30524737760425,0.4,2728,moderate_abatement,JUSTICE_GSA
0.002997040065936744,1.0268985601142049,0.8465377669781446,879.5988282030448,0.4,2729,moderate_abatement,JUSTICE_GSA
0.008565909675322472,1.0732041941955686,1.3739406107924879,712.9366281339899,0.4,2730,moderate_abatement,JUSTICE_GSA
0.019229130765423177,1.0732041941955686,1.3739406107924879,712.9366281339899,0.4,2731,moderate_abatement,JUSTICE_GSA
0.008565909675322472,0.5984985660761595,1.3739406107924879,712.9366281339899,0.4,2732,moderate_abatement,JUSTICE_GSA
0.008565909675322472,1.0732041941955686,1.3601235672831535,712.9366281339899,0.4,2733,moderate_abatement,JUSTICE_GSA
0.008565909675322472,1.0732041941955686,1.3739406107924879,296.7049109423533,0.4,2734,moderate_abatement,JUSTICE_GSA
0.008565909675322472,0.5984985660761595,1.3601235672831535,296.7049109423533,0.4,2735,moderate_abatement,JUSTICE_GSA
0.019229130765423177,1.0732041941955686,1.3601235672831535,296.7049109423533,0.4,2736,moderate_abatement,JUSTICE_GSA
0.019229130765423177,0.5984985660761595,1.3739406107924879,296.7049109423533,0.4,2737,moderate_abatement,JUSTICE_GSA
0.019229130765423177,0.5984985660761595,1.3601235672831535,712.9366281339899,0.4,2738,moderate_abatement,JUSTICE_GSA
0.019229130765423177,0.5984985660761595,1.3601235672831535,296.7049109423533,0.4,2739,moderate_abatement,JUSTICE_GSA
0.0034583491375669837,0.6513915276154876,1.2345059136860073,64.9437094675377,0.4,2740,moderate_abatement,JUSTICE_GSA
0.026087526286952198,0.6513915276154876,1.2345059136860073,64.9437094675377,0.4,2741,moderate_abatement,JUSTICE_GSA
0.0034583491375669837,0.8076333487406373,1.2345059136860073,64.9437094675377,0.4,2742,moderate_abatement,JUSTICE_GSA
0.0034583491375669837,0.6513915276154876,1.217747072223574,64.9437094675377,0.4,2743,moderate_abatement,JUSTICE_GSA
0.0034583491375669837,0.6513915276154876,1.2345059136860073,170.65625308081508,0.4,2744,moderate_abatement,JUSTICE_GSA
0.0034583491375669837,0.8076333487406373,1.217747072223574,170.65625308081508,0.4,2745,moderate_abatement,JUSTICE_GSA
0.026087526286952198,0.6513915276154876,1.217747072223574,170.65625308081508,0.4,2746,moderate_abatement,JUSTICE_GSA
0.026087526286952198,0.8076333487406373,1.2345059136860073,170.65625308081508,0.4,2747,moderate_abatement,JUSTICE_GSA
0.026087526286952198,0.8076333487406373,1.217747072223574,64.9437094675377,0.4,2748,moderate_abatement,JUSTICE_GSA
0.026087526286952198,0.8076333487406373,1.217747072223574,170.65625308081508,0.4,2749,moderate_abatement,JUSTICE_GSA
0.02968175542540848,1.4829754522070289,1.6690789423882961,850.3008365184069,0.4,2750,moderate_abatement,JUSTICE_GSA
0.01326093150489032,1.4829754522070289,1.6690789423882961,850.3008365184069,0.4,2751,moderate_abatement,JUSTICE_GSA
0.02968175542540848,1.3167256359010935,1.6690789423882961,850.3008365184069,0.4,2752,moderate_abatement,JUSTICE_GSA
0.02968175542540848,1.4829754522070289,1.7396684628911316,850.3008365184069,0.4,2753,moderate_abatement,JUSTICE_GSA
0.02968175542540848,1.4829754522070289,1.6690789423882961,506.7566597368568,0.4,2754,moderate_abatement,JUSTICE_GSA
0.02968175542540848,1.3167256359010935,1.7396684628911316,506.7566597368568,0.4,2755,moderate_abatement,JUSTICE_GSA
0.01326093150489032,1.4829754522070289,1.7396684628911316,506.7566597368568,0.4,2756,moderate_abatement,JUSTICE_GSA
0.01326093150489032,1.3167256359010935,1.6690789423882961,506.7566597368568,0.4,2757,moderate_abatement,JUSTICE_GSA
0.01326093150489032,1.3167256359010935,1.7396684628911316,850.3008365184069,0.4,2758,moderate_abatement,JUSTICE_GSA
0.01326093150489032,1.3167256359010935,1.7396684628911316,506.7566597368568,0.4,2759,moderate_abatement,JUSTICE_GSA
0.025159451078623534,0.5933557916432619,1.457847713958472,902.3753717308864,0.4,2760,moderate_abatement,JUSTICE_GSA
0.00945010921731591,0.5933557916432619,1.457847713958472,902.3753717308864,0.4,2761,moderate_abatement,JUSTICE_GSA
0.025159451078623534,1.2170897740870714,1.457847713958472,902.3753717308864,0.4,2762,moderate_abatement,JUSTICE_GSA
0.025159451078623534,0.5933557916432619,1.0581852169707417,902.3753717308864,0.4,2763,moderate_abatement,JUSTICE_GSA
0.025159451078623534,0.5933557916432619,1.457847713958472,94.25535371340811,0.4,2764,moderate_abatement,JUSTICE_GSA
0.025159451078623534,1.2170897740870714,1.0581852169707417,94.25535371340811,0.4,2765,moderate_abatement,JUSTICE_GSA
0.00945010921731591,0.5933557916432619,1.0581852169707417,94.25535371340811,0.4,2766,moderate_abatement,JUSTICE_GSA
0.00945010921731591,1.2170897740870714,1.457847713958472,94.25535371340811,0.4,2767,moderate_abatement,JUSTICE_GSA
0.00945010921731591,1.2170897740870714,1.0581852169707417,902.3753717308864,0.4,2768,moderate_abatement,JUSTICE_GSA
0.00945010921731591,1.2170897740870714,1.0581852169707417,94.25535371340811,0.4,2769,moderate_abatement,JUSTICE_GSA
0.007997908690012991,1.2910760287195444,0.6503262259066105,185.29586081020534,0.4,2770,moderate_abatement,JUSTICE_GSA
0.02952665473613888,1.2910760287195444,0.6503262259066105,185.29586081020534,0.4,2771,moderate_abatement,JUSTICE_GSA
0.007997908690012991,0.6573307076469064,0.6503262259066105,185.29586081020534,0.4,2772,moderate_abatement,JUSTICE_GSA
0.007997908690012991,1.2910760287195444,1.9453505193814635,185.29586081020534,0.4,2773,moderate_abatement,JUSTICE_GSA
0.007997908690012991,1.2910760287195444,0.6503262259066105,738.6416869834065,0.4,2774,moderate_abatement,JUSTICE_GSA
0.007997908690012991,0.6573307076469064,1.9453505193814635,738.6416869834065,0.4,2775,moderate_abatement,JUSTICE_GSA
0.02952665473613888,1.2910760287195444,1.9453505193814635,738.6416869834065,0.4,2776,moderate_abatement,JUSTICE_GSA
0.02952665473613888,0.6573307076469064,0.6503262259066105,738.6416869834065,0.4,2777,moderate_abatement,JUSTICE_GSA
0.02952665473613888,0.6573307076469064,1.9453505193814635,185.29586081020534,0.4,2778,moderate_abatement,JUSTICE_GSA
0.02952665473613888,0.6573307076469064,1.9453505193814635,738.6416869834065,0.4,2779,moderate_abatement,JUSTICE_GSA
0.013091060162521897,0.9960927739739418,1.91714152880013,536.2457863483578,0.4,2780,moderate_abatement,JUSTICE_GSA
0.016214765410870313,0.9960927739739418,1.91714152880013,536.2457863483578,0.4,2781,moderate_abatement,JUSTICE_GSA
0.013091060162521897,0.9987935926765203,1.91714152880013,536.2457863483578,0.4,2782,moderate_abatement,JUSTICE_GSA
0.013091060162521897,0.9960927739739418,0.6763725611381233,536.2457863483578,0.4,2783,moderate_abatement,JUSTICE_GSA
0.013091060162521897,0.9960927739739418,1.91714152880013,866.2450509564951,0.4,2784,moderate_abatement,JUSTICE_GSA
0.013091060162521897,0.9987935926765203,0.6763725611381233,866.2450509564951,0.4,2785,moderate_abatement,JUSTICE_GSA
0.016214765410870313,0.9960927739739418,0.6763725611381233,866.2450509564951,0.4,2786,moderate_abatement,JUSTICE_GSA
0.016214765410870313,0.9987935926765203,1.91714152880013,866.2450509564951,0.4,2787,moderate_abatement,JUSTICE_GSA
0.016214765410870313,0.9987935926765203,0.6763725611381233,536.2457863483578,0.4,2788,moderate_abatement,JUSTICE_GSA
0.016214765410870313,0.9987935926765203,0.6763725611381233,866.2450509564951,0.4,2789,moderate_abatement,JUSTICE_GSA
0.015754621479660273,1.1390714943408966,0.9395676120184362,254.30618331115693,0.4,2790,moderate_abatement,JUSTICE_GSA
0.007232736074365675,1.1390714943408966,0.9395676120184362,254.30618331115693,0.4,2791,moderate_abatement,JUSTICE_GSA
0.015754621479660273,1.3765420066192746,0.9395676120184362,254.30618331115693,0.4,2792,moderate_abatement,JUSTICE_GSA
0.015754621479660273,1.1390714943408966,1.577918795403093,254.30618331115693,0.4,2793,moderate_abatement,JUSTICE_GSA
0.015754621479660273,1.1390714943408966,0.9395676120184362,466.7620603097603,0.4,2794,moderate_abatement,JUSTICE_GSA
0.015754621479660273,1.3765420066192746,1.577918795403093,466.7620603097603,0.4,2795,moderate_abatement,JUSTICE_GSA
0.007232736074365675,1.1390714943408966,1.577918795403093,466.7620603097603,0.4,2796,moderate_abatement,JUSTICE_GSA
0.007232736074365675,1.3765420066192746,0.9395676120184362,466.7620603097603,0.4,2797,moderate_abatement,JUSTICE_GSA
0.007232736074365675,1.3765420066192746,1.577918795403093,254.30618331115693,0.4,2798,moderate_abatement,JUSTICE_GSA
0.007232736074365675,1.3765420066192746,1.577918795403093,466.7620603097603,0.4,2799,moderate_abatement,JUSTICE_GSA
0.018526511065661905,0.7004600139334798,1.8440831494517624,220.93179679382592,0.4,2800,moderate_abatement,JUSTICE_GSA
0.02220239059254527,0.7004600139334798,1.8440831494517624,220.93179679382592,0.4,2801,moderate_abatement,JUSTICE_GSA
0.018526511065661905,1.2568939356133342,1.8440831494517624,220.93179679382592,0.4,2802,moderate_abatement,JUSTICE_GSA
0.018526511065661905,0.7004600139334798,0.9193288167007267,220.93179679382592,0.4,2803,moderate_abatement,JUSTICE_GSA
0.018526511065661905,0.7004600139334798,1.8440831494517624,13.412080810405314,0.4,2804,moderate_abatement,JUSTICE_GSA
0.018526511065661905,1.2568939356133342,0.9193288167007267,13.412080810405314,0.4,2805,moderate_abatement,JUSTICE_GSA
0.02220239059254527,0.7004600139334798,0.9193288167007267,13.412080810405314,0.4,2806,moderate_abatement,JUSTICE_GSA
0.02220239059254527,1.2568939356133342,1.8440831494517624,13.412080810405314,0.4,2807,moderate_abatement,JUSTICE_GSA
0.02220239059254527,1.2568939356133342,0.9193288167007267,220.93179679382592,0.4,2808,moderate_abatement,JUSTICE_GSA
0.02220239059254527,1.2568939356133342,0.9193288167007267,13.412080810405314,0.4,2809,moderate_abatement,JUSTICE_GSA
0.013937168498523531,1.4304890530183911,1.0609715627506375,943.81718544662,0.4,2810,moderate_abatement,JUSTICE_GSA
0.002175349497236311,1.4304890530183911,1.0609715627506375,943.81718544662,0.4,2811,moderate_abatement,JUSTICE_GSA
0.013937168498523531,0.8675258308649063,1.0609715627506375,943.81718544662,0.4,2812,moderate_abatement,JUSTICE_GSA
0.013937168498523531,1.4304890530183911,1.897458924446255,943.81718544662,0.4,2813,moderate_abatement,JUSTICE_GSA
0.013937168498523531,1.4304890530183911,1.0609715627506375,663.629243045114,0.4,2814,moderate_abatement,JUSTICE_GSA
0.013937168498523531,0.8675258308649063,1.897458924446255,663.629243045114,0.4,2815,moderate_abatement,JUSTICE_GSA
0.002175349497236311,1.4304890530183911,1.897458924446255,663.629243045114,0.4,2816,moderate_abatement,JUSTICE_GSA
0.002175349497236311,0.8675258308649063,1.0609715627506375,663.629243045114,0.4,2817,moderate_abatement,JUSTICE_GSA
0.002175349497236311,0.8675258308649063,1.897458924446255,943.81718544662,0.4,2818,moderate_abatement,JUSTICE_GSA
0.002175349497236311,0.8675258308649063,1.897458924446255,663.629243045114,0.4,2819,moderate_abatement,JUSTICE_GSA
0.0052260759295895695,0.8526704972609878,1.5766881769523025,342.5875546745956,0.4,2820,moderate_abatement,JUSTICE_GSA
0.014592498216778039,0.8526704972609878,1.5766881769523025,342.5875546745956,0.4,2821,moderate_abatement,JUSTICE_GSA
0.0052260759295895695,0.538575223647058,1.5766881769523025,342.5875546745956,0.4,2822,moderate_abatement,JUSTICE_GSA
0.0052260759295895695,0.8526704972609878,0.5397895984351635,342.5875546745956,0.4,2823,moderate_abatement,JUSTICE_GSA
0.0052260759295895695,0.8526704972609878,1.5766881769523025,787.1168222110718,0.4,2824,moderate_abatement,JUSTICE_GSA
0.0052260759295895695,0.538575223647058,0.5397895984351635,787.1168222110718,0.4,2825,moderate_abatement,JUSTICE_GSA
0.014592498216778039,0.8526704972609878,0.5397895984351635,787.1168222110718,0.4,2826,moderate_abatement,JUSTICE_GSA
0.014592498216778039,0.538575223647058,1.5766881769523025,787.1168222110718,0.4,2827,moderate_abatement,JUSTICE_GSA
0.014592498216778039,0.538575223647058,0.5397895984351635,342.5875546745956,0.4,2828,moderate_abatement,JUSTICE_GSA
0.014592498216778039,0.538575223647058,0.5397895984351635,787.1168222110718,0.4,2829,moderate_abatement,JUSTICE_GSA
0.02431339956820011,1.0280343433842063,0.5769016467966139,618.6831711539999,0.4,2830,moderate_abatement,JUSTICE_GSA
0.02351086135301739,1.0280343433842063,0.5769016467966139,618.6831711539999,0.4,2831,moderate_abatement,JUSTICE_GSA
0.02431339956820011,1.086760614067316,0.5769016467966139,618.6831711539999,0.4,2832,moderate_abatement,JUSTICE_GSA
0.02431339956820011,1.0280343433842063,1.5262438524514437,618.6831711539999,0.4,2833,moderate_abatement,JUSTICE_GSA
0.02431339956820011,1.0280343433842063,0.5769016467966139,389.5470732487738,0.4,2834,moderate_abatement,JUSTICE_GSA
0.02431339956820011,1.086760614067316,1.5262438524514437,389.5470732487738,0.4,2835,moderate_abatement,JUSTICE_GSA
0.02351086135301739,1.0280343433842063,1.5262438524514437,389.5470732487738,0.4,2836,moderate_abatement,JUSTICE_GSA
0.02351086135301739,1.086760614067316,0.5769016467966139,389.5470732487738,0.4,2837,moderate_abatement,JUSTICE_GSA
0.02351086135301739,1.086760614067316,1.5262438524514437,618.6831711539999,0.4,2838,moderate_abatement,JUSTICE_GSA
0.02351086135301739,1.086760614067316,1.5262438524514437,389.5470732487738,0.4,2839,moderate_abatement,JUSTICE_GSA
0.0270232006739825,0.9196652788668871,1.120434789918363,629.5491426680237,0.4,2840,moderate_abatement,JUSTICE_GSA
0.02638358452450484,0.9196652788668871,1.120434789918363,629.5491426680237,0.4,2841,moderate_abatement,JUSTICE_GSA
0.0270232006739825,1.4402188025414944,1.120434789918363,629.5491426680237,0.4,2842,moderate_abatement,JUSTICE_GSA
0.0270232006739825,0.9196652788668871,0.7107499032281339,629.5491426680237,0.4,2843,moderate_abatement,JUSTICE_GSA
0.0270232006739825,0.9196652788668871,1.120434789918363,960.7106492370367,0.4,2844,moderate_abatement,JUSTICE_GSA
0.0270232006739825,1.4402188025414944,0.7107499032281339,960.7106492370367,0.4,2845,moderate_abatement,JUSTICE_GSA
0.02638358452450484,0.9196652788668871,0.7107499032281339,960.7106492370367,0.4,2846,moderate_abatement,JUSTICE_GSA
0.02638358452450484,1.4402188025414944,1.120434789918363,960.7106492370367,0.4,2847,moderate_abatement,JUSTICE_GSA
0.02638358452450484,1.4402188025414944,0.7107499032281339,629.5491426680237,0.4,2848,moderate_abatement,JUSTICE_GSA
0.02638358452450484,1.4402188025414944,0.7107499032281339,960.7106492370367,0.4,2849,moderate_abatement,JUSTICE_GSA
0.002499013136141002,1.2111044023185968,1.7377456375397742,410.02042299788445,0.4,2850,moderate_abatement,JUSTICE_GSA
0.010215268922969697,1.2111044023185968,1.7377456375397742,410.02042299788445,0.4,2851,moderate_abatement,JUSTICE_GSA
0.002499013136141002,0.9351776083931327,1.7377456375397742,410.02042299788445,0.4,2852,moderate_abatement,JUSTICE_GSA
0.002499013136141002,1.2111044023185968,1.309163614641875,410.02042299788445,0.4,2853,moderate_abatement,JUSTICE_GSA
0.002499013136141002,1.2111044023185968,1.7377456375397742,371.9249288905412,0.4,2854,moderate_abatement,JUSTICE_GSA
0.002499013136141002,0.9351776083931327,1.309163614641875,371.9249288905412,0.4,2855,moderate_abatement,JUSTICE_GSA
0.010215268922969697,1.2111044023185968,1.309163614641875,371.9249288905412,0.4,2856,moderate_abatement,JUSTICE_GSA
0.010215268922969697,0.9351776083931327,1.7377456375397742,371.9249288905412,0.4,2857,moderate_abatement,JUSTICE_GSA
0.010215268922969697,0.9351776083931327,1.309163614641875,410.02042299788445,0.4,2858,moderate_abatement,JUSTICE_GSA
0.010215268922969697,0.9351776083931327,1.309163614641875,371.9249288905412,0.4,2859,moderate_abatement,JUSTICE_GSA
0.011224514770321548,0.5096270367503166,0.8472122517414391,807.8479480212554,0.4,2860,moderate_abatement,JUSTICE_GSA
0.00607120272796601,0.5096270367503166,0.8472122517414391,807.8479480212554,0.4,2861,moderate_abatement,JUSTICE_GSA
0.011224514770321548,0.7209768369793892,0.8472122517414391,807.8479480212554,0.4,2862,moderate_abatement,JUSTICE_GSA
0.011224514770321548,0.5096270367503166,1.0781873045489192,807.8479480212554,0.4,2863,moderate_abatement,JUSTICE_GSA
0.011224514770321548,0.5096270367503166,0.8472122517414391,249.56547516863793,0.4,2864,moderate_abatement,JUSTICE_GSA
0.011224514770321548,0.7209768369793892,1.0781873045489192,249.56547516863793,0.4,2865,moderate_abatement,JUSTICE_GSA
0.00607120272796601,0.5096270367503166,1.0781873045489192,249.56547516863793,0.4,2866,moderate_abatement,JUSTICE_GSA
0.00607120272796601,0.7209768369793892,0.8472122517414391,249.56547516863793,0.4,2867,moderate_abatement,JUSTICE_GSA
0.00607120272796601,0.7209768369793892,1.0781873045489192,807.8479480212554,0.4,2868,moderate_abatement,JUSTICE_GSA
0.00607120272796601,0.7209768369793892,1.0781873045489192,249.56547516863793,0.4,2869,moderate_abatement,JUSTICE_GSA
0.021250223418697714,1.3713868707418442,1.2595032872632146,28.36529458872974,0.4,2870,moderate_abatement,JUSTICE_GSA
0.018848180731758476,1.3713868707418442,1.2595032872632146,28.36529458872974,0.4,2871,moderate_abatement,JUSTICE_GSA
0.021250223418697714,1.1533823860809207,1.2595032872632146,28.36529458872974,0.4,2872,moderate_abatement,JUSTICE_GSA
0.021250223418697714,1.3713868707418442,1.6909705037251115,28.36529458872974,0.4,2873,moderate_abatement,JUSTICE_GSA
0.021250223418697714,1.3713868707418442,1.2595032872632146,583.6916660191491,0.4,2874,moderate_abatement,JUSTICE_GSA
0.021250223418697714,1.1533823860809207,1.6909705037251115,583.6916660191491,0.4,2875,moderate_abatement,JUSTICE_GSA
0.018848180731758476,1.3713868707418442,1.6909705037251115,583.6916660191491,0.4,2876,moderate_abatement,JUSTICE_GSA
0.018848180731758476,1.1533823860809207,1.2595032872632146,583.6916660191491,0.4,2877,moderate_abatement,JUSTICE_GSA
0.018848180731758476,1.1533823860809207,1.6909705037251115,28.36529458872974,0.4,2878,moderate_abatement,JUSTICE_GSA
0.018848180731758476,1.1533823860809207,1.6909705037251115,583.6916660191491,0.4,2879,moderate_abatement,JUSTICE_GSA
0.021396408028900624,0.889023027382791,1.6724569122307003,272.3828489165753,0.4,2880,moderate_abatement,JUSTICE_GSA
0.009133888486772775,0.889023027382791,1.6724569122307003,272.3828489165753,0.4,2881,moderate_abatement,JUSTICE_GSA
0.021396408028900624,1.0750348400324583,1.6724569122307003,272.3828489165753,0.4,2882,moderate_abatement,JUSTICE_GSA
0.021396408028900624,0.889023027382791,1.2284786002710462,272.3828489165753,0.4,2883,moderate_abatement,JUSTICE_GSA
0.021396408028900624,0.889023027382791,1.6724569122307003,683.1823558323085,0.4,2884,moderate_abatement,JUSTICE_GSA
0.021396408028900624,1.0750348400324583,1.2284786002710462,683.1823558323085,0.4,2885,moderate_abatement,JUSTICE_GSA
0.009133888486772775,0.889023027382791,1.2284786002710462,683.1823558323085,0.4,2886,moderate_abatement,JUSTICE_GSA
0.009133888486772775,1.0750348400324583,1.6724569122307003,683.1823558323085,0.4,2887,moderate_abatement,JUSTICE_GSA
0.009133888486772775,1.0750348400324583,1.2284786002710462,272.3828489165753,0.4,2888,moderate_abatement,JUSTICE_GSA
0.009133888486772775,1.0750348400324583,1.2284786002710462,683.1823558323085,0.4,2889,moderate_abatement,JUSTICE_GSA
0.011484865640290082,1.2458932688459754,1.1725399158895016,548.4651831304654,0.4,2890,moderate_abatement,JUSTICE_GSA
0.028927004442550242,1.2458932688459754,1.1725399158895016,548.4651831304654,0.4,2891,moderate_abatement,JUSTICE_GSA
0.011484865640290082,0.5503022046759725,1.1725399158895016,548.4651831304654,0.4,2892,moderate_abatement,JUSTICE_GSA
0.011484865640290082,1.2458932688459754,1.7523640831932425,548.4651831304654,0.4,2893,moderate_abatement,JUSTICE_GSA
0.011484865640290082,1.2458932688459754,1.1725399158895016,17.395125767216086,0.4,2894,moderate_abatement,JUSTICE_GSA
0.011484865640290082,0.5503022046759725,1.7523640831932425,17.395125767216086,0.4,2895,moderate_abatement,JUSTICE_GSA
0.028927004442550242,1.2458932688459754,1.7523640831932425,17.395125767216086,0.4,2896,moderate_abatement,JUSTICE_GSA
0.028927004442550242,0.5503022046759725,1.1725399158895016,17.395125767216086,0.4,2897,moderate_abatement,JUSTICE_GSA
0.028927004442550242,0.5503022046759725,1.7523640831932425,548.4651831304654,0.4,2898,moderate_abatement,JUSTICE_GSA
0.028927004442550242,0.5503022046759725,1.7523640831932425,17.395125767216086,0.4,2899,moderate_abatement,JUSTICE_GSA
0.0023541609020903704,0.5412410916760564,1.406640151515603,166.2469140170142,0.4,2900,moderate_abatement,JUSTICE_GSA
0.01675766618177295,0.5412410916760564,1.406640151515603,166.2469140170142,0.4,2901,moderate_abatement,JUSTICE_GSA
0.0023541609020903704,0.8558143619447947,1.406640151515603,166.2469140170142,0.4,2902,moderate_abatement,JUSTICE_GSA
0.0023541609020903704,0.5412410916760564,0.8576301443390548,166.2469140170142,0.4,2903,moderate_abatement,JUSTICE_GSA
0.0023541609020903704,0.5412410916760564,1.406640151515603,393.37633011396974,0.4,2904,moderate_abatement,JUSTICE_GSA
0.0023541609020903704,0.8558143619447947,0.8576301443390548,393.37633011396974,0.4,2905,moderate_abatement,JUSTICE_GSA
0.01675766618177295,0.5412410916760564,0.8576301443390548,393.37633011396974,0.4,2906,moderate_abatement,JUSTICE_GSA
0.01675766618177295,0.8558143619447947,1.406640151515603,393.37633011396974,0.4,2907,moderate_abatement,JUSTICE_GSA
0.01675766618177295,0.8558143619447947,0.8576301443390548,166.2469140170142,0.4,2908,moderate_abatement,JUSTICE_GSA
0.01675766618177295,0.8558143619447947,0.8576301443390548,393.37633011396974,0.4,2909,moderate_abatement,JUSTICE_GSA
0.026767722219228744,1.3434310900047421,0.6898214756511152,889.1761910859495,0.4,2910,moderate_abatement,JUSTICE_GSA
0.007605927580036222,1.3434310900047421,0.6898214756511152,889.1761910859495,0.4,2911,moderate_abatement,JUSTICE_GSA
0.026767722219228744,1.2686047041788697,0.6898214756511152,889.1761910859495,0.4,2912,moderate_abatement,JUSTICE_GSA
0.026767722219228744,1.3434310900047421,1.37245619809255,889.1761910859495,0.4,2913,moderate_abatement,JUSTICE_GSA
0.026767722219228744,1.3434310900047421,0.6898214756511152,806.5795326018706,0.4,2914,moderate_abatement,JUSTICE_GSA
0.026767722219228744,1.2686047041788697,1.37245619809255,806.5795326018706,0.4,2915,moderate_abatement,JUSTICE_GSA
0.007605927580036222,1.3434310900047421,1.37245619809255,806.5795326018706,0.4,2916,moderate_abatement,JUSTICE_GSA
0.007605927580036222,1.2686047041788697,0.6898214756511152,806.5795326018706,0.4,2917,moderate_abatement,JUSTICE_GSA
0.007605927580036222,1.2686047041788697,1.37245619809255,889.1761910859495,0.4,2918,moderate_abatement,JUSTICE_GSA
0.007605927580036222,1.2686047041788697,1.37245619809255,806.5795326018706,0.4,2919,moderate_abatement,JUSTICE_GSA
0.0239972948115319,0.7330544367432594,0.901956083253026,862.4587046662346,0.4,2920,moderate_abatement,JUSTICE_GSA
0.004280031981877982,0.7330544367432594,0.901956083253026,862.4587046662346,0.4,2921,moderate_abatement,JUSTICE_GSA
0.0239972948115319,1.133859352208674,0.901956083253026,862.4587046662346,0.4,2922,moderate_abatement,JUSTICE_GSA
0.0239972948115319,0.7330544367432594,0.6418319549411535,862.4587046662346,0.4,2923,moderate_abatement,JUSTICE_GSA
0.0239972948115319,0.7330544367432594,0.901956083253026,344.6586939888075,0.4,2924,moderate_abatement,JUSTICE_GSA
0.0239972948115319,1.133859352208674,0.6418319549411535,344.6586939888075,0.4,2925,moderate_abatement,JUSTICE_GSA
0.004280031981877982,0.7330544367432594,0.6418319549411535,344.6586939888075,0.4,2926,moderate_abatement,JUSTICE_GSA
0.004280031981877982,1.133859352208674,0.901956083253026,344.6586939888075,0.4,2927,moderate_abatement,JUSTICE_GSA
0.004280031981877982,1.133859352208674,0.6418319549411535,862.4587046662346,0.4,2928,moderate_abatement,JUSTICE_GSA
0.004280031981877982,1.133859352208674,0.6418319549411535,344.6586939888075,0.4,2929,moderate_abatement,JUSTICE_GSA
0.005022367413155734,1.401560515165329,1.9899150296114385,82.95895808562636,0.4,2930,moderate_abatement,JUSTICE_GSA
0.020681818118318915,1.401560515165329,1.9899150296114385,82.95895808562636,0.4,2931,moderate_abatement,JUSTICE_GSA
0.005022367413155734,0.7405010480433702,1.9899150296114385,82.95895808562636,0.4,2932,moderate_abatement,JUSTICE_GSA
0.005022367413155734,1.401560515165329,1.5421350747346878,82.95895808562636,0.4,2933,moderate_abatement,JUSTICE_GSA
0.005022367413155734,1.401560515165329,1.9899150296114385,949.0754860593006,0.4,2934,moderate_abatement,JUSTICE_GSA
0.005022367413155734,0.7405010480433702,1.5421350747346878,949.0754860593006,0.4,2935,moderate_abatement,JUSTICE_GSA
0.020681818118318915,1.401560515165329,1.5421350747346878,949.0754860593006,0.4,2936,moderate_abatement,JUSTICE_GSA
0.020681818118318915,0.7405010480433702,1.9899150296114385,949.0754860593006,0.4,2937,moderate_abatement,JUSTICE_GSA
0.020681818118318915,0.7405010480433702,1.5421350747346878,82.95895808562636,0.4,2938,moderate_abatement,JUSTICE_GSA
0.020681818118318915,0.7405010480433702,1.5421350747346878,949.0754860593006,0.4,2939,moderate_abatement,JUSTICE_GSA
0.014251944336108862,0.8230086136609316,0.63026526523754,699.7978447675705,0.4,2940,moderate_abatement,JUSTICE_GSA
0.024578089411370456,0.8230086136609316,0.63026526523754,699.7978447675705,0.4,2941,moderate_abatement,JUSTICE_GSA
0.014251944336108862,0.915638362057507,0.63026526523754,699.7978447675705,0.4,2942,moderate_abatement,JUSTICE_GSA
0.014251944336108862,0.8230086136609316,1.0240040295757353,699.7978447675705,0.4,2943,moderate_abatement,JUSTICE_GSA
0.014251944336108862,0.8230086136609316,0.63026526523754,571.9051523748785,0.4,2944,moderate_abatement,JUSTICE_GSA
0.014251944336108862,0.915638362057507,1.0240040295757353,571.9051523748785,0.4,2945,moderate_abatement,JUSTICE_GSA
0.024578089411370456,0.8230086136609316,1.0240040295757353,571.9051523748785,0.4,2946,moderate_abatement,JUSTICE_GSA
0.024578089411370456,0.915638362057507,0.63026526523754,571.9051523748785,0.4,2947,moderate_abatement,JUSTICE_GSA
0.024578089411370456,0.915638362057507,1.0240040295757353,699.7978447675705,0.4,2948,moderate_abatement,JUSTICE_GSA
0.024578089411370456,0.915638362057507,1.0240040295757353,571.9051523748785,0.4,2949,moderate_abatement,JUSTICE_GSA
0.018725350623950362,1.0618504527956247,1.513070646673441,480.3168243961409,0.4,2950,moderate_abatement,JUSTICE_GSA
0.012034910364076494,1.0618504527956247,1.513070646673441,480.3168243961409,0.4,2951,moderate_abatement,JUSTICE_GSA
0.018725350623950362,1.4597573187202215,1.513070646673441,480.3168243961409,0.4,2952,moderate_abatement,JUSTICE_GSA
0.018725350623950362,1.0618504527956247,1.9092081007547677,480.3168243961409,0.4,2953,moderate_abatement,JUSTICE_GSA
0.018725350623950362,1.0618504527956247,1.513070646673441,222.20651189237833,0.4,2954,moderate_abatement,JUSTICE_GSA
0.018725350623950362,1.4597573187202215,1.9092081007547677,222.20651189237833,0.4,2955,moderate_abatement,JUSTICE_GSA
0.012034910364076494,1.0618504527956247,1.9092081007547677,222.20651189237833,0.4,2956,moderate_abatement,JUSTICE_GSA
0.012034910364076494,1.4597573187202215,1.513070646673441,222.20651189237833,0.4,2957,moderate_abatement,JUSTICE_GSA
0.012034910364076494,1.4597573187202215,1.9092081007547677,480.3168243961409,0.4,2958,moderate_abatement,JUSTICE_GSA
0.012034910364076494,1.4597573187202215,1.9092081007547677,222.20651189237833,0.4,2959,moderate_abatement,JUSTICE_GSA
0.01605968446470797,0.6215518778190017,0.514725006185472,10.28865875583142,0.4,2960,moderate_abatement,JUSTICE_GSA
0.027878641719929872,0.6215518778190017,0.514725006185472,10.28865875583142,0.4,2961,moderate_abatement,JUSTICE_GSA
0.01605968446470797,1.3284361511468887,0.514725006185472,10.28865875583142,0.4,2962,moderate_abatement,JUSTICE_GSA
0.01605968446470797,0.6215518778190017,0.5052872612141073,10.28865875583142,0.4,2963,moderate_abatement,JUSTICE_GSA
0.01605968446470797,0.6215518778190017,0.514725006185472,300.92385846190155,0.4,2964,moderate_abatement,JUSTICE_GSA
0.01605968446470797,1.3284361511468887,0.5052872612141073,300.92385846190155,0.4,2965,moderate_abatement,JUSTICE_GSA
0.027878641719929872,0.6215518778190017,0.5052872612141073,300.92385846190155,0.4,2966,moderate_abatement,JUSTICE_GSA
0.027878641719929872,1.3284361511468887,0.514725006185472,300.92385846190155,0.4,2967,moderate_abatement,JUSTICE_GSA
0.027878641719929872,1.3284361511468887,0.5052872612141073,10.28865875583142,0.4,2968,moderate_abatement,JUSTICE_GSA
0.027878641719929872,1.3284361511468887,0.5052872612141073,300.92385846190155,0.4,2969,moderate_abatement,JUSTICE_GSA
0.01328549692686647,1.2597022792324424,1.580265345517546,795.6285810116678,0.4,2970,moderate_abatement,JUSTICE_GSA
0.011427349431440234,1.2597022792324424,1.580265345517546,795.6285810116678,0.4,2971,moderate_abatement,JUSTICE_GSA
0.01328549692686647,0.7959216265007854,1.580265345517546,795.6285810116678,0.4,2972,moderate_abatement,JUSTICE_GSA
0.01328549692686647,1.2597022792324424,1.490421153139323,795.6285810116678,0.4,2973,moderate_abatement,JUSTICE_GSA
0.01328549692686647,1.2597022792324424,1.580265345517546,899.4035932160914,0.4,2974,moderate_abatement,JUSTICE_GSA
0.01328549692686647,0.7959216265007854,1.490421153139323,899.4035932160914,0.4,2975,moderate_abatement,JUSTICE_GSA
0.011427349431440234,1.2597022792324424,1.490421153139323,899.4035932160914,0.4,2976,moderate_abatement,JUSTICE_GSA
0.011427349431440234,0.7959216265007854,1.580265345517546,899.4035932160914,0.4,2977,moderate_abatement,JUSTICE_GSA
0.011427349431440234,0.7959216265007854,1.490421153139323,795.6285810116678,0.4,2978,moderate_abatement,JUSTICE_GSA
0.011427349431440234,0.7959216265007854,1.490421153139323,899.4035932160914,0.4,2979,moderate_abatement,JUSTICE_GSA
0.007687979771755635,0.9610559912398458,0.9695169818587601,429.06939956359565,0.4,2980,moderate_abatement,JUSTICE_GSA
0.00480259049218148,0.9610559912398458,0.9695169818587601,429.06939956359565,0.4,2981,moderate_abatement,JUSTICE_GSA
0.007687979771755635,0.6102252937853336,0.9695169818587601,429.06939956359565,0.4,2982,moderate_abatement,JUSTICE_GSA
0.007687979771755635,0.9610559912398458,0.8852009130641818,429.06939956359565,0.4,2983,moderate_abatement,JUSTICE_GSA
0.007687979771755635,0.9610559912398458,0.9695169818587601,525.982961432077,0.4,2984,moderate_abatement,JUSTICE_GSA
0.007687979771755635,0.6102252937853336,0.8852009130641818,525.982961432077,0.4,2985,moderate_abatement,JUSTICE_GSA
0.00480259049218148,0.9610559912398458,0.8852009130641818,525.982961432077,0.4,2986,moderate_abatement,JUSTICE_GSA
0.00480259049218148,0.6102252937853336,0.9695169818587601,525.982961432077,0.4,2987,moderate_abatement,JUSTICE_GSA
0.00480259049218148,0.6102252937853336,0.8852009130641818,429.06939956359565,0.4,2988,moderate_abatement,JUSTICE_GSA
0.00480259049218148,0.6102252937853336,0.8852009130641818,525.982961432077,0.4,2989,moderate_abatement,JUSTICE_GSA
0.024963688420131802,1.1694658296182752,1.8769382582977414,642.7483530854806,0.4,2990,moderate_abatement,JUSTICE_GSA
0.01740943401120603,1.1694658296182752,1.8769382582977414,642.7483530854806,0.4,2991,moderate_abatement,JUSTICE_GSA
0.024963688420131802,1.0151725327596068,1.8769382582977414,642.7483530854806,0.4,2992,moderate_abatement,JUSTICE_GSA
0.024963688420131802,1.1694658296182752,1.8612639317288995,642.7483530854806,0.4,2993,moderate_abatement,JUSTICE_GSA
0.024963688420131802,1.1694658296182752,1.8769382582977414,174.2343638530001,0.4,2994,moderate_abatement,JUSTICE_GSA
0.024963688420131802,1.0151725327596068,1.8612639317288995,174.2343638530001,0.4,2995,moderate_abatement,JUSTICE_GSA
0.01740943401120603,1.1694658296182752,1.8612639317288995,174.2343638530001,0.4,2996,moderate_abatement,JUSTICE_GSA
0.01740943401120603,1.0151725327596068,1.8769382582977414,174.2343638530001,0.4,2997,moderate_abatement,JUSTICE_GSA
0.01740943401120603,1.0151725327596068,1.8612639317288995,642.7483530854806,0.4,2998,moderate_abatement,JUSTICE_GSA
0.01740943401120603,1.0151725327596068,1.8612639317288995,174.2343638530001,0.4,2999,moderate_abatement,JUSTICE_GSA
0.029546612586826084,0.7778388187289238,1.3321126368828118,606.5252732336521,0.4,3000,moderate_abatement,JUSTICE_GSA
0.02167343045398593,0.7778388187289238,1.3321126368828118,606.5252732336521,0.4,3001,moderate_abatement,JUSTICE_GSA
0.029546612586826084,1.3960802992805839,1.3321126368828118,606.5252732336521,0.4,3002,moderate_abatement,JUSTICE_GSA
0.029546612586826084,0.7778388187289238,1.0888684098608792,606.5252732336521,0.4,3003,moderate_abatement,JUSTICE_GSA
0.029546612586826084,0.7778388187289238,1.3321126368828118,727.2581462590024,0.4,3004,moderate_abatement,JUSTICE_GSA
0.029546612586826084,1.3960802992805839,1.0888684098608792,727.2581462590024,0.4,3005,moderate_abatement,JUSTICE_GSA
0.02167343045398593,0.7778388187289238,1.0888684098608792,727.2581462590024,0.4,3006,moderate_abatement,JUSTICE_GSA
0.02167343045398593,1.3960802992805839,1.3321126368828118,727.2581462590024,0.4,3007,moderate_abatement,JUSTICE_GSA
0.02167343045398593,1.3960802992805839,1.0888684098608792,606.5252732336521,0.4,3008,moderate_abatement,JUSTICE_GSA
0.02167343045398593,1.3960802992805839,1.0888684098608792,727.2581462590024,0.4,3009,moderate_abatement,JUSTICE_GSA
0.003207270019687712,1.102625772356987,0.8097534300759435,324.57227628398687,0.4,3010,moderate_abatement,JUSTICE_GSA
0.0018165376717224717,1.102625772356987,0.8097534300759435,324.57227628398687,0.4,3011,moderate_abatement,JUSTICE_GSA
0.003207270019687712,0.9792541228234768,0.8097534300759435,324.57227628398687,0.4,3012,moderate_abatement,JUSTICE_GSA
0.003207270019687712,1.102625772356987,1.7037158370949328,324.57227628398687,0.4,3013,moderate_abatement,JUSTICE_GSA
0.003207270019687712,1.102625772356987,0.8097534300759435,67.22505114693195,0.4,3014,moderate_abatement,JUSTICE_GSA
0.003207270019687712,0.9792541228234768,1.7037158370949328,67.22505114693195,0.4,3015,moderate_abatement,JUSTICE_GSA
0.0018165376717224717,1.102625772356987,1.7037158370949328,67.22505114693195,0.4,3016,moderate_abatement,JUSTICE_GSA
0.0018165376717224717,0.9792541228234768,0.8097534300759435,67.22505114693195,0.4,3017,moderate_abatement,JUSTICE_GSA
0.0018165376717224717,0.9792541228234768,1.7037158370949328,324.57227628398687,0.4,3018,moderate_abatement,JUSTICE_GSA
0.0018165376717224717,0.9792541228234768,1.7037158370949328,67.22505114693195,0.4,3019,moderate_abatement,JUSTICE_GSA
0.00870591499004513,0.6805679816752672,1.7927550664171576,956.9559390405193,0.4,3020,moderate_abatement,JUSTICE_GSA
0.014894778314977885,0.6805679816752672,1.7927550664171576,956.9559390405193,0.4,3021,moderate_abatement,JUSTICE_GSA
0.00870591499004513,0.6768546951934695,1.7927550664171576,956.9559390405193,0.4,3022,moderate_abatement,JUSTICE_GSA
0.00870591499004513,0.6805679816752672,0.7218011505901814,956.9559390405193,0.4,3023,moderate_abatement,JUSTICE_GSA
0.00870591499004513,0.6805679816752672,1.7927550664171576,439.1519211679697,0.4,3024,moderate_abatement,JUSTICE_GSA
0.00870591499004513,0.6768546951934695,0.7218011505901814,439.1519211679697,0.4,3025,moderate_abatement,JUSTICE_GSA
0.014894778314977885,0.6805679816752672,0.7218011505901814,439.1519211679697,0.4,3026,moderate_abatement,JUSTICE_GSA
0.014894778314977885,0.6768546951934695,1.7927550664171576,439.1519211679697,0.4,3027,moderate_abatement,JUSTICE_GSA
0.014894778314977885,0.6768546951934695,0.7218011505901814,956.9559390405193,0.4,3028,moderate_abatement,JUSTICE_GSA
0.014894778314977885,0.6768546951934695,0.7218011505901814,439.1519211679697,0.4,3029,moderate_abatement,JUSTICE_GSA
0.02054323862865567,1.4506289456039667,1.1005758889950812,239.92019000276923,0.4,3030,moderate_abatement,JUSTICE_GSA
0.02409613196644932,1.4506289456039667,1.1005758889950812,239.92019000276923,0.4,3031,moderate_abatement,JUSTICE_GSA
0.02054323862865567,1.1975665166974068,1.1005758889950812,239.92019000276923,0.4,3032,moderate_abatement,JUSTICE_GSA
0.02054323862865567,1.4506289456039667,1.3215380851179361,239.92019000276923,0.4,3033,moderate_abatement,JUSTICE_GSA
0.02054323862865567,1.4506289456039667,1.1005758889950812,854.222158389166,0.4,3034,moderate_abatement,JUSTICE_GSA
0.02054323862865567,1.1975665166974068,1.3215380851179361,854.222158389166,0.4,3035,moderate_abatement,JUSTICE_GSA
0.02409613196644932,1.4506289456039667,1.3215380851179361,854.222158389166,0.4,3036,moderate_abatement,JUSTICE_GSA
0.02409613196644932,1.1975665166974068,1.1005758889950812,854.222158389166,0.4,3037,moderate_abatement,JUSTICE_GSA
0.02409613196644932,1.1975665166974068,1.3215380851179361,239.92019000276923,0.4,3038,moderate_abatement,JUSTICE_GSA
0.02409613196644932,1.1975665166974068,1.3215380851179361,854.222158389166,0.4,3039,moderate_abatement,JUSTICE_GSA
0.01964236666727811,0.6372235184535384,1.5444946698844433,739.5083371307701,0.4,3040,moderate_abatement,JUSTICE_GSA
0.006813120799139142,0.6372235184535384,1.5444946698844433,739.5083371307701,0.4,3041,moderate_abatement,JUSTICE_GSA
0.01964236666727811,0.9679468553513288,1.5444946698844433,739.5083371307701,0.4,3042,moderate_abatement,JUSTICE_GSA
0.01964236666727811,0.6372235184535384,1.8108739415183663,739.5083371307701,0.4,3043,moderate_abatement,JUSTICE_GSA
0.01964236666727811,0.6372235184535384,1.5444946698844433,473.42564247734845,0.4,3044,moderate_abatement,JUSTICE_GSA
0.01964236666727811,0.9679468553513288,1.8108739415183663,473.42564247734845,0.4,3045,moderate_abatement,JUSTICE_GSA
0.006813120799139142,0.6372235184535384,1.8108739415183663,473.42564247734845,0.4,3046,moderate_abatement,JUSTICE_GSA
0.006813120799139142,0.9679468553513288,1.5444946698844433,473.42564247734845,0.4,3047,moderate_abatement,JUSTICE_GSA
0.006813120799139142,0.9679468553513288,1.8108739415183663,739.5083371307701,0.4,3048,moderate_abatement,JUSTICE_GSA
0.006813120799139142,0.9679468553513288,1.8108739415183663,473.42564247734845,0.4,3049,moderate_abatement,JUSTICE_GSA
0.009617515318095682,1.4932372411713004,0.5504555772058666,457.5574205359444,0.4,3050,moderate_abatement,JUSTICE_GSA
0.015738294362090528,1.4932372411713004,0.5504555772058666,457.5574205359444,0.4,3051,moderate_abatement,JUSTICE_GSA
0.009617515318095682,1.4067189814522862,0.5504555772058666,457.5574205359444,0.4,3052,moderate_abatement,JUSTICE_GSA
0.009617515318095682,1.4932372411713004,1.1934172613546252,457.5574205359444,0.4,3053,moderate_abatement,JUSTICE_GSA
0.009617515318095682,1.4932372411713004,0.5504555772058666,827.9945201724768,0.4,3054,moderate_abatement,JUSTICE_GSA
0.009617515318095682,1.4067189814522862,1.1934172613546252,827.9945201724768,0.4,3055,moderate_abatement,JUSTICE_GSA
0.015738294362090528,1.4932372411713004,1.1934172613546252,827.9945201724768,0.4,3056,moderate_abatement,JUSTICE_GSA
0.015738294362090528,1.4067189814522862,0.5504555772058666,827.9945201724768,0.4,3057,moderate_abatement,JUSTICE_GSA
0.015738294362090528,1.4067189814522862,1.1934172613546252,457.5574205359444,0.4,3058,moderate_abatement,JUSTICE_GSA
0.015738294362090528,1.4067189814522862,1.1934172613546252,827.9945201724768,0.4,3059,moderate_abatement,JUSTICE_GSA
0.004104633703827858,0.7899294765666127,1.8176371245644987,824.0899258060381,0.4,3060,moderate_abatement,JUSTICE_GSA
0.029946692476049065,0.7899294765666127,1.8176371245644987,824.0899258060381,0.4,3061,moderate_abatement,JUSTICE_GSA
0.004104633703827858,1.2496414575725794,1.8176371245644987,824.0899258060381,0.4,3062,moderate_abatement,JUSTICE_GSA
0.004104633703827858,0.7899294765666127,1.430962077807635,824.0899258060381,0.4,3063,moderate_abatement,JUSTICE_GSA
0.004104633703827858,0.7899294765666127,1.8176371245644987,700.786987436004,0.4,3064,moderate_abatement,JUSTICE_GSA
0.004104633703827858,1.2496414575725794,1.430962077807635,700.786987436004,0.4,3065,moderate_abatement,JUSTICE_GSA
0.029946692476049065,0.7899294765666127,1.430962077807635,700.786987436004,0.4,3066,moderate_abatement,JUSTICE_GSA
0.029946692476049065,1.2496414575725794,1.8176371245644987,700.786987436004,0.4,3067,moderate_abatement,JUSTICE_GSA
0.029946692476049065,1.2496414575725794,1.430962077807635,824.0899258060381,0.4,3068,moderate_abatement,JUSTICE_GSA
0.029946692476049065,1.2496414575725794,1.430962077807635,700.786987436004,0.4,3069,moderate_abatement,JUSTICE_GSA
0.028631448668427765,1.0912636714056134,1.028778100386262,107.06007544882596,0.4,3070,moderate_abatement,JUSTICE_GSA
0.009927014938555658,1.0912636714056134,1.028778100386262,107.06007544882596,0.4,3071,moderate_abatement,JUSTICE_GSA
0.028631448668427765,0.6259366208687425,1.028778100386262,107.06007544882596,0.4,3072,moderate_abatement,JUSTICE_GSA
0.028631448668427765,1.0912636714056134,0.8225734098814428,107.06007544882596,0.4,3073,moderate_abatement,JUSTICE_GSA
0.028631448668427765,1.0912636714056134,1.028778100386262,101.25569099467248,0.4,3074,moderate_abatement,JUSTICE_GSA
0.028631448668427765,0.6259366208687425,0.8225734098814428,101.25569099467248,0.4,3075,moderate_abatement,JUSTICE_GSA
0.009927014938555658,1.0912636714056134,0.8225734098814428,101.25569099467248,0.4,3076,moderate_abatement,JUSTICE_GSA
0.009927014938555658,0.6259366208687425,1.028778100386262,101.25569099467248,0.4,3077,moderate_abatement,JUSTICE_GSA
0.009927014938555658,0.6259366208687425,0.8225734098814428,107.06007544882596,0.4,3078,moderate_abatement,JUSTICE_GSA
0.009927014938555658,0.6259366208687425,0.8225734098814428,101.25569099467248,0.4,3079,moderate_abatement,JUSTICE_GSA
0.025878748248331248,0.980947695672512,0.8677327348850667,143.2735983217135,0.4,3080,moderate_abatement,JUSTICE_GSA
0.01282805485744029,0.980947695672512,0.8677327348850667,143.2735983217135,0.4,3081,moderate_abatement,JUSTICE_GSA
0.025878748248331248,0.7762869307771325,0.8677327348850667,143.2735983217135,0.4,3082,moderate_abatement,JUSTICE_GSA
0.025878748248331248,0.980947695672512,1.6008294019848108,143.2735983217135,0.4,3083,moderate_abatement,JUSTICE_GSA
0.025878748248331248,0.980947695672512,0.8677327348850667,562.1933144619688,0.4,3084,moderate_abatement,JUSTICE_GSA
0.025878748248331248,0.7762869307771325,1.6008294019848108,562.1933144619688,0.4,3085,moderate_abatement,JUSTICE_GSA
0.01282805485744029,0.980947695672512,1.6008294019848108,562.1933144619688,0.4,3086,moderate_abatement,JUSTICE_GSA
0.01282805485744029,0.7762869307771325,0.8677327348850667,562.1933144619688,0.4,3087,moderate_abatement,JUSTICE_GSA
0.01282805485744029,0.7762869307771325,1.6008294019848108,143.2735983217135,0.4,3088,moderate_abatement,JUSTICE_GSA
0.01282805485744029,0.7762869307771325,1.6008294019848108,562.1933144619688,0.4,3089,moderate_abatement,JUSTICE_GSA
0.006790511889383196,1.150310292840004,1.2740932274609804,928.6117900498211,0.4,3090,moderate_abatement,JUSTICE_GSA
0.025597793757915495,1.150310292840004,1.2740932274609804,928.6117900498211,0.4,3091,moderate_abatement,JUSTICE_GSA
0.006790511889383196,1.3493555057793856,1.2740932274609804,928.6117900498211,0.4,3092,moderate_abatement,JUSTICE_GSA
0.006790511889383196,1.150310292840004,0.6065860129892826,928.6117900498211,0.4,3093,moderate_abatement,JUSTICE_GSA
0.006790511889383196,1.150310292840004,1.2740932274609804,146.07104663643986,0.4,3094,moderate_abatement,JUSTICE_GSA
0.006790511889383196,1.3493555057793856,0.6065860129892826,146.07104663643986,0.4,3095,moderate_abatement,JUSTICE_GSA
0.025597793757915495,1.150310292840004,0.6065860129892826,146.07104663643986,0.4,3096,moderate_abatement,JUSTICE_GSA
0.025597793757915495,1.3493555057793856,1.2740932274609804,146.07104663643986,0.4,3097,moderate_abatement,JUSTICE_GSA
0.025597793757915495,1.3493555057793856,0.6065860129892826,928.6117900498211,0.4,3098,moderate_abatement,JUSTICE_GSA
0.025597793757915495,1.3493555057793856,0.6065860129892826,146.07104663643986,0.4,3099,moderate_abatement,JUSTICE_GSA
0.012374000689014793,0.5704139787703753,1.1350247748196125,296.2090728804469,0.4,3100,moderate_abatement,JUSTICE_GSA
0.019662457426078618,0.5704139787703753,1.1350247748196125,296.2090728804469,0.4,3101,moderate_abatement,JUSTICE_GSA
0.012374000689014793,1.057027836330235,1.1350247748196125,296.2090728804469,0.4,3102,moderate_abatement,JUSTICE_GSA
0.012374000689014793,0.5704139787703753,1.9678955883719027,296.2090728804469,0.4,3103,moderate_abatement,JUSTICE_GSA
0.012374000689014793,0.5704139787703753,1.1350247748196125,272.51653683558106,0.4,3104,moderate_abatement,JUSTICE_GSA
0.012374000689014793,1.057027836330235,1.9678955883719027,272.51653683558106,0.4,3105,moderate_abatement,JUSTICE_GSA
0.019662457426078618,0.5704139787703753,1.9678955883719027,272.51653683558106,0.4,3106,moderate_abatement,JUSTICE_GSA
0.019662457426078618,1.057027836330235,1.1350247748196125,272.51653683558106,0.4,3107,moderate_abatement,JUSTICE_GSA
0.019662457426078618,1.057027836330235,1.9678955883719027,296.2090728804469,0.4,3108,moderate_abatement,JUSTICE_GSA
0.019662457426078618,1.057027836330235,1.9678955883719027,272.51653683558106,0.4,3109,moderate_abatement,JUSTICE_GSA
0.016960660624317826,1.3101116213947535,1.7582661653868854,509.88249243516475,0.4,3110,moderate_abatement,JUSTICE_GSA
0.0034872345998883244,1.3101116213947535,1.7582661653868854,509.88249243516475,0.4,3111,moderate_abatement,JUSTICE_GSA
0.016960660624317826,0.5675736125558615,1.7582661653868854,509.88249243516475,0.4,3112,moderate_abatement,JUSTICE_GSA
0.016960660624317826,1.3101116213947535,0.9887655531056225,509.88249243516475,0.4,3113,moderate_abatement,JUSTICE_GSA
0.016960660624317826,1.3101116213947535,1.7582661653868854,935.3694431465119,0.4,3114,moderate_abatement,JUSTICE_GSA
0.016960660624317826,0.5675736125558615,0.9887655531056225,935.3694431465119,0.4,3115,moderate_abatement,JUSTICE_GSA
0.0034872345998883244,1.3101116213947535,0.9887655531056225,935.3694431465119,0.4,3116,moderate_abatement,JUSTICE_GSA
0.0034872345998883244,0.5675736125558615,1.7582661653868854,935.3694431465119,0.4,3117,moderate_abatement,JUSTICE_GSA
0.0034872345998883244,0.5675736125558615,0.9887655531056225,509.88249243516475,0.4,3118,moderate_abatement,JUSTICE_GSA
0.0034872345998883244,0.5675736125558615,0.9887655531056225,935.3694431465119,0.4,3119,moderate_abatement,JUSTICE_GSA
0.017813836506567895,0.8736582910642028,1.2080831401981413,979.8354266388342,0.4,3120,moderate_abatement,JUSTICE_GSA
0.018429236073978245,0.8736582910642028,1.2080831401981413,979.8354266388342,0.4,3121,moderate_abatement,JUSTICE_GSA
0.017813836506567895,0.6910745203495026,1.2080831401981413,979.8354266388342,0.4,3122,moderate_abatement,JUSTICE_GSA
0.017813836506567895,0.8736582910642028,1.455358763691038,979.8354266388342,0.4,3123,moderate_abatement,JUSTICE_GSA
0.017813836506567895,0.8736582910642028,1.2080831401981413,605.9374669268727,0.4,3124,moderate_abatement,JUSTICE_GSA
0.017813836506567895,0.6910745203495026,1.455358763691038,605.9374669268727,0.4,3125,moderate_abatement,JUSTICE_GSA
0.018429236073978245,0.8736582910642028,1.455358763691038,605.9374669268727,0.4,3126,moderate_abatement,JUSTICE_GSA
0.018429236073978245,0.6910745203495026,1.2080831401981413,605.9374669268727,0.4,3127,moderate_abatement,JUSTICE_GSA
0.018429236073978245,0.6910745203495026,1.455358763691038,979.8354266388342,0.4,3128,moderate_abatement,JUSTICE_GSA
0.018429236073978245,0.6910745203495026,1.455358763691038,605.9374669268727,0.4,3129,moderate_abatement,JUSTICE_GSA
0.015152957821264863,1.0109528889879584,1.6368622398003936,200.33359970338643,0.4,3130,moderate_abatement,JUSTICE_GSA
0.005595830865204334,1.0109528889879584,1.6368622398003936,200.33359970338643,0.4,3131,moderate_abatement,JUSTICE_GSA
0.015152957821264863,1.1845648167654872,1.6368622398003936,200.33359970338643,0.4,3132,moderate_abatement,JUSTICE_GSA
0.015152957821264863,1.0109528889879584,0.5637989300303161,200.33359970338643,0.4,3133,moderate_abatement,JUSTICE_GSA
0.015152957821264863,1.0109528889879584,1.6368622398003936,195.7374892476946,0.4,3134,moderate_abatement,JUSTICE_GSA
0.015152957821264863,1.1845648167654872,0.5637989300303161,195.7374892476946,0.4,3135,moderate_abatement,JUSTICE_GSA
0.005595830865204334,1.0109528889879584,0.5637989300303161,195.7374892476946,0.4,3136,moderate_abatement,JUSTICE_GSA
0.005595830865204334,1.1845648167654872,1.6368622398003936,195.7374892476946,0.4,3137,moderate_abatement,JUSTICE_GSA
0.005595830865204334,1.1845648167654872,0.5637989300303161,200.33359970338643,0.4,3138,moderate_abatement,JUSTICE_GSA
0.005595830865204334,1.1845648167654872,0.5637989300303161,195.7374892476946,0.4,3139,moderate_abatement,JUSTICE_GSA
0.005937396289780736,0.7136509539559484,0.7488922970369458,582.5480579342693,0.4,3140,moderate_abatement,JUSTICE_GSA
0.01063464976567775,0.7136509539559484,0.7488922970369458,582.5480579342693,0.4,3141,moderate_abatement,JUSTICE_GSA
0.005937396289780736,1.4718265123665333,0.7488922970369458,582.5480579342693,0.4,3142,moderate_abatement,JUSTICE_GSA
0.005937396289780736,0.7136509539559484,1.8262082925066352,582.5480579342693,0.4,3143,moderate_abatement,JUSTICE_GSA
0.005937396289780736,0.7136509539559484,0.7488922970369458,318.432745362632,0.4,3144,moderate_abatement,JUSTICE_GSA
0.005937396289780736,1.4718265123665333,1.8262082925066352,318.432745362632,0.4,3145,moderate_abatement,JUSTICE_GSA
0.01063464976567775,0.7136509539559484,1.8262082925066352,318.432745362632,0.4,3146,moderate_abatement,JUSTICE_GSA
0.01063464976567775,1.4718265123665333,0.7488922970369458,318.432745362632,0.4,3147,moderate_abatement,JUSTICE_GSA
0.01063464976567775,1.4718265123665333,1.8262082925066352,582.5480579342693,0.4,3148,moderate_abatement,JUSTICE_GSA
0.01063464976567775,1.4718265123665333,1.8262082925066352,318.432745362632,0.4,3149,moderate_abatement,JUSTICE_GSA
0.023099851398728787,1.4212042735889554,1.3475177926011384,363.06113888230175,0.4,3150,moderate_abatement,JUSTICE_GSA
0.02685937690734863,1.4212042735889554,1.3475177926011384,363.06113888230175,0.4,3151,moderate_abatement,JUSTICE_GSA
0.023099851398728787,0.9027785127982497,1.3475177926011384,363.06113888230175,0.4,3152,moderate_abatement,JUSTICE_GSA
0.023099851398728787,1.4212042735889554,0.9437050269916654,363.06113888230175,0.4,3153,moderate_abatement,JUSTICE_GSA
0.023099851398728787,1.4212042735889554,1.3475177926011384,983.351328660734,0.4,3154,moderate_abatement,JUSTICE_GSA
0.023099851398728787,0.9027785127982497,0.9437050269916654,983.351328660734,0.4,3155,moderate_abatement,JUSTICE_GSA
0.02685937690734863,1.4212042735889554,0.9437050269916654,983.351328660734,0.4,3156,moderate_abatement,JUSTICE_GSA
0.02685937690734863,0.9027785127982497,1.3475177926011384,983.351328660734,0.4,3157,moderate_abatement,JUSTICE_GSA
0.02685937690734863,0.9027785127982497,0.9437050269916654,363.06113888230175,0.4,3158,moderate_abatement,JUSTICE_GSA
0.02685937690734863,0.9027785127982497,0.9437050269916654,983.351328660734,0.4,3159,moderate_abatement,JUSTICE_GSA
0.027665048577822746,0.5296386554837227,1.9317082734778523,389.7576356753707,0.4,3160,moderate_abatement,JUSTICE_GSA
0.02307688541151583,0.5296386554837227,1.9317082734778523,389.7576356753707,0.4,3161,moderate_abatement,JUSTICE_GSA
0.027665048577822746,0.5062810471281409,1.9317082734778523,389.7576356753707,0.4,3162,moderate_abatement,JUSTICE_GSA
0.027665048577822746,0.5296386554837227,1.6684716609306633,389.7576356753707,0.4,3163,moderate_abatement,JUSTICE_GSA
0.027665048577822746,0.5296386554837227,1.9317082734778523,429.344345995225,0.4,3164,moderate_abatement,JUSTICE_GSA
0.027665048577822746,0.5062810471281409,1.6684716609306633,429.344345995225,0.4,3165,moderate_abatement,JUSTICE_GSA
0.02307688541151583,0.5296386554837227,1.6684716609306633,429.344345995225,0.4,3166,moderate_abatement,JUSTICE_GSA
0.02307688541151583,0.5062810471281409,1.9317082734778523,429.344345995225,0.4,3167,moderate_abatement,JUSTICE_GSA
0.02307688541151583,0.5062810471281409,1.6684716609306633,389.7576356753707,0.4,3168,moderate_abatement,JUSTICE_GSA
0.02307688541151583,0.5062810471281409,1.6684716609306633,429.344345995225,0.4,3169,moderate_abatement,JUSTICE_GSA
0.0014390148632228376,1.355281412601471,0.9601113912649453,665.8417004169896,0.4,3170,moderate_abatement,JUSTICE_GSA
0.014102095178328455,1.355281412601471,0.9601113912649453,665.8417004169896,0.4,3171,moderate_abatement,JUSTICE_GSA
0.0014390148632228376,1.1183816902339458,0.9601113912649453,665.8417004169896,0.4,3172,moderate_abatement,JUSTICE_GSA
0.0014390148632228376,1.355281412601471,1.1475616418756545,665.8417004169896,0.4,3173,moderate_abatement,JUSTICE_GSA
0.0014390148632228376,1.355281412601471,0.9601113912649453,778.1738559072837,0.4,3174,moderate_abatement,JUSTICE_GSA
0.0014390148632228376,1.1183816902339458,1.1475616418756545,778.1738559072837,0.4,3175,moderate_abatement,JUSTICE_GSA
0.014102095178328455,1.355281412601471,1.1475616418756545,778.1738559072837,0.4,3176,moderate_abatement,JUSTICE_GSA
0.014102095178328455,1.1183816902339458,0.9601113912649453,778.1738559072837,0.4,3177,moderate_abatement,JUSTICE_GSA
0.014102095178328455,1.1183816902339458,1.1475616418756545,665.8417004169896,0.4,3178,moderate_abatement,JUSTICE_GSA
0.014102095178328455,1.1183816902339458,1.1475616418756545,778.1738559072837,0.4,3179,moderate_abatement,JUSTICE_GSA
0.010583969209343194,0.9318792689591646,1.4783914485014975,48.991381087340415,0.4,3180,moderate_abatement,JUSTICE_GSA
0.002609789388254285,0.9318792689591646,1.4783914485014975,48.991381087340415,0.4,3181,moderate_abatement,JUSTICE_GSA
0.010583969209343194,1.2879714770242572,1.4783914485014975,48.991381087340415,0.4,3182,moderate_abatement,JUSTICE_GSA
0.010583969209343194,0.9318792689591646,1.2862977981567383,48.991381087340415,0.4,3183,moderate_abatement,JUSTICE_GSA
0.010583969209343194,0.9318792689591646,1.4783914485014975,655.021189680323,0.4,3184,moderate_abatement,JUSTICE_GSA
0.010583969209343194,1.2879714770242572,1.2862977981567383,655.021189680323,0.4,3185,moderate_abatement,JUSTICE_GSA
0.002609789388254285,0.9318792689591646,1.2862977981567383,655.021189680323,0.4,3186,moderate_abatement,JUSTICE_GSA
0.002609789388254285,1.2879714770242572,1.4783914485014975,655.021189680323,0.4,3187,moderate_abatement,JUSTICE_GSA
0.002609789388254285,1.2879714770242572,1.2862977981567383,48.991381087340415,0.4,3188,moderate_abatement,JUSTICE_GSA
0.002609789388254285,1.2879714770242572,1.2862977981567383,655.021189680323,0.4,3189,moderate_abatement,JUSTICE_GSA
0.02230803930852562,1.2027967516332865,0.6648929258808494,771.9261921234429,0.4,3190,moderate_abatement,JUSTICE_GSA
0.022693242131732405,1.2027967516332865,0.6648929258808494,771.9261921234429,0.4,3191,moderate_abatement,JUSTICE_GSA
0.02230803930852562,0.8376101776957512,0.6648929258808494,771.9261921234429,0.4,3192,moderate_abatement,JUSTICE_GSA
0.02230803930852562,1.2027967516332865,0.7804896887391806,771.9261921234429,0.4,3193,moderate_abatement,JUSTICE_GSA
0.02230803930852562,1.2027967516332865,0.6648929258808494,53.607138615101576,0.4,3194,moderate_abatement,JUSTICE_GSA
0.02230803930852562,0.8376101776957512,0.7804896887391806,53.607138615101576,0.4,3195,moderate_abatement,JUSTICE_GSA
0.022693242131732405,1.2027967516332865,0.7804896887391806,53.607138615101576,0.4,3196,moderate_abatement,JUSTICE_GSA
0.022693242131732405,0.8376101776957512,0.6648929258808494,53.607138615101576,0.4,3197,moderate_abatement,JUSTICE_GSA
0.022693242131732405,0.8376101776957512,0.7804896887391806,771.9261921234429,0.4,3198,moderate_abatement,JUSTICE_GSA
0.022693242131732405,0.8376101776957512,0.7804896887391806,53.607138615101576,0.4,3199,moderate_abatement,JUSTICE_GSA
0.022681505219079554,0.8164874063804746,1.5022115027531981,192.24492795113474,0.4,3200,moderate_abatement,JUSTICE_GSA
0.028787539943121374,0.8164874063804746,1.5022115027531981,192.24492795113474,0.4,3201,moderate_abatement,JUSTICE_GSA
0.022681505219079554,0.591425190679729,1.5022115027531981,192.24492795113474,0.4,3202,moderate_abatement,JUSTICE_GSA
0.022681505219079554,0.8164874063804746,0.6662106630392373,192.24492795113474,0.4,3203,moderate_abatement,JUSTICE_GSA
0.022681505219079554,0.8164874063804746,1.5022115027531981,106.49162779282779,0.4,3204,moderate_abatement,JUSTICE_GSA
0.022681505219079554,0.591425190679729,0.6662106630392373,106.49162779282779,0.4,3205,moderate_abatement,JUSTICE_GSA
0.028787539943121374,0.8164874063804746,0.6662106630392373,106.49162779282779,0.4,3206,moderate_abatement,JUSTICE_GSA
0.028787539943121374,0.591425190679729,1.5022115027531981,106.49162779282779,0.4,3207,moderate_abatement,JUSTICE_GSA
0.028787539943121374,0.591425190679729,0.6662106630392373,192.24492795113474,0.4,3208,moderate_abatement,JUSTICE_GSA
0.028787539943121374,0.591425190679729,0.6662106630392373,106.49162779282779,0.4,3209,moderate_abatement,JUSTICE_GSA
0.010957462776452303,1.048348349519074,0.604497688356787,971.7123359926045,0.4,3210,moderate_abatement,JUSTICE_GSA
0.008705937596037983,1.048348349519074,0.604497688356787,971.7123359926045,0.4,3211,moderate_abatement,JUSTICE_GSA
0.010957462776452303,1.0339701995253563,0.604497688356787,971.7123359926045,0.4,3212,moderate_abatement,JUSTICE_GSA
0.010957462776452303,1.048348349519074,1.5646426849998534,971.7123359926045,0.4,3213,moderate_abatement,JUSTICE_GSA
0.010957462776452303,1.048348349519074,0.604497688356787,695.3067075656727,0.4,3214,moderate_abatement,JUSTICE_GSA
0.010957462776452303,1.0339701995253563,1.5646426849998534,695.3067075656727,0.4,3215,moderate_abatement,JUSTICE_GSA
0.008705937596037983,1.048348349519074,1.5646426849998534,695.3067075656727,0.4,3216,moderate_abatement,JUSTICE_GSA
0.008705937596037983,1.0339701995253563,0.604497688356787,695.3067075656727,0.4,3217,moderate_abatement,JUSTICE_GSA
0.008705937596037983,1.0339701995253563,1.5646426849998534,971.7123359926045,0.4,3218,moderate_abatement,JUSTICE_GSA
0.008705937596037983,1.0339701995253563,1.5646426849998534,695.3067075656727,0.4,3219,moderate_abatement,JUSTICE_GSA
0.0010690587423741818,0.7191860964521766,1.9628656250424683,371.03152441233397,0.4,3220,moderate_abatement,JUSTICE_GSA
0.007525758302770555,0.7191860964521766,1.9628656250424683,371.03152441233397,0.4,3221,moderate_abatement,JUSTICE_GSA
0.0010690587423741818,1.37213861849159,1.9628656250424683,371.03152441233397,0.4,3222,moderate_abatement,JUSTICE_GSA
0.0010690587423741818,0.7191860964521766,1.0450925081968307,371.03152441233397,0.4,3223,moderate_abatement,JUSTICE_GSA
0.0010690587423741818,0.7191860964521766,1.9628656250424683,817.8806685730815,0.4,3224,moderate_abatement,JUSTICE_GSA
0.0010690587423741818,1.37213861849159,1.0450925081968307,817.8806685730815,0.4,3225,moderate_abatement,JUSTICE_GSA
0.007525758302770555,0.7191860964521766,1.0450925081968307,817.8806685730815,0.4,3226,moderate_abatement,JUSTICE_GSA
0.007525758302770555,1.37213861849159,1.9628656250424683,817.8806685730815,0.4,3227,moderate_abatement,JUSTICE_GSA
0.007525758302770555,1.37213861849159,1.0450925081968307,371.03152441233397,0.4,3228,moderate_abatement,JUSTICE_GSA
0.007525758302770555,1.37213861849159,1.0450925081968307,817.8806685730815,0.4,3229,moderate_abatement,JUSTICE_GSA
0.027295120113529265,1.3963820552453399,0.8953082757070661,590.5450024129823,0.4,3230,moderate_abatement,JUSTICE_GSA
0.016498751724138856,1.3963820552453399,0.8953082757070661,590.5450024129823,0.4,3231,moderate_abatement,JUSTICE_GSA
0.027295120113529265,0.7522216252982616,0.8953082757070661,590.5450024129823,0.4,3232,moderate_abatement,JUSTICE_GSA
0.027295120113529265,1.3963820552453399,1.935005834326148,590.5450024129823,0.4,3233,moderate_abatement,JUSTICE_GSA
0.027295120113529265,1.3963820552453399,0.8953082757070661,483.7838371489197,0.4,3234,moderate_abatement,JUSTICE_GSA
0.027295120113529265,0.7522216252982616,1.935005834326148,483.7838371489197,0.4,3235,moderate_abatement,JUSTICE_GSA
0.016498751724138856,1.3963820552453399,1.935005834326148,483.7838371489197,0.4,3236,moderate_abatement,JUSTICE_GSA
0.016498751724138856,0.7522216252982616,0.8953082757070661,483.7838371489197,0.4,3237,moderate_abatement,JUSTICE_GSA
0.016498751724138856,0.7522216252982616,1.935005834326148,590.5450024129823,0.4,3238,moderate_abatement,JUSTICE_GSA
0.016498751724138856,0.7522216252982616,1.935005834326148,483.7838371489197,0.4,3239,moderate_abatement,JUSTICE_GSA
0.02279715688433498,0.5360588077455759,0.7317113694734871,657.7492456939071,0.4,3240,moderate_abatement,JUSTICE_GSA
0.020762761995196343,0.5360588077455759,0.7317113694734871,657.7492456939071,0.4,3241,moderate_abatement,JUSTICE_GSA
0.02279715688433498,0.6487772949039936,0.7317113694734871,657.7492456939071,0.4,3242,moderate_abatement,JUSTICE_GSA
0.02279715688433498,0.5360588077455759,1.204471682664007,657.7492456939071,0.4,3243,moderate_abatement,JUSTICE_GSA
0.02279715688433498,0.5360588077455759,0.7317113694734871,928.9140388127416,0.4,3244,moderate_abatement,JUSTICE_GSA
0.02279715688433498,0.6487772949039936,1.204471682664007,928.9140388127416,0.4,3245,moderate_abatement,JUSTICE_GSA
0.020762761995196343,0.5360588077455759,1.204471682664007,928.9140388127416,0.4,3246,moderate_abatement,JUSTICE_GSA
0.020762761995196343,0.6487772949039936,0.7317113694734871,928.9140388127416,0.4,3247,moderate_abatement,JUSTICE_GSA
0.020762761995196343,0.6487772949039936,1.204471682664007,657.7492456939071,0.4,3248,moderate_abatement,JUSTICE_GSA
0.020762761995196343,0.6487772949039936,1.204471682664007,928.9140388127416,0.4,3249,moderate_abatement,JUSTICE_GSA
0.005634729431942105,1.3295741844922304,1.4218735368922353,381.63838754501194,0.4,3250,moderate_abatement,JUSTICE_GSA
0.0045397193105891345,1.3295741844922304,1.4218735368922353,381.63838754501194,0.4,3251,moderate_abatement,JUSTICE_GSA
0.005634729431942105,1.2256415849551558,1.4218735368922353,381.63838754501194,0.4,3252,moderate_abatement,JUSTICE_GSA
0.005634729431942105,1.3295741844922304,1.7295073079876602,381.63838754501194,0.4,3253,moderate_abatement,JUSTICE_GSA
0.005634729431942105,1.3295741844922304,1.4218735368922353,278.7284912727773,0.4,3254,moderate_abatement,JUSTICE_GSA
0.005634729431942105,1.2256415849551558,1.7295073079876602,278.7284912727773,0.4,3255,moderate_abatement,JUSTICE_GSA
0.0045397193105891345,1.3295741844922304,1.7295073079876602,278.7284912727773,0.4,3256,moderate_abatement,JUSTICE_GSA
0.0045397193105891345,1.2256415849551558,1.4218735368922353,278.7284912727773,0.4,3257,moderate_abatement,JUSTICE_GSA
0.0045397193105891345,1.2256415849551558,1.7295073079876602,381.63838754501194,0.4,3258,moderate_abatement,JUSTICE_GSA
0.0045397193105891345,1.2256415849551558,1.7295073079876602,278.7284912727773,0.4,3259,moderate_abatement,JUSTICE_GSA
0.015452083775773645,0.8755323588848114,1.1864914735779166,779.8927984042093,0.4,3260,moderate_abatement,JUSTICE_GSA
0.01217338030785322,0.8755323588848114,1.1864914735779166,779.8927984042093,0.4,3261,moderate_abatement,JUSTICE_GSA
0.015452083775773645,1.4305053353309631,1.1864914735779166,779.8927984042093,0.4,3262,moderate_abatement,JUSTICE_GSA
0.015452083775773645,0.8755323588848114,0.8361923834308982,779.8927984042093,0.4,3263,moderate_abatement,JUSTICE_GSA
0.015452083775773645,0.8755323588848114,1.1864914735779166,155.45322366897017,0.4,3264,moderate_abatement,JUSTICE_GSA
0.015452083775773645,1.4305053353309631,0.8361923834308982,155.45322366897017,0.4,3265,moderate_abatement,JUSTICE_GSA
0.01217338030785322,0.8755323588848114,0.8361923834308982,155.45322366897017,0.4,3266,moderate_abatement,JUSTICE_GSA
0.01217338030785322,1.4305053353309631,1.1864914735779166,155.45322366897017,0.4,3267,moderate_abatement,JUSTICE_GSA
0.01217338030785322,1.4305053353309631,0.8361923834308982,779.8927984042093,0.4,3268,moderate_abatement,JUSTICE_GSA
0.01217338030785322,1.4305053353309631,0.8361923834308982,155.45322366897017,0.4,3269,moderate_abatement,JUSTICE_GSA
0.01811299011763185,1.239368237555027,1.718558142427355,56.99216436035931,0.4,3270,moderate_abatement,JUSTICE_GSA
0.025005044017918407,1.239368237555027,1.718558142427355,56.99216436035931,0.4,3271,moderate_abatement,JUSTICE_GSA
0.01811299011763185,0.944831389002502,1.718558142427355,56.99216436035931,0.4,3272,moderate_abatement,JUSTICE_GSA
0.01811299011763185,1.239368237555027,1.3470301823690534,56.99216436035931,0.4,3273,moderate_abatement,JUSTICE_GSA
0.01811299011763185,1.239368237555027,1.718558142427355,553.0545873260126,0.4,3274,moderate_abatement,JUSTICE_GSA
0.01811299011763185,0.944831389002502,1.3470301823690534,553.0545873260126,0.4,3275,moderate_abatement,JUSTICE_GSA
0.025005044017918407,1.239368237555027,1.3470301823690534,553.0545873260126,0.4,3276,moderate_abatement,JUSTICE_GSA
0.025005044017918407,0.944831389002502,1.718558142427355,553.0545873260126,0.4,3277,moderate_abatement,JUSTICE_GSA
0.025005044017918407,0.944831389002502,1.3470301823690534,56.99216436035931,0.4,3278,moderate_abatement,JUSTICE_GSA
0.025005044017918407,0.944831389002502,1.3470301823690534,553.0545873260126,0.4,3279,moderate_abatement,JUSTICE_GSA
0.017266882213763893,0.6779225366190076,1.0716893444769084,465.0668083652854,0.4,3280,moderate_abatement,JUSTICE_GSA
0.011849976651370525,0.6779225366190076,1.0716893444769084,465.0668083652854,0.4,3281,moderate_abatement,JUSTICE_GSA
0.017266882213763893,0.8135793106630445,1.0716893444769084,465.0668083652854,0.4,3282,moderate_abatement,JUSTICE_GSA
0.017266882213763893,0.6779225366190076,1.067842686548829,465.0668083652854,0.4,3283,moderate_abatement,JUSTICE_GSA
0.017266882213763893,0.6779225366190076,1.0716893444769084,972.7344703348354,0.4,3284,moderate_abatement,JUSTICE_GSA
0.017266882213763893,0.8135793106630445,1.067842686548829,972.7344703348354,0.4,3285,moderate_abatement,JUSTICE_GSA
0.011849976651370525,0.6779225366190076,1.067842686548829,972.7344703348354,0.4,3286,moderate_abatement,JUSTICE_GSA
0.011849976651370525,0.8135793106630445,1.0716893444769084,972.7344703348354,0.4,3287,moderate_abatement,JUSTICE_GSA
0.011849976651370525,0.8135793106630445,1.067842686548829,465.0668083652854,0.4,3288,moderate_abatement,JUSTICE_GSA
0.011849976651370525,0.8135793106630445,1.067842686548829,972.7344703348354,0.4,3289,moderate_abatement,JUSTICE_GSA
0.012680194621905682,1.4410636397078633,1.7850261442363262,746.9911697329953,0.4,3290,moderate_abatement,JUSTICE_GSA
0.028023402665741742,1.4410636397078633,1.7850261442363262,746.9911697329953,0.4,3291,moderate_abatement,JUSTICE_GSA
0.012680194621905682,1.3108421918004751,1.7850261442363262,746.9911697329953,0.4,3292,moderate_abatement,JUSTICE_GSA
0.012680194621905682,1.4410636397078633,1.6778778620064259,746.9911697329953,0.4,3293,moderate_abatement,JUSTICE_GSA
0.012680194621905682,1.4410636397078633,1.7850261442363262,328.31842036824673,0.4,3294,moderate_abatement,JUSTICE_GSA
0.012680194621905682,1.3108421918004751,1.6778778620064259,328.31842036824673,0.4,3295,moderate_abatement,JUSTICE_GSA
0.028023402665741742,1.4410636397078633,1.6778778620064259,328.31842036824673,0.4,3296,moderate_abatement,JUSTICE_GSA
0.028023402665741742,1.3108421918004751,1.7850261442363262,328.31842036824673,0.4,3297,moderate_abatement,JUSTICE_GSA
0.028023402665741742,1.3108421918004751,1.6778778620064259,746.9911697329953,0.4,3298,moderate_abatement,JUSTICE_GSA
0.028023402665741742,1.3108421918004751,1.6778778620064259,328.31842036824673,0.4,3299,moderate_abatement,JUSTICE_GSA
0.006480780510231852,0.7679072162136436,0.8000104371458292,99.4250178122893,0.4,3300,moderate_abatement,JUSTICE_GSA
0.01765948389470577,0.7679072162136436,0.8000104371458292,99.4250178122893,0.4,3301,moderate_abatement,JUSTICE_GSA
0.006480780510231852,1.0952972183004022,0.8000104371458292,99.4250178122893,0.4,3302,moderate_abatement,JUSTICE_GSA
0.006480780510231852,0.7679072162136436,0.6974737704731524,99.4250178122893,0.4,3303,moderate_abatement,JUSTICE_GSA
0.006480780510231852,0.7679072162136436,0.8000104371458292,201.4764327723533,0.4,3304,moderate_abatement,JUSTICE_GSA
0.006480780510231852,1.0952972183004022,0.6974737704731524,201.4764327723533,0.4,3305,moderate_abatement,JUSTICE_GSA
0.01765948389470577,0.7679072162136436,0.6974737704731524,201.4764327723533,0.4,3306,moderate_abatement,JUSTICE_GSA
0.01765948389470577,1.0952972183004022,0.8000104371458292,201.4764327723533,0.4,3307,moderate_abatement,JUSTICE_GSA
0.01765948389470577,1.0952972183004022,0.6974737704731524,99.4250178122893,0.4,3308,moderate_abatement,JUSTICE_GSA
0.01765948389470577,1.0952972183004022,0.6974737704731524,201.4764327723533,0.4,3309,moderate_abatement,JUSTICE_GSA
0.025568989212624727,1.1013230150565505,1.3081700294278562,816.4892833419144,0.4,3310,moderate_abatement,JUSTICE_GSA
0.004891595390625298,1.1013230150565505,1.3081700294278562,816.4892833419144,0.4,3311,moderate_abatement,JUSTICE_GSA
0.025568989212624727,0.530037360265851,1.3081700294278562,816.4892833419144,0.4,3312,moderate_abatement,JUSTICE_GSA
0.025568989212624727,1.1013230150565505,1.2990016941912472,816.4892833419144,0.4,3313,moderate_abatement,JUSTICE_GSA
0.025568989212624727,1.1013230150565505,1.3081700294278562,600.9297067224979,0.4,3314,moderate_abatement,JUSTICE_GSA
0.025568989212624727,0.530037360265851,1.2990016941912472,600.9297067224979,0.4,3315,moderate_abatement,JUSTICE_GSA
0.004891595390625298,1.1013230150565505,1.2990016941912472,600.9297067224979,0.4,3316,moderate_abatement,JUSTICE_GSA
0.004891595390625298,0.530037360265851,1.3081700294278562,600.9297067224979,0.4,3317,moderate_abatement,JUSTICE_GSA
0.004891595390625298,0.530037360265851,1.2990016941912472,816.4892833419144,0.4,3318,moderate_abatement,JUSTICE_GSA
0.004891595390625298,0.530037360265851,1.2990016941912472,600.9297067224979,0.4,3319,moderate_abatement,JUSTICE_GSA
0.02825445568282157,0.9597494099289179,1.889076279476285,936.1250203950331,0.4,3320,moderate_abatement,JUSTICE_GSA
0.0015657136207446456,0.9597494099289179,1.889076279476285,936.1250203950331,0.4,3321,moderate_abatement,JUSTICE_GSA
0.02825445568282157,0.8797509167343378,1.889076279476285,936.1250203950331,0.4,3322,moderate_abatement,JUSTICE_GSA
0.02825445568282157,0.9597494099289179,0.5266962358728051,936.1250203950331,0.4,3323,moderate_abatement,JUSTICE_GSA
0.02825445568282157,0.9597494099289179,1.889076279476285,62.516736436635256,0.4,3324,moderate_abatement,JUSTICE_GSA
0.02825445568282157,0.8797509167343378,0.5266962358728051,62.516736436635256,0.4,3325,moderate_abatement,JUSTICE_GSA
0.0015657136207446456,0.9597494099289179,0.5266962358728051,62.516736436635256,0.4,3326,moderate_abatement,JUSTICE_GSA
0.0015657136207446456,0.8797509167343378,1.889076279476285,62.516736436635256,0.4,3327,moderate_abatement,JUSTICE_GSA
0.0015657136207446456,0.8797509167343378,0.5266962358728051,936.1250203950331,0.4,3328,moderate_abatement,JUSTICE_GSA
0.0015657136207446456,0.8797509167343378,0.5266962358728051,62.516736436635256,0.4,3329,moderate_abatement,JUSTICE_GSA
0.0037276130616664886,1.159545661881566,1.0145134939812124,150.75264795310795,0.4,3330,moderate_abatement,JUSTICE_GSA
0.021583649659529327,1.159545661881566,1.0145134939812124,150.75264795310795,0.4,3331,moderate_abatement,JUSTICE_GSA
0.0037276130616664886,1.4956470960751176,1.0145134939812124,150.75264795310795,0.4,3332,moderate_abatement,JUSTICE_GSA
0.0037276130616664886,1.159545661881566,1.515898491255939,150.75264795310795,0.4,3333,moderate_abatement,JUSTICE_GSA
0.0037276130616664886,1.159545661881566,1.0145134939812124,645.3793962728232,0.4,3334,moderate_abatement,JUSTICE_GSA
0.0037276130616664886,1.4956470960751176,1.515898491255939,645.3793962728232,0.4,3335,moderate_abatement,JUSTICE_GSA
0.021583649659529327,1.159545661881566,1.515898491255939,645.3793962728232,0.4,3336,moderate_abatement,JUSTICE_GSA
0.021583649659529327,1.4956470960751176,1.0145134939812124,645.3793962728232,0.4,3337,moderate_abatement,JUSTICE_GSA
0.021583649659529327,1.4956470960751176,1.515898491255939,150.75264795310795,0.4,3338,moderate_abatement,JUSTICE_GSA
0.021583649659529327,1.4956470960751176,1.515898491255939,645.3793962728232,0.4,3339,moderate_abatement,JUSTICE_GSA
0.009998076863586901,0.6119980067014694,1.6232477868907154,502.251273592934,0.4,3340,moderate_abatement,JUSTICE_GSA
0.02367450146283954,0.6119980067014694,1.6232477868907154,502.251273592934,0.4,3341,moderate_abatement,JUSTICE_GSA
0.009998076863586901,1.1604694705456495,1.6232477868907154,502.251273592934,0.4,3342,moderate_abatement,JUSTICE_GSA
0.009998076863586901,0.6119980067014694,0.9091675947420299,502.251273592934,0.4,3343,moderate_abatement,JUSTICE_GSA
0.009998076863586901,0.6119980067014694,1.6232477868907154,772.1910307845101,0.4,3344,moderate_abatement,JUSTICE_GSA
0.009998076863586901,1.1604694705456495,0.9091675947420299,772.1910307845101,0.4,3345,moderate_abatement,JUSTICE_GSA
0.02367450146283954,0.6119980067014694,0.9091675947420299,772.1910307845101,0.4,3346,moderate_abatement,JUSTICE_GSA
0.02367450146283954,1.1604694705456495,1.6232477868907154,772.1910307845101,0.4,3347,moderate_abatement,JUSTICE_GSA
0.02367450146283954,1.1604694705456495,0.9091675947420299,502.251273592934,0.4,3348,moderate_abatement,JUSTICE_GSA
0.02367450146283954,1.1604694705456495,0.9091675947420299,772.1910307845101,0.4,3349,moderate_abatement,JUSTICE_GSA
0.020022900556214154,1.2570530101656914,0.5318069644272327,288.60465116705745,0.4,3350,moderate_abatement,JUSTICE_GSA
0.014751012356951834,1.2570530101656914,0.5318069644272327,288.60465116705745,0.4,3351,moderate_abatement,JUSTICE_GSA
0.020022900556214154,0.7138886274769902,0.5318069644272327,288.60465116705745,0.4,3352,moderate_abatement,JUSTICE_GSA
0.020022900556214154,1.2570530101656914,1.8841834678314626,288.60465116705745,0.4,3353,moderate_abatement,JUSTICE_GSA
0.020022900556214154,1.2570530101656914,0.5318069644272327,436.05936670396477,0.4,3354,moderate_abatement,JUSTICE_GSA
0.020022900556214154,0.7138886274769902,1.8841834678314626,436.05936670396477,0.4,3355,moderate_abatement,JUSTICE_GSA
0.014751012356951834,1.2570530101656914,1.8841834678314626,436.05936670396477,0.4,3356,moderate_abatement,JUSTICE_GSA
0.014751012356951834,0.7138886274769902,0.5318069644272327,436.05936670396477,0.4,3357,moderate_abatement,JUSTICE_GSA
0.014751012356951834,0.7138886274769902,1.8841834678314626,288.60465116705745,0.4,3358,moderate_abatement,JUSTICE_GSA
0.014751012356951834,0.7138886274769902,1.8841834678314626,436.05936670396477,0.4,3359,moderate_abatement,JUSTICE_GSA
0.020934421155601738,0.5691417651250958,1.726453157607466,788.1384560028091,0.4,3360,moderate_abatement,JUSTICE_GSA
0.015706067831255496,0.5691417651250958,1.726453157607466,788.1384560028091,0.4,3361,moderate_abatement,JUSTICE_GSA
0.020934421155601738,1.4515611482784152,1.726453157607466,788.1384560028091,0.4,3362,moderate_abatement,JUSTICE_GSA
0.020934421155601738,0.5691417651250958,1.623319969046861,788.1384560028091,0.4,3363,moderate_abatement,JUSTICE_GSA
0.020934421155601738,0.5691417651250958,1.726453157607466,800.3675632784143,0.4,3364,moderate_abatement,JUSTICE_GSA
0.020934421155601738,1.4515611482784152,1.623319969046861,800.3675632784143,0.4,3365,moderate_abatement,JUSTICE_GSA
0.015706067831255496,0.5691417651250958,1.623319969046861,800.3675632784143,0.4,3366,moderate_abatement,JUSTICE_GSA
0.015706067831255496,1.4515611482784152,1.726453157607466,800.3675632784143,0.4,3367,moderate_abatement,JUSTICE_GSA
0.015706067831255496,1.4515611482784152,1.623319969046861,788.1384560028091,0.4,3368,moderate_abatement,JUSTICE_GSA
0.015706067831255496,1.4515611482784152,1.623319969046861,800.3675632784143,0.4,3369,moderate_abatement,JUSTICE_GSA
0.00909706986043602,1.3001495273783803,1.1302108829841018,2.771736618131399,0.4,3370,moderate_abatement,JUSTICE_GSA
0.006506512720137834,1.3001495273783803,1.1302108829841018,2.771736618131399,0.4,3371,moderate_abatement,JUSTICE_GSA
0.00909706986043602,0.9230406060814857,1.1302108829841018,2.771736618131399,0.4,3372,moderate_abatement,JUSTICE_GSA
0.00909706986043602,1.3001495273783803,0.6309591443277895,2.771736618131399,0.4,3373,moderate_abatement,JUSTICE_GSA
0.00909706986043602,1.3001495273783803,1.1302108829841018,399.83174933400005,0.4,3374,moderate_abatement,JUSTICE_GSA
0.00909706986043602,0.9230406060814857,0.6309591443277895,399.83174933400005,0.4,3375,moderate_abatement,JUSTICE_GSA
0.006506512720137834,1.3001495273783803,0.6309591443277895,399.83174933400005,0.4,3376,moderate_abatement,JUSTICE_GSA
0.006506512720137834,0.9230406060814857,1.1302108829841018,399.83174933400005,0.4,3377,moderate_abatement,JUSTICE_GSA
0.006506512720137834,0.9230406060814857,0.6309591443277895,2.771736618131399,0.4,3378,moderate_abatement,JUSTICE_GSA
0.006506512720137834,0.9230406060814857,0.6309591443277895,399.83174933400005,0.4,3379,moderate_abatement,JUSTICE_GSA
0.002812577703036368,0.9713518461212516,1.2731246398761868,650.3569429516792,0.4,3380,moderate_abatement,JUSTICE_GSA
0.009725751974619924,0.9713518461212516,1.2731246398761868,650.3569429516792,0.4,3381,moderate_abatement,JUSTICE_GSA
0.002812577703036368,0.7333125611767173,1.2731246398761868,650.3569429516792,0.4,3382,moderate_abatement,JUSTICE_GSA
0.002812577703036368,0.9713518461212516,1.9936878122389317,650.3569429516792,0.4,3383,moderate_abatement,JUSTICE_GSA
0.002812577703036368,0.9713518461212516,1.2731246398761868,26.53383801691234,0.4,3384,moderate_abatement,JUSTICE_GSA
0.002812577703036368,0.7333125611767173,1.9936878122389317,26.53383801691234,0.4,3385,moderate_abatement,JUSTICE_GSA
0.009725751974619924,0.9713518461212516,1.9936878122389317,26.53383801691234,0.4,3386,moderate_abatement,JUSTICE_GSA
0.009725751974619924,0.7333125611767173,1.2731246398761868,26.53383801691234,0.4,3387,moderate_abatement,JUSTICE_GSA
0.009725751974619924,0.7333125611767173,1.9936878122389317,650.3569429516792,0.4,3388,moderate_abatement,JUSTICE_GSA
0.009725751974619924,0.7333125611767173,1.9936878122389317,26.53383801691234,0.4,3389,moderate_abatement,JUSTICE_GSA
0.029151892613619564,1.1476953392848372,0.8350042891688645,436.71217014361173,0.4,3390,moderate_abatement,JUSTICE_GSA
0.029580789174884558,1.1476953392848372,0.8350042891688645,436.71217014361173,0.4,3391,moderate_abatement,JUSTICE_GSA
0.029151892613619564,1.142330076545477,0.8350042891688645,436.71217014361173,0.4,3392,moderate_abatement,JUSTICE_GSA
0.029151892613619564,1.1476953392848372,1.0098371002823114,436.71217014361173,0.4,3393,moderate_abatement,JUSTICE_GSA
0.029151892613619564,1.1476953392848372,0.8350042891688645,673.8001936860383,0.4,3394,moderate_abatement,JUSTICE_GSA
0.029151892613619564,1.142330076545477,1.0098371002823114,673.8001936860383,0.4,3395,moderate_abatement,JUSTICE_GSA
0.029580789174884558,1.1476953392848372,1.0098371002823114,673.8001936860383,0.4,3396,moderate_abatement,JUSTICE_GSA
0.029580789174884558,1.142330076545477,0.8350042891688645,673.8001936860383,0.4,3397,moderate_abatement,JUSTICE_GSA
0.029580789174884558,1.142330076545477,1.0098371002823114,436.71217014361173,0.4,3398,moderate_abatement,JUSTICE_GSA
0.029580789174884558,1.142330076545477,1.0098371002823114,673.8001936860383,0.4,3399,moderate_abatement,JUSTICE_GSA
0.02467165637202561,0.7873106990009546,1.0496905269101262,317.08599006943405,0.4,3400,moderate_abatement,JUSTICE_GSA
0.025798283850774168,0.7873106990009546,1.0496905269101262,317.08599006943405,0.4,3401,moderate_abatement,JUSTICE_GSA
0.02467165637202561,1.2613583840429783,1.0496905269101262,317.08599006943405,0.4,3402,moderate_abatement,JUSTICE_GSA
0.02467165637202561,0.7873106990009546,1.7880001231096685,317.08599006943405,0.4,3403,moderate_abatement,JUSTICE_GSA
0.02467165637202561,0.7873106990009546,1.0496905269101262,227.68677687644958,0.4,3404,moderate_abatement,JUSTICE_GSA
0.02467165637202561,1.2613583840429783,1.7880001231096685,227.68677687644958,0.4,3405,moderate_abatement,JUSTICE_GSA
0.025798283850774168,0.7873106990009546,1.7880001231096685,227.68677687644958,0.4,3406,moderate_abatement,JUSTICE_GSA
0.025798283850774168,1.2613583840429783,1.0496905269101262,227.68677687644958,0.4,3407,moderate_abatement,JUSTICE_GSA
0.025798283850774168,1.2613583840429783,1.7880001231096685,317.08599006943405,0.4,3408,moderate_abatement,JUSTICE_GSA
0.025798283850774168,1.2613583840429783,1.7880001231096685,227.68677687644958,0.4,3409,moderate_abatement,JUSTICE_GSA
0.007395920067094266,1.081679256632924,1.8538477984257042,599.0045718466863,0.4,3410,moderate_abatement,JUSTICE_GSA
0.01319318355899304,1.081679256632924,1.8538477984257042,599.0045718466863,0.4,3411,moderate_abatement,JUSTICE_GSA
0.007395920067094266,0.8642198657616973,1.8538477984257042,599.0045718466863,0.4,3412,moderate_abatement,JUSTICE_GSA
0.007395920067094266,1.081679256632924,1.1694047669880092,599.0045718466863,0.4,3413,moderate_abatement,JUSTICE_GSA
0.007395920067094266,1.081679256632924,1.8538477984257042,566.6692304629833,0.4,3414,moderate_abatement,JUSTICE_GSA
0.007395920067094266,0.8642198657616973,1.1694047669880092,566.6692304629833,0.4,3415,moderate_abatement,JUSTICE_GSA
0.01319318355899304,1.081679256632924,1.1694047669880092,566.6692304629833,0.4,3416,moderate_abatement,JUSTICE_GSA
0.01319318355899304,0.8642198657616973,1.8538477984257042,566.6692304629833,0.4,3417,moderate_abatement,JUSTICE_GSA
0.01319318355899304,0.8642198657616973,1.1694047669880092,599.0045718466863,0.4,3418,moderate_abatement,JUSTICE_GSA
0.01319318355899304,0.8642198657616973,1.1694047669880092,566.6692304629833,0.4,3419,moderate_abatement,JUSTICE_GSA
0.01358109753485769,0.6272728592157364,0.5905115553177893,247.53262238483876,0.4,3420,moderate_abatement,JUSTICE_GSA
0.003520457414910197,0.6272728592157364,0.5905115553177893,247.53262238483876,0.4,3421,moderate_abatement,JUSTICE_GSA
0.01358109753485769,0.5421714633703232,0.5905115553177893,247.53262238483876,0.4,3422,moderate_abatement,JUSTICE_GSA
0.01358109753485769,0.6272728592157364,1.405530552379787,247.53262238483876,0.4,3423,moderate_abatement,JUSTICE_GSA
0.01358109753485769,0.6272728592157364,0.5905115553177893,938.7172765014693,0.4,3424,moderate_abatement,JUSTICE_GSA
0.01358109753485769,0.5421714633703232,1.405530552379787,938.7172765014693,0.4,3425,moderate_abatement,JUSTICE_GSA
0.003520457414910197,0.6272728592157364,1.405530552379787,938.7172765014693,0.4,3426,moderate_abatement,JUSTICE_GSA
0.003520457414910197,0.5421714633703232,0.5905115553177893,938.7172765014693,0.4,3427,moderate_abatement,JUSTICE_GSA
0.003520457414910197,0.5421714633703232,1.405530552379787,247.53262238483876,0.4,3428,moderate_abatement,JUSTICE_GSA
0.003520457414910197,0.5421714633703232,1.405530552379787,938.7172765014693,0.4,3429,moderate_abatement,JUSTICE_GSA
0.016355257416144013,1.4919612035155296,1.5644916584715247,964.5949266497046,0.4,3430,moderate_abatement,JUSTICE_GSA
0.019970060060732066,1.4919612035155296,1.5644916584715247,964.5949266497046,0.4,3431,moderate_abatement,JUSTICE_GSA
0.016355257416144013,1.082494649104774,1.5644916584715247,964.5949266497046,0.4,3432,moderate_abatement,JUSTICE_GSA
0.016355257416144013,1.4919612035155296,0.8011187175288796,964.5949266497046,0.4,3433,moderate_abatement,JUSTICE_GSA
0.016355257416144013,1.4919612035155296,1.5644916584715247,354.7725604744628,0.4,3434,moderate_abatement,JUSTICE_GSA
0.016355257416144013,1.082494649104774,0.8011187175288796,354.7725604744628,0.4,3435,moderate_abatement,JUSTICE_GSA
0.019970060060732066,1.4919612035155296,0.8011187175288796,354.7725604744628,0.4,3436,moderate_abatement,JUSTICE_GSA
0.019970060060732066,1.082494649104774,1.5644916584715247,354.7725604744628,0.4,3437,moderate_abatement,JUSTICE_GSA
0.019970060060732066,1.082494649104774,0.8011187175288796,964.5949266497046,0.4,3438,moderate_abatement,JUSTICE_GSA
0.019970060060732066,1.082494649104774,0.8011187175288796,354.7725604744628,0.4,3439,moderate_abatement,JUSTICE_GSA
0.019013855597004293,0.9266702579334378,0.6628432236611843,556.5955066382885,0.4,3440,moderate_abatement,JUSTICE_GSA
0.005911302654072642,0.9266702579334378,0.6628432236611843,556.5955066382885,0.4,3441,moderate_abatement,JUSTICE_GSA
0.019013855597004293,1.2059419797733426,0.6628432236611843,556.5955066382885,0.4,3442,moderate_abatement,JUSTICE_GSA
0.019013855597004293,0.9266702579334378,1.6426281090825796,556.5955066382885,0.4,3443,moderate_abatement,JUSTICE_GSA
0.019013855597004293,0.9266702579334378,0.6628432236611843,183.87614237423986,0.4,3444,moderate_abatement,JUSTICE_GSA
0.019013855597004293,1.2059419797733426,1.6426281090825796,183.87614237423986,0.4,3445,moderate_abatement,JUSTICE_GSA
0.005911302654072642,0.9266702579334378,1.6426281090825796,183.87614237423986,0.4,3446,moderate_abatement,JUSTICE_GSA
0.005911302654072642,1.2059419797733426,0.6628432236611843,183.87614237423986,0.4,3447,moderate_abatement,JUSTICE_GSA
0.005911302654072642,1.2059419797733426,1.6426281090825796,556.5955066382885,0.4,3448,moderate_abatement,JUSTICE_GSA
0.005911302654072642,1.2059419797733426,1.6426281090825796,183.87614237423986,0.4,3449,moderate_abatement,JUSTICE_GSA
0.014540476965717971,1.188958895392716,1.4438258628360927,280.4789954321459,0.4,3450,moderate_abatement,JUSTICE_GSA
0.01845262611936778,1.188958895392716,1.4438258628360927,280.4789954321459,0.4,3451,moderate_abatement,JUSTICE_GSA
0.014540476965717971,0.6696393694728613,1.4438258628360927,280.4789954321459,0.4,3452,moderate_abatement,JUSTICE_GSA
0.014540476965717971,1.188958895392716,1.126518875360489,280.4789954321459,0.4,3453,moderate_abatement,JUSTICE_GSA
0.014540476965717971,1.188958895392716,1.4438258628360927,517.0733784968033,0.4,3454,moderate_abatement,JUSTICE_GSA
0.014540476965717971,0.6696393694728613,1.126518875360489,517.0733784968033,0.4,3455,moderate_abatement,JUSTICE_GSA
0.01845262611936778,1.188958895392716,1.126518875360489,517.0733784968033,0.4,3456,moderate_abatement,JUSTICE_GSA
0.01845262611936778,0.6696393694728613,1.4438258628360927,517.0733784968033,0.4,3457,moderate_abatement,JUSTICE_GSA
0.01845262611936778,0.6696393694728613,1.126518875360489,280.4789954321459,0.4,3458,moderate_abatement,JUSTICE_GSA
0.01845262611936778,0.6696393694728613,1.126518875360489,517.0733784968033,0.4,3459,moderate_abatement,JUSTICE_GSA
0.004737372229807078,0.5161671033129096,0.9301233529113233,881.1712396601215,0.4,3460,moderate_abatement,JUSTICE_GSA
0.02723060474358499,0.5161671033129096,0.9301233529113233,881.1712396601215,0.4,3461,moderate_abatement,JUSTICE_GSA
0.004737372229807078,0.9867439726367593,0.9301233529113233,881.1712396601215,0.4,3462,moderate_abatement,JUSTICE_GSA
0.004737372229807078,0.5161671033129096,1.2637444757856429,881.1712396601215,0.4,3463,moderate_abatement,JUSTICE_GSA
0.004737372229807078,0.5161671033129096,0.9301233529113233,892.6885576210916,0.4,3464,moderate_abatement,JUSTICE_GSA
0.004737372229807078,0.9867439726367593,1.2637444757856429,892.6885576210916,0.4,3465,moderate_abatement,JUSTICE_GSA
0.02723060474358499,0.5161671033129096,1.2637444757856429,892.6885576210916,0.4,3466,moderate_abatement,JUSTICE_GSA
0.02723060474358499,0.9867439726367593,0.9301233529113233,892.6885576210916,0.4,3467,moderate_abatement,JUSTICE_GSA
0.02723060474358499,0.9867439726367593,1.2637444757856429,881.1712396601215,0.4,3468,moderate_abatement,JUSTICE_GSA
0.02723060474358499,0.9867439726367593,1.2637444757856429,892.6885576210916,0.4,3469,moderate_abatement,JUSTICE_GSA
0.023712327284738422,1.3487297212705016,1.9280105326324701,158.26875599846244,0.4,3470,moderate_abatement,JUSTICE_GSA
0.01083061714749783,1.3487297212705016,1.9280105326324701,158.26875599846244,0.4,3471,moderate_abatement,JUSTICE_GSA
0.023712327284738422,1.3879185635596514,1.9280105326324701,158.26875599846244,0.4,3472,moderate_abatement,JUSTICE_GSA
0.023712327284738422,1.3487297212705016,0.7561567989178002,158.26875599846244,0.4,3473,moderate_abatement,JUSTICE_GSA
0.023712327284738422,1.3487297212705016,1.9280105326324701,306.9066984709352,0.4,3474,moderate_abatement,JUSTICE_GSA
0.023712327284738422,1.3879185635596514,0.7561567989178002,306.9066984709352,0.4,3475,moderate_abatement,JUSTICE_GSA
0.01083061714749783,1.3487297212705016,0.7561567989178002,306.9066984709352,0.4,3476,moderate_abatement,JUSTICE_GSA
0.01083061714749783,1.3879185635596514,1.9280105326324701,306.9066984709352,0.4,3477,moderate_abatement,JUSTICE_GSA
0.01083061714749783,1.3879185635596514,0.7561567989178002,158.26875599846244,0.4,3478,moderate_abatement,JUSTICE_GSA
0.01083061714749783,1.3879185635596514,0.7561567989178002,306.9066984709352,0.4,3479,moderate_abatement,JUSTICE_GSA
0.026380066767334936,0.7070954386144876,1.3864690526388586,91.08550234418362,0.4,3480,moderate_abatement,JUSTICE_GSA
0.013731643238104878,0.7070954386144876,1.3864690526388586,91.08550234418362,0.4,3481,moderate_abatement,JUSTICE_GSA
0.026380066767334936,1.0226057711988688,1.3864690526388586,91.08550234418362,0.4,3482,moderate_abatement,JUSTICE_GSA
0.026380066767334936,0.7070954386144876,1.480830525048077,91.08550234418362,0.4,3483,moderate_abatement,JUSTICE_GSA
0.026380066767334936,0.7070954386144876,1.3864690526388586,844.3364684972912,0.4,3484,moderate_abatement,JUSTICE_GSA
0.026380066767334936,1.0226057711988688,1.480830525048077,844.3364684972912,0.4,3485,moderate_abatement,JUSTICE_GSA
0.013731643238104878,0.7070954386144876,1.480830525048077,844.3364684972912,0.4,3486,moderate_abatement,JUSTICE_GSA
0.013731643238104878,1.0226057711988688,1.3864690526388586,844.3364684972912,0.4,3487,moderate_abatement,JUSTICE_GSA
0.013731643238104878,1.0226057711988688,1.480830525048077,91.08550234418362,0.4,3488,moderate_abatement,JUSTICE_GSA
0.013731643238104878,1.0226057711988688,1.480830525048077,844.3364684972912,0.4,3489,moderate_abatement,JUSTICE_GSA
0.0019665331067517397,1.4077441561967134,0.7670757491141558,870.558689976111,0.4,3490,moderate_abatement,JUSTICE_GSA
0.022881692197173835,1.4077441561967134,0.7670757491141558,870.558689976111,0.4,3491,moderate_abatement,JUSTICE_GSA
0.0019665331067517397,0.6019990826025605,0.7670757491141558,870.558689976111,0.4,3492,moderate_abatement,JUSTICE_GSA
0.0019665331067517397,1.4077441561967134,0.5851908614858985,870.558689976111,0.4,3493,moderate_abatement,JUSTICE_GSA
0.0019665331067517397,1.4077441561967134,0.7670757491141558,449.7687943801284,0.4,3494,moderate_abatement,JUSTICE_GSA
0.0019665331067517397,0.6019990826025605,0.5851908614858985,449.7687943801284,0.4,3495,moderate_abatement,JUSTICE_GSA
0.022881692197173835,1.4077441561967134,0.5851908614858985,449.7687943801284,0.4,3496,moderate_abatement,JUSTICE_GSA
0.022881692197173835,0.6019990826025605,0.7670757491141558,449.7687943801284,0.4,3497,moderate_abatement,JUSTICE_GSA
0.022881692197173835,0.6019990826025605,0.5851908614858985,870.558689976111,0.4,3498,moderate_abatement,JUSTICE_GSA
0.022881692197173835,0.6019990826025605,0.5851908614858985,449.7687943801284,0.4,3499,moderate_abatement,JUSTICE_GSA
0.011868952532298863,0.8598318696022034,1.6596232391893864,472.30808999948204,0.4,3500,moderate_abatement,JUSTICE_GSA
0.02237677535507828,0.8598318696022034,1.6596232391893864,472.30808999948204,0.4,3501,moderate_abatement,JUSTICE_GSA
0.011868952532298863,0.8043613564223051,1.6596232391893864,472.30808999948204,0.4,3502,moderate_abatement,JUSTICE_GSA
0.011868952532298863,0.8598318696022034,1.8491108971647918,472.30808999948204,0.4,3503,moderate_abatement,JUSTICE_GSA
0.011868952532298863,0.8598318696022034,1.6596232391893864,72.2327964650467,0.4,3504,moderate_abatement,JUSTICE_GSA
0.011868952532298863,0.8043613564223051,1.8491108971647918,72.2327964650467,0.4,3505,moderate_abatement,JUSTICE_GSA
0.02237677535507828,0.8598318696022034,1.8491108971647918,72.2327964650467,0.4,3506,moderate_abatement,JUSTICE_GSA
0.02237677535507828,0.8043613564223051,1.6596232391893864,72.2327964650467,0.4,3507,moderate_abatement,JUSTICE_GSA
0.02237677535507828,0.8043613564223051,1.8491108971647918,472.30808999948204,0.4,3508,moderate_abatement,JUSTICE_GSA
0.02237677535507828,0.8043613564223051,1.8491108971647918,72.2327964650467,0.4,3509,moderate_abatement,JUSTICE_GSA
0.02178052257746458,1.0057400539517403,1.2453863616101444,691.8235292648897,0.4,3510,moderate_abatement,JUSTICE_GSA
0.002585402626544237,1.0057400539517403,1.2453863616101444,691.8235292648897,0.4,3511,moderate_abatement,JUSTICE_GSA
0.02178052257746458,1.3212777050212026,1.2453863616101444,691.8235292648897,0.4,3512,moderate_abatement,JUSTICE_GSA
0.02178052257746458,1.0057400539517403,0.967666198965162,691.8235292648897,0.4,3513,moderate_abatement,JUSTICE_GSA
0.02178052257746458,1.0057400539517403,1.2453863616101444,721.5192176206037,0.4,3514,moderate_abatement,JUSTICE_GSA
0.02178052257746458,1.3212777050212026,0.967666198965162,721.5192176206037,0.4,3515,moderate_abatement,JUSTICE_GSA
0.002585402626544237,1.0057400539517403,0.967666198965162,721.5192176206037,0.4,3516,moderate_abatement,JUSTICE_GSA
0.002585402626544237,1.3212777050212026,1.2453863616101444,721.5192176206037,0.4,3517,moderate_abatement,JUSTICE_GSA
0.002585402626544237,1.3212777050212026,0.967666198965162,691.8235292648897,0.4,3518,moderate_abatement,JUSTICE_GSA
0.002585402626544237,1.3212777050212026,0.967666198965162,721.5192176206037,0.4,3519,moderate_abatement,JUSTICE_GSA
0.021135180359706282,0.7421279391273856,0.8204393731430173,951.4523342614993,0.4,3520,moderate_abatement,JUSTICE_GSA
0.025439463382586836,0.7421279391273856,0.8204393731430173,951.4523342614993,0.4,3521,moderate_abatement,JUSTICE_GSA
0.021135180359706282,1.3996302857995033,0.8204393731430173,951.4523342614993,0.4,3522,moderate_abatement,JUSTICE_GSA
0.021135180359706282,0.7421279391273856,1.957550400402397,951.4523342614993,0.4,3523,moderate_abatement,JUSTICE_GSA
0.021135180359706282,0.7421279391273856,0.8204393731430173,512.7399612199515,0.4,3524,moderate_abatement,JUSTICE_GSA
0.021135180359706282,1.3996302857995033,1.957550400402397,512.7399612199515,0.4,3525,moderate_abatement,JUSTICE_GSA
0.025439463382586836,0.7421279391273856,1.957550400402397,512.7399612199515,0.4,3526,moderate_abatement,JUSTICE_GSA
0.025439463382586836,1.3996302857995033,0.8204393731430173,512.7399612199515,0.4,3527,moderate_abatement,JUSTICE_GSA
0.025439463382586836,1.3996302857995033,1.957550400402397,951.4523342614993,0.4,3528,moderate_abatement,JUSTICE_GSA
0.025439463382586836,1.3996302857995033,1.957550400402397,512.7399612199515,0.4,3529,moderate_abatement,JUSTICE_GSA
0.011109444054774938,1.3773464923724532,1.3228515279479325,228.5327648948878,0.4,3530,moderate_abatement,JUSTICE_GSA
0.012664225148968398,1.3773464923724532,1.3228515279479325,228.5327648948878,0.4,3531,moderate_abatement,JUSTICE_GSA
0.011109444054774938,0.975033457390964,1.3228515279479325,228.5327648948878,0.4,3532,moderate_abatement,JUSTICE_GSA
0.011109444054774938,1.3773464923724532,0.975672363769263,228.5327648948878,0.4,3533,moderate_abatement,JUSTICE_GSA
0.011109444054774938,1.3773464923724532,1.3228515279479325,163.94170873239636,0.4,3534,moderate_abatement,JUSTICE_GSA
0.011109444054774938,0.975033457390964,0.975672363769263,163.94170873239636,0.4,3535,moderate_abatement,JUSTICE_GSA
0.012664225148968398,1.3773464923724532,0.975672363769263,163.94170873239636,0.4,3536,moderate_abatement,JUSTICE_GSA
0.012664225148968398,0.975033457390964,1.3228515279479325,163.94170873239636,0.4,3537,moderate_abatement,JUSTICE_GSA
0.012664225148968398,0.975033457390964,0.975672363769263,228.5327648948878,0.4,3538,moderate_abatement,JUSTICE_GSA
0.012664225148968398,0.975033457390964,0.975672363769263,163.94170873239636,0.4,3539,moderate_abatement,JUSTICE_GSA
0.002617626483552158,0.8316324548795819,1.0863708877004683,611.1738707814366,0.4,3540,moderate_abatement,JUSTICE_GSA
0.004105722842738032,0.8316324548795819,1.0863708877004683,611.1738707814366,0.4,3541,moderate_abatement,JUSTICE_GSA
0.002617626483552158,0.6813653968274593,1.0863708877004683,611.1738707814366,0.4,3542,moderate_abatement,JUSTICE_GSA
0.002617626483552158,0.8316324548795819,1.5875541297718883,611.1738707814366,0.4,3543,moderate_abatement,JUSTICE_GSA
0.002617626483552158,0.8316324548795819,1.0863708877004683,287.7948367604986,0.4,3544,moderate_abatement,JUSTICE_GSA
0.002617626483552158,0.6813653968274593,1.5875541297718883,287.7948367604986,0.4,3545,moderate_abatement,JUSTICE_GSA
0.004105722842738032,0.8316324548795819,1.5875541297718883,287.7948367604986,0.4,3546,moderate_abatement,JUSTICE_GSA
0.004105722842738032,0.6813653968274593,1.0863708877004683,287.7948367604986,0.4,3547,moderate_abatement,JUSTICE_GSA
0.004105722842738032,0.6813653968274593,1.5875541297718883,611.1738707814366,0.4,3548,moderate_abatement,JUSTICE_GSA
0.004105722842738032,0.6813653968274593,1.5875541297718883,287.7948367604986,0.4,3549,moderate_abatement,JUSTICE_GSA
0.02714178636483848,1.0371095212176442,1.805455124936998,335.1050514308736,0.4,3550,moderate_abatement,JUSTICE_GSA
0.0202723522586748,1.0371095212176442,1.805455124936998,335.1050514308736,0.4,3551,moderate_abatement,JUSTICE_GSA
0.02714178636483848,1.1942152520641685,1.805455124936998,335.1050514308736,0.4,3552,moderate_abatement,JUSTICE_GSA
0.02714178636483848,1.0371095212176442,0.5964249754324555,335.1050514308736,0.4,3553,moderate_abatement,JUSTICE_GSA
0.02714178636483848,1.0371095212176442,1.805455124936998,889.2401452502236,0.4,3554,moderate_abatement,JUSTICE_GSA
0.02714178636483848,1.1942152520641685,0.5964249754324555,889.2401452502236,0.4,3555,moderate_abatement,JUSTICE_GSA
0.0202723522586748,1.0371095212176442,0.5964249754324555,889.2401452502236,0.4,3556,moderate_abatement,JUSTICE_GSA
0.0202723522586748,1.1942152520641685,1.805455124936998,889.2401452502236,0.4,3557,moderate_abatement,JUSTICE_GSA
0.0202723522586748,1.1942152520641685,0.5964249754324555,335.1050514308736,0.4,3558,moderate_abatement,JUSTICE_GSA
0.0202723522586748,1.1942152520641685,0.5964249754324555,889.2401452502236,0.4,3559,moderate_abatement,JUSTICE_GSA
0.024414311856031417,0.8974980860948563,1.5909627326764166,417.651788841933,0.4,3560,moderate_abatement,JUSTICE_GSA
0.01691813969705254,0.8974980860948563,1.5909627326764166,417.651788841933,0.4,3561,moderate_abatement,JUSTICE_GSA
0.024414311856031417,1.3408171748742461,1.5909627326764166,417.651788841933,0.4,3562,moderate_abatement,JUSTICE_GSA
0.024414311856031417,0.8974980860948563,1.4178696204908192,417.651788841933,0.4,3563,moderate_abatement,JUSTICE_GSA
0.024414311856031417,0.8974980860948563,1.5909627326764166,461.02264042478055,0.4,3564,moderate_abatement,JUSTICE_GSA
0.024414311856031417,1.3408171748742461,1.4178696204908192,461.02264042478055,0.4,3565,moderate_abatement,JUSTICE_GSA
0.01691813969705254,0.8974980860948563,1.4178696204908192,461.02264042478055,0.4,3566,moderate_abatement,JUSTICE_GSA
0.01691813969705254,1.3408171748742461,1.5909627326764166,461.02264042478055,0.4,3567,moderate_abatement,JUSTICE_GSA
0.01691813969705254,1.3408171748742461,1.4178696204908192,417.651788841933,0.4,3568,moderate_abatement,JUSTICE_GSA
0.01691813969705254,1.3408171748742461,1.4178696204908192,461.02264042478055,0.4,3569,moderate_abatement,JUSTICE_GSA
0.0053269605608657,1.2213087305426598,0.5054524531587958,637.1539532849565,0.4,3570,moderate_abatement,JUSTICE_GSA
0.008001571644097566,1.2213087305426598,0.5054524531587958,637.1539532849565,0.4,3571,moderate_abatement,JUSTICE_GSA
0.0053269605608657,0.7848230637609959,0.5054524531587958,637.1539532849565,0.4,3572,moderate_abatement,JUSTICE_GSA
0.0053269605608657,1.2213087305426598,0.8122289762832224,637.1539532849565,0.4,3573,moderate_abatement,JUSTICE_GSA
0.0053269605608657,1.2213087305426598,0.5054524531587958,871.2523348005489,0.4,3574,moderate_abatement,JUSTICE_GSA
0.0053269605608657,0.7848230637609959,0.8122289762832224,871.2523348005489,0.4,3575,moderate_abatement,JUSTICE_GSA
0.008001571644097566,1.2213087305426598,0.8122289762832224,871.2523348005489,0.4,3576,moderate_abatement,JUSTICE_GSA
0.008001571644097566,0.7848230637609959,0.5054524531587958,871.2523348005489,0.4,3577,moderate_abatement,JUSTICE_GSA
0.008001571644097566,0.7848230637609959,0.8122289762832224,637.1539532849565,0.4,3578,moderate_abatement,JUSTICE_GSA
0.008001571644097566,0.7848230637609959,0.8122289762832224,871.2523348005489,0.4,3579,moderate_abatement,JUSTICE_GSA
0.013832744692452253,0.5502268467098475,1.8627218129113317,20.852214966900647,0.4,3580,moderate_abatement,JUSTICE_GSA
0.008287000068463383,0.5502268467098475,1.8627218129113317,20.852214966900647,0.4,3581,moderate_abatement,JUSTICE_GSA
0.013832744692452253,0.6215223399922252,1.8627218129113317,20.852214966900647,0.4,3582,moderate_abatement,JUSTICE_GSA
0.013832744692452253,0.5502268467098475,1.8007121942937374,20.852214966900647,0.4,3583,moderate_abatement,JUSTICE_GSA
0.013832744692452253,0.5502268467098475,1.8627218129113317,749.2590216696262,0.4,3584,moderate_abatement,JUSTICE_GSA
0.013832744692452253,0.6215223399922252,1.8007121942937374,749.2590216696262,0.4,3585,moderate_abatement,JUSTICE_GSA
0.008287000068463383,0.5502268467098475,1.8007121942937374,749.2590216696262,0.4,3586,moderate_abatement,JUSTICE_GSA
0.008287000068463383,0.6215223399922252,1.8627218129113317,749.2590216696262,0.4,3587,moderate_abatement,JUSTICE_GSA
0.008287000068463383,0.6215223399922252,1.8007121942937374,20.852214966900647,0.4,3588,moderate_abatement,JUSTICE_GSA
0.008287000068463383,0.6215223399922252,1.8007121942937374,749.2590216696262,0.4,3589,moderate_abatement,JUSTICE_GSA
0.01842205960303545,1.3193124253302813,0.9822284844703972,800.3692835718393,0.4,3590,moderate_abatement,JUSTICE_GSA
0.028312189038842916,1.3193124253302813,0.9822284844703972,800.3692835718393,0.4,3591,moderate_abatement,JUSTICE_GSA
0.01842205960303545,1.0030817836523056,0.9822284844703972,800.3692835718393,0.4,3592,moderate_abatement,JUSTICE_GSA
0.01842205960303545,1.3193124253302813,1.1801413018256426,800.3692835718393,0.4,3593,moderate_abatement,JUSTICE_GSA
0.01842205960303545,1.3193124253302813,0.9822284844703972,84.3701550681144,0.4,3594,moderate_abatement,JUSTICE_GSA
0.01842205960303545,1.0030817836523056,1.1801413018256426,84.3701550681144,0.4,3595,moderate_abatement,JUSTICE_GSA
0.028312189038842916,1.3193124253302813,1.1801413018256426,84.3701550681144,0.4,3596,moderate_abatement,JUSTICE_GSA
0.028312189038842916,1.0030817836523056,0.9822284844703972,84.3701550681144,0.4,3597,moderate_abatement,JUSTICE_GSA
0.028312189038842916,1.0030817836523056,1.1801413018256426,800.3692835718393,0.4,3598,moderate_abatement,JUSTICE_GSA
0.028312189038842916,1.0030817836523056,1.1801413018256426,84.3701550681144,0.4,3599,moderate_abatement,JUSTICE_GSA
0.015643102038651702,0.7556933155283332,1.9775239168666303,704.9660918805748,0.4,3600,moderate_abatement,JUSTICE_GSA
0.015184332319535313,0.7556933155283332,1.9775239168666303,704.9660918805748,0.4,3601,moderate_abatement,JUSTICE_GSA
0.015643102038651702,1.1306030955165625,1.9775239168666303,704.9660918805748,0.4,3602,moderate_abatement,JUSTICE_GSA
0.015643102038651702,0.7556933155283332,1.2761368276551366,704.9660918805748,0.4,3603,moderate_abatement,JUSTICE_GSA
0.015643102038651702,0.7556933155283332,1.9775239168666303,380.16441985592246,0.4,3604,moderate_abatement,JUSTICE_GSA
0.015643102038651702,1.1306030955165625,1.2761368276551366,380.16441985592246,0.4,3605,moderate_abatement,JUSTICE_GSA
0.015184332319535313,0.7556933155283332,1.2761368276551366,380.16441985592246,0.4,3606,moderate_abatement,JUSTICE_GSA
0.015184332319535313,1.1306030955165625,1.9775239168666303,380.16441985592246,0.4,3607,moderate_abatement,JUSTICE_GSA
0.015184332319535313,1.1306030955165625,1.2761368276551366,704.9660918805748,0.4,3608,moderate_abatement,JUSTICE_GSA
0.015184332319535313,1.1306030955165625,1.2761368276551366,380.16441985592246,0.4,3609,moderate_abatement,JUSTICE_GSA
0.012979568378068507,1.109630755148828,0.9157604966312647,491.3079177169129,0.4,3610,moderate_abatement,JUSTICE_GSA
0.024164675470441578,1.109630755148828,0.9157604966312647,491.3079177169129,0.4,3611,moderate_abatement,JUSTICE_GSA
0.012979568378068507,0.745038335211575,0.9157604966312647,491.3079177169129,0.4,3612,moderate_abatement,JUSTICE_GSA
0.012979568378068507,1.109630755148828,0.7672144835814834,491.3079177169129,0.4,3613,moderate_abatement,JUSTICE_GSA
0.012979568378068507,1.109630755148828,0.9157604966312647,796.2550729867071,0.4,3614,moderate_abatement,JUSTICE_GSA
0.012979568378068507,0.745038335211575,0.7672144835814834,796.2550729867071,0.4,3615,moderate_abatement,JUSTICE_GSA
0.024164675470441578,1.109630755148828,0.7672144835814834,796.2550729867071,0.4,3616,moderate_abatement,JUSTICE_GSA
0.024164675470441578,0.745038335211575,0.9157604966312647,796.2550729867071,0.4,3617,moderate_abatement,JUSTICE_GSA
0.024164675470441578,0.745038335211575,0.7672144835814834,491.3079177169129,0.4,3618,moderate_abatement,JUSTICE_GSA
0.024164675470441578,0.745038335211575,0.7672144835814834,796.2550729867071,0.4,3619,moderate_abatement,JUSTICE_GSA
0.008105857842601835,0.6579108284786344,1.5226636789739132,858.3893612688407,0.4,3620,moderate_abatement,JUSTICE_GSA
0.021150766314007342,0.6579108284786344,1.5226636789739132,858.3893612688407,0.4,3621,moderate_abatement,JUSTICE_GSA
0.008105857842601835,0.9113298375159502,1.5226636789739132,858.3893612688407,0.4,3622,moderate_abatement,JUSTICE_GSA
0.008105857842601835,0.6579108284786344,1.655378449242562,858.3893612688407,0.4,3623,moderate_abatement,JUSTICE_GSA
0.008105857842601835,0.6579108284786344,1.5226636789739132,670.0851237392053,0.4,3624,moderate_abatement,JUSTICE_GSA
0.008105857842601835,0.9113298375159502,1.655378449242562,670.0851237392053,0.4,3625,moderate_abatement,JUSTICE_GSA
0.021150766314007342,0.6579108284786344,1.655378449242562,670.0851237392053,0.4,3626,moderate_abatement,JUSTICE_GSA
0.021150766314007342,0.9113298375159502,1.5226636789739132,670.0851237392053,0.4,3627,moderate_abatement,JUSTICE_GSA
0.021150766314007342,0.9113298375159502,1.655378449242562,858.3893612688407,0.4,3628,moderate_abatement,JUSTICE_GSA
0.021150766314007342,0.9113298375159502,1.655378449242562,670.0851237392053,0.4,3629,moderate_abatement,JUSTICE_GSA
0.025267427887767552,1.4571690084412694,0.6191559354774654,73.06641121022403,0.4,3630,moderate_abatement,JUSTICE_GSA
0.0010759605653584004,1.4571690084412694,0.6191559354774654,73.06641121022403,0.4,3631,moderate_abatement,JUSTICE_GSA
0.025267427887767552,1.4632726171985269,0.6191559354774654,73.06641121022403,0.4,3632,moderate_abatement,JUSTICE_GSA
0.025267427887767552,1.4571690084412694,1.1372164315544069,73.06641121022403,0.4,3633,moderate_abatement,JUSTICE_GSA
0.025267427887767552,1.4571690084412694,0.6191559354774654,7.200602733530104,0.4,3634,moderate_abatement,JUSTICE_GSA
0.025267427887767552,1.4632726171985269,1.1372164315544069,7.200602733530104,0.4,3635,moderate_abatement,JUSTICE_GSA
0.0010759605653584004,1.4571690084412694,1.1372164315544069,7.200602733530104,0.4,3636,moderate_abatement,JUSTICE_GSA
0.0010759605653584004,1.4632726171985269,0.6191559354774654,7.200602733530104,0.4,3637,moderate_abatement,JUSTICE_GSA
0.0010759605653584004,1.4632726171985269,1.1372164315544069,73.06641121022403,0.4,3638,moderate_abatement,JUSTICE_GSA
0.0010759605653584004,1.4632726171985269,1.1372164315544069,7.200602733530104,0.4,3639,moderate_abatement,JUSTICE_GSA
0.029807405637577174,0.5988069772720337,1.1601602472364902,177.32916707266122,0.4,3640,moderate_abatement,JUSTICE_GSA
0.005311654089018702,0.5988069772720337,1.1601602472364902,177.32916707266122,0.4,3641,moderate_abatement,JUSTICE_GSA
0.029807405637577174,1.062970438040793,1.1601602472364902,177.32916707266122,0.4,3642,moderate_abatement,JUSTICE_GSA
0.029807405637577174,0.5988069772720337,1.8129323553293943,177.32916707266122,0.4,3643,moderate_abatement,JUSTICE_GSA
0.029807405637577174,0.5988069772720337,1.1601602472364902,593.8059939788654,0.4,3644,moderate_abatement,JUSTICE_GSA
0.029807405637577174,1.062970438040793,1.8129323553293943,593.8059939788654,0.4,3645,moderate_abatement,JUSTICE_GSA
0.005311654089018702,0.5988069772720337,1.8129323553293943,593.8059939788654,0.4,3646,moderate_abatement,JUSTICE_GSA
0.005311654089018702,1.062970438040793,1.1601602472364902,593.8059939788654,0.4,3647,moderate_abatement,JUSTICE_GSA
0.005311654089018702,1.062970438040793,1.8129323553293943,177.32916707266122,0.4,3648,moderate_abatement,JUSTICE_GSA
0.005311654089018702,1.062970438040793,1.8129323553293943,593.8059939788654,0.4,3649,moderate_abatement,JUSTICE_GSA
0.003584027006290853,1.26633770018816,1.686249881517142,894.3742590993643,0.4,3650,moderate_abatement,JUSTICE_GSA
0.01813639674615115,1.26633770018816,1.686249881517142,894.3742590993643,0.4,3651,moderate_abatement,JUSTICE_GSA
0.003584027006290853,0.5616944972425699,1.686249881517142,894.3742590993643,0.4,3652,moderate_abatement,JUSTICE_GSA
0.003584027006290853,1.26633770018816,0.9335433021187782,894.3742590993643,0.4,3653,moderate_abatement,JUSTICE_GSA
0.003584027006290853,1.26633770018816,1.686249881517142,239.20775685738772,0.4,3654,moderate_abatement,JUSTICE_GSA
0.003584027006290853,0.5616944972425699,0.9335433021187782,239.20775685738772,0.4,3655,moderate_abatement,JUSTICE_GSA
0.01813639674615115,1.26633770018816,0.9335433021187782,239.20775685738772,0.4,3656,moderate_abatement,JUSTICE_GSA
0.01813639674615115,0.5616944972425699,1.686249881517142,239.20775685738772,0.4,3657,moderate_abatement,JUSTICE_GSA
0.01813639674615115,0.5616944972425699,0.9335433021187782,894.3742590993643,0.4,3658,moderate_abatement,JUSTICE_GSA
0.01813639674615115,0.5616944972425699,0.9335433021187782,239.20775685738772,0.4,3659,moderate_abatement,JUSTICE_GSA
0.008443770981393754,0.93876170553267,0.6994030638597906,262.3985468558967,0.4,3660,moderate_abatement,JUSTICE_GSA
0.027603808348998428,0.93876170553267,0.6994030638597906,262.3985468558967,0.4,3661,moderate_abatement,JUSTICE_GSA
0.008443770981393754,0.8446813495829701,0.6994030638597906,262.3985468558967,0.4,3662,moderate_abatement,JUSTICE_GSA
0.008443770981393754,0.93876170553267,1.4450142630375922,262.3985468558967,0.4,3663,moderate_abatement,JUSTICE_GSA
0.008443770981393754,0.93876170553267,0.6994030638597906,366.68851573206484,0.4,3664,moderate_abatement,JUSTICE_GSA
0.008443770981393754,0.8446813495829701,1.4450142630375922,366.68851573206484,0.4,3665,moderate_abatement,JUSTICE_GSA
0.027603808348998428,0.93876170553267,1.4450142630375922,366.68851573206484,0.4,3666,moderate_abatement,JUSTICE_GSA
0.027603808348998428,0.8446813495829701,0.6994030638597906,366.68851573206484,0.4,3667,moderate_abatement,JUSTICE_GSA
0.027603808348998428,0.8446813495829701,1.4450142630375922,262.3985468558967,0.4,3668,moderate_abatement,JUSTICE_GSA
0.027603808348998428,0.8446813495829701,1.4450142630375922,366.68851573206484,0.4,3669,moderate_abatement,JUSTICE_GSA
0.020168726036325097,1.176627205684781,1.3955422658473253,544.3647088417783,0.4,3670,moderate_abatement,JUSTICE_GSA
0.011373512732796371,1.176627205684781,1.3955422658473253,544.3647088417783,0.4,3671,moderate_abatement,JUSTICE_GSA
0.020168726036325097,1.280897630378604,1.3955422658473253,544.3647088417783,0.4,3672,moderate_abatement,JUSTICE_GSA
0.020168726036325097,1.176627205684781,0.5507064056582749,544.3647088417783,0.4,3673,moderate_abatement,JUSTICE_GSA
0.020168726036325097,1.176627205684781,1.3955422658473253,966.190452747047,0.4,3674,moderate_abatement,JUSTICE_GSA
0.020168726036325097,1.280897630378604,0.5507064056582749,966.190452747047,0.4,3675,moderate_abatement,JUSTICE_GSA
0.011373512732796371,1.176627205684781,0.5507064056582749,966.190452747047,0.4,3676,moderate_abatement,JUSTICE_GSA
0.011373512732796371,1.280897630378604,1.3955422658473253,966.190452747047,0.4,3677,moderate_abatement,JUSTICE_GSA
0.011373512732796371,1.280897630378604,0.5507064056582749,544.3647088417783,0.4,3678,moderate_abatement,JUSTICE_GSA
0.011373512732796371,1.280897630378604,0.5507064056582749,966.190452747047,0.4,3679,moderate_abatement,JUSTICE_GSA
0.01925355844479054,0.9894113233312964,0.9507128638215363,44.82896879222244,0.4,3680,moderate_abatement,JUSTICE_GSA
0.019479222133755685,0.9894113233312964,0.9507128638215363,44.82896879222244,0.4,3681,moderate_abatement,JUSTICE_GSA
0.01925355844479054,0.5104988440871239,0.9507128638215363,44.82896879222244,0.4,3682,moderate_abatement,JUSTICE_GSA
0.01925355844479054,0.9894113233312964,1.034166810568422,44.82896879222244,0.4,3683,moderate_abatement,JUSTICE_GSA
0.01925355844479054,0.9894113233312964,0.9507128638215363,332.65870579332113,0.4,3684,moderate_abatement,JUSTICE_GSA
0.01925355844479054,0.5104988440871239,1.034166810568422,332.65870579332113,0.4,3685,moderate_abatement,JUSTICE_GSA
0.019479222133755685,0.9894113233312964,1.034166810568422,332.65870579332113,0.4,3686,moderate_abatement,JUSTICE_GSA
0.019479222133755685,0.5104988440871239,0.9507128638215363,332.65870579332113,0.4,3687,moderate_abatement,JUSTICE_GSA
0.019479222133755685,0.5104988440871239,1.034166810568422,44.82896879222244,0.4,3688,moderate_abatement,JUSTICE_GSA
0.019479222133755685,0.5104988440871239,1.034166810568422,332.65870579332113,0.4,3689,moderate_abatement,JUSTICE_GSA
0.009341130992397667,1.12572958227247,1.9426230089738965,761.8799594994634,0.4,3690,moderate_abatement,JUSTICE_GSA
0.0030860311361029743,1.12572958227247,1.9426230089738965,761.8799594994634,0.4,3691,moderate_abatement,JUSTICE_GSA
0.009341130992397667,1.1148364646360278,1.9426230089738965,761.8799594994634,0.4,3692,moderate_abatement,JUSTICE_GSA
0.009341130992397667,1.12572958227247,1.9224822553806007,761.8799594994634,0.4,3693,moderate_abatement,JUSTICE_GSA
0.009341130992397667,1.12572958227247,1.9426230089738965,992.6619725618511,0.4,3694,moderate_abatement,JUSTICE_GSA
0.009341130992397667,1.1148364646360278,1.9224822553806007,992.6619725618511,0.4,3695,moderate_abatement,JUSTICE_GSA
0.0030860311361029743,1.12572958227247,1.9224822553806007,992.6619725618511,0.4,3696,moderate_abatement,JUSTICE_GSA
0.0030860311361029743,1.1148364646360278,1.9426230089738965,992.6619725618511,0.4,3697,moderate_abatement,JUSTICE_GSA
0.0030860311361029743,1.1148364646360278,1.9224822553806007,761.8799594994634,0.4,3698,moderate_abatement,JUSTICE_GSA
0.0030860311361029743,1.1148364646360278,1.9224822553806007,992.6619725618511,0.4,3699,moderate_abatement,JUSTICE_GSA
0.0044956227969378225,0.5794035540893674,0.6774557447060943,394.7718397695571,0.4,3700,moderate_abatement,JUSTICE_GSA
0.013683600209653375,0.5794035540893674,0.6774557447060943,394.7718397695571,0.4,3701,moderate_abatement,JUSTICE_GSA
0.0044956227969378225,1.291317980736494,0.6774557447060943,394.7718397695571,0.4,3702,moderate_abatement,JUSTICE_GSA
0.0044956227969378225,0.5794035540893674,0.6549234008416533,394.7718397695571,0.4,3703,moderate_abatement,JUSTICE_GSA
0.0044956227969378225,0.5794035540893674,0.6774557447060943,620.0332712037489,0.4,3704,moderate_abatement,JUSTICE_GSA
0.0044956227969378225,1.291317980736494,0.6549234008416533,620.0332712037489,0.4,3705,moderate_abatement,JUSTICE_GSA
0.013683600209653375,0.5794035540893674,0.6549234008416533,620.0332712037489,0.4,3706,moderate_abatement,JUSTICE_GSA
0.013683600209653375,1.291317980736494,0.6774557447060943,620.0332712037489,0.4,3707,moderate_abatement,JUSTICE_GSA
0.013683600209653375,1.291317980736494,0.6549234008416533,394.7718397695571,0.4,3708,moderate_abatement,JUSTICE_GSA
0.013683600209653375,1.291317980736494,0.6549234008416533,620.0332712037489,0.4,3709,moderate_abatement,JUSTICE_GSA
0.02890652913879603,1.2859815182164311,1.4644154184497893,676.7400821102783,0.4,3710,moderate_abatement,JUSTICE_GSA
0.026232273404486476,1.2859815182164311,1.4644154184497893,676.7400821102783,0.4,3711,moderate_abatement,JUSTICE_GSA
0.02890652913879603,0.8331023445352912,1.4644154184497893,676.7400821102783,0.4,3712,moderate_abatement,JUSTICE_GSA
0.02890652913879603,1.2859815182164311,1.5524813802912831,676.7400821102783,0.4,3713,moderate_abatement,JUSTICE_GSA
0.02890652913879603,1.2859815182164311,1.4644154184497893,204.93320563901216,0.4,3714,moderate_abatement,JUSTICE_GSA
0.02890652913879603,0.8331023445352912,1.5524813802912831,204.93320563901216,0.4,3715,moderate_abatement,JUSTICE_GSA
0.026232273404486476,1.2859815182164311,1.5524813802912831,204.93320563901216,0.4,3716,moderate_abatement,JUSTICE_GSA
0.026232273404486476,0.8331023445352912,1.4644154184497893,204.93320563901216,0.4,3717,moderate_abatement,JUSTICE_GSA
0.026232273404486476,0.8331023445352912,1.5524813802912831,676.7400821102783,0.4,3718,moderate_abatement,JUSTICE_GSA
0.026232273404486476,0.8331023445352912,1.5524813802912831,204.93320563901216,0.4,3719,moderate_abatement,JUSTICE_GSA
0.02616840772051364,0.6463084518909454,1.6274522682651877,572.4716396965086,0.4,3720,moderate_abatement,JUSTICE_GSA
0.02910498274769634,0.6463084518909454,1.6274522682651877,572.4716396965086,0.4,3721,moderate_abatement,JUSTICE_GSA
0.02616840772051364,0.7021778589114547,1.6274522682651877,572.4716396965086,0.4,3722,moderate_abatement,JUSTICE_GSA
0.02616840772051364,0.6463084518909454,0.8709049862809479,572.4716396965086,0.4,3723,moderate_abatement,JUSTICE_GSA
0.02616840772051364,0.6463084518909454,1.6274522682651877,634.1186820799485,0.4,3724,moderate_abatement,JUSTICE_GSA
0.02616840772051364,0.7021778589114547,0.8709049862809479,634.1186820799485,0.4,3725,moderate_abatement,JUSTICE_GSA
0.02910498274769634,0.6463084518909454,0.8709049862809479,634.1186820799485,0.4,3726,moderate_abatement,JUSTICE_GSA
0.02910498274769634,0.7021778589114547,1.6274522682651877,634.1186820799485,0.4,3727,moderate_abatement,JUSTICE_GSA
0.02910498274769634,0.7021778589114547,0.8709049862809479,572.4716396965086,0.4,3728,moderate_abatement,JUSTICE_GSA
0.02910498274769634,0.7021778589114547,0.8709049862809479,634.1186820799485,0.4,3729,moderate_abatement,JUSTICE_GSA
0.00719436527788639,1.469019390642643,1.2190093197859824,358.8079315656796,0.4,3730,moderate_abatement,JUSTICE_GSA
0.009306357087567448,1.469019390642643,1.2190093197859824,358.8079315656796,0.4,3731,moderate_abatement,JUSTICE_GSA
0.00719436527788639,1.1721809394657612,1.2190093197859824,358.8079315656796,0.4,3732,moderate_abatement,JUSTICE_GSA
0.00719436527788639,1.469019390642643,1.3826196887530386,358.8079315656796,0.4,3733,moderate_abatement,JUSTICE_GSA
0.00719436527788639,1.469019390642643,1.2190093197859824,35.607801548205316,0.4,3734,moderate_abatement,JUSTICE_GSA
0.00719436527788639,1.1721809394657612,1.3826196887530386,35.607801548205316,0.4,3735,moderate_abatement,JUSTICE_GSA
0.009306357087567448,1.469019390642643,1.3826196887530386,35.607801548205316,0.4,3736,moderate_abatement,JUSTICE_GSA
0.009306357087567448,1.1721809394657612,1.2190093197859824,35.607801548205316,0.4,3737,moderate_abatement,JUSTICE_GSA
0.009306357087567448,1.1721809394657612,1.3826196887530386,358.8079315656796,0.4,3738,moderate_abatement,JUSTICE_GSA
0.009306357087567448,1.1721809394657612,1.3826196887530386,35.607801548205316,0.4,3739,moderate_abatement,JUSTICE_GSA
0.01208210503309965,0.798549497500062,1.3600920555181801,990.7645893963054,0.4,3740,moderate_abatement,JUSTICE_GSA
0.006981870538555085,0.798549497500062,1.3600920555181801,990.7645893963054,0.4,3741,moderate_abatement,JUSTICE_GSA
0.01208210503309965,1.4839201150462031,1.3600920555181801,990.7645893963054,0.4,3742,moderate_abatement,JUSTICE_GSA
0.01208210503309965,0.798549497500062,1.238824151456356,990.7645893963054,0.4,3743,moderate_abatement,JUSTICE_GSA
0.01208210503309965,0.798549497500062,1.3600920555181801,408.327859884128,0.4,3744,moderate_abatement,JUSTICE_GSA
0.01208210503309965,1.4839201150462031,1.238824151456356,408.327859884128,0.4,3745,moderate_abatement,JUSTICE_GSA
0.006981870538555085,0.798549497500062,1.238824151456356,408.327859884128,0.4,3746,moderate_abatement,JUSTICE_GSA
0.006981870538555085,1.4839201150462031,1.3600920555181801,408.327859884128,0.4,3747,moderate_abatement,JUSTICE_GSA
0.006981870538555085,1.4839201150462031,1.238824151456356,990.7645893963054,0.4,3748,moderate_abatement,JUSTICE_GSA
0.006981870538555085,1.4839201150462031,1.238824151456356,408.327859884128,0.4,3749,moderate_abatement,JUSTICE_GSA
0.016558166404254733,1.0665341783314943,0.7349048228934407,205.4399088099599,0.4,3750,moderate_abatement,JUSTICE_GSA
0.0161249984446913,1.0665341783314943,0.7349048228934407,205.4399088099599,0.4,3751,moderate_abatement,JUSTICE_GSA
0.016558166404254733,0.8914766907691956,0.7349048228934407,205.4399088099599,0.4,3752,moderate_abatement,JUSTICE_GSA
0.016558166404254733,1.0665341783314943,1.7654547970741987,205.4399088099599,0.4,3753,moderate_abatement,JUSTICE_GSA
0.016558166404254733,1.0665341783314943,0.7349048228934407,760.0453116856515,0.4,3754,moderate_abatement,JUSTICE_GSA
0.016558166404254733,0.8914766907691956,1.7654547970741987,760.0453116856515,0.4,3755,moderate_abatement,JUSTICE_GSA
0.0161249984446913,1.0665341783314943,1.7654547970741987,760.0453116856515,0.4,3756,moderate_abatement,JUSTICE_GSA
0.0161249984446913,0.8914766907691956,0.7349048228934407,760.0453116856515,0.4,3757,moderate_abatement,JUSTICE_GSA
0.0161249984446913,0.8914766907691956,1.7654547970741987,205.4399088099599,0.4,3758,moderate_abatement,JUSTICE_GSA
0.0161249984446913,0.8914766907691956,1.7654547970741987,760.0453116856515,0.4,3759,moderate_abatement,JUSTICE_GSA
0.017524613381363453,0.5068823238834739,1.2877604011446238,300.76781696267426,0.4,3760,moderate_abatement,JUSTICE_GSA
0.002095221704803407,0.5068823238834739,1.2877604011446238,300.76781696267426,0.4,3761,moderate_abatement,JUSTICE_GSA
0.017524613381363453,0.7717448826879263,1.2877604011446238,300.76781696267426,0.4,3762,moderate_abatement,JUSTICE_GSA
0.017524613381363453,0.5068823238834739,0.7321473890915513,300.76781696267426,0.4,3763,moderate_abatement,JUSTICE_GSA
0.017524613381363453,0.5068823238834739,1.2877604011446238,714.9828255195171,0.4,3764,moderate_abatement,JUSTICE_GSA
0.017524613381363453,0.7717448826879263,0.7321473890915513,714.9828255195171,0.4,3765,moderate_abatement,JUSTICE_GSA
0.002095221704803407,0.5068823238834739,0.7321473890915513,714.9828255195171,0.4,3766,moderate_abatement,JUSTICE_GSA
0.002095221704803407,0.7717448826879263,1.2877604011446238,714.9828255195171,0.4,3767,moderate_abatement,JUSTICE_GSA
0.002095221704803407,0.7717448826879263,0.7321473890915513,300.76781696267426,0.4,3768,moderate_abatement,JUSTICE_GSA
0.002095221704803407,0.7717448826879263,0.7321473890915513,714.9828255195171,0.4,3769,moderate_abatement,JUSTICE_GSA
0.014747770760208369,1.3619206612929702,0.8555705933831632,520.2640827251598,0.4,3770,moderate_abatement,JUSTICE_GSA
0.02194346230663359,1.3619206612929702,0.8555705933831632,520.2640827251598,0.4,3771,moderate_abatement,JUSTICE_GSA
0.014747770760208369,1.3526146309450269,0.8555705933831632,520.2640827251598,0.4,3772,moderate_abatement,JUSTICE_GSA
0.014747770760208369,1.3619206612929702,1.3346294639632106,520.2640827251598,0.4,3773,moderate_abatement,JUSTICE_GSA
0.014747770760208369,1.3619206612929702,0.8555705933831632,110.59526634216309,0.4,3774,moderate_abatement,JUSTICE_GSA
0.014747770760208369,1.3526146309450269,1.3346294639632106,110.59526634216309,0.4,3775,moderate_abatement,JUSTICE_GSA
0.02194346230663359,1.3619206612929702,1.3346294639632106,110.59526634216309,0.4,3776,moderate_abatement,JUSTICE_GSA
0.02194346230663359,1.3526146309450269,0.8555705933831632,110.59526634216309,0.4,3777,moderate_abatement,JUSTICE_GSA
0.02194346230663359,1.3526146309450269,1.3346294639632106,520.2640827251598,0.4,3778,moderate_abatement,JUSTICE_GSA
0.02194346230663359,1.3526146309450269,1.3346294639632106,110.59526634216309,0.4,3779,moderate_abatement,JUSTICE_GSA
0.006227972101420164,0.90958880353719,1.7470194171182811,137.6191659560427,0.4,3780,moderate_abatement,JUSTICE_GSA
0.023371438338421285,0.90958880353719,1.7470194171182811,137.6191659560427,0.4,3781,moderate_abatement,JUSTICE_GSA
0.006227972101420164,1.0535096693783998,1.7470194171182811,137.6191659560427,0.4,3782,moderate_abatement,JUSTICE_GSA
0.006227972101420164,0.90958880353719,1.102142586838454,137.6191659560427,0.4,3783,moderate_abatement,JUSTICE_GSA
0.006227972101420164,0.90958880353719,1.7470194171182811,487.4925004215911,0.4,3784,moderate_abatement,JUSTICE_GSA
0.006227972101420164,1.0535096693783998,1.102142586838454,487.4925004215911,0.4,3785,moderate_abatement,JUSTICE_GSA
0.023371438338421285,0.90958880353719,1.102142586838454,487.4925004215911,0.4,3786,moderate_abatement,JUSTICE_GSA
0.023371438338421285,1.0535096693783998,1.7470194171182811,487.4925004215911,0.4,3787,moderate_abatement,JUSTICE_GSA
0.023371438338421285,1.0535096693783998,1.102142586838454,137.6191659560427,0.4,3788,moderate_abatement,JUSTICE_GSA
0.023371438338421285,1.0535096693783998,1.102142586838454,487.4925004215911,0.4,3789,moderate_abatement,JUSTICE_GSA
0.023502795794047415,1.209946689195931,1.144846599549055,917.1341542061418,0.4,3790,moderate_abatement,JUSTICE_GSA
0.014164533497765659,1.209946689195931,1.144846599549055,917.1341542061418,0.4,3791,moderate_abatement,JUSTICE_GSA
0.023502795794047415,0.5718868980184197,1.144846599549055,917.1341542061418,0.4,3792,moderate_abatement,JUSTICE_GSA
0.023502795794047415,1.209946689195931,1.7138786404393613,917.1341542061418,0.4,3793,moderate_abatement,JUSTICE_GSA
0.023502795794047415,1.209946689195931,1.144846599549055,837.2203737972304,0.4,3794,moderate_abatement,JUSTICE_GSA
0.023502795794047415,0.5718868980184197,1.7138786404393613,837.2203737972304,0.4,3795,moderate_abatement,JUSTICE_GSA
0.014164533497765659,1.209946689195931,1.7138786404393613,837.2203737972304,0.4,3796,moderate_abatement,JUSTICE_GSA
0.014164533497765659,0.5718868980184197,1.144846599549055,837.2203737972304,0.4,3797,moderate_abatement,JUSTICE_GSA
0.014164533497765659,0.5718868980184197,1.7138786404393613,917.1341542061418,0.4,3798,moderate_abatement,JUSTICE_GSA
0.014164533497765659,0.5718868980184197,1.7138786404393613,837.2203737972304,0.4,3799,moderate_abatement,JUSTICE_GSA
0.028053420453332364,0.851524218916893,0.564111306797713,834.5626758309081,0.4,3800,moderate_abatement,JUSTICE_GSA
0.010353697381913662,0.851524218916893,0.564111306797713,834.5626758309081,0.4,3801,moderate_abatement,JUSTICE_GSA
0.028053420453332364,0.9565574163571,0.564111306797713,834.5626758309081,0.4,3802,moderate_abatement,JUSTICE_GSA
0.028053420453332364,0.851524218916893,0.8982916045933962,834.5626758309081,0.4,3803,moderate_abatement,JUSTICE_GSA
0.028053420453332364,0.851524218916893,0.564111306797713,251.58293928112835,0.4,3804,moderate_abatement,JUSTICE_GSA
0.028053420453332364,0.9565574163571,0.8982916045933962,251.58293928112835,0.4,3805,moderate_abatement,JUSTICE_GSA
0.010353697381913662,0.851524218916893,0.8982916045933962,251.58293928112835,0.4,3806,moderate_abatement,JUSTICE_GSA
0.010353697381913662,0.9565574163571,0.564111306797713,251.58293928112835,0.4,3807,moderate_abatement,JUSTICE_GSA
0.010353697381913662,0.9565574163571,0.8982916045933962,834.5626758309081,0.4,3808,moderate_abatement,JUSTICE_GSA
0.010353697381913662,0.9565574163571,0.8982916045933962,251.58293928112835,0.4,3809,moderate_abatement,JUSTICE_GSA
0.0017167328614741562,1.0179540440440178,1.5323439724743366,111.64864043146372,0.4,3810,moderate_abatement,JUSTICE_GSA
0.02681055295933038,1.0179540440440178,1.5323439724743366,111.64864043146372,0.4,3811,moderate_abatement,JUSTICE_GSA
0.0017167328614741562,1.418778607621789,1.5323439724743366,111.64864043146372,0.4,3812,moderate_abatement,JUSTICE_GSA
0.0017167328614741562,1.0179540440440178,1.8716094605624676,111.64864043146372,0.4,3813,moderate_abatement,JUSTICE_GSA
0.0017167328614741562,1.0179540440440178,1.5323439724743366,917.4019105741754,0.4,3814,moderate_abatement,JUSTICE_GSA
0.0017167328614741562,1.418778607621789,1.8716094605624676,917.4019105741754,0.4,3815,moderate_abatement,JUSTICE_GSA
0.02681055295933038,1.0179540440440178,1.8716094605624676,917.4019105741754,0.4,3816,moderate_abatement,JUSTICE_GSA
0.02681055295933038,1.418778607621789,1.5323439724743366,917.4019105741754,0.4,3817,moderate_abatement,JUSTICE_GSA
0.02681055295933038,1.418778607621789,1.8716094605624676,111.64864043146372,0.4,3818,moderate_abatement,JUSTICE_GSA
0.02681055295933038,1.418778607621789,1.8716094605624676,917.4019105741754,0.4,3819,moderate_abatement,JUSTICE_GSA
0.010194299960508944,0.6909899804741144,1.0175427962094545,727.9389461018145,0.4,3820,moderate_abatement,JUSTICE_GSA
0.018929083123803137,0.6909899804741144,1.0175427962094545,727.9389461018145,0.4,3821,moderate_abatement,JUSTICE_GSA
0.010194299960508944,1.2373533071950078,1.0175427962094545,727.9389461018145,0.4,3822,moderate_abatement,JUSTICE_GSA
0.010194299960508944,0.6909899804741144,0.5154508189298213,727.9389461018145,0.4,3823,moderate_abatement,JUSTICE_GSA
0.010194299960508944,0.6909899804741144,1.0175427962094545,541.1450387425721,0.4,3824,moderate_abatement,JUSTICE_GSA
0.010194299960508944,1.2373533071950078,0.5154508189298213,541.1450387425721,0.4,3825,moderate_abatement,JUSTICE_GSA
0.018929083123803137,0.6909899804741144,0.5154508189298213,541.1450387425721,0.4,3826,moderate_abatement,JUSTICE_GSA
0.018929083123803137,1.2373533071950078,1.0175427962094545,541.1450387425721,0.4,3827,moderate_abatement,JUSTICE_GSA
0.018929083123803137,1.2373533071950078,0.5154508189298213,727.9389461018145,0.4,3828,moderate_abatement,JUSTICE_GSA
0.018929083123803137,1.2373533071950078,0.5154508189298213,541.1450387425721,0.4,3829,moderate_abatement,JUSTICE_GSA
0.02203250866290182,1.4277557749301195,1.8274475052021444,451.8718572789803,0.4,3830,moderate_abatement,JUSTICE_GSA
0.00633090388495475,1.4277557749301195,1.8274475052021444,451.8718572789803,0.4,3831,moderate_abatement,JUSTICE_GSA
0.02203250866290182,0.6370667796581984,1.8274475052021444,451.8718572789803,0.4,3832,moderate_abatement,JUSTICE_GSA
0.02203250866290182,1.4277557749301195,1.5036960621364415,451.8718572789803,0.4,3833,moderate_abatement,JUSTICE_GSA
0.02203250866290182,1.4277557749301195,1.8274475052021444,127.97357748262584,0.4,3834,moderate_abatement,JUSTICE_GSA
0.02203250866290182,0.6370667796581984,1.5036960621364415,127.97357748262584,0.4,3835,moderate_abatement,JUSTICE_GSA
0.00633090388495475,1.4277557749301195,1.5036960621364415,127.97357748262584,0.4,3836,moderate_abatement,JUSTICE_GSA
0.00633090388495475,0.6370667796581984,1.8274475052021444,127.97357748262584,0.4,3837,moderate_abatement,JUSTICE_GSA
0.00633090388495475,0.6370667796581984,1.5036960621364415,451.8718572789803,0.4,3838,moderate_abatement,JUSTICE_GSA
0.00633090388495475,0.6370667796581984,1.5036960621364415,127.97357748262584,0.4,3839,moderate_abatement,JUSTICE_GSA
0.021855140665546058,0.9650737755000591,0.5864498750306666,682.3499747859314,0.4,3840,moderate_abatement,JUSTICE_GSA
0.016545554204843937,0.9650737755000591,0.5864498750306666,682.3499747859314,0.4,3841,moderate_abatement,JUSTICE_GSA
0.021855140665546058,1.2697125570848584,0.5864498750306666,682.3499747859314,0.4,3842,moderate_abatement,JUSTICE_GSA
0.021855140665546058,0.9650737755000591,1.0921174548566341,682.3499747859314,0.4,3843,moderate_abatement,JUSTICE_GSA
0.021855140665546058,0.9650737755000591,0.5864498750306666,75.22900984529406,0.4,3844,moderate_abatement,JUSTICE_GSA
0.021855140665546058,1.2697125570848584,1.0921174548566341,75.22900984529406,0.4,3845,moderate_abatement,JUSTICE_GSA
0.016545554204843937,0.9650737755000591,1.0921174548566341,75.22900984529406,0.4,3846,moderate_abatement,JUSTICE_GSA
0.016545554204843937,1.2697125570848584,0.5864498750306666,75.22900984529406,0.4,3847,moderate_abatement,JUSTICE_GSA
0.016545554204843937,1.2697125570848584,1.0921174548566341,682.3499747859314,0.4,3848,moderate_abatement,JUSTICE_GSA
0.016545554204843937,1.2697125570848584,1.0921174548566341,75.22900984529406,0.4,3849,moderate_abatement,JUSTICE_GSA
0.01013107062038034,1.1656920947134495,1.5554161919280887,404.2842511087656,0.4,3850,moderate_abatement,JUSTICE_GSA
0.007393566640093922,1.1656920947134495,1.5554161919280887,404.2842511087656,0.4,3851,moderate_abatement,JUSTICE_GSA
0.01013107062038034,0.8549499865621328,1.5554161919280887,404.2842511087656,0.4,3852,moderate_abatement,JUSTICE_GSA
0.01013107062038034,1.1656920947134495,1.7004660684615374,404.2842511087656,0.4,3853,moderate_abatement,JUSTICE_GSA
0.01013107062038034,1.1656920947134495,1.5554161919280887,726.4434175258502,0.4,3854,moderate_abatement,JUSTICE_GSA
0.01013107062038034,0.8549499865621328,1.7004660684615374,726.4434175258502,0.4,3855,moderate_abatement,JUSTICE_GSA
0.007393566640093922,1.1656920947134495,1.7004660684615374,726.4434175258502,0.4,3856,moderate_abatement,JUSTICE_GSA
0.007393566640093922,0.8549499865621328,1.5554161919280887,726.4434175258502,0.4,3857,moderate_abatement,JUSTICE_GSA
0.007393566640093922,0.8549499865621328,1.7004660684615374,404.2842511087656,0.4,3858,moderate_abatement,JUSTICE_GSA
0.007393566640093922,0.8549499865621328,1.7004660684615374,726.4434175258502,0.4,3859,moderate_abatement,JUSTICE_GSA
0.0018923593601211904,0.617535999044776,1.041347705759108,755.2950316779315,0.4,3860,moderate_abatement,JUSTICE_GSA
0.008921555257402361,0.617535999044776,1.041347705759108,755.2950316779315,0.4,3861,moderate_abatement,JUSTICE_GSA
0.0018923593601211904,0.5513951787725091,1.041347705759108,755.2950316779315,0.4,3862,moderate_abatement,JUSTICE_GSA
0.0018923593601211904,0.617535999044776,0.7128758360631764,755.2950316779315,0.4,3863,moderate_abatement,JUSTICE_GSA
0.0018923593601211904,0.617535999044776,1.041347705759108,849.1700259651989,0.4,3864,moderate_abatement,JUSTICE_GSA
0.0018923593601211904,0.5513951787725091,0.7128758360631764,849.1700259651989,0.4,3865,moderate_abatement,JUSTICE_GSA
0.008921555257402361,0.617535999044776,0.7128758360631764,849.1700259651989,0.4,3866,moderate_abatement,JUSTICE_GSA
0.008921555257402361,0.5513951787725091,1.041347705759108,849.1700259651989,0.4,3867,moderate_abatement,JUSTICE_GSA
0.008921555257402361,0.5513951787725091,0.7128758360631764,755.2950316779315,0.4,3868,moderate_abatement,JUSTICE_GSA
0.008921555257402361,0.5513951787725091,0.7128758360631764,849.1700259651989,0.4,3869,moderate_abatement,JUSTICE_GSA
0.028118393020704388,1.26347410492599,1.8519832496531308,34.34187957737595,0.4,3870,moderate_abatement,JUSTICE_GSA
0.028714864755049346,1.26347410492599,1.8519832496531308,34.34187957737595,0.4,3871,moderate_abatement,JUSTICE_GSA
0.028118393020704388,1.0741861630231142,1.8519832496531308,34.34187957737595,0.4,3872,moderate_abatement,JUSTICE_GSA
0.028118393020704388,1.26347410492599,1.3304641232825816,34.34187957737595,0.4,3873,moderate_abatement,JUSTICE_GSA
0.028118393020704388,1.26347410492599,1.8519832496531308,452.6127659790218,0.4,3874,moderate_abatement,JUSTICE_GSA
0.028118393020704388,1.0741861630231142,1.3304641232825816,452.6127659790218,0.4,3875,moderate_abatement,JUSTICE_GSA
0.028714864755049346,1.26347410492599,1.3304641232825816,452.6127659790218,0.4,3876,moderate_abatement,JUSTICE_GSA
0.028714864755049346,1.0741861630231142,1.8519832496531308,452.6127659790218,0.4,3877,moderate_abatement,JUSTICE_GSA
0.028714864755049346,1.0741861630231142,1.3304641232825816,34.34187957737595,0.4,3878,moderate_abatement,JUSTICE_GSA
0.028714864755049346,1.0741861630231142,1.3304641232825816,452.6127659790218,0.4,3879,moderate_abatement,JUSTICE_GSA
0.02355274998769164,0.6843474386259913,1.2632260927930474,218.8539902959019,0.4,3880,moderate_abatement,JUSTICE_GSA
0.024790754303336143,0.6843474386259913,1.2632260927930474,218.8539902959019,0.4,3881,moderate_abatement,JUSTICE_GSA
0.02355274998769164,1.4549866411834955,1.2632260927930474,218.8539902959019,0.4,3882,moderate_abatement,JUSTICE_GSA
0.02355274998769164,0.6843474386259913,0.5082637993618846,218.8539902959019,0.4,3883,moderate_abatement,JUSTICE_GSA
0.02355274998769164,0.6843474386259913,1.2632260927930474,897.6437656059861,0.4,3884,moderate_abatement,JUSTICE_GSA
0.02355274998769164,1.4549866411834955,0.5082637993618846,897.6437656059861,0.4,3885,moderate_abatement,JUSTICE_GSA
0.024790754303336143,0.6843474386259913,0.5082637993618846,897.6437656059861,0.4,3886,moderate_abatement,JUSTICE_GSA
0.024790754303336143,1.4549866411834955,1.2632260927930474,897.6437656059861,0.4,3887,moderate_abatement,JUSTICE_GSA
0.024790754303336143,1.4549866411834955,0.5082637993618846,218.8539902959019,0.4,3888,moderate_abatement,JUSTICE_GSA
0.024790754303336143,1.4549866411834955,0.5082637993618846,897.6437656059861,0.4,3889,moderate_abatement,JUSTICE_GSA
0.006390294932760298,1.446605439297855,0.8317642589099705,992.4718145458028,0.4,3890,moderate_abatement,JUSTICE_GSA
0.01224738171417266,1.446605439297855,0.8317642589099705,992.4718145458028,0.4,3891,moderate_abatement,JUSTICE_GSA
0.006390294932760298,0.9206524128094316,0.8317642589099705,992.4718145458028,0.4,3892,moderate_abatement,JUSTICE_GSA
0.006390294932760298,1.446605439297855,1.4874453330412507,992.4718145458028,0.4,3893,moderate_abatement,JUSTICE_GSA
0.006390294932760298,1.446605439297855,0.8317642589099705,309.8729160372168,0.4,3894,moderate_abatement,JUSTICE_GSA
0.006390294932760298,0.9206524128094316,1.4874453330412507,309.8729160372168,0.4,3895,moderate_abatement,JUSTICE_GSA
0.01224738171417266,1.446605439297855,1.4874453330412507,309.8729160372168,0.4,3896,moderate_abatement,JUSTICE_GSA
0.01224738171417266,0.9206524128094316,0.8317642589099705,309.8729160372168,0.4,3897,moderate_abatement,JUSTICE_GSA
0.01224738171417266,0.9206524128094316,1.4874453330412507,992.4718145458028,0.4,3898,moderate_abatement,JUSTICE_GSA
0.01224738171417266,0.9206524128094316,1.4874453330412507,309.8729160372168,0.4,3899,moderate_abatement,JUSTICE_GSA
0.014699613378383217,0.774057456292212,1.72394577274099,344.4178026681766,0.4,3900,moderate_abatement,JUSTICE_GSA
0.004492475621402264,0.774057456292212,1.72394577274099,344.4178026681766,0.4,3901,moderate_abatement,JUSTICE_GSA
0.014699613378383217,0.7357462029904127,1.72394577274099,344.4178026681766,0.4,3902,moderate_abatement,JUSTICE_GSA
0.014699613378383217,0.774057456292212,0.8761818944476545,344.4178026681766,0.4,3903,moderate_abatement,JUSTICE_GSA
0.014699613378383217,0.774057456292212,1.72394577274099,186.75010978709906,0.4,3904,moderate_abatement,JUSTICE_GSA
0.014699613378383217,0.7357462029904127,0.8761818944476545,186.75010978709906,0.4,3905,moderate_abatement,JUSTICE_GSA
0.004492475621402264,0.774057456292212,0.8761818944476545,186.75010978709906,0.4,3906,moderate_abatement,JUSTICE_GSA
0.004492475621402264,0.7357462029904127,1.72394577274099,186.75010978709906,0.4,3907,moderate_abatement,JUSTICE_GSA
0.004492475621402264,0.7357462029904127,0.8761818944476545,344.4178026681766,0.4,3908,moderate_abatement,JUSTICE_GSA
0.004492475621402264,0.7357462029904127,0.8761818944476545,186.75010978709906,0.4,3909,moderate_abatement,JUSTICE_GSA
0.01736049200966954,1.1066511878743768,1.1225094674155116,569.788724405691,0.4,3910,moderate_abatement,JUSTICE_GSA
0.020894510720856487,1.1066511878743768,1.1225094674155116,569.788724405691,0.4,3911,moderate_abatement,JUSTICE_GSA
0.01736049200966954,1.1388586582615972,1.1225094674155116,569.788724405691,0.4,3912,moderate_abatement,JUSTICE_GSA
0.01736049200966954,1.1066511878743768,1.8702822322957218,569.788724405691,0.4,3913,moderate_abatement,JUSTICE_GSA
0.01736049200966954,1.1066511878743768,1.1225094674155116,521.875927885063,0.4,3914,moderate_abatement,JUSTICE_GSA
0.01736049200966954,1.1388586582615972,1.8702822322957218,521.875927885063,0.4,3915,moderate_abatement,JUSTICE_GSA
0.020894510720856487,1.1066511878743768,1.8702822322957218,521.875927885063,0.4,3916,moderate_abatement,JUSTICE_GSA
0.020894510720856487,1.1388586582615972,1.1225094674155116,521.875927885063,0.4,3917,moderate_abatement,JUSTICE_GSA
0.020894510720856487,1.1388586582615972,1.8702822322957218,569.788724405691,0.4,3918,moderate_abatement,JUSTICE_GSA
0.020894510720856487,1.1388586582615972,1.8702822322957218,521.875927885063,0.4,3919,moderate_abatement,JUSTICE_GSA
0.016507312454283236,0.5450147651135921,1.6505254656076431,912.0120693854988,0.4,3920,moderate_abatement,JUSTICE_GSA
0.00504349272698164,0.5450147651135921,1.6505254656076431,912.0120693854988,0.4,3921,moderate_abatement,JUSTICE_GSA
0.016507312454283236,1.0084685189649463,1.6505254656076431,912.0120693854988,0.4,3922,moderate_abatement,JUSTICE_GSA
0.016507312454283236,0.5450147651135921,0.650757993105799,912.0120693854988,0.4,3923,moderate_abatement,JUSTICE_GSA
0.016507312454283236,0.5450147651135921,1.6505254656076431,941.6891880622134,0.4,3924,moderate_abatement,JUSTICE_GSA
0.016507312454283236,1.0084685189649463,0.650757993105799,941.6891880622134,0.4,3925,moderate_abatement,JUSTICE_GSA
0.00504349272698164,0.5450147651135921,0.650757993105799,941.6891880622134,0.4,3926,moderate_abatement,JUSTICE_GSA
0.00504349272698164,1.0084685189649463,1.6505254656076431,941.6891880622134,0.4,3927,moderate_abatement,JUSTICE_GSA
0.00504349272698164,1.0084685189649463,0.650757993105799,912.0120693854988,0.4,3928,moderate_abatement,JUSTICE_GSA
0.00504349272698164,1.0084685189649463,0.650757993105799,941.6891880622134,0.4,3929,moderate_abatement,JUSTICE_GSA
0.011920652572996914,1.3394132442772388,1.2413456472568214,128.59456247184426,0.4,3930,moderate_abatement,JUSTICE_GSA
0.01765052989590913,1.3394132442772388,1.2413456472568214,128.59456247184426,0.4,3931,moderate_abatement,JUSTICE_GSA
0.011920652572996914,0.6171741113066673,1.2413456472568214,128.59456247184426,0.4,3932,moderate_abatement,JUSTICE_GSA
0.011920652572996914,1.3394132442772388,1.5332097602076828,128.59456247184426,0.4,3933,moderate_abatement,JUSTICE_GSA
0.011920652572996914,1.3394132442772388,1.2413456472568214,359.7334475675598,0.4,3934,moderate_abatement,JUSTICE_GSA
0.011920652572996914,0.6171741113066673,1.5332097602076828,359.7334475675598,0.4,3935,moderate_abatement,JUSTICE_GSA
0.01765052989590913,1.3394132442772388,1.5332097602076828,359.7334475675598,0.4,3936,moderate_abatement,JUSTICE_GSA
0.01765052989590913,0.6171741113066673,1.2413456472568214,359.7334475675598,0.4,3937,moderate_abatement,JUSTICE_GSA
0.01765052989590913,0.6171741113066673,1.5332097602076828,128.59456247184426,0.4,3938,moderate_abatement,JUSTICE_GSA
0.01765052989590913,0.6171741113066673,1.5332097602076828,359.7334475675598,0.4,3939,moderate_abatement,JUSTICE_GSA
0.007243420687504112,0.8852512594312429,1.3846257380209863,526.3612324642017,0.4,3940,moderate_abatement,JUSTICE_GSA
0.028119765207171438,0.8852512594312429,1.3846257380209863,526.3612324642017,0.4,3941,moderate_abatement,JUSTICE_GSA
0.007243420687504112,0.7892019739374518,1.3846257380209863,526.3612324642017,0.4,3942,moderate_abatement,JUSTICE_GSA
0.007243420687504112,0.8852512594312429,1.02075426094234,526.3612324642017,0.4,3943,moderate_abatement,JUSTICE_GSA
0.007243420687504112,0.8852512594312429,1.3846257380209863,232.4950946904719,0.4,3944,moderate_abatement,JUSTICE_GSA
0.007243420687504112,0.7892019739374518,1.02075426094234,232.4950946904719,0.4,3945,moderate_abatement,JUSTICE_GSA
0.028119765207171438,0.8852512594312429,1.02075426094234,232.4950946904719,0.4,3946,moderate_abatement,JUSTICE_GSA
0.028119765207171438,0.7892019739374518,1.3846257380209863,232.4950946904719,0.4,3947,moderate_abatement,JUSTICE_GSA
0.028119765207171438,0.7892019739374518,1.02075426094234,526.3612324642017,0.4,3948,moderate_abatement,JUSTICE_GSA
0.028119765207171438,0.7892019739374518,1.02075426094234,232.4950946904719,0.4,3949,moderate_abatement,JUSTICE_GSA
0.026331656992435455,1.2499092053622007,0.7587101738899946,310.7671280950308,0.4,3950,moderate_abatement,JUSTICE_GSA
0.011668224063701927,1.2499092053622007,0.7587101738899946,310.7671280950308,0.4,3951,moderate_abatement,JUSTICE_GSA
0.026331656992435455,1.3353997878730297,0.7587101738899946,310.7671280950308,0.4,3952,moderate_abatement,JUSTICE_GSA
0.026331656992435455,1.2499092053622007,1.9124571457505226,310.7671280950308,0.4,3953,moderate_abatement,JUSTICE_GSA
0.026331656992435455,1.2499092053622007,0.7587101738899946,569.548921642825,0.4,3954,moderate_abatement,JUSTICE_GSA
0.026331656992435455,1.3353997878730297,1.9124571457505226,569.548921642825,0.4,3955,moderate_abatement,JUSTICE_GSA
0.011668224063701927,1.2499092053622007,1.9124571457505226,569.548921642825,0.4,3956,moderate_abatement,JUSTICE_GSA
0.011668224063701927,1.3353997878730297,0.7587101738899946,569.548921642825,0.4,3957,moderate_abatement,JUSTICE_GSA
0.011668224063701927,1.3353997878730297,1.9124571457505226,310.7671280950308,0.4,3958,moderate_abatement,JUSTICE_GSA
0.011668224063701927,1.3353997878730297,1.9124571457505226,569.548921642825,0.4,3959,moderate_abatement,JUSTICE_GSA
0.029084796784445643,0.8270321814343333,0.9269089377485216,438.9455241030082,0.4,3960,moderate_abatement,JUSTICE_GSA
0.014654207742772995,0.8270321814343333,0.9269089377485216,438.9455241030082,0.4,3961,moderate_abatement,JUSTICE_GSA
0.029084796784445643,1.2006091363728046,0.9269089377485216,438.9455241030082,0.4,3962,moderate_abatement,JUSTICE_GSA
0.029084796784445643,0.8270321814343333,1.2374969008378685,438.9455241030082,0.4,3963,moderate_abatement,JUSTICE_GSA
0.029084796784445643,0.8270321814343333,0.9269089377485216,31.46380634792149,0.4,3964,moderate_abatement,JUSTICE_GSA
0.029084796784445643,1.2006091363728046,1.2374969008378685,31.46380634792149,0.4,3965,moderate_abatement,JUSTICE_GSA
0.014654207742772995,0.8270321814343333,1.2374969008378685,31.46380634792149,0.4,3966,moderate_abatement,JUSTICE_GSA
0.014654207742772995,1.2006091363728046,0.9269089377485216,31.46380634792149,0.4,3967,moderate_abatement,JUSTICE_GSA
0.014654207742772995,1.2006091363728046,1.2374969008378685,438.9455241030082,0.4,3968,moderate_abatement,JUSTICE_GSA
0.014654207742772995,1.2006091363728046,1.2374969008378685,31.46380634792149,0.4,3969,moderate_abatement,JUSTICE_GSA
0.004557981873862445,1.0580710573121905,1.9180878903716803,726.719469262287,0.4,3970,moderate_abatement,JUSTICE_GSA
0.023855810249224306,1.0580710573121905,1.9180878903716803,726.719469262287,0.4,3971,moderate_abatement,JUSTICE_GSA
0.004557981873862445,0.6740569835528731,1.9180878903716803,726.719469262287,0.4,3972,moderate_abatement,JUSTICE_GSA
0.004557981873862445,1.0580710573121905,1.7433450645767152,726.719469262287,0.4,3973,moderate_abatement,JUSTICE_GSA
0.004557981873862445,1.0580710573121905,1.9180878903716803,676.8021308332682,0.4,3974,moderate_abatement,JUSTICE_GSA
0.004557981873862445,0.6740569835528731,1.7433450645767152,676.8021308332682,0.4,3975,moderate_abatement,JUSTICE_GSA
0.023855810249224306,1.0580710573121905,1.7433450645767152,676.8021308332682,0.4,3976,moderate_abatement,JUSTICE_GSA
0.023855810249224306,0.6740569835528731,1.9180878903716803,676.8021308332682,0.4,3977,moderate_abatement,JUSTICE_GSA
0.023855810249224306,0.6740569835528731,1.7433450645767152,726.719469262287,0.4,3978,moderate_abatement,JUSTICE_GSA
0.023855810249224306,0.6740569835528731,1.7433450645767152,676.8021308332682,0.4,3979,moderate_abatement,JUSTICE_GSA
0.009164606573991478,0.72902896348387,0.6551179811358452,125.55093170143664,0.4,3980,moderate_abatement,JUSTICE_GSA
0.02143308113422245,0.72902896348387,0.6551179811358452,125.55093170143664,0.4,3981,moderate_abatement,JUSTICE_GSA
0.009164606573991478,0.9823114275932312,0.6551179811358452,125.55093170143664,0.4,3982,moderate_abatement,JUSTICE_GSA
0.009164606573991478,0.72902896348387,0.8546543242409825,125.55093170143664,0.4,3983,moderate_abatement,JUSTICE_GSA
0.009164606573991478,0.72902896348387,0.6551179811358452,803.2172288717702,0.4,3984,moderate_abatement,JUSTICE_GSA
0.009164606573991478,0.9823114275932312,0.8546543242409825,803.2172288717702,0.4,3985,moderate_abatement,JUSTICE_GSA
0.02143308113422245,0.72902896348387,0.8546543242409825,803.2172288717702,0.4,3986,moderate_abatement,JUSTICE_GSA
0.02143308113422245,0.9823114275932312,0.6551179811358452,803.2172288717702,0.4,3987,moderate_abatement,JUSTICE_GSA
0.02143308113422245,0.9823114275932312,0.8546543242409825,125.55093170143664,0.4,3988,moderate_abatement,JUSTICE_GSA
0.02143308113422245,0.9823114275932312,0.8546543242409825,803.2172288717702,0.4,3989,moderate_abatement,JUSTICE_GSA
0.019189457869157194,1.4053418198600411,1.441343646030873,836.7577534941956,0.4,3990,moderate_abatement,JUSTICE_GSA
0.0015759947020560503,1.4053418198600411,1.441343646030873,836.7577534941956,0.4,3991,moderate_abatement,JUSTICE_GSA
0.019189457869157194,1.3932668147608638,1.441343646030873,836.7577534941956,0.4,3992,moderate_abatement,JUSTICE_GSA
0.019189457869157194,1.4053418198600411,1.3754327362403274,836.7577534941956,0.4,3993,moderate_abatement,JUSTICE_GSA
0.019189457869157194,1.4053418198600411,1.441343646030873,404.6709859101102,0.4,3994,moderate_abatement,JUSTICE_GSA
0.019189457869157194,1.3932668147608638,1.3754327362403274,404.6709859101102,0.4,3995,moderate_abatement,JUSTICE_GSA
0.0015759947020560503,1.4053418198600411,1.3754327362403274,404.6709859101102,0.4,3996,moderate_abatement,JUSTICE_GSA
0.0015759947020560503,1.3932668147608638,1.441343646030873,404.6709859101102,0.4,3997,moderate_abatement,JUSTICE_GSA
0.0015759947020560503,1.3932668147608638,1.3754327362403274,836.7577534941956,0.4,3998,moderate_abatement,JUSTICE_GSA
0.0015759947020560503,1.3932668147608638,1.3754327362403274,404.6709859101102,0.4,3999,moderate_abatement,JUSTICE_GSA
0.02009032621141523,0.7176669202744961,1.1832304103299975,337.3001700313762,0.4,4000,moderate_abatement,JUSTICE_GSA
0.029734221071936188,0.7176669202744961,1.1832304103299975,337.3001700313762,0.4,4001,moderate_abatement,JUSTICE_GSA
0.02009032621141523,0.6326565193012357,1.1832304103299975,337.3001700313762,0.4,4002,moderate_abatement,JUSTICE_GSA
0.02009032621141523,0.7176669202744961,1.6654035672545433,337.3001700313762,0.4,4003,moderate_abatement,JUSTICE_GSA
0.02009032621141523,0.7176669202744961,1.1832304103299975,769.1850296882913,0.4,4004,moderate_abatement,JUSTICE_GSA
0.02009032621141523,0.6326565193012357,1.6654035672545433,769.1850296882913,0.4,4005,moderate_abatement,JUSTICE_GSA
0.029734221071936188,0.7176669202744961,1.6654035672545433,769.1850296882913,0.4,4006,moderate_abatement,JUSTICE_GSA
0.029734221071936188,0.6326565193012357,1.1832304103299975,769.1850296882913,0.4,4007,moderate_abatement,JUSTICE_GSA
0.029734221071936188,0.6326565193012357,1.6654035672545433,337.3001700313762,0.4,4008,moderate_abatement,JUSTICE_GSA
0.029734221071936188,0.6326565193012357,1.6654035672545433,769.1850296882913,0.4,4009,moderate_abatement,JUSTICE_GSA
0.00825300251878798,1.4174325354397297,1.7085892544128,625.0761955454946,0.4,4010,moderate_abatement,JUSTICE_GSA
0.009714349884539841,1.4174325354397297,1.7085892544128,625.0761955454946,0.4,4011,moderate_abatement,JUSTICE_GSA
0.00825300251878798,1.242678066715598,1.7085892544128,625.0761955454946,0.4,4012,moderate_abatement,JUSTICE_GSA
0.00825300251878798,1.4174325354397297,1.150629011914134,625.0761955454946,0.4,4013,moderate_abatement,JUSTICE_GSA
0.00825300251878798,1.4174325354397297,1.7085892544128,431.14013136643916,0.4,4014,moderate_abatement,JUSTICE_GSA
0.00825300251878798,1.242678066715598,1.150629011914134,431.14013136643916,0.4,4015,moderate_abatement,JUSTICE_GSA
0.009714349884539841,1.4174325354397297,1.150629011914134,431.14013136643916,0.4,4016,moderate_abatement,JUSTICE_GSA
0.009714349884539841,1.242678066715598,1.7085892544128,431.14013136643916,0.4,4017,moderate_abatement,JUSTICE_GSA
0.009714349884539841,1.242678066715598,1.150629011914134,625.0761955454946,0.4,4018,moderate_abatement,JUSTICE_GSA
0.009714349884539841,1.242678066715598,1.150629011914134,431.14013136643916,0.4,4019,moderate_abatement,JUSTICE_GSA
0.0036606282908469437,0.8696404155343771,0.7239394341595471,227.31333643570542,0.4,4020,moderate_abatement,JUSTICE_GSA
0.00660042814258486,0.8696404155343771,0.7239394341595471,227.31333643570542,0.4,4021,moderate_abatement,JUSTICE_GSA
0.0036606282908469437,1.4134232262149453,0.7239394341595471,227.31333643570542,0.4,4022,moderate_abatement,JUSTICE_GSA
0.0036606282908469437,0.8696404155343771,1.2954083723016083,227.31333643570542,0.4,4023,moderate_abatement,JUSTICE_GSA
0.0036606282908469437,0.8696404155343771,0.7239394341595471,57.689632162451744,0.4,4024,moderate_abatement,JUSTICE_GSA
0.0036606282908469437,1.4134232262149453,1.2954083723016083,57.689632162451744,0.4,4025,moderate_abatement,JUSTICE_GSA
0.00660042814258486,0.8696404155343771,1.2954083723016083,57.689632162451744,0.4,4026,moderate_abatement,JUSTICE_GSA
0.00660042814258486,1.4134232262149453,0.7239394341595471,57.689632162451744,0.4,4027,moderate_abatement,JUSTICE_GSA
0.00660042814258486,1.4134232262149453,1.2954083723016083,227.31333643570542,0.4,4028,moderate_abatement,JUSTICE_GSA
0.00660042814258486,1.4134232262149453,1.2954083723016083,57.689632162451744,0.4,4029,moderate_abatement,JUSTICE_GSA
0.029999970912002027,1.0147265326231718,1.4193449402227998,938.5260569090024,0.4,4030,moderate_abatement,JUSTICE_GSA
0.015525850560516117,1.0147265326231718,1.4193449402227998,938.5260569090024,0.4,4031,moderate_abatement,JUSTICE_GSA
0.029999970912002027,0.9609982687979937,1.4193449402227998,938.5260569090024,0.4,4032,moderate_abatement,JUSTICE_GSA
0.029999970912002027,1.0147265326231718,0.771379838231951,938.5260569090024,0.4,4033,moderate_abatement,JUSTICE_GSA
0.029999970912002027,1.0147265326231718,1.4193449402227998,642.5261728633195,0.4,4034,moderate_abatement,JUSTICE_GSA
0.029999970912002027,0.9609982687979937,0.771379838231951,642.5261728633195,0.4,4035,moderate_abatement,JUSTICE_GSA
0.015525850560516117,1.0147265326231718,0.771379838231951,642.5261728633195,0.4,4036,moderate_abatement,JUSTICE_GSA
0.015525850560516117,0.9609982687979937,1.4193449402227998,642.5261728633195,0.4,4037,moderate_abatement,JUSTICE_GSA
0.015525850560516117,0.9609982687979937,0.771379838231951,938.5260569090024,0.4,4038,moderate_abatement,JUSTICE_GSA
0.015525850560516117,0.9609982687979937,0.771379838231951,642.5261728633195,0.4,4039,moderate_abatement,JUSTICE_GSA
0.025416600891388953,0.9356605438515544,1.953722678590566,810.3685909826308,0.4,4040,moderate_abatement,JUSTICE_GSA
0.019874818420037625,0.9356605438515544,1.953722678590566,810.3685909826308,0.4,4041,moderate_abatement,JUSTICE_GSA
0.025416600891388953,0.5645165387541056,1.953722678590566,810.3685909826308,0.4,4042,moderate_abatement,JUSTICE_GSA
0.025416600891388953,0.9356605438515544,1.4522012686356902,810.3685909826308,0.4,4043,moderate_abatement,JUSTICE_GSA
0.025416600891388953,0.9356605438515544,1.953722678590566,196.5272016208619,0.4,4044,moderate_abatement,JUSTICE_GSA
0.025416600891388953,0.5645165387541056,1.4522012686356902,196.5272016208619,0.4,4045,moderate_abatement,JUSTICE_GSA
0.019874818420037625,0.9356605438515544,1.4522012686356902,196.5272016208619,0.4,4046,moderate_abatement,JUSTICE_GSA
0.019874818420037625,0.5645165387541056,1.953722678590566,196.5272016208619,0.4,4047,moderate_abatement,JUSTICE_GSA
0.019874818420037625,0.5645165387541056,1.4522012686356902,810.3685909826308,0.4,4048,moderate_abatement,JUSTICE_GSA
0.019874818420037625,0.5645165387541056,1.4522012686356902,196.5272016208619,0.4,4049,moderate_abatement,JUSTICE_GSA
0.008140892188996076,1.1987712485715747,0.891222701407969,26.949353541247547,0.4,4050,moderate_abatement,JUSTICE_GSA
0.0036993467388674616,1.1987712485715747,0.891222701407969,26.949353541247547,0.4,4051,moderate_abatement,JUSTICE_GSA
0.008140892188996076,1.0598415518179536,0.891222701407969,26.949353541247547,0.4,4052,moderate_abatement,JUSTICE_GSA
0.008140892188996076,1.1987712485715747,0.5669571431353688,26.949353541247547,0.4,4053,moderate_abatement,JUSTICE_GSA
0.008140892188996076,1.1987712485715747,0.891222701407969,597.9547137059271,0.4,4054,moderate_abatement,JUSTICE_GSA
0.008140892188996076,1.0598415518179536,0.5669571431353688,597.9547137059271,0.4,4055,moderate_abatement,JUSTICE_GSA
0.0036993467388674616,1.1987712485715747,0.5669571431353688,597.9547137059271,0.4,4056,moderate_abatement,JUSTICE_GSA
0.0036993467388674616,1.0598415518179536,0.891222701407969,597.9547137059271,0.4,4057,moderate_abatement,JUSTICE_GSA
0.0036993467388674616,1.0598415518179536,0.5669571431353688,26.949353541247547,0.4,4058,moderate_abatement,JUSTICE_GSA
0.0036993467388674616,1.0598415518179536,0.5669571431353688,597.9547137059271,0.4,4059,moderate_abatement,JUSTICE_GSA
0.01283213860169053,0.5258592898026109,1.500322881154716,628.129323749803,0.4,4060,moderate_abatement,JUSTICE_GSA
0.013040194598957895,0.5258592898026109,1.500322881154716,628.129323749803,0.4,4061,moderate_abatement,JUSTICE_GSA
0.01283213860169053,1.3463131319731474,1.500322881154716,628.129323749803,0.4,4062,moderate_abatement,JUSTICE_GSA
0.01283213860169053,0.5258592898026109,1.8350420570932329,628.129323749803,0.4,4063,moderate_abatement,JUSTICE_GSA
0.01283213860169053,0.5258592898026109,1.500322881154716,969.8502388456836,0.4,4064,moderate_abatement,JUSTICE_GSA
0.01283213860169053,1.3463131319731474,1.8350420570932329,969.8502388456836,0.4,4065,moderate_abatement,JUSTICE_GSA
0.013040194598957895,0.5258592898026109,1.8350420570932329,969.8502388456836,0.4,4066,moderate_abatement,JUSTICE_GSA
0.013040194598957895,1.3463131319731474,1.500322881154716,969.8502388456836,0.4,4067,moderate_abatement,JUSTICE_GSA
0.013040194598957895,1.3463131319731474,1.8350420570932329,628.129323749803,0.4,4068,moderate_abatement,JUSTICE_GSA
0.013040194598957895,1.3463131319731474,1.8350420570932329,969.8502388456836,0.4,4069,moderate_abatement,JUSTICE_GSA
0.015606326193548736,1.359305010177195,0.5960872084833682,412.5296854134649,0.4,4070,moderate_abatement,JUSTICE_GSA
0.02581012714933604,1.359305010177195,0.5960872084833682,412.5296854134649,0.4,4071,moderate_abatement,JUSTICE_GSA
0.015606326193548736,0.7790848882868886,0.5960872084833682,412.5296854134649,0.4,4072,moderate_abatement,JUSTICE_GSA
0.015606326193548736,1.359305010177195,0.9348705443553627,412.5296854134649,0.4,4073,moderate_abatement,JUSTICE_GSA
0.015606326193548736,1.359305010177195,0.5960872084833682,323.521311908029,0.4,4074,moderate_abatement,JUSTICE_GSA
0.015606326193548736,0.7790848882868886,0.9348705443553627,323.521311908029,0.4,4075,moderate_abatement,JUSTICE_GSA
0.02581012714933604,1.359305010177195,0.9348705443553627,323.521311908029,0.4,4076,moderate_abatement,JUSTICE_GSA
0.02581012714933604,0.7790848882868886,0.5960872084833682,323.521311908029,0.4,4077,moderate_abatement,JUSTICE_GSA
0.02581012714933604,0.7790848882868886,0.9348705443553627,412.5296854134649,0.4,4078,moderate_abatement,JUSTICE_GSA
0.02581012714933604,0.7790848882868886,0.9348705443553627,323.521311908029,0.4,4079,moderate_abatement,JUSTICE_GSA
0.018272016336210072,0.7937012724578381,1.6133039775304496,70.38354429975152,0.4,4080,moderate_abatement,JUSTICE_GSA
0.010874971536919475,0.7937012724578381,1.6133039775304496,70.38354429975152,0.4,4081,moderate_abatement,JUSTICE_GSA
0.018272016336210072,0.9016852928325534,1.6133039775304496,70.38354429975152,0.4,4082,moderate_abatement,JUSTICE_GSA
0.018272016336210072,0.7937012724578381,1.5917195514775813,70.38354429975152,0.4,4083,moderate_abatement,JUSTICE_GSA
0.018272016336210072,0.7937012724578381,1.6133039775304496,152.47627310920507,0.4,4084,moderate_abatement,JUSTICE_GSA
0.018272016336210072,0.9016852928325534,1.5917195514775813,152.47627310920507,0.4,4085,moderate_abatement,JUSTICE_GSA
0.010874971536919475,0.7937012724578381,1.5917195514775813,152.47627310920507,0.4,4086,moderate_abatement,JUSTICE_GSA
0.010874971536919475,0.9016852928325534,1.6133039775304496,152.47627310920507,0.4,4087,moderate_abatement,JUSTICE_GSA
0.010874971536919475,0.9016852928325534,1.5917195514775813,70.38354429975152,0.4,4088,moderate_abatement,JUSTICE_GSA
0.010874971536919475,0.9016852928325534,1.5917195514775813,152.47627310920507,0.4,4089,moderate_abatement,JUSTICE_GSA
0.013798609994351865,1.0872477628290653,0.5285219848155975,843.9992881948128,0.4,4090,moderate_abatement,JUSTICE_GSA
0.027099947641603648,1.0872477628290653,0.5285219848155975,843.9992881948128,0.4,4091,moderate_abatement,JUSTICE_GSA
0.013798609994351865,1.4726749435067177,0.5285219848155975,843.9992881948128,0.4,4092,moderate_abatement,JUSTICE_GSA
0.013798609994351865,1.0872477628290653,0.6156965871341527,843.9992881948128,0.4,4093,moderate_abatement,JUSTICE_GSA
0.013798609994351865,1.0872477628290653,0.5285219848155975,548.103443290107,0.4,4094,moderate_abatement,JUSTICE_GSA
0.013798609994351865,1.4726749435067177,0.6156965871341527,548.103443290107,0.4,4095,moderate_abatement,JUSTICE_GSA
0.027099947641603648,1.0872477628290653,0.6156965871341527,548.103443290107,0.4,4096,moderate_abatement,JUSTICE_GSA
0.027099947641603648,1.4726749435067177,0.5285219848155975,548.103443290107,0.4,4097,moderate_abatement,JUSTICE_GSA
0.027099947641603648,1.4726749435067177,0.6156965871341527,843.9992881948128,0.4,4098,moderate_abatement,JUSTICE_GSA
0.027099947641603648,1.4726749435067177,0.6156965871341527,548.103443290107,0.4,4099,moderate_abatement,JUSTICE_GSA
0.005475262328982353,0.6334498133510351,1.8865236770361662,493.0151838036254,0.4,4100,moderate_abatement,JUSTICE_GSA
0.018669779097661376,0.6334498133510351,1.8865236770361662,493.0151838036254,0.4,4101,moderate_abatement,JUSTICE_GSA
0.005475262328982353,1.1834567328915,1.8865236770361662,493.0151838036254,0.4,4102,moderate_abatement,JUSTICE_GSA
0.005475262328982353,0.6334498133510351,1.9709629584103823,493.0151838036254,0.4,4103,moderate_abatement,JUSTICE_GSA
0.005475262328982353,0.6334498133510351,1.8865236770361662,924.1150472406298,0.4,4104,moderate_abatement,JUSTICE_GSA
0.005475262328982353,1.1834567328915,1.9709629584103823,924.1150472406298,0.4,4105,moderate_abatement,JUSTICE_GSA
0.018669779097661376,0.6334498133510351,1.9709629584103823,924.1150472406298,0.4,4106,moderate_abatement,JUSTICE_GSA
0.018669779097661376,1.1834567328915,1.8865236770361662,924.1150472406298,0.4,4107,moderate_abatement,JUSTICE_GSA
0.018669779097661376,1.1834567328915,1.9709629584103823,493.0151838036254,0.4,4108,moderate_abatement,JUSTICE_GSA
0.018669779097661376,1.1834567328915,1.9709629584103823,924.1150472406298,0.4,4109,moderate_abatement,JUSTICE_GSA
0.02445018978137523,1.4972550552338362,1.0067672631703317,718.3802068606019,0.4,4110,moderate_abatement,JUSTICE_GSA
0.005836180347017944,1.4972550552338362,1.0067672631703317,718.3802068606019,0.4,4111,moderate_abatement,JUSTICE_GSA
0.02445018978137523,0.6919386647641659,1.0067672631703317,718.3802068606019,0.4,4112,moderate_abatement,JUSTICE_GSA
0.02445018978137523,1.4972550552338362,0.9856974594295025,718.3802068606019,0.4,4113,moderate_abatement,JUSTICE_GSA
0.02445018978137523,1.4972550552338362,1.0067672631703317,275.8423915579915,0.4,4114,moderate_abatement,JUSTICE_GSA
0.02445018978137523,0.6919386647641659,0.9856974594295025,275.8423915579915,0.4,4115,moderate_abatement,JUSTICE_GSA
0.005836180347017944,1.4972550552338362,0.9856974594295025,275.8423915579915,0.4,4116,moderate_abatement,JUSTICE_GSA
0.005836180347017944,0.6919386647641659,1.0067672631703317,275.8423915579915,0.4,4117,moderate_abatement,JUSTICE_GSA
0.005836180347017944,0.6919386647641659,0.9856974594295025,718.3802068606019,0.4,4118,moderate_abatement,JUSTICE_GSA
0.005836180347017944,0.6919386647641659,0.9856974594295025,275.8423915579915,0.4,4119,moderate_abatement,JUSTICE_GSA
0.027221056560985744,0.5744394240900874,0.795902019366622,533.8775935759768,0.4,4120,moderate_abatement,JUSTICE_GSA
0.0023686934495344755,0.5744394240900874,0.795902019366622,533.8775935759768,0.4,4121,moderate_abatement,JUSTICE_GSA
0.027221056560985744,0.8423647917807102,0.795902019366622,533.8775935759768,0.4,4122,moderate_abatement,JUSTICE_GSA
0.027221056560985744,0.5744394240900874,1.8020394588820636,533.8775935759768,0.4,4123,moderate_abatement,JUSTICE_GSA
0.027221056560985744,0.5744394240900874,0.795902019366622,812.9595501236618,0.4,4124,moderate_abatement,JUSTICE_GSA
0.027221056560985744,0.8423647917807102,1.8020394588820636,812.9595501236618,0.4,4125,moderate_abatement,JUSTICE_GSA
0.0023686934495344755,0.5744394240900874,1.8020394588820636,812.9595501236618,0.4,4126,moderate_abatement,JUSTICE_GSA
0.0023686934495344755,0.8423647917807102,0.795902019366622,812.9595501236618,0.4,4127,moderate_abatement,JUSTICE_GSA
0.0023686934495344755,0.8423647917807102,1.8020394588820636,533.8775935759768,0.4,4128,moderate_abatement,JUSTICE_GSA
0.0023686934495344755,0.8423647917807102,1.8020394588820636,812.9595501236618,0.4,4129,moderate_abatement,JUSTICE_GSA
0.002807495189830661,1.306330288760364,1.2990482277236879,255.81360042653978,0.4,4130,moderate_abatement,JUSTICE_GSA
0.022452339734882115,1.306330288760364,1.2990482277236879,255.81360042653978,0.4,4131,moderate_abatement,JUSTICE_GSA
0.002807495189830661,1.2829719400033355,1.2990482277236879,255.81360042653978,0.4,4132,moderate_abatement,JUSTICE_GSA
0.002807495189830661,1.306330288760364,1.202251025941223,255.81360042653978,0.4,4133,moderate_abatement,JUSTICE_GSA
0.002807495189830661,1.306330288760364,1.2990482277236879,480.7759678270668,0.4,4134,moderate_abatement,JUSTICE_GSA
0.002807495189830661,1.2829719400033355,1.202251025941223,480.7759678270668,0.4,4135,moderate_abatement,JUSTICE_GSA
0.022452339734882115,1.306330288760364,1.202251025941223,480.7759678270668,0.4,4136,moderate_abatement,JUSTICE_GSA
0.022452339734882115,1.2829719400033355,1.2990482277236879,480.7759678270668,0.4,4137,moderate_abatement,JUSTICE_GSA
0.022452339734882115,1.2829719400033355,1.202251025941223,255.81360042653978,0.4,4138,moderate_abatement,JUSTICE_GSA
0.022452339734882115,1.2829719400033355,1.202251025941223,480.7759678270668,0.4,4139,moderate_abatement,JUSTICE_GSA
0.011031970670446752,0.9769241595640779,1.0632999199442565,903.8866667170078,0.4,4140,moderate_abatement,JUSTICE_GSA
0.02283601072523743,0.9769241595640779,1.0632999199442565,903.8866667170078,0.4,4141,moderate_abatement,JUSTICE_GSA
0.011031970670446752,1.1231521219015121,1.0632999199442565,903.8866667170078,0.4,4142,moderate_abatement,JUSTICE_GSA
0.011031970670446752,0.9769241595640779,1.4341202909126878,903.8866667170078,0.4,4143,moderate_abatement,JUSTICE_GSA
0.011031970670446752,0.9769241595640779,1.0632999199442565,103.63644684012979,0.4,4144,moderate_abatement,JUSTICE_GSA
0.011031970670446752,1.1231521219015121,1.4341202909126878,103.63644684012979,0.4,4145,moderate_abatement,JUSTICE_GSA
0.02283601072523743,0.9769241595640779,1.4341202909126878,103.63644684012979,0.4,4146,moderate_abatement,JUSTICE_GSA
0.02283601072523743,1.1231521219015121,1.0632999199442565,103.63644684012979,0.4,4147,moderate_abatement,JUSTICE_GSA
0.02283601072523743,1.1231521219015121,1.4341202909126878,903.8866667170078,0.4,4148,moderate_abatement,JUSTICE_GSA
0.02283601072523743,1.1231521219015121,1.4341202909126878,103.63644684012979,0.4,4149,moderate_abatement,JUSTICE_GSA
0.020943513113074005,1.1540897199884057,1.783115305006504,182.9390485836193,0.4,4150,moderate_abatement,JUSTICE_GSA
0.013860971529036759,1.1540897199884057,1.783115305006504,182.9390485836193,0.4,4151,moderate_abatement,JUSTICE_GSA
0.020943513113074005,0.5012667505070567,1.783115305006504,182.9390485836193,0.4,4152,moderate_abatement,JUSTICE_GSA
0.020943513113074005,1.1540897199884057,0.8194159148260951,182.9390485836193,0.4,4153,moderate_abatement,JUSTICE_GSA
0.020943513113074005,1.1540897199884057,1.783115305006504,690.477690407075,0.4,4154,moderate_abatement,JUSTICE_GSA
0.020943513113074005,0.5012667505070567,0.8194159148260951,690.477690407075,0.4,4155,moderate_abatement,JUSTICE_GSA
0.013860971529036759,1.1540897199884057,0.8194159148260951,690.477690407075,0.4,4156,moderate_abatement,JUSTICE_GSA
0.013860971529036759,0.5012667505070567,1.783115305006504,690.477690407075,0.4,4157,moderate_abatement,JUSTICE_GSA
0.013860971529036759,0.5012667505070567,0.8194159148260951,182.9390485836193,0.4,4158,moderate_abatement,JUSTICE_GSA
0.013860971529036759,0.5012667505070567,0.8194159148260951,690.477690407075,0.4,4159,moderate_abatement,JUSTICE_GSA
0.021703118388541043,0.6092277821153402,1.3641306017525494,422.8102435870096,0.4,4160,moderate_abatement,JUSTICE_GSA
0.02046097750030458,0.6092277821153402,1.3641306017525494,422.8102435870096,0.4,4161,moderate_abatement,JUSTICE_GSA
0.021703118388541043,0.7036503758281469,1.3641306017525494,422.8102435870096,0.4,4162,moderate_abatement,JUSTICE_GSA
0.021703118388541043,0.6092277821153402,1.2592126866802573,422.8102435870096,0.4,4163,moderate_abatement,JUSTICE_GSA
0.021703118388541043,0.6092277821153402,1.3641306017525494,544.1436413675547,0.4,4164,moderate_abatement,JUSTICE_GSA
0.021703118388541043,0.7036503758281469,1.2592126866802573,544.1436413675547,0.4,4165,moderate_abatement,JUSTICE_GSA
0.02046097750030458,0.6092277821153402,1.2592126866802573,544.1436413675547,0.4,4166,moderate_abatement,JUSTICE_GSA
0.02046097750030458,0.7036503758281469,1.3641306017525494,544.1436413675547,0.4,4167,moderate_abatement,JUSTICE_GSA
0.02046097750030458,0.7036503758281469,1.2592126866802573,422.8102435870096,0.4,4168,moderate_abatement,JUSTICE_GSA
0.02046097750030458,0.7036503758281469,1.2592126866802573,544.1436413675547,0.4,4169,moderate_abatement,JUSTICE_GSA
0.011677409686148166,1.2756884824484587,0.7440032446756959,648.161991821602,0.4,4170,moderate_abatement,JUSTICE_GSA
0.004002515303902328,1.2756884824484587,0.7440032446756959,648.161991821602,0.4,4171,moderate_abatement,JUSTICE_GSA
0.011677409686148166,1.1717461990192533,0.7440032446756959,648.161991821602,0.4,4172,moderate_abatement,JUSTICE_GSA
0.011677409686148166,1.2756884824484587,0.7372512416914105,648.161991821602,0.4,4173,moderate_abatement,JUSTICE_GSA
0.011677409686148166,1.2756884824484587,0.7440032446756959,132.90021129138768,0.4,4174,moderate_abatement,JUSTICE_GSA
0.011677409686148166,1.1717461990192533,0.7372512416914105,132.90021129138768,0.4,4175,moderate_abatement,JUSTICE_GSA
0.004002515303902328,1.2756884824484587,0.7372512416914105,132.90021129138768,0.4,4176,moderate_abatement,JUSTICE_GSA
0.004002515303902328,1.1717461990192533,0.7440032446756959,132.90021129138768,0.4,4177,moderate_abatement,JUSTICE_GSA
0.004002515303902328,1.1717461990192533,0.7372512416914105,648.161991821602,0.4,4178,moderate_abatement,JUSTICE_GSA
0.004002515303902328,1.1717461990192533,0.7372512416914105,132.90021129138768,0.4,4179,moderate_abatement,JUSTICE_GSA
0.0020456787943840026,0.9489688836038113,1.635818581096828,15.69841962121427,0.4,4180,moderate_abatement,JUSTICE_GSA
0.012680494306609034,0.9489688836038113,1.635818581096828,15.69841962121427,0.4,4181,moderate_abatement,JUSTICE_GSA
0.0020456787943840026,1.4844009596854448,1.635818581096828,15.69841962121427,0.4,4182,moderate_abatement,JUSTICE_GSA
0.0020456787943840026,0.9489688836038113,1.6295816055499017,15.69841962121427,0.4,4183,moderate_abatement,JUSTICE_GSA
0.0020456787943840026,0.9489688836038113,1.635818581096828,256.41788861434907,0.4,4184,moderate_abatement,JUSTICE_GSA
0.0020456787943840026,1.4844009596854448,1.6295816055499017,256.41788861434907,0.4,4185,moderate_abatement,JUSTICE_GSA
0.012680494306609034,0.9489688836038113,1.6295816055499017,256.41788861434907,0.4,4186,moderate_abatement,JUSTICE_GSA
0.012680494306609034,1.4844009596854448,1.635818581096828,256.41788861434907,0.4,4187,moderate_abatement,JUSTICE_GSA
0.012680494306609034,1.4844009596854448,1.6295816055499017,15.69841962121427,0.4,4188,moderate_abatement,JUSTICE_GSA
0.012680494306609034,1.4844009596854448,1.6295816055499017,256.41788861434907,0.4,4189,moderate_abatement,JUSTICE_GSA
0.02656986638624221,1.1857033260166645,1.220850555691868,789.3580444892868,0.4,4190,moderate_abatement,JUSTICE_GSA
0.025280278543941676,1.1857033260166645,1.220850555691868,789.3580444892868,0.4,4191,moderate_abatement,JUSTICE_GSA
0.02656986638624221,0.8899585464969277,1.220850555691868,789.3580444892868,0.4,4192,moderate_abatement,JUSTICE_GSA
0.02656986638624221,1.1857033260166645,1.116127412300557,789.3580444892868,0.4,4193,moderate_abatement,JUSTICE_GSA
0.02656986638624221,1.1857033260166645,1.220850555691868,920.2472889246419,0.4,4194,moderate_abatement,JUSTICE_GSA
0.02656986638624221,0.8899585464969277,1.116127412300557,920.2472889246419,0.4,4195,moderate_abatement,JUSTICE_GSA
0.025280278543941676,1.1857033260166645,1.116127412300557,920.2472889246419,0.4,4196,moderate_abatement,JUSTICE_GSA
0.025280278543941676,0.8899585464969277,1.220850555691868,920.2472889246419,0.4,4197,moderate_abatement,JUSTICE_GSA
0.025280278543941676,0.8899585464969277,1.116127412300557,789.3580444892868,0.4,4198,moderate_abatement,JUSTICE_GSA
0.025280278543941676,0.8899585464969277,1.116127412300557,920.2472889246419,0.4,4199,moderate_abatement,JUSTICE_GSA
0.023860504652373493,0.7647732431069016,0.6873776046559215,958.4971740171313,0.4,4200,moderate_abatement,JUSTICE_GSA
0.028294592798687516,0.7647732431069016,0.6873776046559215,958.4971740171313,0.4,4201,moderate_abatement,JUSTICE_GSA
0.023860504652373493,0.5208062315359712,0.6873776046559215,958.4971740171313,0.4,4202,moderate_abatement,JUSTICE_GSA
0.023860504652373493,0.7647732431069016,1.8474172204732895,958.4971740171313,0.4,4203,moderate_abatement,JUSTICE_GSA
0.023860504652373493,0.7647732431069016,0.6873776046559215,492.44910027179867,0.4,4204,moderate_abatement,JUSTICE_GSA
0.023860504652373493,0.5208062315359712,1.8474172204732895,492.44910027179867,0.4,4205,moderate_abatement,JUSTICE_GSA
0.028294592798687516,0.7647732431069016,1.8474172204732895,492.44910027179867,0.4,4206,moderate_abatement,JUSTICE_GSA
0.028294592798687516,0.5208062315359712,0.6873776046559215,492.44910027179867,0.4,4207,moderate_abatement,JUSTICE_GSA
0.028294592798687516,0.5208062315359712,1.8474172204732895,958.4971740171313,0.4,4208,moderate_abatement,JUSTICE_GSA
0.028294592798687516,0.5208062315359712,1.8474172204732895,492.44910027179867,0.4,4209,moderate_abatement,JUSTICE_GSA
0.004773180959746241,1.1198417404666543,1.4676319570280612,237.5324701787904,0.4,4210,moderate_abatement,JUSTICE_GSA
0.008444856096059083,1.1198417404666543,1.4676319570280612,237.5324701787904,0.4,4211,moderate_abatement,JUSTICE_GSA
0.004773180959746241,1.1036138478666544,1.4676319570280612,237.5324701787904,0.4,4212,moderate_abatement,JUSTICE_GSA
0.004773180959746241,1.1198417404666543,0.9459224846214056,237.5324701787904,0.4,4213,moderate_abatement,JUSTICE_GSA
0.004773180959746241,1.1198417404666543,1.4676319570280612,840.1879981150851,0.4,4214,moderate_abatement,JUSTICE_GSA
0.004773180959746241,1.1036138478666544,0.9459224846214056,840.1879981150851,0.4,4215,moderate_abatement,JUSTICE_GSA
0.008444856096059083,1.1198417404666543,0.9459224846214056,840.1879981150851,0.4,4216,moderate_abatement,JUSTICE_GSA
0.008444856096059083,1.1036138478666544,1.4676319570280612,840.1879981150851,0.4,4217,moderate_abatement,JUSTICE_GSA
0.008444856096059083,1.1036138478666544,0.9459224846214056,237.5324701787904,0.4,4218,moderate_abatement,JUSTICE_GSA
0.008444856096059083,1.1036138478666544,0.9459224846214056,840.1879981150851,0.4,4219,moderate_abatement,JUSTICE_GSA
0.014390502786263824,0.6672654179856181,0.9531972934491932,604.1260686600581,0.4,4220,moderate_abatement,JUSTICE_GSA
0.007813390203751623,0.6672654179856181,0.9531972934491932,604.1260686600581,0.4,4221,moderate_abatement,JUSTICE_GSA
0.014390502786263824,1.302495208568871,0.9531972934491932,604.1260686600581,0.4,4222,moderate_abatement,JUSTICE_GSA
0.014390502786263824,0.6672654179856181,1.4649458643980324,604.1260686600581,0.4,4223,moderate_abatement,JUSTICE_GSA
0.014390502786263824,0.6672654179856181,0.9531972934491932,717.8591821771115,0.4,4224,moderate_abatement,JUSTICE_GSA
0.014390502786263824,1.302495208568871,1.4649458643980324,717.8591821771115,0.4,4225,moderate_abatement,JUSTICE_GSA
0.007813390203751623,0.6672654179856181,1.4649458643980324,717.8591821771115,0.4,4226,moderate_abatement,JUSTICE_GSA
0.007813390203751623,1.302495208568871,0.9531972934491932,717.8591821771115,0.4,4227,moderate_abatement,JUSTICE_GSA
0.007813390203751623,1.302495208568871,1.4649458643980324,604.1260686600581,0.4,4228,moderate_abatement,JUSTICE_GSA
0.007813390203751623,1.302495208568871,1.4649458643980324,717.8591821771115,0.4,4229,moderate_abatement,JUSTICE_GSA
0.018979845407418906,1.467593620531261,1.9503475585952401,326.1097673662007,0.4,4230,moderate_abatement,JUSTICE_GSA
0.017021789308637382,1.467593620531261,1.9503475585952401,326.1097673662007,0.4,4231,moderate_abatement,JUSTICE_GSA
0.018979845407418906,0.8228408228605986,1.9503475585952401,326.1097673662007,0.4,4232,moderate_abatement,JUSTICE_GSA
0.018979845407418906,1.467593620531261,0.5776375108398497,326.1097673662007,0.4,4233,moderate_abatement,JUSTICE_GSA
0.018979845407418906,1.467593620531261,1.9503475585952401,115.40024963393807,0.4,4234,moderate_abatement,JUSTICE_GSA
0.018979845407418906,0.8228408228605986,0.5776375108398497,115.40024963393807,0.4,4235,moderate_abatement,JUSTICE_GSA
0.017021789308637382,1.467593620531261,0.5776375108398497,115.40024963393807,0.4,4236,moderate_abatement,JUSTICE_GSA
0.017021789308637382,0.8228408228605986,1.9503475585952401,115.40024963393807,0.4,4237,moderate_abatement,JUSTICE_GSA
0.017021789308637382,0.8228408228605986,0.5776375108398497,326.1097673662007,0.4,4238,moderate_abatement,JUSTICE_GSA
0.017021789308637382,0.8228408228605986,0.5776375108398497,115.40024963393807,0.4,4239,moderate_abatement,JUSTICE_GSA
0.016207979804836212,0.9042872991412878,1.026617569848895,172.65852018259466,0.4,4240,moderate_abatement,JUSTICE_GSA
0.0011417907560244203,0.9042872991412878,1.026617569848895,172.65852018259466,0.4,4241,moderate_abatement,JUSTICE_GSA
0.016207979804836212,0.9492712989449501,1.026617569848895,172.65852018259466,0.4,4242,moderate_abatement,JUSTICE_GSA
0.016207979804836212,0.9042872991412878,1.9832962821237743,172.65852018259466,0.4,4243,moderate_abatement,JUSTICE_GSA
0.016207979804836212,0.9042872991412878,1.026617569848895,411.29741197265685,0.4,4244,moderate_abatement,JUSTICE_GSA
0.016207979804836212,0.9492712989449501,1.9832962821237743,411.29741197265685,0.4,4245,moderate_abatement,JUSTICE_GSA
0.0011417907560244203,0.9042872991412878,1.9832962821237743,411.29741197265685,0.4,4246,moderate_abatement,JUSTICE_GSA
0.0011417907560244203,0.9492712989449501,1.026617569848895,411.29741197265685,0.4,4247,moderate_abatement,JUSTICE_GSA
0.0011417907560244203,0.9492712989449501,1.9832962821237743,172.65852018259466,0.4,4248,moderate_abatement,JUSTICE_GSA
0.0011417907560244203,0.9492712989449501,1.9832962821237743,411.29741197265685,0.4,4249,moderate_abatement,JUSTICE_GSA
0.013544418433681128,1.2269668858498335,1.8315113983117044,883.8540284177288,0.4,4250,moderate_abatement,JUSTICE_GSA
0.020942021306604146,1.2269668858498335,1.8315113983117044,883.8540284177288,0.4,4251,moderate_abatement,JUSTICE_GSA
0.013544418433681128,1.4251490188762546,1.8315113983117044,883.8540284177288,0.4,4252,moderate_abatement,JUSTICE_GSA
0.013544418433681128,1.2269668858498335,0.9967905296944082,883.8540284177288,0.4,4253,moderate_abatement,JUSTICE_GSA
0.013544418433681128,1.2269668858498335,1.8315113983117044,765.0038541927934,0.4,4254,moderate_abatement,JUSTICE_GSA
0.013544418433681128,1.4251490188762546,0.9967905296944082,765.0038541927934,0.4,4255,moderate_abatement,JUSTICE_GSA
0.020942021306604146,1.2269668858498335,0.9967905296944082,765.0038541927934,0.4,4256,moderate_abatement,JUSTICE_GSA
0.020942021306604146,1.4251490188762546,1.8315113983117044,765.0038541927934,0.4,4257,moderate_abatement,JUSTICE_GSA
0.020942021306604146,1.4251490188762546,0.9967905296944082,883.8540284177288,0.4,4258,moderate_abatement,JUSTICE_GSA
0.020942021306604146,1.4251490188762546,0.9967905296944082,765.0038541927934,0.4,4259,moderate_abatement,JUSTICE_GSA
0.007544996218755841,0.5562531165778637,0.5659779789857566,267.0645641190931,0.4,4260,moderate_abatement,JUSTICE_GSA
0.024289579630829394,0.5562531165778637,0.5659779789857566,267.0645641190931,0.4,4261,moderate_abatement,JUSTICE_GSA
0.007544996218755841,1.2309673093259335,0.5659779789857566,267.0645641190931,0.4,4262,moderate_abatement,JUSTICE_GSA
0.007544996218755841,0.5562531165778637,1.604414434172213,267.0645641190931,0.4,4263,moderate_abatement,JUSTICE_GSA
0.007544996218755841,0.5562531165778637,0.5659779789857566,638.9255187110975,0.4,4264,moderate_abatement,JUSTICE_GSA
0.007544996218755841,1.2309673093259335,1.604414434172213,638.9255187110975,0.4,4265,moderate_abatement,JUSTICE_GSA
0.024289579630829394,0.5562531165778637,1.604414434172213,638.9255187110975,0.4,4266,moderate_abatement,JUSTICE_GSA
0.024289579630829394,1.2309673093259335,0.5659779789857566,638.9255187110975,0.4,4267,moderate_abatement,JUSTICE_GSA
0.024289579630829394,1.2309673093259335,1.604414434172213,267.0645641190931,0.4,4268,moderate_abatement,JUSTICE_GSA
0.024289579630829394,1.2309673093259335,1.604414434172213,638.9255187110975,0.4,4269,moderate_abatement,JUSTICE_GSA
0.02470653866138309,1.3242686726152897,1.540686011314392,554.8881698418409,0.4,4270,moderate_abatement,JUSTICE_GSA
0.015144844997674226,1.3242686726152897,1.540686011314392,554.8881698418409,0.4,4271,moderate_abatement,JUSTICE_GSA
0.02470653866138309,0.6443680068477988,1.540686011314392,554.8881698418409,0.4,4272,moderate_abatement,JUSTICE_GSA
0.02470653866138309,1.3242686726152897,0.6264273775741458,554.8881698418409,0.4,4273,moderate_abatement,JUSTICE_GSA
0.02470653866138309,1.3242686726152897,1.540686011314392,38.48605620395392,0.4,4274,moderate_abatement,JUSTICE_GSA
0.02470653866138309,0.6443680068477988,0.6264273775741458,38.48605620395392,0.4,4275,moderate_abatement,JUSTICE_GSA
0.015144844997674226,1.3242686726152897,0.6264273775741458,38.48605620395392,0.4,4276,moderate_abatement,JUSTICE_GSA
0.015144844997674226,0.6443680068477988,1.540686011314392,38.48605620395392,0.4,4277,moderate_abatement,JUSTICE_GSA
0.015144844997674226,0.6443680068477988,0.6264273775741458,554.8881698418409,0.4,4278,moderate_abatement,JUSTICE_GSA
0.015144844997674226,0.6443680068477988,0.6264273775741458,38.48605620395392,0.4,4279,moderate_abatement,JUSTICE_GSA
0.02922839715424925,0.7470879936590791,1.7502573686651886,698.4090599799529,0.4,4280,moderate_abatement,JUSTICE_GSA
0.011249051509425043,0.7470879936590791,1.7502573686651886,698.4090599799529,0.4,4281,moderate_abatement,JUSTICE_GSA
0.02922839715424925,0.7595606660470366,1.7502573686651886,698.4090599799529,0.4,4282,moderate_abatement,JUSTICE_GSA
0.02922839715424925,0.7470879936590791,1.3979771793819964,698.4090599799529,0.4,4283,moderate_abatement,JUSTICE_GSA
0.02922839715424925,0.7470879936590791,1.7502573686651886,624.9617583518848,0.4,4284,moderate_abatement,JUSTICE_GSA
0.02922839715424925,0.7595606660470366,1.3979771793819964,624.9617583518848,0.4,4285,moderate_abatement,JUSTICE_GSA
0.011249051509425043,0.7470879936590791,1.3979771793819964,624.9617583518848,0.4,4286,moderate_abatement,JUSTICE_GSA
0.011249051509425043,0.7595606660470366,1.7502573686651886,624.9617583518848,0.4,4287,moderate_abatement,JUSTICE_GSA
0.011249051509425043,0.7595606660470366,1.3979771793819964,698.4090599799529,0.4,4288,moderate_abatement,JUSTICE_GSA
0.011249051509425043,0.7595606660470366,1.3979771793819964,624.9617583518848,0.4,4289,moderate_abatement,JUSTICE_GSA
0.0030049908123910424,1.3833765694871545,1.1547458842396736,482.7960202880204,0.4,4290,moderate_abatement,JUSTICE_GSA
0.027643736879341303,1.3833765694871545,1.1547458842396736,482.7960202880204,0.4,4291,moderate_abatement,JUSTICE_GSA
0.0030049908123910424,1.3658361472189426,1.1547458842396736,482.7960202880204,0.4,4292,moderate_abatement,JUSTICE_GSA
0.0030049908123910424,1.3833765694871545,0.7852340345270932,482.7960202880204,0.4,4293,moderate_abatement,JUSTICE_GSA
0.0030049908123910424,1.3833765694871545,1.1547458842396736,207.93370626214892,0.4,4294,moderate_abatement,JUSTICE_GSA
0.0030049908123910424,1.3658361472189426,0.7852340345270932,207.93370626214892,0.4,4295,moderate_abatement,JUSTICE_GSA
0.027643736879341303,1.3833765694871545,0.7852340345270932,207.93370626214892,0.4,4296,moderate_abatement,JUSTICE_GSA
0.027643736879341303,1.3658361472189426,1.1547458842396736,207.93370626214892,0.4,4297,moderate_abatement,JUSTICE_GSA
0.027643736879341303,1.3658361472189426,0.7852340345270932,482.7960202880204,0.4,4298,moderate_abatement,JUSTICE_GSA
0.027643736879341303,1.3658361472189426,0.7852340345270932,207.93370626214892,0.4,4299,moderate_abatement,JUSTICE_GSA
0.009018822092562915,0.8372944174334407,1.2954624649137259,864.9493853077292,0.4,4300,moderate_abatement,JUSTICE_GSA
0.018069240337237714,0.8372944174334407,1.2954624649137259,864.9493853077292,0.4,4301,moderate_abatement,JUSTICE_GSA
0.009018822092562915,1.0403030244633555,1.2954624649137259,864.9493853077292,0.4,4302,moderate_abatement,JUSTICE_GSA
0.009018822092562915,0.8372944174334407,1.7662564758211374,864.9493853077292,0.4,4303,moderate_abatement,JUSTICE_GSA
0.009018822092562915,0.8372944174334407,1.2954624649137259,335.50601191446185,0.4,4304,moderate_abatement,JUSTICE_GSA
0.009018822092562915,1.0403030244633555,1.7662564758211374,335.50601191446185,0.4,4305,moderate_abatement,JUSTICE_GSA
0.018069240337237714,0.8372944174334407,1.7662564758211374,335.50601191446185,0.4,4306,moderate_abatement,JUSTICE_GSA
0.018069240337237714,1.0403030244633555,1.2954624649137259,335.50601191446185,0.4,4307,moderate_abatement,JUSTICE_GSA
0.018069240337237714,1.0403030244633555,1.7662564758211374,864.9493853077292,0.4,4308,moderate_abatement,JUSTICE_GSA
0.018069240337237714,1.0403030244633555,1.7662564758211374,335.50601191446185,0.4,4309,moderate_abatement,JUSTICE_GSA
0.02074374954495579,1.0439025415107608,0.8580758101306856,81.57391719240695,0.4,4310,moderate_abatement,JUSTICE_GSA
0.005519071149639785,1.0439025415107608,0.8580758101306856,81.57391719240695,0.4,4311,moderate_abatement,JUSTICE_GSA
0.02074374954495579,0.5840557664632797,0.8580758101306856,81.57391719240695,0.4,4312,moderate_abatement,JUSTICE_GSA
0.02074374954495579,1.0439025415107608,1.1677111573517323,81.57391719240695,0.4,4313,moderate_abatement,JUSTICE_GSA
0.02074374954495579,1.0439025415107608,0.8580758101306856,997.4988645520061,0.4,4314,moderate_abatement,JUSTICE_GSA
0.02074374954495579,0.5840557664632797,1.1677111573517323,997.4988645520061,0.4,4315,moderate_abatement,JUSTICE_GSA
0.005519071149639785,1.0439025415107608,1.1677111573517323,997.4988645520061,0.4,4316,moderate_abatement,JUSTICE_GSA
0.005519071149639785,0.5840557664632797,0.8580758101306856,997.4988645520061,0.4,4317,moderate_abatement,JUSTICE_GSA
0.005519071149639785,0.5840557664632797,1.1677111573517323,81.57391719240695,0.4,4318,moderate_abatement,JUSTICE_GSA
0.005519071149639785,0.5840557664632797,1.1677111573517323,997.4988645520061,0.4,4319,moderate_abatement,JUSTICE_GSA
0.019846306942403316,0.8564499523490667,1.8660060102120042,581.0334358690307,0.4,4320,moderate_abatement,JUSTICE_GSA
0.02630008055269718,0.8564499523490667,1.8660060102120042,581.0334358690307,0.4,4321,moderate_abatement,JUSTICE_GSA
0.019846306942403316,1.3158612605184317,1.8660060102120042,581.0334358690307,0.4,4322,moderate_abatement,JUSTICE_GSA
0.019846306942403316,0.8564499523490667,0.7020055456086993,581.0334358690307,0.4,4323,moderate_abatement,JUSTICE_GSA
0.019846306942403316,0.8564499523490667,1.8660060102120042,363.6849336531013,0.4,4324,moderate_abatement,JUSTICE_GSA
0.019846306942403316,1.3158612605184317,0.7020055456086993,363.6849336531013,0.4,4325,moderate_abatement,JUSTICE_GSA
0.02630008055269718,0.8564499523490667,0.7020055456086993,363.6849336531013,0.4,4326,moderate_abatement,JUSTICE_GSA
0.02630008055269718,1.3158612605184317,1.8660060102120042,363.6849336531013,0.4,4327,moderate_abatement,JUSTICE_GSA
0.02630008055269718,1.3158612605184317,0.7020055456086993,581.0334358690307,0.4,4328,moderate_abatement,JUSTICE_GSA
0.02630008055269718,1.3158612605184317,0.7020055456086993,363.6849336531013,0.4,4329,moderate_abatement,JUSTICE_GSA
0.009933851887471975,1.0240108352154493,0.9921744172461331,365.4222457949072,0.4,4330,moderate_abatement,JUSTICE_GSA
0.013473734733648598,1.0240108352154493,0.9921744172461331,365.4222457949072,0.4,4331,moderate_abatement,JUSTICE_GSA
0.009933851887471975,0.808741201646626,0.9921744172461331,365.4222457949072,0.4,4332,moderate_abatement,JUSTICE_GSA
0.009933851887471975,1.0240108352154493,1.31790725979954,365.4222457949072,0.4,4333,moderate_abatement,JUSTICE_GSA
0.009933851887471975,1.0240108352154493,0.9921744172461331,961.2736215405166,0.4,4334,moderate_abatement,JUSTICE_GSA
0.009933851887471975,0.808741201646626,1.31790725979954,961.2736215405166,0.4,4335,moderate_abatement,JUSTICE_GSA
0.013473734733648598,1.0240108352154493,1.31790725979954,961.2736215405166,0.4,4336,moderate_abatement,JUSTICE_GSA
0.013473734733648598,0.808741201646626,0.9921744172461331,961.2736215405166,0.4,4337,moderate_abatement,JUSTICE_GSA
0.013473734733648598,0.808741201646626,1.31790725979954,365.4222457949072,0.4,4338,moderate_abatement,JUSTICE_GSA
0.013473734733648598,0.808741201646626,1.31790725979954,961.2736215405166,0.4,4339,moderate_abatement,JUSTICE_GSA
0.003906005215831101,0.6966786496341228,1.5987111763097346,982.2002774458379,0.4,4340,moderate_abatement,JUSTICE_GSA
0.0032098155841231344,0.6966786496341228,1.5987111763097346,982.2002774458379,0.4,4341,moderate_abatement,JUSTICE_GSA
0.003906005215831101,0.5976498890668154,1.5987111763097346,982.2002774458379,0.4,4342,moderate_abatement,JUSTICE_GSA
0.003906005215831101,0.6966786496341228,1.0808891816996038,982.2002774458379,0.4,4343,moderate_abatement,JUSTICE_GSA
0.003906005215831101,0.6966786496341228,1.5987111763097346,588.980311342515,0.4,4344,moderate_abatement,JUSTICE_GSA
0.003906005215831101,0.5976498890668154,1.0808891816996038,588.980311342515,0.4,4345,moderate_abatement,JUSTICE_GSA
0.0032098155841231344,0.6966786496341228,1.0808891816996038,588.980311342515,0.4,4346,moderate_abatement,JUSTICE_GSA
0.0032098155841231344,0.5976498890668154,1.5987111763097346,588.980311342515,0.4,4347,moderate_abatement,JUSTICE_GSA
0.0032098155841231344,0.5976498890668154,1.0808891816996038,982.2002774458379,0.4,4348,moderate_abatement,JUSTICE_GSA
0.0032098155841231344,0.5976498890668154,1.0808891816996038,588.980311342515,0.4,4349,moderate_abatement,JUSTICE_GSA
0.028316883847117422,1.4345144666731358,0.5080043626949191,198.83046238776296,0.4,4350,moderate_abatement,JUSTICE_GSA
0.019441712741740048,1.4345144666731358,0.5080043626949191,198.83046238776296,0.4,4351,moderate_abatement,JUSTICE_GSA
0.028316883847117422,1.0279915342107415,0.5080043626949191,198.83046238776296,0.4,4352,moderate_abatement,JUSTICE_GSA
0.028316883847117422,1.4345144666731358,1.6882693390361965,198.83046238776296,0.4,4353,moderate_abatement,JUSTICE_GSA
0.028316883847117422,1.4345144666731358,0.5080043626949191,236.35591042693704,0.4,4354,moderate_abatement,JUSTICE_GSA
0.028316883847117422,1.0279915342107415,1.6882693390361965,236.35591042693704,0.4,4355,moderate_abatement,JUSTICE_GSA
0.019441712741740048,1.4345144666731358,1.6882693390361965,236.35591042693704,0.4,4356,moderate_abatement,JUSTICE_GSA
0.019441712741740048,1.0279915342107415,0.5080043626949191,236.35591042693704,0.4,4357,moderate_abatement,JUSTICE_GSA
0.019441712741740048,1.0279915342107415,1.6882693390361965,198.83046238776296,0.4,4358,moderate_abatement,JUSTICE_GSA
0.019441712741740048,1.0279915342107415,1.6882693390361965,236.35591042693704,0.4,4359,moderate_abatement,JUSTICE_GSA
0.02561816902272403,0.5136448228731751,1.095490521285683,55.284771740436554,0.4,4360,moderate_abatement,JUSTICE_GSA
0.0160025428077206,0.5136448228731751,1.095490521285683,55.284771740436554,0.4,4361,moderate_abatement,JUSTICE_GSA
0.02561816902272403,1.3815560573711991,1.095490521285683,55.284771740436554,0.4,4362,moderate_abatement,JUSTICE_GSA
0.02561816902272403,0.5136448228731751,0.9108612574636936,55.284771740436554,0.4,4363,moderate_abatement,JUSTICE_GSA
0.02561816902272403,0.5136448228731751,1.095490521285683,665.137314225547,0.4,4364,moderate_abatement,JUSTICE_GSA
0.02561816902272403,1.3815560573711991,0.9108612574636936,665.137314225547,0.4,4365,moderate_abatement,JUSTICE_GSA
0.0160025428077206,0.5136448228731751,0.9108612574636936,665.137314225547,0.4,4366,moderate_abatement,JUSTICE_GSA
0.0160025428077206,1.3815560573711991,1.095490521285683,665.137314225547,0.4,4367,moderate_abatement,JUSTICE_GSA
0.0160025428077206,1.3815560573711991,0.9108612574636936,55.284771740436554,0.4,4368,moderate_abatement,JUSTICE_GSA
0.0160025428077206,1.3815560573711991,0.9108612574636936,665.137314225547,0.4,4369,moderate_abatement,JUSTICE_GSA
0.006644098977558314,1.3676131376996636,1.809564190916717,766.4783187108114,0.4,4370,moderate_abatement,JUSTICE_GSA
0.007020707013085484,1.3676131376996636,1.809564190916717,766.4783187108114,0.4,4371,moderate_abatement,JUSTICE_GSA
0.006644098977558314,0.9940229151397943,1.809564190916717,766.4783187108114,0.4,4372,moderate_abatement,JUSTICE_GSA
0.006644098977558314,1.3676131376996636,1.9059271905571222,766.4783187108114,0.4,4373,moderate_abatement,JUSTICE_GSA
0.006644098977558314,1.3676131376996636,1.809564190916717,4.226986696012318,0.4,4374,moderate_abatement,JUSTICE_GSA
0.006644098977558314,0.9940229151397943,1.9059271905571222,4.226986696012318,0.4,4375,moderate_abatement,JUSTICE_GSA
0.007020707013085484,1.3676131376996636,1.9059271905571222,4.226986696012318,0.4,4376,moderate_abatement,JUSTICE_GSA
0.007020707013085484,0.9940229151397943,1.809564190916717,4.226986696012318,0.4,4377,moderate_abatement,JUSTICE_GSA
0.007020707013085484,0.9940229151397943,1.9059271905571222,766.4783187108114,0.4,4378,moderate_abatement,JUSTICE_GSA
0.007020707013085484,0.9940229151397943,1.9059271905571222,4.226986696012318,0.4,4379,moderate_abatement,JUSTICE_GSA
0.012629271584562958,0.9156494019553065,0.8223509499803185,384.3211428085342,0.4,4380,moderate_abatement,JUSTICE_GSA
0.009238107866607607,0.9156494019553065,0.8223509499803185,384.3211428085342,0.4,4381,moderate_abatement,JUSTICE_GSA
0.012629271584562958,0.6623300136998296,0.8223509499803185,384.3211428085342,0.4,4382,moderate_abatement,JUSTICE_GSA
0.012629271584562958,0.9156494019553065,0.5425808881409466,384.3211428085342,0.4,4383,moderate_abatement,JUSTICE_GSA
0.012629271584562958,0.9156494019553065,0.8223509499803185,377.28260738402605,0.4,4384,moderate_abatement,JUSTICE_GSA
0.012629271584562958,0.6623300136998296,0.5425808881409466,377.28260738402605,0.4,4385,moderate_abatement,JUSTICE_GSA
0.009238107866607607,0.9156494019553065,0.5425808881409466,377.28260738402605,0.4,4386,moderate_abatement,JUSTICE_GSA
0.009238107866607607,0.6623300136998296,0.8223509499803185,377.28260738402605,0.4,4387,moderate_abatement,JUSTICE_GSA
0.009238107866607607,0.6623300136998296,0.5425808881409466,384.3211428085342,0.4,4388,moderate_abatement,JUSTICE_GSA
0.009238107866607607,0.6623300136998296,0.5425808881409466,377.28260738402605,0.4,4389,moderate_abatement,JUSTICE_GSA
0.017105305245146155,1.2148762298747897,1.3312388737685978,672.1389689408243,0.4,4390,moderate_abatement,JUSTICE_GSA
0.02931440442241728,1.2148762298747897,1.3312388737685978,672.1389689408243,0.4,4391,moderate_abatement,JUSTICE_GSA
0.017105305245146155,1.2123349290341139,1.3312388737685978,672.1389689408243,0.4,4392,moderate_abatement,JUSTICE_GSA
0.017105305245146155,1.2148762298747897,1.5234518558718264,672.1389689408243,0.4,4393,moderate_abatement,JUSTICE_GSA
0.017105305245146155,1.2148762298747897,1.3312388737685978,791.4603686574847,0.4,4394,moderate_abatement,JUSTICE_GSA
0.017105305245146155,1.2123349290341139,1.5234518558718264,791.4603686574847,0.4,4395,moderate_abatement,JUSTICE_GSA
0.02931440442241728,1.2148762298747897,1.5234518558718264,791.4603686574847,0.4,4396,moderate_abatement,JUSTICE_GSA
0.02931440442241728,1.2123349290341139,1.3312388737685978,791.4603686574847,0.4,4397,moderate_abatement,JUSTICE_GSA
0.02931440442241728,1.2123349290341139,1.5234518558718264,672.1389689408243,0.4,4398,moderate_abatement,JUSTICE_GSA
0.02931440442241728,1.2123349290341139,1.5234518558718264,791.4603686574847,0.4,4399,moderate_abatement,JUSTICE_GSA
0.018064680570736527,0.6554150935262442,0.709369873162359,825.5130718033761,0.4,4400,moderate_abatement,JUSTICE_GSA
0.014352038270793854,0.6554150935262442,0.709369873162359,825.5130718033761,0.4,4401,moderate_abatement,JUSTICE_GSA
0.018064680570736527,1.0937094315886497,0.709369873162359,825.5130718033761,0.4,4402,moderate_abatement,JUSTICE_GSA
0.018064680570736527,0.6554150935262442,1.0554840522818267,825.5130718033761,0.4,4403,moderate_abatement,JUSTICE_GSA
0.018064680570736527,0.6554150935262442,0.709369873162359,746.279741410166,0.4,4404,moderate_abatement,JUSTICE_GSA
0.018064680570736527,1.0937094315886497,1.0554840522818267,746.279741410166,0.4,4405,moderate_abatement,JUSTICE_GSA
0.014352038270793854,0.6554150935262442,1.0554840522818267,746.279741410166,0.4,4406,moderate_abatement,JUSTICE_GSA
0.014352038270793854,1.0937094315886497,0.709369873162359,746.279741410166,0.4,4407,moderate_abatement,JUSTICE_GSA
0.014352038270793854,1.0937094315886497,1.0554840522818267,825.5130718033761,0.4,4408,moderate_abatement,JUSTICE_GSA
0.014352038270793854,1.0937094315886497,1.0554840522818267,746.279741410166,0.4,4409,moderate_abatement,JUSTICE_GSA
0.015287865660153329,1.4791960548609495,1.3988040667027235,104.54651834722608,0.4,4410,moderate_abatement,JUSTICE_GSA
0.023270207757130266,1.4791960548609495,1.3988040667027235,104.54651834722608,0.4,4411,moderate_abatement,JUSTICE_GSA
0.015287865660153329,0.5318712098523974,1.3988040667027235,104.54651834722608,0.4,4412,moderate_abatement,JUSTICE_GSA
0.015287865660153329,1.4791960548609495,1.9480523965321481,104.54651834722608,0.4,4413,moderate_abatement,JUSTICE_GSA
0.015287865660153329,1.4791960548609495,1.3988040667027235,79.41663667373359,0.4,4414,moderate_abatement,JUSTICE_GSA
0.015287865660153329,0.5318712098523974,1.9480523965321481,79.41663667373359,0.4,4415,moderate_abatement,JUSTICE_GSA
0.023270207757130266,1.4791960548609495,1.9480523965321481,79.41663667373359,0.4,4416,moderate_abatement,JUSTICE_GSA
0.023270207757130266,0.5318712098523974,1.3988040667027235,79.41663667373359,0.4,4417,moderate_abatement,JUSTICE_GSA
0.023270207757130266,0.5318712098523974,1.9480523965321481,104.54651834722608,0.4,4418,moderate_abatement,JUSTICE_GSA
0.023270207757130266,0.5318712098523974,1.9480523965321481,79.41663667373359,0.4,4419,moderate_abatement,JUSTICE_GSA
0.005684780477546155,0.8078697584569454,1.1626894921064377,736.991036134772,0.4,4420,moderate_abatement,JUSTICE_GSA
0.02196170939411968,0.8078697584569454,1.1626894921064377,736.991036134772,0.4,4421,moderate_abatement,JUSTICE_GSA
0.005684780477546155,0.8744894675910473,1.1626894921064377,736.991036134772,0.4,4422,moderate_abatement,JUSTICE_GSA
0.005684780477546155,0.8078697584569454,0.6851162062957883,736.991036134772,0.4,4423,moderate_abatement,JUSTICE_GSA
0.005684780477546155,0.8078697584569454,1.1626894921064377,456.2221974423155,0.4,4424,moderate_abatement,JUSTICE_GSA
0.005684780477546155,0.8744894675910473,0.6851162062957883,456.2221974423155,0.4,4425,moderate_abatement,JUSTICE_GSA
0.02196170939411968,0.8078697584569454,0.6851162062957883,456.2221974423155,0.4,4426,moderate_abatement,JUSTICE_GSA
0.02196170939411968,0.8744894675910473,1.1626894921064377,456.2221974423155,0.4,4427,moderate_abatement,JUSTICE_GSA
0.02196170939411968,0.8744894675910473,0.6851162062957883,736.991036134772,0.4,4428,moderate_abatement,JUSTICE_GSA
0.02196170939411968,0.8744894675910473,0.6851162062957883,456.2221974423155,0.4,4429,moderate_abatement,JUSTICE_GSA
0.02295963177271187,1.0769854970276356,1.6940196487121284,458.9690817836672,0.4,4430,moderate_abatement,JUSTICE_GSA
0.001934917153790593,1.0769854970276356,1.6940196487121284,458.9690817836672,0.4,4431,moderate_abatement,JUSTICE_GSA
0.02295963177271187,1.2501742830500007,1.6940196487121284,458.9690817836672,0.4,4432,moderate_abatement,JUSTICE_GSA
0.02295963177271187,1.0769854970276356,1.5691744377836585,458.9690817836672,0.4,4433,moderate_abatement,JUSTICE_GSA
0.02295963177271187,1.0769854970276356,1.6940196487121284,868.3647687891498,0.4,4434,moderate_abatement,JUSTICE_GSA
0.02295963177271187,1.2501742830500007,1.5691744377836585,868.3647687891498,0.4,4435,moderate_abatement,JUSTICE_GSA
0.001934917153790593,1.0769854970276356,1.5691744377836585,868.3647687891498,0.4,4436,moderate_abatement,JUSTICE_GSA
0.001934917153790593,1.2501742830500007,1.6940196487121284,868.3647687891498,0.4,4437,moderate_abatement,JUSTICE_GSA
0.001934917153790593,1.2501742830500007,1.5691744377836585,458.9690817836672,0.4,4438,moderate_abatement,JUSTICE_GSA
0.001934917153790593,1.2501742830500007,1.5691744377836585,868.3647687891498,0.4,4439,moderate_abatement,JUSTICE_GSA
0.027470843356102705,0.9998664492741227,1.5267485603690147,289.8242061594501,0.4,4440,moderate_abatement,JUSTICE_GSA
0.0063122155889868735,0.9998664492741227,1.5267485603690147,289.8242061594501,0.4,4441,moderate_abatement,JUSTICE_GSA
0.027470843356102705,1.1505846744403243,1.5267485603690147,289.8242061594501,0.4,4442,moderate_abatement,JUSTICE_GSA
0.027470843356102705,0.9998664492741227,0.8437457703985274,289.8242061594501,0.4,4443,moderate_abatement,JUSTICE_GSA
0.027470843356102705,0.9998664492741227,1.5267485603690147,282.87226690072566,0.4,4444,moderate_abatement,JUSTICE_GSA
0.027470843356102705,1.1505846744403243,0.8437457703985274,282.87226690072566,0.4,4445,moderate_abatement,JUSTICE_GSA
0.0063122155889868735,0.9998664492741227,0.8437457703985274,282.87226690072566,0.4,4446,moderate_abatement,JUSTICE_GSA
0.0063122155889868735,1.1505846744403243,1.5267485603690147,282.87226690072566,0.4,4447,moderate_abatement,JUSTICE_GSA
0.0063122155889868735,1.1505846744403243,0.8437457703985274,289.8242061594501,0.4,4448,moderate_abatement,JUSTICE_GSA
0.0063122155889868735,1.1505846744403243,0.8437457703985274,282.87226690072566,0.4,4449,moderate_abatement,JUSTICE_GSA
0.001134183474816382,1.1350536504760385,0.6283010947518051,515.1779156588018,0.4,4450,moderate_abatement,JUSTICE_GSA
0.019088944737799464,1.1350536504760385,0.6283010947518051,515.1779156588018,0.4,4451,moderate_abatement,JUSTICE_GSA
0.001134183474816382,0.7240194566547871,0.6283010947518051,515.1779156588018,0.4,4452,moderate_abatement,JUSTICE_GSA
0.001134183474816382,1.1350536504760385,1.3629148569889367,515.1779156588018,0.4,4453,moderate_abatement,JUSTICE_GSA
0.001134183474816382,1.1350536504760385,0.6283010947518051,886.2308096317574,0.4,4454,moderate_abatement,JUSTICE_GSA
0.001134183474816382,0.7240194566547871,1.3629148569889367,886.2308096317574,0.4,4455,moderate_abatement,JUSTICE_GSA
0.019088944737799464,1.1350536504760385,1.3629148569889367,886.2308096317574,0.4,4456,moderate_abatement,JUSTICE_GSA
0.019088944737799464,0.7240194566547871,0.6283010947518051,886.2308096317574,0.4,4457,moderate_abatement,JUSTICE_GSA
0.019088944737799464,0.7240194566547871,1.3629148569889367,515.1779156588018,0.4,4458,moderate_abatement,JUSTICE_GSA
0.019088944737799464,0.7240194566547871,1.3629148569889367,886.2308096317574,0.4,4459,moderate_abatement,JUSTICE_GSA
0.010779942722059784,0.589584025554359,1.9859365201555192,148.5576409995556,0.4,4460,moderate_abatement,JUSTICE_GSA
0.026624376133084295,0.589584025554359,1.9859365201555192,148.5576409995556,0.4,4461,moderate_abatement,JUSTICE_GSA
0.010779942722059784,0.9323641238734126,1.9859365201555192,148.5576409995556,0.4,4462,moderate_abatement,JUSTICE_GSA
0.010779942722059784,0.589584025554359,1.2262153383344412,148.5576409995556,0.4,4463,moderate_abatement,JUSTICE_GSA
0.010779942722059784,0.589584025554359,1.9859365201555192,509.8824505675584,0.4,4464,moderate_abatement,JUSTICE_GSA
0.010779942722059784,0.9323641238734126,1.2262153383344412,509.8824505675584,0.4,4465,moderate_abatement,JUSTICE_GSA
0.026624376133084295,0.589584025554359,1.2262153383344412,509.8824505675584,0.4,4466,moderate_abatement,JUSTICE_GSA
0.026624376133084295,0.9323641238734126,1.9859365201555192,509.8824505675584,0.4,4467,moderate_abatement,JUSTICE_GSA
0.026624376133084295,0.9323641238734126,1.2262153383344412,148.5576409995556,0.4,4468,moderate_abatement,JUSTICE_GSA
0.026624376133084295,0.9323641238734126,1.2262153383344412,509.8824505675584,0.4,4469,moderate_abatement,JUSTICE_GSA
0.022618179026991127,1.295091967098415,0.9176483359187841,922.2230454580858,0.4,4470,moderate_abatement,JUSTICE_GSA
0.010456254181452095,1.295091967098415,0.9176483359187841,922.2230454580858,0.4,4471,moderate_abatement,JUSTICE_GSA
0.022618179026991127,1.4432761073112488,0.9176483359187841,922.2230454580858,0.4,4472,moderate_abatement,JUSTICE_GSA
0.022618179026991127,1.295091967098415,1.7312009036540985,922.2230454580858,0.4,4473,moderate_abatement,JUSTICE_GSA
0.022618179026991127,1.295091967098415,0.9176483359187841,159.11031721532345,0.4,4474,moderate_abatement,JUSTICE_GSA
0.022618179026991127,1.4432761073112488,1.7312009036540985,159.11031721532345,0.4,4475,moderate_abatement,JUSTICE_GSA
0.010456254181452095,1.295091967098415,1.7312009036540985,159.11031721532345,0.4,4476,moderate_abatement,JUSTICE_GSA
0.010456254181452095,1.4432761073112488,0.9176483359187841,159.11031721532345,0.4,4477,moderate_abatement,JUSTICE_GSA
0.010456254181452095,1.4432761073112488,1.7312009036540985,922.2230454580858,0.4,4478,moderate_abatement,JUSTICE_GSA
0.010456254181452095,1.4432761073112488,1.7312009036540985,159.11031721532345,0.4,4479,moderate_abatement,JUSTICE_GSA
0.02248542108014226,0.6616826541721821,1.908637909218669,97.06008327007294,0.4,4480,moderate_abatement,JUSTICE_GSA
0.003864958566613495,0.6616826541721821,1.908637909218669,97.06008327007294,0.4,4481,moderate_abatement,JUSTICE_GSA
0.02248542108014226,1.1892195818945765,1.908637909218669,97.06008327007294,0.4,4482,moderate_abatement,JUSTICE_GSA
0.02248542108014226,0.6616826541721821,1.8219513767398894,97.06008327007294,0.4,4483,moderate_abatement,JUSTICE_GSA
0.02248542108014226,0.6616826541721821,1.908637909218669,246.7141497572884,0.4,4484,moderate_abatement,JUSTICE_GSA
0.02248542108014226,1.1892195818945765,1.8219513767398894,246.7141497572884,0.4,4485,moderate_abatement,JUSTICE_GSA
0.003864958566613495,0.6616826541721821,1.8219513767398894,246.7141497572884,0.4,4486,moderate_abatement,JUSTICE_GSA
0.003864958566613495,1.1892195818945765,1.908637909218669,246.7141497572884,0.4,4487,moderate_abatement,JUSTICE_GSA
0.003864958566613495,1.1892195818945765,1.8219513767398894,97.06008327007294,0.4,4488,moderate_abatement,JUSTICE_GSA
0.003864958566613495,1.1892195818945765,1.8219513767398894,246.7141497572884,0.4,4489,moderate_abatement,JUSTICE_GSA
0.010647212431766091,1.4531531296670437,0.9377722195349634,817.9924597339705,0.4,4490,moderate_abatement,JUSTICE_GSA
0.02003133901953697,1.4531531296670437,0.9377722195349634,817.9924597339705,0.4,4491,moderate_abatement,JUSTICE_GSA
0.010647212431766091,0.6861162483692169,0.9377722195349634,817.9924597339705,0.4,4492,moderate_abatement,JUSTICE_GSA
0.010647212431766091,1.4531531296670437,0.9245250043459237,817.9924597339705,0.4,4493,moderate_abatement,JUSTICE_GSA
0.010647212431766091,1.4531531296670437,0.9377722195349634,578.8664746293798,0.4,4494,moderate_abatement,JUSTICE_GSA
0.010647212431766091,0.6861162483692169,0.9245250043459237,578.8664746293798,0.4,4495,moderate_abatement,JUSTICE_GSA
0.02003133901953697,1.4531531296670437,0.9245250043459237,578.8664746293798,0.4,4496,moderate_abatement,JUSTICE_GSA
0.02003133901953697,0.6861162483692169,0.9377722195349634,578.8664746293798,0.4,4497,moderate_abatement,JUSTICE_GSA
0.02003133901953697,0.6861162483692169,0.9245250043459237,817.9924597339705,0.4,4498,moderate_abatement,JUSTICE_GSA
0.02003133901953697,0.6861162483692169,0.9245250043459237,578.8664746293798,0.4,4499,moderate_abatement,JUSTICE_GSA
0.0012633745903149248,0.7519195806235075,1.4538549217395484,466.5813653031364,0.4,4500,moderate_abatement,JUSTICE_GSA
0.025198477854020893,0.7519195806235075,1.4538549217395484,466.5813653031364,0.4,4501,moderate_abatement,JUSTICE_GSA
0.0012633745903149248,0.9700229233130813,1.4538549217395484,466.5813653031364,0.4,4502,moderate_abatement,JUSTICE_GSA
0.0012633745903149248,0.7519195806235075,1.4420377220958471,466.5813653031364,0.4,4503,moderate_abatement,JUSTICE_GSA
0.0012633745903149248,0.7519195806235075,1.4538549217395484,955.7933267839253,0.4,4504,moderate_abatement,JUSTICE_GSA
0.0012633745903149248,0.9700229233130813,1.4420377220958471,955.7933267839253,0.4,4505,moderate_abatement,JUSTICE_GSA
0.025198477854020893,0.7519195806235075,1.4420377220958471,955.7933267839253,0.4,4506,moderate_abatement,JUSTICE_GSA
0.025198477854020893,0.9700229233130813,1.4538549217395484,955.7933267839253,0.4,4507,moderate_abatement,JUSTICE_GSA
0.025198477854020893,0.9700229233130813,1.4420377220958471,466.5813653031364,0.4,4508,moderate_abatement,JUSTICE_GSA
0.025198477854020893,0.9700229233130813,1.4420377220958471,955.7933267839253,0.4,4509,moderate_abatement,JUSTICE_GSA
0.02760006212815642,1.1136485394090414,0.6410904079675674,744.6301130615175,0.4,4510,moderate_abatement,JUSTICE_GSA
0.012423433162271975,1.1136485394090414,0.6410904079675674,744.6301130615175,0.4,4511,moderate_abatement,JUSTICE_GSA
0.02760006212815642,1.4043968506157398,0.6410904079675674,744.6301130615175,0.4,4512,moderate_abatement,JUSTICE_GSA
0.02760006212815642,1.1136485394090414,0.5536822229623795,744.6301130615175,0.4,4513,moderate_abatement,JUSTICE_GSA
0.02760006212815642,1.1136485394090414,0.6410904079675674,368.92082579247653,0.4,4514,moderate_abatement,JUSTICE_GSA
0.02760006212815642,1.4043968506157398,0.5536822229623795,368.92082579247653,0.4,4515,moderate_abatement,JUSTICE_GSA
0.012423433162271975,1.1136485394090414,0.5536822229623795,368.92082579247653,0.4,4516,moderate_abatement,JUSTICE_GSA
0.012423433162271975,1.4043968506157398,0.6410904079675674,368.92082579247653,0.4,4517,moderate_abatement,JUSTICE_GSA
0.012423433162271975,1.4043968506157398,0.5536822229623795,744.6301130615175,0.4,4518,moderate_abatement,JUSTICE_GSA
0.012423433162271975,1.4043968506157398,0.5536822229623795,368.92082579247653,0.4,4519,moderate_abatement,JUSTICE_GSA
0.023049883322790263,0.9427871210500598,1.2318842220120132,507.68770133238286,0.4,4520,moderate_abatement,JUSTICE_GSA
0.008527653502300381,0.9427871210500598,1.2318842220120132,507.68770133238286,0.4,4521,moderate_abatement,JUSTICE_GSA
0.023049883322790263,1.0039263479411602,1.2318842220120132,507.68770133238286,0.4,4522,moderate_abatement,JUSTICE_GSA
0.023049883322790263,0.9427871210500598,1.2850621449761093,507.68770133238286,0.4,4523,moderate_abatement,JUSTICE_GSA
0.023049883322790263,0.9427871210500598,1.2318842220120132,782.3216266352683,0.4,4524,moderate_abatement,JUSTICE_GSA
0.023049883322790263,1.0039263479411602,1.2850621449761093,782.3216266352683,0.4,4525,moderate_abatement,JUSTICE_GSA
0.008527653502300381,0.9427871210500598,1.2850621449761093,782.3216266352683,0.4,4526,moderate_abatement,JUSTICE_GSA
0.008527653502300381,1.0039263479411602,1.2318842220120132,782.3216266352683,0.4,4527,moderate_abatement,JUSTICE_GSA
0.008527653502300381,1.0039263479411602,1.2850621449761093,507.68770133238286,0.4,4528,moderate_abatement,JUSTICE_GSA
0.008527653502300381,1.0039263479411602,1.2850621449761093,782.3216266352683,0.4,4529,moderate_abatement,JUSTICE_GSA
0.005775059684179723,1.1728458432480693,1.6614001914858818,282.3074328843504,0.4,4530,moderate_abatement,JUSTICE_GSA
0.02855264893081039,1.1728458432480693,1.6614001914858818,282.3074328843504,0.4,4531,moderate_abatement,JUSTICE_GSA
0.005775059684179723,0.6204328825697303,1.6614001914858818,282.3074328843504,0.4,4532,moderate_abatement,JUSTICE_GSA
0.005775059684179723,1.1728458432480693,0.7582884482108057,282.3074328843504,0.4,4533,moderate_abatement,JUSTICE_GSA
0.005775059684179723,1.1728458432480693,1.6614001914858818,386.66473975777626,0.4,4534,moderate_abatement,JUSTICE_GSA
0.005775059684179723,0.6204328825697303,0.7582884482108057,386.66473975777626,0.4,4535,moderate_abatement,JUSTICE_GSA
0.02855264893081039,1.1728458432480693,0.7582884482108057,386.66473975777626,0.4,4536,moderate_abatement,JUSTICE_GSA
0.02855264893081039,0.6204328825697303,1.6614001914858818,386.66473975777626,0.4,4537,moderate_abatement,JUSTICE_GSA
0.02855264893081039,0.6204328825697303,0.7582884482108057,282.3074328843504,0.4,4538,moderate_abatement,JUSTICE_GSA
0.02855264893081039,0.6204328825697303,0.7582884482108057,386.66473975777626,0.4,4539,moderate_abatement,JUSTICE_GSA
0.015201129085384308,0.5947834709659219,0.7712328936904669,929.8315460067242,0.4,4540,moderate_abatement,JUSTICE_GSA
0.017158571878448128,0.5947834709659219,0.7712328936904669,929.8315460067242,0.4,4541,moderate_abatement,JUSTICE_GSA
0.015201129085384308,0.7856834456324577,0.7712328936904669,929.8315460067242,0.4,4542,moderate_abatement,JUSTICE_GSA
0.015201129085384308,0.5947834709659219,1.6521294014528394,929.8315460067242,0.4,4543,moderate_abatement,JUSTICE_GSA
0.015201129085384308,0.5947834709659219,0.7712328936904669,10.43898579198867,0.4,4544,moderate_abatement,JUSTICE_GSA
0.015201129085384308,0.7856834456324577,1.6521294014528394,10.43898579198867,0.4,4545,moderate_abatement,JUSTICE_GSA
0.017158571878448128,0.5947834709659219,1.6521294014528394,10.43898579198867,0.4,4546,moderate_abatement,JUSTICE_GSA
0.017158571878448128,0.7856834456324577,0.7712328936904669,10.43898579198867,0.4,4547,moderate_abatement,JUSTICE_GSA
0.017158571878448128,0.7856834456324577,1.6521294014528394,929.8315460067242,0.4,4548,moderate_abatement,JUSTICE_GSA
0.017158571878448128,0.7856834456324577,1.6521294014528394,10.43898579198867,0.4,4549,moderate_abatement,JUSTICE_GSA
0.017977971652522684,1.270117157138884,1.3705867207609117,156.200560442172,0.4,4550,moderate_abatement,JUSTICE_GSA
0.008242252788506448,1.270117157138884,1.3705867207609117,156.200560442172,0.4,4551,moderate_abatement,JUSTICE_GSA
0.017977971652522684,1.3397129578515887,1.3705867207609117,156.200560442172,0.4,4552,moderate_abatement,JUSTICE_GSA
0.017977971652522684,1.270117157138884,1.1404661973938346,156.200560442172,0.4,4553,moderate_abatement,JUSTICE_GSA
0.017977971652522684,1.270117157138884,1.3705867207609117,658.6819247780368,0.4,4554,moderate_abatement,JUSTICE_GSA
0.017977971652522684,1.3397129578515887,1.1404661973938346,658.6819247780368,0.4,4555,moderate_abatement,JUSTICE_GSA
0.008242252788506448,1.270117157138884,1.1404661973938346,658.6819247780368,0.4,4556,moderate_abatement,JUSTICE_GSA
0.008242252788506448,1.3397129578515887,1.3705867207609117,658.6819247780368,0.4,4557,moderate_abatement,JUSTICE_GSA
0.008242252788506448,1.3397129578515887,1.1404661973938346,156.200560442172,0.4,4558,moderate_abatement,JUSTICE_GSA
0.008242252788506448,1.3397129578515887,1.1404661973938346,658.6819247780368,0.4,4559,moderate_abatement,JUSTICE_GSA
0.017011500691995026,0.8356483913958073,0.8453913335688412,373.54887937102467,0.4,4560,moderate_abatement,JUSTICE_GSA
0.021362795213237404,0.8356483913958073,0.8453913335688412,373.54887937102467,0.4,4561,moderate_abatement,JUSTICE_GSA
0.017011500691995026,1.4660900952294469,0.8453913335688412,373.54887937102467,0.4,4562,moderate_abatement,JUSTICE_GSA
0.017011500691995026,0.8356483913958073,1.4208454377949238,373.54887937102467,0.4,4563,moderate_abatement,JUSTICE_GSA
0.017011500691995026,0.8356483913958073,0.8453913335688412,863.3570532435551,0.4,4564,moderate_abatement,JUSTICE_GSA
0.017011500691995026,1.4660900952294469,1.4208454377949238,863.3570532435551,0.4,4565,moderate_abatement,JUSTICE_GSA
0.021362795213237404,0.8356483913958073,1.4208454377949238,863.3570532435551,0.4,4566,moderate_abatement,JUSTICE_GSA
0.021362795213237404,1.4660900952294469,0.8453913335688412,863.3570532435551,0.4,4567,moderate_abatement,JUSTICE_GSA
0.021362795213237404,1.4660900952294469,1.4208454377949238,373.54887937102467,0.4,4568,moderate_abatement,JUSTICE_GSA
0.021362795213237404,1.4660900952294469,1.4208454377949238,863.3570532435551,0.4,4569,moderate_abatement,JUSTICE_GSA
0.012535439374856652,1.0333377532660961,1.2510238522663713,589.1332723163068,0.4,4570,moderate_abatement,JUSTICE_GSA
0.0012881831144914032,1.0333377532660961,1.2510238522663713,589.1332723163068,0.4,4571,moderate_abatement,JUSTICE_GSA
0.012535439374856652,0.9082688968628645,1.2510238522663713,589.1332723163068,0.4,4572,moderate_abatement,JUSTICE_GSA
0.012535439374856652,1.0333377532660961,0.8092524353414774,589.1332723163068,0.4,4573,moderate_abatement,JUSTICE_GSA
0.012535439374856652,1.0333377532660961,1.2510238522663713,461.96115585323423,0.4,4574,moderate_abatement,JUSTICE_GSA
0.012535439374856652,0.9082688968628645,0.8092524353414774,461.96115585323423,0.4,4575,moderate_abatement,JUSTICE_GSA
0.0012881831144914032,1.0333377532660961,0.8092524353414774,461.96115585323423,0.4,4576,moderate_abatement,JUSTICE_GSA
0.0012881831144914032,0.9082688968628645,1.2510238522663713,461.96115585323423,0.4,4577,moderate_abatement,JUSTICE_GSA
0.0012881831144914032,0.9082688968628645,0.8092524353414774,589.1332723163068,0.4,4578,moderate_abatement,JUSTICE_GSA
0.0012881831144914032,0.9082688968628645,0.8092524353414774,461.96115585323423,0.4,4579,moderate_abatement,JUSTICE_GSA
0.006741470362059771,0.7381100933998823,1.1112227095291018,190.82181730866432,0.4,4580,moderate_abatement,JUSTICE_GSA
0.015396582471206784,0.7381100933998823,1.1112227095291018,190.82181730866432,0.4,4581,moderate_abatement,JUSTICE_GSA
0.006741470362059771,0.7478401595726609,1.1112227095291018,190.82181730866432,0.4,4582,moderate_abatement,JUSTICE_GSA
0.006741470362059771,0.7381100933998823,1.7916938965208828,190.82181730866432,0.4,4583,moderate_abatement,JUSTICE_GSA
0.006741470362059771,0.7381100933998823,1.1112227095291018,89.30229679308832,0.4,4584,moderate_abatement,JUSTICE_GSA
0.006741470362059771,0.7478401595726609,1.7916938965208828,89.30229679308832,0.4,4585,moderate_abatement,JUSTICE_GSA
0.015396582471206784,0.7381100933998823,1.7916938965208828,89.30229679308832,0.4,4586,moderate_abatement,JUSTICE_GSA
0.015396582471206784,0.7478401595726609,1.1112227095291018,89.30229679308832,0.4,4587,moderate_abatement,JUSTICE_GSA
0.015396582471206784,0.7478401595726609,1.7916938965208828,190.82181730866432,0.4,4588,moderate_abatement,JUSTICE_GSA
0.015396582471206784,0.7478401595726609,1.7916938965208828,89.30229679308832,0.4,4589,moderate_abatement,JUSTICE_GSA
0.025715512750670314,1.381120165809989,1.733727587852627,974.2258130805567,0.4,4590,moderate_abatement,JUSTICE_GSA
0.024376676767133176,1.381120165809989,1.733727587852627,974.2258130805567,0.4,4591,moderate_abatement,JUSTICE_GSA
0.025715512750670314,1.1275569591671228,1.733727587852627,974.2258130805567,0.4,4592,moderate_abatement,JUSTICE_GSA
0.025715512750670314,1.381120165809989,1.1891603232361376,974.2258130805567,0.4,4593,moderate_abatement,JUSTICE_GSA
0.025715512750670314,1.381120165809989,1.733727587852627,735.6628384254873,0.4,4594,moderate_abatement,JUSTICE_GSA
0.025715512750670314,1.1275569591671228,1.1891603232361376,735.6628384254873,0.4,4595,moderate_abatement,JUSTICE_GSA
0.024376676767133176,1.381120165809989,1.1891603232361376,735.6628384254873,0.4,4596,moderate_abatement,JUSTICE_GSA
0.024376676767133176,1.1275569591671228,1.733727587852627,735.6628384254873,0.4,4597,moderate_abatement,JUSTICE_GSA
0.024376676767133176,1.1275569591671228,1.1891603232361376,974.2258130805567,0.4,4598,moderate_abatement,JUSTICE_GSA
0.024376676767133176,1.1275569591671228,1.1891603232361376,735.6628384254873,0.4,4599,moderate_abatement,JUSTICE_GSA
0.02845319479703903,0.5540081514045596,1.5690318224951625,774.6087910812348,0.4,4600,moderate_abatement,JUSTICE_GSA
0.027391004850156605,0.5540081514045596,1.5690318224951625,774.6087910812348,0.4,4601,moderate_abatement,JUSTICE_GSA
0.02845319479703903,1.2739304769784212,1.5690318224951625,774.6087910812348,0.4,4602,moderate_abatement,JUSTICE_GSA
0.02845319479703903,0.5540081514045596,1.9608001662418246,774.6087910812348,0.4,4603,moderate_abatement,JUSTICE_GSA
0.02845319479703903,0.5540081514045596,1.5690318224951625,165.82532303780317,0.4,4604,moderate_abatement,JUSTICE_GSA
0.02845319479703903,1.2739304769784212,1.9608001662418246,165.82532303780317,0.4,4605,moderate_abatement,JUSTICE_GSA
0.027391004850156605,0.5540081514045596,1.9608001662418246,165.82532303780317,0.4,4606,moderate_abatement,JUSTICE_GSA
0.027391004850156605,1.2739304769784212,1.5690318224951625,165.82532303780317,0.4,4607,moderate_abatement,JUSTICE_GSA
0.027391004850156605,1.2739304769784212,1.9608001662418246,774.6087910812348,0.4,4608,moderate_abatement,JUSTICE_GSA
0.027391004850156605,1.2739304769784212,1.9608001662418246,165.82532303780317,0.4,4609,moderate_abatement,JUSTICE_GSA
0.004042288509197533,1.3152869520708919,0.5742590785957873,63.38082893844694,0.4,4610,moderate_abatement,JUSTICE_GSA
0.011160958088934421,1.3152869520708919,0.5742590785957873,63.38082893844694,0.4,4611,moderate_abatement,JUSTICE_GSA
0.004042288509197533,0.8514051148667932,0.5742590785957873,63.38082893844694,0.4,4612,moderate_abatement,JUSTICE_GSA
0.004042288509197533,1.3152869520708919,0.9724233159795403,63.38082893844694,0.4,4613,moderate_abatement,JUSTICE_GSA
0.004042288509197533,1.3152869520708919,0.5742590785957873,503.89958078600466,0.4,4614,moderate_abatement,JUSTICE_GSA
0.004042288509197533,0.8514051148667932,0.9724233159795403,503.89958078600466,0.4,4615,moderate_abatement,JUSTICE_GSA
0.011160958088934421,1.3152869520708919,0.9724233159795403,503.89958078600466,0.4,4616,moderate_abatement,JUSTICE_GSA
0.011160958088934421,0.8514051148667932,0.5742590785957873,503.89958078600466,0.4,4617,moderate_abatement,JUSTICE_GSA
0.011160958088934421,0.8514051148667932,0.9724233159795403,63.38082893844694,0.4,4618,moderate_abatement,JUSTICE_GSA
0.011160958088934421,0.8514051148667932,0.9724233159795403,503.89958078600466,0.4,4619,moderate_abatement,JUSTICE_GSA
0.009794025962240993,0.8937186906114221,1.8407079358585179,664.1341663775966,0.4,4620,moderate_abatement,JUSTICE_GSA
0.005099071842618286,0.8937186906114221,1.8407079358585179,664.1341663775966,0.4,4621,moderate_abatement,JUSTICE_GSA
0.009794025962240993,0.5547420438379049,1.8407079358585179,664.1341663775966,0.4,4622,moderate_abatement,JUSTICE_GSA
0.009794025962240993,0.8937186906114221,1.5786280944012105,664.1341663775966,0.4,4623,moderate_abatement,JUSTICE_GSA
0.009794025962240993,0.8937186906114221,1.8407079358585179,876.5890608830377,0.4,4624,moderate_abatement,JUSTICE_GSA
0.009794025962240993,0.5547420438379049,1.5786280944012105,876.5890608830377,0.4,4625,moderate_abatement,JUSTICE_GSA
0.005099071842618286,0.8937186906114221,1.5786280944012105,876.5890608830377,0.4,4626,moderate_abatement,JUSTICE_GSA
0.005099071842618286,0.5547420438379049,1.8407079358585179,876.5890608830377,0.4,4627,moderate_abatement,JUSTICE_GSA
0.005099071842618286,0.5547420438379049,1.5786280944012105,664.1341663775966,0.4,4628,moderate_abatement,JUSTICE_GSA
0.005099071842618286,0.5547420438379049,1.5786280944012105,876.5890608830377,0.4,4629,moderate_abatement,JUSTICE_GSA
0.01970645336061716,1.2253322983160615,1.0511180767789483,376.34289547242224,0.4,4630,moderate_abatement,JUSTICE_GSA
0.017923620849847794,1.2253322983160615,1.0511180767789483,376.34289547242224,0.4,4631,moderate_abatement,JUSTICE_GSA
0.01970645336061716,1.0696784453466535,1.0511180767789483,376.34289547242224,0.4,4632,moderate_abatement,JUSTICE_GSA
0.01970645336061716,1.2253322983160615,0.6053502927534282,376.34289547242224,0.4,4633,moderate_abatement,JUSTICE_GSA
0.01970645336061716,1.2253322983160615,1.0511180767789483,291.7818796085194,0.4,4634,moderate_abatement,JUSTICE_GSA
0.01970645336061716,1.0696784453466535,0.6053502927534282,291.7818796085194,0.4,4635,moderate_abatement,JUSTICE_GSA
0.017923620849847794,1.2253322983160615,0.6053502927534282,291.7818796085194,0.4,4636,moderate_abatement,JUSTICE_GSA
0.017923620849847794,1.0696784453466535,1.0511180767789483,291.7818796085194,0.4,4637,moderate_abatement,JUSTICE_GSA
0.017923620849847794,1.0696784453466535,0.6053502927534282,376.34289547242224,0.4,4638,moderate_abatement,JUSTICE_GSA
0.017923620849847794,1.0696784453466535,0.6053502927534282,291.7818796085194,0.4,4639,moderate_abatement,JUSTICE_GSA
0.02062162467930466,0.9133624471724033,1.3097742698155344,875.761424832046,0.4,4640,moderate_abatement,JUSTICE_GSA
0.013443140479736028,0.9133624471724033,1.3097742698155344,875.761424832046,0.4,4641,moderate_abatement,JUSTICE_GSA
0.02062162467930466,0.8303007511422038,1.3097742698155344,875.761424832046,0.4,4642,moderate_abatement,JUSTICE_GSA
0.02062162467930466,0.9133624471724033,0.8894578428007662,875.761424832046,0.4,4643,moderate_abatement,JUSTICE_GSA
0.02062162467930466,0.9133624471724033,1.3097742698155344,910.8651416646317,0.4,4644,moderate_abatement,JUSTICE_GSA
0.02062162467930466,0.8303007511422038,0.8894578428007662,910.8651416646317,0.4,4645,moderate_abatement,JUSTICE_GSA
0.013443140479736028,0.9133624471724033,0.8894578428007662,910.8651416646317,0.4,4646,moderate_abatement,JUSTICE_GSA
0.013443140479736028,0.8303007511422038,1.3097742698155344,910.8651416646317,0.4,4647,moderate_abatement,JUSTICE_GSA
0.013443140479736028,0.8303007511422038,0.8894578428007662,875.761424832046,0.4,4648,moderate_abatement,JUSTICE_GSA
0.013443140479736028,0.8303007511422038,0.8894578428007662,910.8651416646317,0.4,4649,moderate_abatement,JUSTICE_GSA
0.008896669570356609,1.2059288136661053,0.7866810094565153,164.5393613697961,0.4,4650,moderate_abatement,JUSTICE_GSA
0.02599162002466619,1.2059288136661053,0.7866810094565153,164.5393613697961,0.4,4651,moderate_abatement,JUSTICE_GSA
0.008896669570356609,1.2943643480539322,0.7866810094565153,164.5393613697961,0.4,4652,moderate_abatement,JUSTICE_GSA
0.008896669570356609,1.2059288136661053,1.880443945992738,164.5393613697961,0.4,4653,moderate_abatement,JUSTICE_GSA
0.008896669570356609,1.2059288136661053,0.7866810094565153,265.5566455228254,0.4,4654,moderate_abatement,JUSTICE_GSA
0.008896669570356609,1.2943643480539322,1.880443945992738,265.5566455228254,0.4,4655,moderate_abatement,JUSTICE_GSA
0.02599162002466619,1.2059288136661053,1.880443945992738,265.5566455228254,0.4,4656,moderate_abatement,JUSTICE_GSA
0.02599162002466619,1.2943643480539322,0.7866810094565153,265.5566455228254,0.4,4657,moderate_abatement,JUSTICE_GSA
0.02599162002466619,1.2943643480539322,1.880443945992738,164.5393613697961,0.4,4658,moderate_abatement,JUSTICE_GSA
0.02599162002466619,1.2943643480539322,1.880443945992738,265.5566455228254,0.4,4659,moderate_abatement,JUSTICE_GSA
0.0031306825093924996,0.5031105857342482,1.7689503133296967,562.854627260007,0.4,4660,moderate_abatement,JUSTICE_GSA
0.01923854115139693,0.5031105857342482,1.7689503133296967,562.854627260007,0.4,4661,moderate_abatement,JUSTICE_GSA
0.0031306825093924996,1.1120192324742675,1.7689503133296967,562.854627260007,0.4,4662,moderate_abatement,JUSTICE_GSA
0.0031306825093924996,0.5031105857342482,0.5186083111912012,562.854627260007,0.4,4663,moderate_abatement,JUSTICE_GSA
0.0031306825093924996,0.5031105857342482,1.7689503133296967,139.3555858526379,0.4,4664,moderate_abatement,JUSTICE_GSA
0.0031306825093924996,1.1120192324742675,0.5186083111912012,139.3555858526379,0.4,4665,moderate_abatement,JUSTICE_GSA
0.01923854115139693,0.5031105857342482,0.5186083111912012,139.3555858526379,0.4,4666,moderate_abatement,JUSTICE_GSA
0.01923854115139693,1.1120192324742675,1.7689503133296967,139.3555858526379,0.4,4667,moderate_abatement,JUSTICE_GSA
0.01923854115139693,1.1120192324742675,0.5186083111912012,562.854627260007,0.4,4668,moderate_abatement,JUSTICE_GSA
0.01923854115139693,1.1120192324742675,0.5186083111912012,139.3555858526379,0.4,4669,moderate_abatement,JUSTICE_GSA
0.02935406119469553,1.365936627611518,1.0760399880819023,275.0654367096722,0.4,4670,moderate_abatement,JUSTICE_GSA
0.0028455990087240934,1.365936627611518,1.0760399880819023,275.0654367096722,0.4,4671,moderate_abatement,JUSTICE_GSA
0.02935406119469553,0.5135600306093693,1.0760399880819023,275.0654367096722,0.4,4672,moderate_abatement,JUSTICE_GSA
0.02935406119469553,1.365936627611518,1.500537846237421,275.0654367096722,0.4,4673,moderate_abatement,JUSTICE_GSA
0.02935406119469553,1.365936627611518,1.0760399880819023,537.9316571578383,0.4,4674,moderate_abatement,JUSTICE_GSA
0.02935406119469553,0.5135600306093693,1.500537846237421,537.9316571578383,0.4,4675,moderate_abatement,JUSTICE_GSA
0.0028455990087240934,1.365936627611518,1.500537846237421,537.9316571578383,0.4,4676,moderate_abatement,JUSTICE_GSA
0.0028455990087240934,0.5135600306093693,1.0760399880819023,537.9316571578383,0.4,4677,moderate_abatement,JUSTICE_GSA
0.0028455990087240934,0.5135600306093693,1.500537846237421,275.0654367096722,0.4,4678,moderate_abatement,JUSTICE_GSA
0.0028455990087240934,0.5135600306093693,1.500537846237421,537.9316571578383,0.4,4679,moderate_abatement,JUSTICE_GSA
0.024814529298804698,0.6950135780498385,0.5392594709992409,474.7072592182085,0.4,4680,moderate_abatement,JUSTICE_GSA
0.007222883615642785,0.6950135780498385,0.5392594709992409,474.7072592182085,0.4,4681,moderate_abatement,JUSTICE_GSA
0.024814529298804698,0.8984293900430202,0.5392594709992409,474.7072592182085,0.4,4682,moderate_abatement,JUSTICE_GSA
0.024814529298804698,0.6950135780498385,0.723036817740649,474.7072592182085,0.4,4683,moderate_abatement,JUSTICE_GSA
0.024814529298804698,0.6950135780498385,0.5392594709992409,125.51407146081328,0.4,4684,moderate_abatement,JUSTICE_GSA
0.024814529298804698,0.8984293900430202,0.723036817740649,125.51407146081328,0.4,4685,moderate_abatement,JUSTICE_GSA
0.007222883615642785,0.6950135780498385,0.723036817740649,125.51407146081328,0.4,4686,moderate_abatement,JUSTICE_GSA
0.007222883615642785,0.8984293900430202,0.5392594709992409,125.51407146081328,0.4,4687,moderate_abatement,JUSTICE_GSA
0.007222883615642785,0.8984293900430202,0.723036817740649,474.7072592182085,0.4,4688,moderate_abatement,JUSTICE_GSA
0.007222883615642785,0.8984293900430202,0.723036817740649,125.51407146081328,0.4,4689,moderate_abatement,JUSTICE_GSA
0.007652959199622273,1.4239764092490077,1.604071523528546,690.2861181963235,0.4,4690,moderate_abatement,JUSTICE_GSA
0.016365762666799125,1.4239764092490077,1.604071523528546,690.2861181963235,0.4,4691,moderate_abatement,JUSTICE_GSA
0.007652959199622273,1.4772123536095023,1.604071523528546,690.2861181963235,0.4,4692,moderate_abatement,JUSTICE_GSA
0.007652959199622273,1.4239764092490077,1.3437393172644079,690.2861181963235,0.4,4693,moderate_abatement,JUSTICE_GSA
0.007652959199622273,1.4239764092490077,1.604071523528546,707.5009577330202,0.4,4694,moderate_abatement,JUSTICE_GSA
0.007652959199622273,1.4772123536095023,1.3437393172644079,707.5009577330202,0.4,4695,moderate_abatement,JUSTICE_GSA
0.016365762666799125,1.4239764092490077,1.3437393172644079,707.5009577330202,0.4,4696,moderate_abatement,JUSTICE_GSA
0.016365762666799125,1.4772123536095023,1.604071523528546,707.5009577330202,0.4,4697,moderate_abatement,JUSTICE_GSA
0.016365762666799125,1.4772123536095023,1.3437393172644079,690.2861181963235,0.4,4698,moderate_abatement,JUSTICE_GSA
0.016365762666799125,1.4772123536095023,1.3437393172644079,707.5009577330202,0.4,4699,moderate_abatement,JUSTICE_GSA
0.01343291282095015,0.8474987158551812,0.9925908274017274,89.54421340487897,0.4,4700,moderate_abatement,JUSTICE_GSA
0.029345774572342633,0.8474987158551812,0.9925908274017274,89.54421340487897,0.4,4701,moderate_abatement,JUSTICE_GSA
0.01343291282095015,1.1791483238339424,0.9925908274017274,89.54421340487897,0.4,4702,moderate_abatement,JUSTICE_GSA
0.01343291282095015,0.8474987158551812,1.1052106777206063,89.54421340487897,0.4,4703,moderate_abatement,JUSTICE_GSA
0.01343291282095015,0.8474987158551812,0.9925908274017274,834.9520910894498,0.4,4704,moderate_abatement,JUSTICE_GSA
0.01343291282095015,1.1791483238339424,1.1052106777206063,834.9520910894498,0.4,4705,moderate_abatement,JUSTICE_GSA
0.029345774572342633,0.8474987158551812,1.1052106777206063,834.9520910894498,0.4,4706,moderate_abatement,JUSTICE_GSA
0.029345774572342633,1.1791483238339424,0.9925908274017274,834.9520910894498,0.4,4707,moderate_abatement,JUSTICE_GSA
0.029345774572342633,1.1791483238339424,1.1052106777206063,89.54421340487897,0.4,4708,moderate_abatement,JUSTICE_GSA
0.029345774572342633,1.1791483238339424,1.1052106777206063,834.9520910894498,0.4,4709,moderate_abatement,JUSTICE_GSA
0.016096446535550056,1.0217353189364076,1.8992751892656088,872.9464786490425,0.4,4710,moderate_abatement,JUSTICE_GSA
0.009547342562116683,1.0217353189364076,1.8992751892656088,872.9464786490425,0.4,4711,moderate_abatement,JUSTICE_GSA
0.016096446535550056,0.6954543245956302,1.8992751892656088,872.9464786490425,0.4,4712,moderate_abatement,JUSTICE_GSA
0.016096446535550056,1.0217353189364076,1.710811267606914,872.9464786490425,0.4,4713,moderate_abatement,JUSTICE_GSA
0.016096446535550056,1.0217353189364076,1.8992751892656088,497.92940991465,0.4,4714,moderate_abatement,JUSTICE_GSA
0.016096446535550056,0.6954543245956302,1.710811267606914,497.92940991465,0.4,4715,moderate_abatement,JUSTICE_GSA
0.009547342562116683,1.0217353189364076,1.710811267606914,497.92940991465,0.4,4716,moderate_abatement,JUSTICE_GSA
0.009547342562116683,0.6954543245956302,1.8992751892656088,497.92940991465,0.4,4717,moderate_abatement,JUSTICE_GSA
0.009547342562116683,0.6954543245956302,1.710811267606914,872.9464786490425,0.4,4718,moderate_abatement,JUSTICE_GSA
0.009547342562116683,0.6954543245956302,1.710811267606914,497.92940991465,0.4,4719,moderate_abatement,JUSTICE_GSA
0.018875407773070035,0.5834213681519032,0.8788830423727632,655.6753114843741,0.4,4720,moderate_abatement,JUSTICE_GSA
0.023583992820233105,0.5834213681519032,0.8788830423727632,655.6753114843741,0.4,4721,moderate_abatement,JUSTICE_GSA
0.018875407773070035,0.576897201128304,0.8788830423727632,655.6753114843741,0.4,4722,moderate_abatement,JUSTICE_GSA
0.018875407773070035,0.5834213681519032,0.8677467703819275,655.6753114843741,0.4,4723,moderate_abatement,JUSTICE_GSA
0.018875407773070035,0.5834213681519032,0.8788830423727632,44.468911099247634,0.4,4724,moderate_abatement,JUSTICE_GSA
0.018875407773070035,0.576897201128304,0.8677467703819275,44.468911099247634,0.4,4725,moderate_abatement,JUSTICE_GSA
0.023583992820233105,0.5834213681519032,0.8677467703819275,44.468911099247634,0.4,4726,moderate_abatement,JUSTICE_GSA
0.023583992820233105,0.576897201128304,0.8788830423727632,44.468911099247634,0.4,4727,moderate_abatement,JUSTICE_GSA
0.023583992820233105,0.576897201128304,0.8677467703819275,655.6753114843741,0.4,4728,moderate_abatement,JUSTICE_GSA
0.023583992820233105,0.576897201128304,0.8677467703819275,44.468911099247634,0.4,4729,moderate_abatement,JUSTICE_GSA
0.014286092808470128,1.2822078131139278,1.967578545678407,430.2891443558037,0.4,4730,moderate_abatement,JUSTICE_GSA
0.014377336942590774,1.2822078131139278,1.967578545678407,430.2891443558037,0.4,4731,moderate_abatement,JUSTICE_GSA
0.014286092808470128,1.0487428735941648,1.967578545678407,430.2891443558037,0.4,4732,moderate_abatement,JUSTICE_GSA
0.014286092808470128,1.2822078131139278,1.3857771810144186,430.2891443558037,0.4,4733,moderate_abatement,JUSTICE_GSA
0.014286092808470128,1.2822078131139278,1.967578545678407,632.2105277748778,0.4,4734,moderate_abatement,JUSTICE_GSA
0.014286092808470128,1.0487428735941648,1.3857771810144186,632.2105277748778,0.4,4735,moderate_abatement,JUSTICE_GSA
0.014377336942590774,1.2822078131139278,1.3857771810144186,632.2105277748778,0.4,4736,moderate_abatement,JUSTICE_GSA
0.014377336942590774,1.0487428735941648,1.967578545678407,632.2105277748778,0.4,4737,moderate_abatement,JUSTICE_GSA
0.014377336942590774,1.0487428735941648,1.3857771810144186,430.2891443558037,0.4,4738,moderate_abatement,JUSTICE_GSA
0.014377336942590774,1.0487428735941648,1.3857771810144186,632.2105277748778,0.4,4739,moderate_abatement,JUSTICE_GSA
0.004874051762744784,0.9853954147547483,0.6057317839004099,781.7269149646163,0.4,4740,moderate_abatement,JUSTICE_GSA
0.002307997439056635,0.9853954147547483,0.6057317839004099,781.7269149646163,0.4,4741,moderate_abatement,JUSTICE_GSA
0.004874051762744784,1.357610055245459,0.6057317839004099,781.7269149646163,0.4,4742,moderate_abatement,JUSTICE_GSA
0.004874051762744784,0.9853954147547483,1.2476586368866265,781.7269149646163,0.4,4743,moderate_abatement,JUSTICE_GSA
0.004874051762744784,0.9853954147547483,0.6057317839004099,756.0942265987396,0.4,4744,moderate_abatement,JUSTICE_GSA
0.004874051762744784,1.357610055245459,1.2476586368866265,756.0942265987396,0.4,4745,moderate_abatement,JUSTICE_GSA
0.002307997439056635,0.9853954147547483,1.2476586368866265,756.0942265987396,0.4,4746,moderate_abatement,JUSTICE_GSA
0.002307997439056635,1.357610055245459,0.6057317839004099,756.0942265987396,0.4,4747,moderate_abatement,JUSTICE_GSA
0.002307997439056635,1.357610055245459,1.2476586368866265,781.7269149646163,0.4,4748,moderate_abatement,JUSTICE_GSA
0.002307997439056635,1.357610055245459,1.2476586368866265,756.0942265987396,0.4,4749,moderate_abatement,JUSTICE_GSA
0.02396140311192721,1.1295013781636953,1.489265094511211,8.093849045224488,0.4,4750,moderate_abatement,JUSTICE_GSA
0.022156044499017296,1.1295013781636953,1.489265094511211,8.093849045224488,0.4,4751,moderate_abatement,JUSTICE_GSA
0.02396140311192721,0.766993785277009,1.489265094511211,8.093849045224488,0.4,4752,moderate_abatement,JUSTICE_GSA
0.02396140311192721,1.1295013781636953,1.7566210352815688,8.093849045224488,0.4,4753,moderate_abatement,JUSTICE_GSA
0.02396140311192721,1.1295013781636953,1.489265094511211,420.93917560763657,0.4,4754,moderate_abatement,JUSTICE_GSA
0.02396140311192721,0.766993785277009,1.7566210352815688,420.93917560763657,0.4,4755,moderate_abatement,JUSTICE_GSA
0.022156044499017296,1.1295013781636953,1.7566210352815688,420.93917560763657,0.4,4756,moderate_abatement,JUSTICE_GSA
0.022156044499017296,0.766993785277009,1.489265094511211,420.93917560763657,0.4,4757,moderate_abatement,JUSTICE_GSA
0.022156044499017296,0.766993785277009,1.7566210352815688,8.093849045224488,0.4,4758,moderate_abatement,JUSTICE_GSA
0.022156044499017296,0.766993785277009,1.7566210352815688,420.93917560763657,0.4,4759,moderate_abatement,JUSTICE_GSA
0.0266884382488206,0.8023289246484637,1.696261039469391,245.0420068707317,0.4,4760,moderate_abatement,JUSTICE_GSA
0.018716860736720263,0.8023289246484637,1.696261039469391,245.0420068707317,0.4,4761,moderate_abatement,JUSTICE_GSA
0.0266884382488206,0.6362061519175768,1.696261039469391,245.0420068707317,0.4,4762,moderate_abatement,JUSTICE_GSA
0.0266884382488206,0.8023289246484637,1.0310994377359748,245.0420068707317,0.4,4763,moderate_abatement,JUSTICE_GSA
0.0266884382488206,0.8023289246484637,1.696261039469391,991.7598912548274,0.4,4764,moderate_abatement,JUSTICE_GSA
0.0266884382488206,0.6362061519175768,1.0310994377359748,991.7598912548274,0.4,4765,moderate_abatement,JUSTICE_GSA
0.018716860736720263,0.8023289246484637,1.0310994377359748,991.7598912548274,0.4,4766,moderate_abatement,JUSTICE_GSA
0.018716860736720263,0.6362061519175768,1.696261039469391,991.7598912548274,0.4,4767,moderate_abatement,JUSTICE_GSA
0.018716860736720263,0.6362061519175768,1.0310994377359748,245.0420068707317,0.4,4768,moderate_abatement,JUSTICE_GSA
0.018716860736720263,0.6362061519175768,1.0310994377359748,991.7598912548274,0.4,4769,moderate_abatement,JUSTICE_GSA
0.0021642783135175704,1.0625106422230601,1.1970748333260417,965.9799173017964,0.4,4770,moderate_abatement,JUSTICE_GSA
0.006118875039741397,1.0625106422230601,1.1970748333260417,965.9799173017964,0.4,4771,moderate_abatement,JUSTICE_GSA
0.0021642783135175704,1.2384572783485055,1.1970748333260417,965.9799173017964,0.4,4772,moderate_abatement,JUSTICE_GSA
0.0021642783135175704,1.0625106422230601,1.925550346262753,965.9799173017964,0.4,4773,moderate_abatement,JUSTICE_GSA
0.0021642783135175704,1.0625106422230601,1.1970748333260417,340.5137423463166,0.4,4774,moderate_abatement,JUSTICE_GSA
0.0021642783135175704,1.2384572783485055,1.925550346262753,340.5137423463166,0.4,4775,moderate_abatement,JUSTICE_GSA
0.006118875039741397,1.0625106422230601,1.925550346262753,340.5137423463166,0.4,4776,moderate_abatement,JUSTICE_GSA
0.006118875039741397,1.2384572783485055,1.1970748333260417,340.5137423463166,0.4,4777,moderate_abatement,JUSTICE_GSA
0.006118875039741397,1.2384572783485055,1.925550346262753,965.9799173017964,0.4,4778,moderate_abatement,JUSTICE_GSA
0.006118875039741397,1.2384572783485055,1.925550346262753,340.5137423463166,0.4,4779,moderate_abatement,JUSTICE_GSA
0.011562352798879145,0.642527119256556,1.4289780715480447,318.47485859226435,0.4,4780,moderate_abatement,JUSTICE_GSA
0.010141696247272194,0.642527119256556,1.4289780715480447,318.47485859226435,0.4,4781,moderate_abatement,JUSTICE_GSA
0.011562352798879145,1.4179338123649359,1.4289780715480447,318.47485859226435,0.4,4782,moderate_abatement,JUSTICE_GSA
0.011562352798879145,0.642527119256556,0.6640332541428506,318.47485859226435,0.4,4783,moderate_abatement,JUSTICE_GSA
0.011562352798879145,0.642527119256556,1.4289780715480447,218.55059436056763,0.4,4784,moderate_abatement,JUSTICE_GSA
0.011562352798879145,1.4179338123649359,0.6640332541428506,218.55059436056763,0.4,4785,moderate_abatement,JUSTICE_GSA
0.010141696247272194,0.642527119256556,0.6640332541428506,218.55059436056763,0.4,4786,moderate_abatement,JUSTICE_GSA
0.010141696247272194,1.4179338123649359,1.4289780715480447,218.55059436056763,0.4,4787,moderate_abatement,JUSTICE_GSA
0.010141696247272194,1.4179338123649359,0.6640332541428506,318.47485859226435,0.4,4788,moderate_abatement,JUSTICE_GSA
0.010141696247272194,1.4179338123649359,0.6640332541428506,218.55059436056763,0.4,4789,moderate_abatement,JUSTICE_GSA
0.021588089157827197,1.4730448359623551,0.7128930916078389,596.5253368783742,0.4,4790,moderate_abatement,JUSTICE_GSA
0.02659830286167562,1.4730448359623551,0.7128930916078389,596.5253368783742,0.4,4791,moderate_abatement,JUSTICE_GSA
0.021588089157827197,0.9576466428115964,0.7128930916078389,596.5253368783742,0.4,4792,moderate_abatement,JUSTICE_GSA
0.021588089157827197,1.4730448359623551,1.5433708089403808,596.5253368783742,0.4,4793,moderate_abatement,JUSTICE_GSA
0.021588089157827197,1.4730448359623551,0.7128930916078389,615.0761131187901,0.4,4794,moderate_abatement,JUSTICE_GSA
0.021588089157827197,0.9576466428115964,1.5433708089403808,615.0761131187901,0.4,4795,moderate_abatement,JUSTICE_GSA
0.02659830286167562,1.4730448359623551,1.5433708089403808,615.0761131187901,0.4,4796,moderate_abatement,JUSTICE_GSA
0.02659830286167562,0.9576466428115964,0.7128930916078389,615.0761131187901,0.4,4797,moderate_abatement,JUSTICE_GSA
0.02659830286167562,0.9576466428115964,1.5433708089403808,596.5253368783742,0.4,4798,moderate_abatement,JUSTICE_GSA
0.02659830286167562,0.9576466428115964,1.5433708089403808,615.0761131187901,0.4,4799,moderate_abatement,JUSTICE_GSA
0.021327613833360373,0.7719308119267225,1.1435048580169678,852.0077825505286,0.4,4800,moderate_abatement,JUSTICE_GSA
0.0077666607536375516,0.7719308119267225,1.1435048580169678,852.0077825505286,0.4,4801,moderate_abatement,JUSTICE_GSA
0.021327613833360373,0.7552679926156998,1.1435048580169678,852.0077825505286,0.4,4802,moderate_abatement,JUSTICE_GSA
0.021327613833360373,0.7719308119267225,0.5293065602891147,852.0077825505286,0.4,4803,moderate_abatement,JUSTICE_GSA
0.021327613833360373,0.7719308119267225,1.1435048580169678,652.1674452517182,0.4,4804,moderate_abatement,JUSTICE_GSA
0.021327613833360373,0.7552679926156998,0.5293065602891147,652.1674452517182,0.4,4805,moderate_abatement,JUSTICE_GSA
0.0077666607536375516,0.7719308119267225,0.5293065602891147,652.1674452517182,0.4,4806,moderate_abatement,JUSTICE_GSA
0.0077666607536375516,0.7552679926156998,1.1435048580169678,652.1674452517182,0.4,4807,moderate_abatement,JUSTICE_GSA
0.0077666607536375516,0.7552679926156998,0.5293065602891147,852.0077825505286,0.4,4808,moderate_abatement,JUSTICE_GSA
0.0077666607536375516,0.7552679926156998,0.5293065602891147,652.1674452517182,0.4,4809,moderate_abatement,JUSTICE_GSA
0.011416043734177945,1.0975436475127935,1.7600849154405296,78.35762348305434,0.4,4810,moderate_abatement,JUSTICE_GSA
0.016739847824908793,1.0975436475127935,1.7600849154405296,78.35762348305434,0.4,4811,moderate_abatement,JUSTICE_GSA
0.011416043734177945,1.3693370250985026,1.7600849154405296,78.35762348305434,0.4,4812,moderate_abatement,JUSTICE_GSA
0.011416043734177945,1.0975436475127935,1.513288879301399,78.35762348305434,0.4,4813,moderate_abatement,JUSTICE_GSA
0.011416043734177945,1.0975436475127935,1.7600849154405296,48.77954309433699,0.4,4814,moderate_abatement,JUSTICE_GSA
0.011416043734177945,1.3693370250985026,1.513288879301399,48.77954309433699,0.4,4815,moderate_abatement,JUSTICE_GSA
0.016739847824908793,1.0975436475127935,1.513288879301399,48.77954309433699,0.4,4816,moderate_abatement,JUSTICE_GSA
0.016739847824908793,1.3693370250985026,1.7600849154405296,48.77954309433699,0.4,4817,moderate_abatement,JUSTICE_GSA
0.016739847824908793,1.3693370250985026,1.513288879301399,78.35762348305434,0.4,4818,moderate_abatement,JUSTICE_GSA
0.016739847824908793,1.3693370250985026,1.513288879301399,48.77954309433699,0.4,4819,moderate_abatement,JUSTICE_GSA
0.002419881222769618,0.6738970316946507,0.8717487058602273,710.2534262826666,0.4,4820,moderate_abatement,JUSTICE_GSA
0.029028663646429777,0.6738970316946507,0.8717487058602273,710.2534262826666,0.4,4821,moderate_abatement,JUSTICE_GSA
0.002419881222769618,1.0370313860476017,0.8717487058602273,710.2534262826666,0.4,4822,moderate_abatement,JUSTICE_GSA
0.002419881222769618,0.6738970316946507,0.9005147898569703,710.2534262826666,0.4,4823,moderate_abatement,JUSTICE_GSA
0.002419881222769618,0.6738970316946507,0.8717487058602273,424.4256019042805,0.4,4824,moderate_abatement,JUSTICE_GSA
0.002419881222769618,1.0370313860476017,0.9005147898569703,424.4256019042805,0.4,4825,moderate_abatement,JUSTICE_GSA
0.029028663646429777,0.6738970316946507,0.9005147898569703,424.4256019042805,0.4,4826,moderate_abatement,JUSTICE_GSA
0.029028663646429777,1.0370313860476017,0.8717487058602273,424.4256019042805,0.4,4827,moderate_abatement,JUSTICE_GSA
0.029028663646429777,1.0370313860476017,0.9005147898569703,710.2534262826666,0.4,4828,moderate_abatement,JUSTICE_GSA
0.029028663646429777,1.0370313860476017,0.9005147898569703,424.4256019042805,0.4,4829,moderate_abatement,JUSTICE_GSA
0.026833414937369526,1.444844912737608,1.2833060454577208,484.9149584528059,0.4,4830,moderate_abatement,JUSTICE_GSA
0.008946812444366514,1.444844912737608,1.2833060454577208,484.9149584528059,0.4,4831,moderate_abatement,JUSTICE_GSA
0.026833414937369526,0.5886079585179687,1.2833060454577208,484.9149584528059,0.4,4832,moderate_abatement,JUSTICE_GSA
0.026833414937369526,1.444844912737608,1.8928355602547526,484.9149584528059,0.4,4833,moderate_abatement,JUSTICE_GSA
0.026833414937369526,1.444844912737608,1.2833060454577208,775.168375830166,0.4,4834,moderate_abatement,JUSTICE_GSA
0.026833414937369526,0.5886079585179687,1.8928355602547526,775.168375830166,0.4,4835,moderate_abatement,JUSTICE_GSA
0.008946812444366514,1.444844912737608,1.8928355602547526,775.168375830166,0.4,4836,moderate_abatement,JUSTICE_GSA
0.008946812444366514,0.5886079585179687,1.2833060454577208,775.168375830166,0.4,4837,moderate_abatement,JUSTICE_GSA
0.008946812444366514,0.5886079585179687,1.8928355602547526,484.9149584528059,0.4,4838,moderate_abatement,JUSTICE_GSA
0.008946812444366514,0.5886079585179687,1.8928355602547526,775.168375830166,0.4,4839,moderate_abatement,JUSTICE_GSA
0.024165236082859337,0.615771652199328,1.8202818161807954,263.8183155329898,0.4,4840,moderate_abatement,JUSTICE_GSA
0.011932809951715171,0.615771652199328,1.8202818161807954,263.8183155329898,0.4,4841,moderate_abatement,JUSTICE_GSA
0.024165236082859337,0.9381236275658011,1.8202818161807954,263.8183155329898,0.4,4842,moderate_abatement,JUSTICE_GSA
0.024165236082859337,0.615771652199328,1.0707255289889872,263.8183155329898,0.4,4843,moderate_abatement,JUSTICE_GSA
0.024165236082859337,0.615771652199328,1.8202818161807954,313.63612814899534,0.4,4844,moderate_abatement,JUSTICE_GSA
0.024165236082859337,0.9381236275658011,1.0707255289889872,313.63612814899534,0.4,4845,moderate_abatement,JUSTICE_GSA
0.011932809951715171,0.615771652199328,1.0707255289889872,313.63612814899534,0.4,4846,moderate_abatement,JUSTICE_GSA
0.011932809951715171,0.9381236275658011,1.8202818161807954,313.63612814899534,0.4,4847,moderate_abatement,JUSTICE_GSA
0.011932809951715171,0.9381236275658011,1.0707255289889872,263.8183155329898,0.4,4848,moderate_abatement,JUSTICE_GSA
0.011932809951715171,0.9381236275658011,1.0707255289889872,313.63612814899534,0.4,4849,moderate_abatement,JUSTICE_GSA
0.005190280973911285,1.2530351364985108,1.0364336725324392,541.8555115535855,0.4,4850,moderate_abatement,JUSTICE_GSA
0.024764722516760228,1.2530351364985108,1.0364336725324392,541.8555115535855,0.4,4851,moderate_abatement,JUSTICE_GSA
0.005190280973911285,1.4374580346047878,1.0364336725324392,541.8555115535855,0.4,4852,moderate_abatement,JUSTICE_GSA
0.005190280973911285,1.2530351364985108,1.6749943126924336,541.8555115535855,0.4,4853,moderate_abatement,JUSTICE_GSA
0.005190280973911285,1.2530351364985108,1.0364336725324392,980.4676181906834,0.4,4854,moderate_abatement,JUSTICE_GSA
0.005190280973911285,1.4374580346047878,1.6749943126924336,980.4676181906834,0.4,4855,moderate_abatement,JUSTICE_GSA
0.024764722516760228,1.2530351364985108,1.6749943126924336,980.4676181906834,0.4,4856,moderate_abatement,JUSTICE_GSA
0.024764722516760228,1.4374580346047878,1.0364336725324392,980.4676181906834,0.4,4857,moderate_abatement,JUSTICE_GSA
0.024764722516760228,1.4374580346047878,1.6749943126924336,541.8555115535855,0.4,4858,moderate_abatement,JUSTICE_GSA
0.024764722516760228,1.4374580346047878,1.6749943126924336,980.4676181906834,0.4,4859,moderate_abatement,JUSTICE_GSA
0.014087128795683385,0.9559776736423373,1.554347462952137,174.80848503485322,0.4,4860,moderate_abatement,JUSTICE_GSA
0.020522412891499697,0.9559776736423373,1.554347462952137,174.80848503485322,0.4,4861,moderate_abatement,JUSTICE_GSA
0.014087128795683385,1.2189180506393313,1.554347462952137,174.80848503485322,0.4,4862,moderate_abatement,JUSTICE_GSA
0.014087128795683385,0.9559776736423373,0.6889146585017443,174.80848503485322,0.4,4863,moderate_abatement,JUSTICE_GSA
0.014087128795683385,0.9559776736423373,1.554347462952137,602.9619528912008,0.4,4864,moderate_abatement,JUSTICE_GSA
0.014087128795683385,1.2189180506393313,0.6889146585017443,602.9619528912008,0.4,4865,moderate_abatement,JUSTICE_GSA
0.020522412891499697,0.9559776736423373,0.6889146585017443,602.9619528912008,0.4,4866,moderate_abatement,JUSTICE_GSA
0.020522412891499697,1.2189180506393313,1.554347462952137,602.9619528912008,0.4,4867,moderate_abatement,JUSTICE_GSA
0.020522412891499697,1.2189180506393313,0.6889146585017443,174.80848503485322,0.4,4868,moderate_abatement,JUSTICE_GSA
0.020522412891499697,1.2189180506393313,0.6889146585017443,602.9619528912008,0.4,4869,moderate_abatement,JUSTICE_GSA
0.018560507480986414,1.163561630062759,0.5538330036215484,895.7902838820592,0.4,4870,moderate_abatement,JUSTICE_GSA
0.00429917655698955,1.163561630062759,0.5538330036215484,895.7902838820592,0.4,4871,moderate_abatement,JUSTICE_GSA
0.018560507480986414,0.6557446792721748,0.5538330036215484,895.7902838820592,0.4,4872,moderate_abatement,JUSTICE_GSA
0.018560507480986414,1.163561630062759,1.3075615130364895,895.7902838820592,0.4,4873,moderate_abatement,JUSTICE_GSA
0.018560507480986414,1.163561630062759,0.5538330036215484,190.78776684962213,0.4,4874,moderate_abatement,JUSTICE_GSA
0.018560507480986414,0.6557446792721748,1.3075615130364895,190.78776684962213,0.4,4875,moderate_abatement,JUSTICE_GSA
0.00429917655698955,1.163561630062759,1.3075615130364895,190.78776684962213,0.4,4876,moderate_abatement,JUSTICE_GSA
0.00429917655698955,0.6557446792721748,0.5538330036215484,190.78776684962213,0.4,4877,moderate_abatement,JUSTICE_GSA
0.00429917655698955,0.6557446792721748,1.3075615130364895,895.7902838820592,0.4,4878,moderate_abatement,JUSTICE_GSA
0.00429917655698955,0.6557446792721748,1.3075615130364895,190.78776684962213,0.4,4879,moderate_abatement,JUSTICE_GSA
0.015901912973262367,0.7229655217379332,1.4801890538074076,617.464003204368,0.4,4880,moderate_abatement,JUSTICE_GSA
0.017447372133843602,0.7229655217379332,1.4801890538074076,617.464003204368,0.4,4881,moderate_abatement,JUSTICE_GSA
0.015901912973262367,0.525270564481616,1.4801890538074076,617.464003204368,0.4,4882,moderate_abatement,JUSTICE_GSA
0.015901912973262367,0.7229655217379332,1.213123775087297,617.464003204368,0.4,4883,moderate_abatement,JUSTICE_GSA
0.015901912973262367,0.7229655217379332,1.4801890538074076,269.6308688223362,0.4,4884,moderate_abatement,JUSTICE_GSA
0.015901912973262367,0.525270564481616,1.213123775087297,269.6308688223362,0.4,4885,moderate_abatement,JUSTICE_GSA
0.017447372133843602,0.7229655217379332,1.213123775087297,269.6308688223362,0.4,4886,moderate_abatement,JUSTICE_GSA
0.017447372133843602,0.525270564481616,1.4801890538074076,269.6308688223362,0.4,4887,moderate_abatement,JUSTICE_GSA
0.017447372133843602,0.525270564481616,1.213123775087297,617.464003204368,0.4,4888,moderate_abatement,JUSTICE_GSA
0.017447372133843602,0.525270564481616,1.213123775087297,269.6308688223362,0.4,4889,moderate_abatement,JUSTICE_GSA
0.013127753037959336,1.3923585172742605,0.6733958525583148,329.6614187415689,0.4,4890,moderate_abatement,JUSTICE_GSA
0.004679234666749835,1.3923585172742605,0.6733958525583148,329.6614187415689,0.4,4891,moderate_abatement,JUSTICE_GSA
0.013127753037959336,1.1003075214102864,0.6733958525583148,329.6614187415689,0.4,4892,moderate_abatement,JUSTICE_GSA
0.013127753037959336,1.3923585172742605,1.7208545031026006,329.6614187415689,0.4,4893,moderate_abatement,JUSTICE_GSA
0.013127753037959336,1.3923585172742605,0.6733958525583148,930.5709130484611,0.4,4894,moderate_abatement,JUSTICE_GSA
0.013127753037959336,1.1003075214102864,1.7208545031026006,930.5709130484611,0.4,4895,moderate_abatement,JUSTICE_GSA
0.004679234666749835,1.3923585172742605,1.7208545031026006,930.5709130484611,0.4,4896,moderate_abatement,JUSTICE_GSA
0.004679234666749835,1.1003075214102864,0.6733958525583148,930.5709130484611,0.4,4897,moderate_abatement,JUSTICE_GSA
0.004679234666749835,1.1003075214102864,1.7208545031026006,329.6614187415689,0.4,4898,moderate_abatement,JUSTICE_GSA
0.004679234666749835,1.1003075214102864,1.7208545031026006,930.5709130484611,0.4,4899,moderate_abatement,JUSTICE_GSA
0.007848818656057119,0.81270607188344,1.9409433091059327,946.0125794429332,0.4,4900,moderate_abatement,JUSTICE_GSA
0.011637643638066946,0.81270607188344,1.9409433091059327,946.0125794429332,0.4,4901,moderate_abatement,JUSTICE_GSA
0.007848818656057119,1.3060910943895578,1.9409433091059327,946.0125794429332,0.4,4902,moderate_abatement,JUSTICE_GSA
0.007848818656057119,0.81270607188344,0.8335827714763582,946.0125794429332,0.4,4903,moderate_abatement,JUSTICE_GSA
0.007848818656057119,0.81270607188344,1.9409433091059327,557.2417089520022,0.4,4904,moderate_abatement,JUSTICE_GSA
0.007848818656057119,1.3060910943895578,0.8335827714763582,557.2417089520022,0.4,4905,moderate_abatement,JUSTICE_GSA
0.011637643638066946,0.81270607188344,0.8335827714763582,557.2417089520022,0.4,4906,moderate_abatement,JUSTICE_GSA
0.011637643638066946,1.3060910943895578,1.9409433091059327,557.2417089520022,0.4,4907,moderate_abatement,JUSTICE_GSA
0.011637643638066946,1.3060910943895578,0.8335827714763582,946.0125794429332,0.4,4908,moderate_abatement,JUSTICE_GSA
0.011637643638066946,1.3060910943895578,0.8335827714763582,557.2417089520022,0.4,4909,moderate_abatement,JUSTICE_GSA
0.02512455501500517,1.052373792976141,0.964106306899339,234.83427786361426,0.4,4910,moderate_abatement,JUSTICE_GSA
0.027811263194307684,1.052373792976141,0.964106306899339,234.83427786361426,0.4,4911,moderate_abatement,JUSTICE_GSA
0.02512455501500517,0.8185747349634767,0.964106306899339,234.83427786361426,0.4,4912,moderate_abatement,JUSTICE_GSA
0.02512455501500517,1.052373792976141,1.349640506785363,234.83427786361426,0.4,4913,moderate_abatement,JUSTICE_GSA
0.02512455501500517,1.052373792976141,0.964106306899339,143.0936643751338,0.4,4914,moderate_abatement,JUSTICE_GSA
0.02512455501500517,0.8185747349634767,1.349640506785363,143.0936643751338,0.4,4915,moderate_abatement,JUSTICE_GSA
0.027811263194307684,1.052373792976141,1.349640506785363,143.0936643751338,0.4,4916,moderate_abatement,JUSTICE_GSA
0.027811263194307684,0.8185747349634767,0.964106306899339,143.0936643751338,0.4,4917,moderate_abatement,JUSTICE_GSA
0.027811263194307684,0.8185747349634767,1.349640506785363,234.83427786361426,0.4,4918,moderate_abatement,JUSTICE_GSA
0.027811263194307684,0.8185747349634767,1.349640506785363,143.0936643751338,0.4,4919,moderate_abatement,JUSTICE_GSA
0.029605237110517917,0.8795501748099923,0.7565717855468392,19.340999994426966,0.4,4920,moderate_abatement,JUSTICE_GSA
0.023887166570872066,0.8795501748099923,0.7565717855468392,19.340999994426966,0.4,4921,moderate_abatement,JUSTICE_GSA
0.029605237110517917,0.7149925986304879,0.7565717855468392,19.340999994426966,0.4,4922,moderate_abatement,JUSTICE_GSA
0.029605237110517917,0.8795501748099923,0.6747704818844795,19.340999994426966,0.4,4923,moderate_abatement,JUSTICE_GSA
0.029605237110517917,0.8795501748099923,0.7565717855468392,695.9575088033453,0.4,4924,moderate_abatement,JUSTICE_GSA
0.029605237110517917,0.7149925986304879,0.6747704818844795,695.9575088033453,0.4,4925,moderate_abatement,JUSTICE_GSA
0.023887166570872066,0.8795501748099923,0.6747704818844795,695.9575088033453,0.4,4926,moderate_abatement,JUSTICE_GSA
0.023887166570872066,0.7149925986304879,0.7565717855468392,695.9575088033453,0.4,4927,moderate_abatement,JUSTICE_GSA
0.023887166570872066,0.7149925986304879,0.6747704818844795,19.340999994426966,0.4,4928,moderate_abatement,JUSTICE_GSA
0.023887166570872066,0.7149925986304879,0.6747704818844795,695.9575088033453,0.4,4929,moderate_abatement,JUSTICE_GSA
0.0032659221459180117,1.2355945343151689,1.3501374055631459,802.7260604435578,0.4,4930,moderate_abatement,JUSTICE_GSA
0.014963483923114834,1.2355945343151689,1.3501374055631459,802.7260604435578,0.4,4931,moderate_abatement,JUSTICE_GSA
0.0032659221459180117,1.159608842805028,1.3501374055631459,802.7260604435578,0.4,4932,moderate_abatement,JUSTICE_GSA
0.0032659221459180117,1.2355945343151689,1.5560835730284452,802.7260604435578,0.4,4933,moderate_abatement,JUSTICE_GSA
0.0032659221459180117,1.2355945343151689,1.3501374055631459,98.40007834043354,0.4,4934,moderate_abatement,JUSTICE_GSA
0.0032659221459180117,1.159608842805028,1.5560835730284452,98.40007834043354,0.4,4935,moderate_abatement,JUSTICE_GSA
0.014963483923114834,1.2355945343151689,1.5560835730284452,98.40007834043354,0.4,4936,moderate_abatement,JUSTICE_GSA
0.014963483923114834,1.159608842805028,1.3501374055631459,98.40007834043354,0.4,4937,moderate_abatement,JUSTICE_GSA
0.014963483923114834,1.159608842805028,1.5560835730284452,802.7260604435578,0.4,4938,moderate_abatement,JUSTICE_GSA
0.014963483923114834,1.159608842805028,1.5560835730284452,98.40007834043354,0.4,4939,moderate_abatement,JUSTICE_GSA
0.008644171217456458,0.532042901031673,1.2114348621107638,420.02005046326667,0.4,4940,moderate_abatement,JUSTICE_GSA
0.0017781574763357638,0.532042901031673,1.2114348621107638,420.02005046326667,0.4,4941,moderate_abatement,JUSTICE_GSA
0.008644171217456458,1.496736322529614,1.2114348621107638,420.02005046326667,0.4,4942,moderate_abatement,JUSTICE_GSA
0.008644171217456458,0.532042901031673,1.0422089588828385,420.02005046326667,0.4,4943,moderate_abatement,JUSTICE_GSA
0.008644171217456458,0.532042901031673,1.2114348621107638,470.41820485703647,0.4,4944,moderate_abatement,JUSTICE_GSA
0.008644171217456458,1.496736322529614,1.0422089588828385,470.41820485703647,0.4,4945,moderate_abatement,JUSTICE_GSA
0.0017781574763357638,0.532042901031673,1.0422089588828385,470.41820485703647,0.4,4946,moderate_abatement,JUSTICE_GSA
0.0017781574763357638,1.496736322529614,1.2114348621107638,470.41820485703647,0.4,4947,moderate_abatement,JUSTICE_GSA
0.0017781574763357638,1.496736322529614,1.0422089588828385,420.02005046326667,0.4,4948,moderate_abatement,JUSTICE_GSA
0.0017781574763357638,1.496736322529614,1.0422089588828385,470.41820485703647,0.4,4949,moderate_abatement,JUSTICE_GSA
0.020481522566638887,1.333345982246101,1.6467390386387706,635.646482206881,0.4,4950,moderate_abatement,JUSTICE_GSA
0.021796342478133737,1.333345982246101,1.6467390386387706,635.646482206881,0.4,4951,moderate_abatement,JUSTICE_GSA
0.020481522566638887,0.8789061214774847,1.6467390386387706,635.646482206881,0.4,4952,moderate_abatement,JUSTICE_GSA
0.020481522566638887,1.333345982246101,1.9378886767663062,635.646482206881,0.4,4953,moderate_abatement,JUSTICE_GSA
0.020481522566638887,1.333345982246101,1.6467390386387706,823.073863197118,0.4,4954,moderate_abatement,JUSTICE_GSA
0.020481522566638887,0.8789061214774847,1.9378886767663062,823.073863197118,0.4,4955,moderate_abatement,JUSTICE_GSA
0.021796342478133737,1.333345982246101,1.9378886767663062,823.073863197118,0.4,4956,moderate_abatement,JUSTICE_GSA
0.021796342478133737,0.8789061214774847,1.6467390386387706,823.073863197118,0.4,4957,moderate_abatement,JUSTICE_GSA
0.021796342478133737,0.8789061214774847,1.9378886767663062,635.646482206881,0.4,4958,moderate_abatement,JUSTICE_GSA
0.021796342478133737,0.8789061214774847,1.9378886767663062,823.073863197118,0.4,4959,moderate_abatement,JUSTICE_GSA
0.019570005586370825,0.5201925169676542,0.6378998490981758,136.226017633453,0.4,4960,moderate_abatement,JUSTICE_GSA
0.009966073529794811,0.5201925169676542,0.6378998490981758,136.226017633453,0.4,4961,moderate_abatement,JUSTICE_GSA
0.019570005586370825,1.1470809280872345,0.6378998490981758,136.226017633453,0.4,4962,moderate_abatement,JUSTICE_GSA
0.019570005586370825,0.5201925169676542,1.4780392381362617,136.226017633453,0.4,4963,moderate_abatement,JUSTICE_GSA
0.019570005586370825,0.5201925169676542,0.6378998490981758,441.99540152028203,0.4,4964,moderate_abatement,JUSTICE_GSA
0.019570005586370825,1.1470809280872345,1.4780392381362617,441.99540152028203,0.4,4965,moderate_abatement,JUSTICE_GSA
0.009966073529794811,0.5201925169676542,1.4780392381362617,441.99540152028203,0.4,4966,moderate_abatement,JUSTICE_GSA
0.009966073529794811,1.1470809280872345,0.6378998490981758,441.99540152028203,0.4,4967,moderate_abatement,JUSTICE_GSA
0.009966073529794811,1.1470809280872345,1.4780392381362617,136.226017633453,0.4,4968,moderate_abatement,JUSTICE_GSA
0.009966073529794811,1.1470809280872345,1.4780392381362617,441.99540152028203,0.4,4969,moderate_abatement,JUSTICE_GSA
0.009545181947760283,1.3449483569711447,1.5156449526548386,919.6167311398312,0.4,4970,moderate_abatement,JUSTICE_GSA
0.029821359693072737,1.3449483569711447,1.5156449526548386,919.6167311398312,0.4,4971,moderate_abatement,JUSTICE_GSA
0.009545181947760283,0.7283168910071254,1.5156449526548386,919.6167311398312,0.4,4972,moderate_abatement,JUSTICE_GSA
0.009545181947760283,1.3449483569711447,0.5879828608594835,919.6167311398312,0.4,4973,moderate_abatement,JUSTICE_GSA
0.009545181947760283,1.3449483569711447,1.5156449526548386,859.0551948379725,0.4,4974,moderate_abatement,JUSTICE_GSA
0.009545181947760283,0.7283168910071254,0.5879828608594835,859.0551948379725,0.4,4975,moderate_abatement,JUSTICE_GSA
0.029821359693072737,1.3449483569711447,0.5879828608594835,859.0551948379725,0.4,4976,moderate_abatement,JUSTICE_GSA
0.029821359693072737,0.7283168910071254,1.5156449526548386,859.0551948379725,0.4,4977,moderate_abatement,JUSTICE_GSA
0.029821359693072737,0.7283168910071254,0.5879828608594835,919.6167311398312,0.4,4978,moderate_abatement,JUSTICE_GSA
0.029821359693072737,0.7283168910071254,0.5879828608594835,859.0551948379725,0.4,4979,moderate_abatement,JUSTICE_GSA
0.004180947403423488,0.9226467497646809,0.9052629452198744,303.2541377907619,0.4,4980,moderate_abatement,JUSTICE_GSA
0.01594661063887179,0.9226467497646809,0.9052629452198744,303.2541377907619,0.4,4981,moderate_abatement,JUSTICE_GSA
0.004180947403423488,0.9278071708977222,0.9052629452198744,303.2541377907619,0.4,4982,moderate_abatement,JUSTICE_GSA
0.004180947403423488,0.9226467497646809,1.8575784536078572,303.2541377907619,0.4,4983,moderate_abatement,JUSTICE_GSA
0.004180947403423488,0.9226467497646809,0.9052629452198744,732.18286718335,0.4,4984,moderate_abatement,JUSTICE_GSA
0.004180947403423488,0.9278071708977222,1.8575784536078572,732.18286718335,0.4,4985,moderate_abatement,JUSTICE_GSA
0.01594661063887179,0.9226467497646809,1.8575784536078572,732.18286718335,0.4,4986,moderate_abatement,JUSTICE_GSA
0.01594661063887179,0.9278071708977222,0.9052629452198744,732.18286718335,0.4,4987,moderate_abatement,JUSTICE_GSA
0.01594661063887179,0.9278071708977222,1.8575784536078572,303.2541377907619,0.4,4988,moderate_abatement,JUSTICE_GSA
0.01594661063887179,0.9278071708977222,1.8575784536078572,732.18286718335,0.4,4989,moderate_abatement,JUSTICE_GSA
0.02870778997056186,1.192738350480795,1.9997466555796564,518.8824191521853,0.4,4990,moderate_abatement,JUSTICE_GSA
0.006746861985884606,1.192738350480795,1.9997466555796564,518.8824191521853,0.4,4991,moderate_abatement,JUSTICE_GSA
0.02870778997056186,1.4465506142005324,1.9997466555796564,518.8824191521853,0.4,4992,moderate_abatement,JUSTICE_GSA
0.02870778997056186,1.192738350480795,0.959197930060327,518.8824191521853,0.4,4993,moderate_abatement,JUSTICE_GSA
0.02870778997056186,1.192738350480795,1.9997466555796564,70.22175577376038,0.4,4994,moderate_abatement,JUSTICE_GSA
0.02870778997056186,1.4465506142005324,0.959197930060327,70.22175577376038,0.4,4995,moderate_abatement,JUSTICE_GSA
0.006746861985884606,1.192738350480795,0.959197930060327,70.22175577376038,0.4,4996,moderate_abatement,JUSTICE_GSA
0.006746861985884606,1.4465506142005324,1.9997466555796564,70.22175577376038,0.4,4997,moderate_abatement,JUSTICE_GSA
0.006746861985884606,1.4465506142005324,0.959197930060327,518.8824191521853,0.4,4998,moderate_abatement,JUSTICE_GSA
0.006746861985884606,1.4465506142005324,0.959197930060327,70.22175577376038,0.4,4999,moderate_abatement,JUSTICE_GSA
0.026021884128451345,0.8636036971583962,1.4083913769572973,734.3547669397667,0.4,5000,moderate_abatement,JUSTICE_GSA
0.003279361260123551,0.8636036971583962,1.4083913769572973,734.3547669397667,0.4,5001,moderate_abatement,JUSTICE_GSA
0.026021884128451345,1.081405191682279,1.4083913769572973,734.3547669397667,0.4,5002,moderate_abatement,JUSTICE_GSA
0.026021884128451345,0.8636036971583962,1.6399262347258627,734.3547669397667,0.4,5003,moderate_abatement,JUSTICE_GSA
0.026021884128451345,0.8636036971583962,1.4083913769572973,530.7860318394378,0.4,5004,moderate_abatement,JUSTICE_GSA
0.026021884128451345,1.081405191682279,1.6399262347258627,530.7860318394378,0.4,5005,moderate_abatement,JUSTICE_GSA
0.003279361260123551,0.8636036971583962,1.6399262347258627,530.7860318394378,0.4,5006,moderate_abatement,JUSTICE_GSA
0.003279361260123551,1.081405191682279,1.4083913769572973,530.7860318394378,0.4,5007,moderate_abatement,JUSTICE_GSA
0.003279361260123551,1.081405191682279,1.6399262347258627,734.3547669397667,0.4,5008,moderate_abatement,JUSTICE_GSA
0.003279361260123551,1.081405191682279,1.6399262347258627,530.7860318394378,0.4,5009,moderate_abatement,JUSTICE_GSA
0.00693367548007518,1.0017241770401597,0.6982777095399797,446.5464028865099,0.4,5010,moderate_abatement,JUSTICE_GSA
0.019729157447814942,1.0017241770401597,0.6982777095399797,446.5464028865099,0.4,5011,moderate_abatement,JUSTICE_GSA
0.00693367548007518,0.5430160276591778,0.6982777095399797,446.5464028865099,0.4,5012,moderate_abatement,JUSTICE_GSA
0.00693367548007518,1.0017241770401597,1.1292200428433716,446.5464028865099,0.4,5013,moderate_abatement,JUSTICE_GSA
0.00693367548007518,1.0017241770401597,0.6982777095399797,177.10882251244038,0.4,5014,moderate_abatement,JUSTICE_GSA
0.00693367548007518,0.5430160276591778,1.1292200428433716,177.10882251244038,0.4,5015,moderate_abatement,JUSTICE_GSA
0.019729157447814942,1.0017241770401597,1.1292200428433716,177.10882251244038,0.4,5016,moderate_abatement,JUSTICE_GSA
0.019729157447814942,0.5430160276591778,0.6982777095399797,177.10882251244038,0.4,5017,moderate_abatement,JUSTICE_GSA
0.019729157447814942,0.5430160276591778,1.1292200428433716,446.5464028865099,0.4,5018,moderate_abatement,JUSTICE_GSA
0.019729157447814942,0.5430160276591778,1.1292200428433716,177.10882251244038,0.4,5019,moderate_abatement,JUSTICE_GSA
0.012226860334165392,0.7033217055723071,1.6816457021050155,829.2486019842327,0.4,5020,moderate_abatement,JUSTICE_GSA
0.02555740894842893,0.7033217055723071,1.6816457021050155,829.2486019842327,0.4,5021,moderate_abatement,JUSTICE_GSA
0.012226860334165392,0.8631156487390399,1.6816457021050155,829.2486019842327,0.4,5022,moderate_abatement,JUSTICE_GSA
0.012226860334165392,0.7033217055723071,1.2724888306111097,829.2486019842327,0.4,5023,moderate_abatement,JUSTICE_GSA
0.012226860334165392,0.7033217055723071,1.6816457021050155,303.889584781602,0.4,5024,moderate_abatement,JUSTICE_GSA
0.012226860334165392,0.8631156487390399,1.2724888306111097,303.889584781602,0.4,5025,moderate_abatement,JUSTICE_GSA
0.02555740894842893,0.7033217055723071,1.2724888306111097,303.889584781602,0.4,5026,moderate_abatement,JUSTICE_GSA
0.02555740894842893,0.8631156487390399,1.6816457021050155,303.889584781602,0.4,5027,moderate_abatement,JUSTICE_GSA
0.02555740894842893,0.8631156487390399,1.2724888306111097,829.2486019842327,0.4,5028,moderate_abatement,JUSTICE_GSA
0.02555740894842893,0.8631156487390399,1.2724888306111097,303.889584781602,0.4,5029,moderate_abatement,JUSTICE_GSA
0.016813547872006892,1.411761942319572,1.176488183438778,118.06833914015442,0.4,5030,moderate_abatement,JUSTICE_GSA
0.01295205969363451,1.411761942319572,1.176488183438778,118.06833914015442,0.4,5031,moderate_abatement,JUSTICE_GSA
0.016813547872006892,1.2622187659144402,1.176488183438778,118.06833914015442,0.4,5032,moderate_abatement,JUSTICE_GSA
0.016813547872006892,1.411761942319572,0.7474131509661674,118.06833914015442,0.4,5033,moderate_abatement,JUSTICE_GSA
0.016813547872006892,1.411761942319572,1.176488183438778,904.3582801818848,0.4,5034,moderate_abatement,JUSTICE_GSA
0.016813547872006892,1.2622187659144402,0.7474131509661674,904.3582801818848,0.4,5035,moderate_abatement,JUSTICE_GSA
0.01295205969363451,1.411761942319572,0.7474131509661674,904.3582801818848,0.4,5036,moderate_abatement,JUSTICE_GSA
0.01295205969363451,1.2622187659144402,1.176488183438778,904.3582801818848,0.4,5037,moderate_abatement,JUSTICE_GSA
0.01295205969363451,1.2622187659144402,0.7474131509661674,118.06833914015442,0.4,5038,moderate_abatement,JUSTICE_GSA
0.01295205969363451,1.2622187659144402,0.7474131509661674,904.3582801818848,0.4,5039,moderate_abatement,JUSTICE_GSA
0.017659631792455912,0.9751331489533186,1.7953534675762057,396.31740850862116,0.4,5040,moderate_abatement,JUSTICE_GSA
0.027018133123405275,0.9751331489533186,1.7953534675762057,396.31740850862116,0.4,5041,moderate_abatement,JUSTICE_GSA
0.017659631792455912,1.3848576229065657,1.7953534675762057,396.31740850862116,0.4,5042,moderate_abatement,JUSTICE_GSA
0.017659631792455912,0.9751331489533186,1.7795318542048335,396.31740850862116,0.4,5043,moderate_abatement,JUSTICE_GSA
0.017659631792455912,0.9751331489533186,1.7953534675762057,574.7853050287813,0.4,5044,moderate_abatement,JUSTICE_GSA
0.017659631792455912,1.3848576229065657,1.7795318542048335,574.7853050287813,0.4,5045,moderate_abatement,JUSTICE_GSA
0.027018133123405275,0.9751331489533186,1.7795318542048335,574.7853050287813,0.4,5046,moderate_abatement,JUSTICE_GSA
0.027018133123405275,1.3848576229065657,1.7953534675762057,574.7853050287813,0.4,5047,moderate_abatement,JUSTICE_GSA
0.027018133123405275,1.3848576229065657,1.7795318542048335,396.31740850862116,0.4,5048,moderate_abatement,JUSTICE_GSA
0.027018133123405275,1.3848576229065657,1.7795318542048335,574.7853050287813,0.4,5049,moderate_abatement,JUSTICE_GSA
0.01499872550461441,1.1436698641628027,1.1081848577596247,674.3489514719695,0.4,5050,moderate_abatement,JUSTICE_GSA
0.01061795187741518,1.1436698641628027,1.1081848577596247,674.3489514719695,0.4,5051,moderate_abatement,JUSTICE_GSA
0.01499872550461441,0.9895614506676793,1.1081848577596247,674.3489514719695,0.4,5052,moderate_abatement,JUSTICE_GSA
0.01499872550461441,1.1436698641628027,1.1778723234310746,674.3489514719695,0.4,5053,moderate_abatement,JUSTICE_GSA
0.01499872550461441,1.1436698641628027,1.1081848577596247,227.01526140794158,0.4,5054,moderate_abatement,JUSTICE_GSA
0.01499872550461441,0.9895614506676793,1.1778723234310746,227.01526140794158,0.4,5055,moderate_abatement,JUSTICE_GSA
0.01061795187741518,1.1436698641628027,1.1778723234310746,227.01526140794158,0.4,5056,moderate_abatement,JUSTICE_GSA
0.01061795187741518,0.9895614506676793,1.1081848577596247,227.01526140794158,0.4,5057,moderate_abatement,JUSTICE_GSA
0.01061795187741518,0.9895614506676793,1.1778723234310746,674.3489514719695,0.4,5058,moderate_abatement,JUSTICE_GSA
0.01061795187741518,0.9895614506676793,1.1778723234310746,227.01526140794158,0.4,5059,moderate_abatement,JUSTICE_GSA
0.006087641903199255,0.5653623677790165,1.3419190947897732,42.434094259515405,0.4,5060,moderate_abatement,JUSTICE_GSA
0.005698609781451523,0.5653623677790165,1.3419190947897732,42.434094259515405,0.4,5061,moderate_abatement,JUSTICE_GSA
0.006087641903199255,0.6665932331234217,1.3419190947897732,42.434094259515405,0.4,5062,moderate_abatement,JUSTICE_GSA
0.006087641903199255,0.5653623677790165,1.408322551753372,42.434094259515405,0.4,5063,moderate_abatement,JUSTICE_GSA
0.006087641903199255,0.5653623677790165,1.3419190947897732,349.6191493803635,0.4,5064,moderate_abatement,JUSTICE_GSA
0.006087641903199255,0.6665932331234217,1.408322551753372,349.6191493803635,0.4,5065,moderate_abatement,JUSTICE_GSA
0.005698609781451523,0.5653623677790165,1.408322551753372,349.6191493803635,0.4,5066,moderate_abatement,JUSTICE_GSA
0.005698609781451523,0.6665932331234217,1.3419190947897732,349.6191493803635,0.4,5067,moderate_abatement,JUSTICE_GSA
0.005698609781451523,0.6665932331234217,1.408322551753372,42.434094259515405,0.4,5068,moderate_abatement,JUSTICE_GSA
0.005698609781451523,0.6665932331234217,1.408322551753372,349.6191493803635,0.4,5069,moderate_abatement,JUSTICE_GSA
0.023250069301575423,1.3041730932891369,0.8130841189995408,763.4140434889123,0.4,5070,moderate_abatement,JUSTICE_GSA
0.01824018210172653,1.3041730932891369,0.8130841189995408,763.4140434889123,0.4,5071,moderate_abatement,JUSTICE_GSA
0.023250069301575423,1.2087438041344285,0.8130841189995408,763.4140434889123,0.4,5072,moderate_abatement,JUSTICE_GSA
0.023250069301575423,1.3041730932891369,0.7983274306170642,763.4140434889123,0.4,5073,moderate_abatement,JUSTICE_GSA
0.023250069301575423,1.3041730932891369,0.8130841189995408,952.0469361459836,0.4,5074,moderate_abatement,JUSTICE_GSA
0.023250069301575423,1.2087438041344285,0.7983274306170642,952.0469361459836,0.4,5075,moderate_abatement,JUSTICE_GSA
0.01824018210172653,1.3041730932891369,0.7983274306170642,952.0469361459836,0.4,5076,moderate_abatement,JUSTICE_GSA
0.01824018210172653,1.2087438041344285,0.8130841189995408,952.0469361459836,0.4,5077,moderate_abatement,JUSTICE_GSA
0.01824018210172653,1.2087438041344285,0.7983274306170642,763.4140434889123,0.4,5078,moderate_abatement,JUSTICE_GSA
0.01824018210172653,1.2087438041344285,0.7983274306170642,952.0469361459836,0.4,5079,moderate_abatement,JUSTICE_GSA
0.027748478384688496,0.6312887975946069,0.9779522498138249,984.5011889748275,0.4,5080,moderate_abatement,JUSTICE_GSA
0.022589136132970453,0.6312887975946069,0.9779522498138249,984.5011889748275,0.4,5081,moderate_abatement,JUSTICE_GSA
0.027748478384688496,1.3280014703050256,0.9779522498138249,984.5011889748275,0.4,5082,moderate_abatement,JUSTICE_GSA
0.027748478384688496,0.6312887975946069,1.6145763210952282,984.5011889748275,0.4,5083,moderate_abatement,JUSTICE_GSA
0.027748478384688496,0.6312887975946069,0.9779522498138249,398.2151349885389,0.4,5084,moderate_abatement,JUSTICE_GSA
0.027748478384688496,1.3280014703050256,1.6145763210952282,398.2151349885389,0.4,5085,moderate_abatement,JUSTICE_GSA
0.022589136132970453,0.6312887975946069,1.6145763210952282,398.2151349885389,0.4,5086,moderate_abatement,JUSTICE_GSA
0.022589136132970453,1.3280014703050256,0.9779522498138249,398.2151349885389,0.4,5087,moderate_abatement,JUSTICE_GSA
0.022589136132970453,1.3280014703050256,1.6145763210952282,984.5011889748275,0.4,5088,moderate_abatement,JUSTICE_GSA
0.022589136132970453,1.3280014703050256,1.6145763210952282,398.2151349885389,0.4,5089,moderate_abatement,JUSTICE_GSA
0.0015224170675501227,1.4881894374266267,1.8787117907777429,210.8568094978109,0.4,5090,moderate_abatement,JUSTICE_GSA
0.0027975145494565368,1.4881894374266267,1.8787117907777429,210.8568094978109,0.4,5091,moderate_abatement,JUSTICE_GSA
0.0015224170675501227,0.7973942030221224,1.8787117907777429,210.8568094978109,0.4,5092,moderate_abatement,JUSTICE_GSA
0.0015224170675501227,1.4881894374266267,0.6397034991532564,210.8568094978109,0.4,5093,moderate_abatement,JUSTICE_GSA
0.0015224170675501227,1.4881894374266267,1.8787117907777429,809.4287367211655,0.4,5094,moderate_abatement,JUSTICE_GSA
0.0015224170675501227,0.7973942030221224,0.6397034991532564,809.4287367211655,0.4,5095,moderate_abatement,JUSTICE_GSA
0.0027975145494565368,1.4881894374266267,0.6397034991532564,809.4287367211655,0.4,5096,moderate_abatement,JUSTICE_GSA
0.0027975145494565368,0.7973942030221224,1.8787117907777429,809.4287367211655,0.4,5097,moderate_abatement,JUSTICE_GSA
0.0027975145494565368,0.7973942030221224,0.6397034991532564,210.8568094978109,0.4,5098,moderate_abatement,JUSTICE_GSA
0.0027975145494565368,0.7973942030221224,0.6397034991532564,809.4287367211655,0.4,5099,moderate_abatement,JUSTICE_GSA
0.010504550359211863,0.7832928551360965,0.5186960278078914,577.8771598385647,0.4,5100,moderate_abatement,JUSTICE_GSA
0.013943782763555644,0.7832928551360965,0.5186960278078914,577.8771598385647,0.4,5101,moderate_abatement,JUSTICE_GSA
0.010504550359211863,0.608707089908421,0.5186960278078914,577.8771598385647,0.4,5102,moderate_abatement,JUSTICE_GSA
0.010504550359211863,0.7832928551360965,1.9963889797218144,577.8771598385647,0.4,5103,moderate_abatement,JUSTICE_GSA
0.010504550359211863,0.7832928551360965,0.5186960278078914,686.1847544535995,0.4,5104,moderate_abatement,JUSTICE_GSA
0.010504550359211863,0.608707089908421,1.9963889797218144,686.1847544535995,0.4,5105,moderate_abatement,JUSTICE_GSA
0.013943782763555644,0.7832928551360965,1.9963889797218144,686.1847544535995,0.4,5106,moderate_abatement,JUSTICE_GSA
0.013943782763555644,0.608707089908421,0.5186960278078914,686.1847544535995,0.4,5107,moderate_abatement,JUSTICE_GSA
0.013943782763555644,0.608707089908421,1.9963889797218144,577.8771598385647,0.4,5108,moderate_abatement,JUSTICE_GSA
0.013943782763555644,0.608707089908421,1.9963889797218144,686.1847544535995,0.4,5109,moderate_abatement,JUSTICE_GSA
0.022228592747822403,1.085452931933105,1.58943290123716,352.54065327346325,0.4,5110,moderate_abatement,JUSTICE_GSA
0.02309402537252754,1.085452931933105,1.58943290123716,352.54065327346325,0.4,5111,moderate_abatement,JUSTICE_GSA
0.022228592747822403,1.0156533177942038,1.58943290123716,352.54065327346325,0.4,5112,moderate_abatement,JUSTICE_GSA
0.022228592747822403,1.085452931933105,1.0071352259255946,352.54065327346325,0.4,5113,moderate_abatement,JUSTICE_GSA
0.022228592747822403,1.085452931933105,1.58943290123716,22.325525799766183,0.4,5114,moderate_abatement,JUSTICE_GSA
0.022228592747822403,1.0156533177942038,1.0071352259255946,22.325525799766183,0.4,5115,moderate_abatement,JUSTICE_GSA
0.02309402537252754,1.085452931933105,1.0071352259255946,22.325525799766183,0.4,5116,moderate_abatement,JUSTICE_GSA
0.02309402537252754,1.0156533177942038,1.58943290123716,22.325525799766183,0.4,5117,moderate_abatement,JUSTICE_GSA
0.02309402537252754,1.0156533177942038,1.0071352259255946,352.54065327346325,0.4,5118,moderate_abatement,JUSTICE_GSA
0.02309402537252754,1.0156533177942038,1.0071352259255946,22.325525799766183,0.4,5119,moderate_abatement,JUSTICE_GSA
