welfare,years_above_temperature_threshold,fraction_above_threshold,global_temperature_2100,max_global_temperature,welfare_loss_damage,welfare_loss_abatement,zaf_mean_abatement_burden,zaf_mean_damage_fraction,zaf_mean_net_output_ratio
321.53347671136333,197.0,0.0,1.986522800300436,3.022700332609847,18.43799076841415,53.63575704006001,0.0008065605618654452,0.052509962866831066,0.9466834765713035
347.8481288594784,197.0,0.0,1.986522800300436,3.022700332609847,19.751222618929624,56.864170008449584,0.0008065605618654452,0.052509962866831066,0.9466834765713035
5190.114984871029,197.0,0.0,1.986522800300436,3.022700332609847,4646.881696468211,4920.565257599223,0.0008065605618654452,0.052509962866831066,0.9466834765713035
321.6583890570793,197.0,0.0,1.9867604891206176,3.024182245120404,18.479408376513746,53.63575704006001,0.0008064811485468355,0.0506365832401198,0.9485569356113335
319.0208181256457,229.0,1.0,2.689181039094302,5.086012735427849,17.180997561807665,53.63575704006001,0.0008081332792724147,0.09905764904890851,0.9001342176718191
5188.98129116512,229.0,1.0,2.6896260621658836,5.09038506344654,4660.263047255636,4920.565257599223,0.0008079947011329558,0.09565050372576535,0.9035415015731019
345.2017495580251,229.0,1.0,2.6896260621658836,5.09038506344654,18.287030053056995,56.864170008449584,0.0008079947011329558,0.09565050372576535,0.9035415015731019
5536.144441431909,229.0,1.0,2.689181039094302,5.086012735427849,4970.900724920781,5246.658748012562,0.0008081332792724147,0.09905764904890851,0.9001342176718191
5537.625614032036,197.0,0.0,1.9867604891206176,3.024182245120404,4955.78864081988,5246.658748012562,0.0008064811485468355,0.0506365832401198,0.9485569356113335
5536.267184261611,229.0,1.0,2.6896260621658836,5.09038506344654,4970.831899816163,5246.658748012562,0.0008079947011329558,0.09565050372576535,0.9035415015731019
943.5111838291402,203.0,1.0,2.0028750262185153,3.1278940656357515,2556.7812696756464,1592.065907757233,0.0008060698610487472,0.03736356107057612,0.9618303690683752
1615.7403858363778,203.0,1.0,2.0028750262185153,3.1278940656357515,4520.923384272267,2896.2267403515543,0.0008060698610487472,0.03736356107057612,0.9618303690683752
170.98103401901994,203.0,1.0,2.0028750262185153,3.1278940656357515,10978.183820578932,1133.3978966878549,0.0008060698610487472,0.03736356107057612,0.9618303690683752
943.3931792279373,203.0,1.0,2.0030554534003255,3.1287379959176267,2556.9833636744947,1592.065907757233,0.0008060031406732179,0.035875420169951974,0.9633185766893748
945.0962044724879,248.0,1.0,2.832511715763808,4.591392837327844,2408.945721249512,1592.065907757233,0.000807023715176804,0.05855185285362972,0.9406411234311933
171.44980857256976,248.0,1.0,2.832931604070175,4.593905045491672,10002.084106961962,1133.3978966878549,0.000806917026427401,0.056246932080578224,0.9429461508929943
1618.9553371151724,248.0,1.0,2.832931604070175,4.593905045491672,4194.053656927016,2896.2267403515543,0.000806917026427401,0.056246932080578224,0.9429461508929943
282.9190553852133,248.0,1.0,2.832511715763808,4.591392837327844,15512.826889744574,2327.2010527829484,0.000807023715176804,0.05855185285362972,0.9406411234311933
281.7299615957186,203.0,1.0,2.0030554534003255,3.1287379959176267,18719.48782148042,2327.2010527829484,0.0008060031406732179,0.035875420169951974,0.9633185766893748
282.79066675382444,248.0,1.0,2.832931604070175,4.593905045491672,15483.725633036816,2327.2010527829484,0.000806917026427401,0.056246932080578224,0.9429461508929943
2388.382312360262,229.0,1.0,2.4908772724696964,4.14630056856656,205.0817062017967,95.97630388722588,0.0008062780177649038,0.054302112846212405,0.9448916091360228
609.4178349038076,229.0,1.0,2.4908772724696964,4.14630056856656,72.1104871905732,22.45646079849199,0.0008062780177649038,0.054302112846212405,0.9448916091360228
759.8078854322985,229.0,1.0,2.4908772724696964,4.14630056856656,7264.807253842853,3038.321396922751,0.0008062780177649038,0.054302112846212405,0.9448916091360228
2384.6782898098154,229.0,1.0,2.490658126205201,4.1443609104850685,205.08034775548742,95.97630388722588,0.0008063468976636897,0.05623447263299875,0.9429591804693376
2236.9830319185044,249.0,1.0,3.6296291903904803,9.120864666120324,695.1745626142459,95.97630388722588,0.0008078284188787169,0.13319327671300543,0.8659988948681158
773.8002988261926,249.0,1.0,3.6290589277943637,9.111884147647798,4516.048651191215,3038.321396922751,0.0008079558855768928,0.13755284233459011,0.861639201779833
586.0907721410754,249.0,1.0,3.6290589277943637,9.111884147647798,27.2058202748605,22.45646079849199,0.0008079558855768928,0.13755284233459011,0.861639201779833
291.74665795972896,249.0,1.0,3.6296291903904803,9.120864666120324,2509.449244860069,902.7119178673263,0.0008078284188787169,0.13319327671300543,0.8659988948681158
289.6037788021375,229.0,1.0,2.490658126205201,4.1443609104850685,2908.272340646823,902.7119178673263,0.0008063468976636897,0.05623447263299875,0.9429591804693376
291.90266699896705,249.0,1.0,3.6290589277943637,9.111884147647798,2509.7183823276587,902.7119178673263,0.0008079558855768928,0.13755284233459011,0.861639201779833
63.162612228167966,244.0,1.0,2.9373521588340057,6.471133774927021,12360.767263292813,433.6847581224975,0.0008065938315086835,0.06441062741438106,0.9347827787541103
69.46380207884349,244.0,1.0,2.9373521588340057,6.471133774927021,13117.410152595638,488.98210277837234,0.0008065938315086835,0.06441062741438106,0.9347827787541103
211.25052408457137,244.0,1.0,2.9373521588340057,6.471133774927021,32.042187911052274,1.2900876080998263,0.0008065938315086835,0.06441062741438106,0.9347827787541103
63.11576391027419,244.0,1.0,2.9387109332002797,6.486861637019575,12388.670425130753,433.6847581224975,0.000806201192733935,0.05322091099252389,0.9459728878147421
63.23752617227981,254.0,1.0,3.43339929577046,6.22998499716135,11960.50014388941,433.6847581224975,0.0008072434268313273,0.06812796285637814,0.9310647937167903
211.16874329858751,254.0,1.0,3.4355121904968544,6.244235291653686,28.019825412888455,1.2900876080998263,0.0008067307150596561,0.056265144742806444,0.942928124542134
69.47911096461755,254.0,1.0,3.4355121904968544,6.244235291653686,12650.965248095481,488.98210277837234,0.0008067307150596561,0.056265144742806444,0.942928124542134
243.48272860483024,254.0,1.0,3.43339929577046,6.22998499716135,30.890038115645304,1.6286048983502088,0.0008072434268313273,0.06812796285637814,0.9310647937167903
245.1743568360493,244.0,1.0,2.9387109332002797,6.486861637019575,35.29861986177734,1.6286048983502088,0.000806201192733935,0.05322091099252389,0.9459728878147421
244.389196759891,254.0,1.0,3.4355121904968544,6.244235291653686,31.203679483289807,1.6286048983502088,0.0008067307150596561,0.056265144742806444,0.942928124542134
272.9718497730947,234.0,1.0,2.596036974429119,4.091156845940109,42.046985345225224,21.043313319836606,0.0008057679891455901,0.04170603487279907,0.9574881971380551
202.96458404234443,234.0,1.0,2.596036974429119,4.091156845940109,34.477110201642425,17.00566202745619,0.0008057679891455901,0.04170603487279907,0.9574881971380551
320.0051909076157,234.0,1.0,2.596036974429119,4.091156845940109,11.757332173106482,67.04382649086135,0.0008057679891455901,0.04170603487279907,0.9574881971380551
270.9211759051197,234.0,1.0,2.5939569589008524,4.073237350994305,42.009094833297965,21.043313319836606,0.0008063537651490418,0.059090233714535416,0.9401034125203155
272.10123597927395,228.0,1.0,2.5743924500276107,4.282331668383755,35.719856493227944,21.043313319836606,0.0008062579760330505,0.04593080859503182,0.9532629334289353
318.4821227489649,228.0,1.0,2.572067689054708,4.264836783069995,2.0211716108885964,67.04382649086135,0.0008070652541629624,0.06544698271828593,0.933745952027551
200.818824291689,228.0,1.0,2.572067689054708,4.264836783069995,29.36138296864268,17.00566202745619,0.0008070652541629624,0.06544698271828593,0.933745952027551
251.54745014478203,228.0,1.0,2.5743924500276107,4.282331668383755,0.7045094145847965,55.4215073900844,0.0008062579760330505,0.04593080859503182,0.9532629334289353
251.30863639814945,234.0,1.0,2.5939569589008524,4.073237350994305,10.315957031682478,55.4215073900844,0.0008063537651490418,0.059090233714535416,0.9401034125203155
250.83885010681055,228.0,1.0,2.572067689054708,4.264836783069995,0.2032854890964692,55.4215073900844,0.0008070652541629624,0.06544698271828593,0.933745952027551
310.57614113259683,227.0,1.0,2.5699996832900958,4.339908873718833,7607.3271994598645,1694.462503390034,0.0008067652723139507,0.0778401609059937,0.9213530738216924
245.38822587484395,227.0,1.0,2.5699996832900958,4.339908873718833,6199.859942287964,1228.8376181708595,0.0008067652723139507,0.0778401609059937,0.9213530738216924
288.100733189682,227.0,1.0,2.5699996832900958,4.339908873718833,8778.412528779943,1731.601800427973,0.0008067652723139507,0.0778401609059937,0.9213530738216924
307.54249200178856,227.0,1.0,2.5771046870070884,4.39318862337499,7642.16809583805,1694.462503390034,0.0008050865808687348,0.022862967094382083,0.9763319463247491
313.1524684620149,251.0,1.0,3.038724054284833,6.072030200951961,6388.718722409375,1694.462503390034,0.0008088408050528896,0.12076514610969033,0.8784260130852568
285.9627422025867,251.0,1.0,3.0517303606727397,6.202063762179036,7253.889249524733,1731.601800427973,0.0008056642854272687,0.03647438040621284,0.96271995530836
243.8034475301825,251.0,1.0,3.0517303606727397,6.202063762179036,5323.799981883953,1228.8376181708595,0.0008056642854272687,0.03647438040621284,0.96271995530836
229.31820706496495,251.0,1.0,3.038724054284833,6.072030200951961,6171.434308736719,1249.913629201219,0.0008088408050528896,0.12076514610969033,0.8784260130852568
225.78677387910454,227.0,1.0,2.5771046870070884,4.39318862337499,7247.48537395134,1249.913629201219,0.0008050865808687348,0.022862967094382083,0.9763319463247491
226.22966424858888,251.0,1.0,3.0517303606727397,6.202063762179036,6147.9639848738725,1249.913629201219,0.0008056642854272687,0.03647438040621284,0.96271995530836
2638.0934789765065,245.0,1.0,3.030263845488438,5.546221628746736,1907.6238396124245,2214.64141366073,0.0008057211017817676,0.036317531803923234,0.9628767470942949
4761.657852864473,245.0,1.0,3.030263845488438,5.546221628746736,3447.7956380257115,3912.927095518852,0.0008057211017817676,0.036317531803923234,0.9628767470942949
3375.4927995202474,245.0,1.0,3.030263845488438,5.546221628746736,4219.7051581204905,3804.755908214357,0.0008057211017817676,0.036317531803923234,0.9628767470942949
2632.8633333746097,245.0,1.0,3.0168189561618894,5.438064636359118,1909.1446525357806,2214.64141366073,0.000808779947537414,0.1144405102902794,0.8847507097621832
2637.6757550550515,249.0,1.0,3.273844482677921,7.037554156234261,1934.4099349016362,2214.64141366073,0.0008059534605189753,0.04601017642873996,0.953183870110741
3381.1412645484943,249.0,1.0,3.259210424013044,6.880734186629416,4186.972823254017,3804.755908214357,0.0008095879652999211,0.14242711134960603,0.8567633006850941
4743.512933067937,249.0,1.0,3.259210424013044,6.880734186629416,3545.003658817406,3912.927095518852,0.0008095879652999211,0.14242711134960603,0.8567633006850941
5962.253728429351,249.0,1.0,3.273844482677921,7.037554156234261,7325.945674551958,6819.203764109825,0.0008059534605189753,0.04601017642873996,0.953183870110741
5972.630290000274,245.0,1.0,3.0168189561618894,5.438064636359118,7445.56187125451,6819.203764109825,0.000808779947537414,0.1144405102902794,0.8847507097621832
5976.325445578126,249.0,1.0,3.259210424013044,6.880734186629416,7337.4816067244465,6819.203764109825,0.0008095879652999211,0.14242711134960603,0.8567633006850941
335.69598988715956,226.0,1.0,2.474830398808362,5.094343457415116,1653.735843028267,718.1908685256888,0.0008076045566644301,0.0854190544811089,0.9137733409622266
355.5677822234773,226.0,1.0,2.474830398808362,5.094343457415116,1752.2716052112428,767.8363827097236,0.0008076045566644301,0.0854190544811089,0.9137733409622266
382.7454950583269,226.0,1.0,2.474830398808362,5.094343457415116,52.80806767357455,19.85688078983063,0.0008076045566644301,0.0854190544811089,0.9137733409622266
334.73773294583754,226.0,1.0,2.4794681477169487,5.139056008533903,1656.9662953705497,718.1908685256888,0.0008062263960448985,0.049853520763425814,0.9493402528405294
335.586791099276,230.0,1.0,2.673062556950536,4.832584484276156,1528.0289547691523,718.1908685256888,0.000807655261110761,0.07540260130805129,0.923789743430838
389.87738851694354,230.0,1.0,2.677468627081033,4.868796404684973,44.90618628742396,19.85688078983063,0.0008062452700093778,0.0435181444050618,0.955675610324929
354.413655622803,230.0,1.0,2.677468627081033,4.868796404684973,1631.175125907439,767.8363827097236,0.0008062452700093778,0.0435181444050618,0.955675610324929
419.90897338082505,230.0,1.0,2.673062556950536,4.832584484276156,45.74119570116477,21.438989374277508,0.000807655261110761,0.07540260130805129,0.923789743430838
425.97314915253537,226.0,1.0,2.4794681477169487,5.139056008533903,56.36672387578961,21.438989374277508,0.0008062263960448985,0.049853520763425814,0.9493402528405294
426.8156856568984,230.0,1.0,2.677468627081033,4.868796404684973,47.91682378144872,21.438989374277508,0.0008062452700093778,0.0435181444050618,0.955675610324929
415.3468487483257,217.0,1.0,2.3322863516574013,5.295636519105974,47.83176618971578,13.021091400111445,0.0008054971539257065,0.039005210909236636,0.9601892919368377
2172.6185869252195,217.0,1.0,2.3322863516574013,5.295636519105974,165.050657008085,1.2118862897605105,0.0008054971539257065,0.039005210909236636,0.9601892919368377
421.3439606843477,217.0,1.0,2.3322863516574013,5.295636519105974,43.46796289528329,26.18015580005139,0.0008054971539257065,0.039005210909236636,0.9601892919368377
409.34392410345265,217.0,1.0,2.328174936120027,5.239139336279022,47.827422703825526,13.021091400111445,0.000806870958071581,0.08571510414325219,0.9134780248986764
416.9968403311354,228.0,1.0,2.4024874215622294,3.7308726390669085,46.92966742001036,13.021091400111445,0.0008051520589956847,0.02186621566722451,0.9773286322737798
419.1901014647116,228.0,1.0,2.3992491970639853,3.7128157175067105,42.07879590305779,26.18015580005139,0.0008060873678363839,0.04934601433520757,0.9498478982969562
2157.6120295103906,228.0,1.0,2.3992491970639853,3.7128157175067105,171.21819783737345,1.2118862897605105,0.0008060873678363839,0.04934601433520757,0.9498478982969562
2169.185796922903,228.0,1.0,2.4024874215622294,3.7308726390669085,154.80037415786688,46.067480586782985,0.0008051520589956847,0.02186621566722451,0.9773286322737798
2092.7707158833014,217.0,1.0,2.328174936120027,5.239139336279022,144.5383535041812,46.067480586782985,0.000806870958071581,0.08571510414325219,0.9134780248986764
2135.9602233174023,228.0,1.0,2.3992491970639853,3.7128157175067105,153.56524263901883,46.067480586782985,0.0008060873678363839,0.04934601433520757,0.9498478982969562
141.7607957960782,229.0,1.0,2.3143003511880864,3.670329484794945,15395.991904062019,988.1048068499888,0.0008060348998053971,0.05195667616926064,0.9472372889309341
90.38042231439017,229.0,1.0,2.3143003511880864,3.670329484794945,11445.402222731534,528.073797784132,0.0008060348998053971,0.05195667616926064,0.9472372889309341
440.7115650049663,229.0,1.0,2.3143003511880864,3.670329484794945,2417.928159118037,1015.7987761779149,0.0008060348998053971,0.05195667616926064,0.9472372889309341
141.27189051169523,229.0,1.0,2.3174531584641476,3.693677343019243,15348.153487818996,988.1048068499888,0.0008051297387792098,0.02314810358014969,0.976046766681071
141.54532540011832,197.0,1.0,2.012744565140926,3.145530649954403,15321.161795552072,988.1048068499888,0.0008058177317155416,0.03808414571739664,0.9611100365508879
439.1329256159163,197.0,1.0,2.014976668325151,3.1629689670305394,2468.959346867507,1015.7987761779149,0.000805036075085354,0.016859074096478223,0.9823358898284364
90.13514511864743,197.0,1.0,2.014976668325151,3.1629689670305394,10779.381621909875,528.073797784132,0.000805036075085354,0.016859074096478223,0.9823358898284364
274.92921741439926,197.0,1.0,2.012744565140926,3.145530649954403,1513.1647449716534,585.151555922287,0.0008058177317155416,0.03808414571739664,0.9611100365508879
274.6263707069522,229.0,1.0,2.3174531584641476,3.693677343019243,1536.4843401163012,585.151555922287,0.0008051297387792098,0.02314810358014969,0.976046766681071
274.5335630154726,197.0,1.0,2.014976668325151,3.1629689670305394,1519.16177565858,585.151555922287,0.000805036075085354,0.016859074096478223,0.9823358898284364
1333.602305273781,245.0,1.0,2.9467837317421175,4.386961526896467,175.7975958096615,428.5932991163593,0.0008068664643914062,0.04945571975199106,0.9497374137836176
402.8195053865112,245.0,1.0,2.9467837317421175,4.386961526896467,54.29484328128579,159.4282002559738,0.0008068664643914062,0.04945571975199106,0.9497374137836176
195.18356245345305,245.0,1.0,2.9467837317421175,4.386961526896467,18591.968061070616,1857.8656840080412,0.0008068664643914062,0.04945571975199106,0.9497374137836176
1319.843594354229,245.0,1.0,2.939026687987258,4.3466600662260335,178.16303918405347,428.5932991163593,0.0008092811164487135,0.09494663649304294,0.9042440823905086
1338.339202963165,234.0,1.0,2.49620855585117,3.856641186345245,161.27857186538574,428.5932991163593,0.0008055984934204618,0.034904492338020406,0.9642899091685591
195.5005679816992,234.0,1.0,2.4922757273663225,3.8247850408509523,18621.388684782276,1857.8656840080412,0.000806743565570977,0.06719479100977645,0.9319984654246525
402.5838635684125,234.0,1.0,2.4922757273663225,3.8247850408509523,45.197047269153266,159.4282002559738,0.000806743565570977,0.06719479100977645,0.9319984654246525
77.05691833936503,234.0,1.0,2.49620855585117,3.856641186345245,9611.64641898861,489.46265619113865,0.0008055984934204618,0.034904492338020406,0.9642899091685591
77.65971262630583,245.0,1.0,2.939026687987258,4.3466600662260335,9124.660224088493,489.46265619113865,0.0008092811164487135,0.09494663649304294,0.9042440823905086
77.25293957260668,234.0,1.0,2.4922757273663225,3.8247850408509523,9591.413751732587,489.46265619113865,0.000806743565570977,0.06719479100977645,0.9319984654246525
10333.483752620965,198.0,0.0,1.8378787505563536,3.309456896282248,10848.762415413097,10561.560343696243,0.0008057056312673313,0.054751913925028026,0.9444423804437045
17845.17320479199,198.0,0.0,1.8378787505563536,3.309456896282248,18737.737322299745,18282.002596988783,0.0008057056312673313,0.054751913925028026,0.9444423804437045
607.062129329632,198.0,0.0,1.8378787505563536,3.309456896282248,219.67217844369776,385.05053106137683,0.0008057056312673313,0.054751913925028026,0.9444423804437045
10333.046797693314,199.0,0.0,1.840151826678247,3.3314010012310757,10850.3191225151,10561.560343696243,0.0008050962467785987,0.029177380614781034,0.9700175231384404
10335.073312009741,245.0,1.0,3.0641867066152115,5.725842231112392,10804.003131808618,10561.560343696243,0.0008088461759149148,0.12246244456057608,0.876728709263509
606.5794054499299,245.0,1.0,3.0729541483572604,5.800107987540573,237.40414731015312,385.05053106137683,0.0008067386823765765,0.06743645546200122,0.931756805855622
17845.984731709563,245.0,1.0,3.0729541483572604,5.800107987540573,18666.25704012625,18282.002596988783,0.0008067386823765765,0.06743645546200122,0.931756805855622
1082.9706433026581,245.0,1.0,3.0641867066152115,5.725842231112392,422.1247342293894,657.545735330302,0.0008088461759149148,0.12246244456057608,0.876728709263509
1090.3895028346324,199.0,0.0,1.840151826678247,3.3314010012310757,389.86161105963413,657.545735330302,0.0008050962467785987,0.029177380614781034,0.9700175231384404
1087.463973398676,245.0,1.0,3.0729541483572604,5.800107987540573,422.0233781600365,657.545735330302,0.0008067386823765765,0.06743645546200122,0.931756805855622
531.2979897590862,245.0,1.0,2.675327697026734,5.097293708460635,204.90929342254657,333.9294513664335,0.0008072276034442668,0.07168892857851718,0.9275038438180385
1304.115776595408,245.0,1.0,2.675327697026734,5.097293708460635,505.16508916126315,757.8611664570374,0.0008072276034442668,0.07168892857851718,0.9275038438180385
202.00750254303608,245.0,1.0,2.675327697026734,5.097293708460635,31.757847213858046,18.70147345589238,0.0008072276034442668,0.07168892857851718,0.9275038438180385
530.8261544359005,245.0,1.0,2.6722782413430517,5.071333323520188,205.39779823630695,333.9294513664335,0.0008080489932402944,0.09119107242200816,0.9080008785847515
531.8804735043436,212.0,1.0,2.313956061284238,3.996408860684551,206.25673580080888,333.9294513664335,0.000806124535486901,0.05053711504326815,0.9486567604212449
202.77339597120763,212.0,1.0,2.3124754041204736,3.981902117394211,30.990793145058937,18.70147345589238,0.0008066285127661919,0.0647265372435684,0.9344668342436654
1304.985340373567,212.0,1.0,2.3124754041204736,3.981902117394211,480.7819819302649,757.8611664570374,0.0008066285127661919,0.0647265372435684,0.9344668342436654
710.4644010657971,212.0,1.0,2.313956061284238,3.996408860684551,72.12362951257973,46.97116606757908,0.000806124535486901,0.05053711504326815,0.9486567604212449
689.9550770793123,245.0,1.0,2.6722782413430517,5.071333323520188,65.63891757110882,46.97116606757908,0.0008080489932402944,0.09119107242200816,0.9080008785847515
703.2388963529423,212.0,1.0,2.3124754041204736,3.981902117394211,71.04249356765666,46.97116606757908,0.0008066285127661919,0.0647265372435684,0.9344668342436654
606.2046561675163,235.0,1.0,2.915743848633832,6.397349643654727,4551.849086953751,2086.167928732086,0.0008060958200907263,0.054075937688616196,0.9451179664912933
157.1361191465704,235.0,1.0,2.915743848633832,6.397349643654727,1322.4808989482885,398.68175388021723,0.0008060958200907263,0.054075937688616196,0.9451179664912933
1769.710988427319,235.0,1.0,2.915743848633832,6.397349643654727,4140.7847057109675,3078.654759532621,0.0008060958200907263,0.054075937688616196,0.9451179664912933
609.7736964288454,235.0,1.0,2.912203099823309,6.351672278383822,4590.973124618111,2086.167928732086,0.000807158563186019,0.08605204159901249,0.9131407998378014
605.8953601263538,243.0,1.0,2.940437730633824,5.816578828955841,4863.8697807001345,2086.167928732086,0.0008062589348369005,0.0496112954857554,0.9495824455794077
1774.507306120719,243.0,1.0,2.936592004324444,5.777370958844101,4325.856507822513,3078.654759532621,0.0008074229299980569,0.07917635739286309,0.9200162196771388
157.4837194066898,243.0,1.0,2.936592004324444,5.777370958844101,1347.5716204444177,398.68175388021723,0.0008074229299980569,0.07917635739286309,0.9200162196771388
422.7075195945509,243.0,1.0,2.940437730633824,5.816578828955841,1042.7328508628175,640.469272178344,0.0008062589348369005,0.0496112954857554,0.9495824455794077
423.0675712373808,235.0,1.0,2.912203099823309,6.351672278383822,1031.6239651061676,640.469272178344,0.000807158563186019,0.08605204159901249,0.9131407998378014
423.1423120758193,243.0,1.0,2.936592004324444,5.777370958844101,1041.1634018654602,640.469272178344,0.0008074229299980569,0.07917635739286309,0.9200162196771388
904.3846706744066,245.0,1.0,2.8388096451697375,4.845414439941621,94.73527568119576,62.223635723233016,0.0008079330238352125,0.08918518008967852,0.9100068868864863
414.1152990248051,245.0,1.0,2.8388096451697375,4.845414439941621,55.68903950867224,34.38890962635186,0.0008079330238352125,0.08918518008967852,0.9100068868864863
268.79313620274206,245.0,1.0,2.8388096451697375,4.845414439941621,4281.4213543803,1124.0627685161035,0.0008079330238352125,0.08918518008967852,0.9100068868864863
914.9827567848452,245.0,1.0,2.8413470635324707,4.865120794981668,94.74789192811788,62.223635723233016,0.0008073662802217822,0.07570702752125398,0.9234856061985242
889.8055029448212,232.0,1.0,3.0743919123691676,6.275809437589497,76.70183906255602,62.223635723233016,0.0008079664979489772,0.11332444462210477,0.8858675888799463
268.6665667731859,232.0,1.0,3.07657533186075,6.301493398013141,4469.9113123927855,1124.0627685161035,0.0008073893797187806,0.0964086216870923,0.9027839889331891
414.92208311120294,232.0,1.0,3.07657533186075,6.301493398013141,48.301113193556574,34.38890962635186,0.0008073893797187806,0.0964086216870923,0.9027839889331891
168.5772624593676,232.0,1.0,3.0743919123691676,6.275809437589497,2961.1294768559583,610.063468926342,0.0008079664979489772,0.11332444462210477,0.8858675888799463
168.18250742619648,245.0,1.0,2.8413470635324707,4.865120794981668,2802.994782210805,610.063468926342,0.0008073662802217822,0.07570702752125398,0.9234856061985242
168.2837180773078,232.0,1.0,3.07657533186075,6.301493398013141,2963.8010994578135,610.063468926342,0.0008073893797187806,0.0964086216870923,0.9027839889331891
116.11353089100692,237.0,1.0,2.624656934033676,4.281595486526442,4779.283848948595,556.3054533305794,0.0008066432312826007,0.05543783796028068,0.9437555188084368
296.2852741022357,237.0,1.0,2.624656934033676,4.281595486526442,10571.032907122986,2042.0057520415442,0.0008066432312826007,0.05543783796028068,0.9437555188084368
485.88477813333367,237.0,1.0,2.624656934033676,4.281595486526442,46.74238648241452,176.63149400760634,0.0008066432312826007,0.05543783796028068,0.9437555188084368
115.91484671517907,237.0,1.0,2.6265616445156157,4.299121210335064,4784.730462466202,556.3054533305794,0.0008059847805356096,0.039454228106592985,0.9597397871128714
115.80722975670069,204.0,1.0,2.04906628421473,3.3189952772461973,5630.862416879326,556.3054533305794,0.0008055267571787255,0.034577378398472004,0.9646170948443493
487.8816089440878,204.0,1.0,2.0499686209107018,3.326223993068718,40.41681870803586,176.63149400760634,0.0008052014568775009,0.024470337163096708,0.9747244613800259
294.542300588971,204.0,1.0,2.0499686209107018,3.326223993068718,14242.989973937307,2042.0057520415442,0.0008052014568775009,0.024470337163096708,0.9747244613800259
1642.9566568597343,204.0,1.0,2.04906628421473,3.3189952772461973,125.30237037488806,473.1116361619811,0.0008055267571787255,0.034577378398472004,0.9646170948443493
1641.0171345429887,237.0,1.0,2.6265616445156157,4.299121210335064,170.49579096785752,473.1116361619811,0.0008059847805356096,0.039454228106592985,0.9597397871128714
1646.828218855138,204.0,1.0,2.0499686209107018,3.326223993068718,125.19627403352118,473.1116361619811,0.0008052014568775009,0.024470337163096708,0.9747244613800259
335.8295081956314,226.0,1.0,2.4162116792079433,3.749119453855887,47.700501362690005,28.070061652041325,0.0008064384068085917,0.05649105051088221,0.9427025110823092
236.93150681103828,226.0,1.0,2.4162116792079433,3.749119453855887,37.971555321682864,21.980084566699993,0.0008064384068085917,0.05649105051088221,0.9427025110823092
443.359084113416,226.0,1.0,2.4162116792079433,3.749119453855887,1380.375930300722,759.5062545398068,0.0008064384068085917,0.05649105051088221,0.9427025110823092
338.24769178454244,226.0,1.0,2.41784238045465,3.760548819570747,47.78744954386741,28.070061652041325,0.0008059539884468642,0.04330257949899438,0.9558914665125587
334.8695242252022,222.0,1.0,2.5161443847465135,4.152541480756386,45.61642163988171,28.070061652041325,0.0008067384003755619,0.0640830108106669,0.9351102507889574
443.137953726851,223.0,1.0,2.517765332469071,4.1637644858554586,1377.9759425494562,759.5062545398068,0.0008061804125531082,0.04915292876768152,0.9500408908197654
237.91364241911236,223.0,1.0,2.517765332469071,4.1637644858554586,36.7827438421245,21.980084566699993,0.0008061804125531082,0.04915292876768152,0.9500408908197654
357.7859650260202,222.0,1.0,2.5161443847465135,4.152541480756386,1110.899071210795,600.1383542153001,0.0008067384003755619,0.0640830108106669,0.9351102507889574
357.47712328361644,226.0,1.0,2.41784238045465,3.760548819570747,1114.2354400461168,600.1383542153001,0.0008059539884468642,0.04330257949899438,0.9558914665125587
357.55024819129045,223.0,1.0,2.517765332469071,4.1637644858554586,1112.1265026554563,600.1383542153001,0.0008061804125531082,0.04915292876768152,0.9500408908197654
221.12847275313746,217.0,1.0,2.2204992679125466,4.056788227532063,9762.225324374856,1286.3523018256076,0.00080506713122437,0.022440671166004126,0.9767542617027715
164.28896271998784,217.0,1.0,2.2204992679125466,4.056788227532063,7422.759874735884,848.6519825987945,0.00080506713122437,0.022440671166004126,0.9767542617027715
1060.1941154066392,217.0,1.0,2.2204992679125466,4.056788227532063,89.00658000216981,67.064167965,0.00080506713122437,0.022440671166004126,0.9767542617027715
222.3019054382024,217.0,1.0,2.2164222722390967,4.026475719071278,9705.663474700328,1286.3523018256076,0.00080613135568581,0.05813498252540168,0.9410588861189124
221.48115602831282,224.0,1.0,2.483286718138074,4.601095460227353,7525.117446875344,1286.3523018256076,0.0008055976826148374,0.03139087363408098,0.9678035286833041
1011.4592654401986,224.0,1.0,2.4764866469979077,4.549750529419933,102.05156608342644,67.064167965,0.0008074917349729649,0.07910867325780718,0.92008383500722
165.57444042868778,224.0,1.0,2.4764866469979077,4.549750529419933,5793.407451007301,848.6519825987945,0.0008074917349729649,0.07910867325780718,0.92008383500722
641.9428095305396,224.0,1.0,2.483286718138074,4.601095460227353,72.66221673323625,45.629680441506416,0.0008055976826148374,0.03139087363408098,0.9678035286833041
630.303571007759,217.0,1.0,2.2164222722390967,4.026475719071278,57.42096508259148,45.629680441506416,0.00080613135568581,0.05813498252540168,0.9410588861189124
620.4555681071727,224.0,1.0,2.4764866469979077,4.549750529419933,72.38607241610973,45.629680441506416,0.0008074917349729649,0.07910867325780718,0.92008383500722
2205.369065841782,202.0,0.0,1.9115028778110703,2.984155744026517,337.2979479930725,774.3889137527743,0.0008067234905411044,0.05198078388881638,0.9472124926206427
2120.261029988329,202.0,0.0,1.9115028778110703,2.984155744026517,325.6167056718159,748.9929544870045,0.0008067234905411044,0.05198078388881638,0.9472124926206427
1785.1034917554098,202.0,0.0,1.9115028778110703,2.984155744026517,10.88200297396553,300.3390560405447,0.0008067234905411044,0.05198078388881638,0.9472124926206427
2220.5116747734965,202.0,0.0,1.9152159590443931,3.0041371325678274,333.51706098816464,774.3889137527743,0.0008053136958592416,0.02038333090056799,0.9788113554035728
2183.5797106157997,245.0,1.0,2.695497239487655,4.512243258109116,383.81124374666695,774.3889137527743,0.000808928703946156,0.0976183279338987,0.9015727433621553
1793.443457206799,245.0,1.0,2.70491748589378,4.577661164238255,33.459025168912156,300.3390560405447,0.0008061715748507255,0.03970625901145803,0.9594875694136911
2126.369276617246,245.0,1.0,2.70491748589378,4.577661164238255,368.7463555565463,748.9929544870045,0.0008061715748507255,0.03970625901145803,0.9594875694136911
1686.8457091946527,245.0,1.0,2.695497239487655,4.512243258109116,31.360119365094818,291.37487104825755,0.000808928703946156,0.0976183279338987,0.9015727433621553
1732.4162458577625,202.0,0.0,1.9152159590443931,3.0041371325678274,7.4268275753355395,291.37487104825755,0.0008053136958592416,0.02038333090056799,0.9788113554035728
1721.6047923546562,245.0,1.0,2.70491748589378,4.577661164238255,31.429575583850614,291.37487104825755,0.0008061715748507255,0.03970625901145803,0.9594875694136911
121.61962805429835,236.0,1.0,3.1580602585511506,7.28245154967573,1590.448379950957,361.9446525271844,0.0008067273494283115,0.07679515958997409,0.9223981130605976
171.12372639829448,236.0,1.0,3.1580602585511506,7.28245154967573,2156.084162822979,544.0486409866024,0.0008067273494283115,0.07679515958997409,0.9223981130605976
92.47834284385792,236.0,1.0,3.1580602585511506,7.28245154967573,2587.3264158650013,355.1104335110183,0.0008067273494283115,0.07679515958997409,0.9223981130605976
121.83808417288245,236.0,1.0,3.1539263408357217,7.232631195591291,1587.3223008730079,361.9446525271844,0.0008077093410153395,0.10666326616368943,0.8925290244952953
121.55876040732217,241.0,1.0,2.928002037404766,5.85293201836335,1736.112612930651,361.9446525271844,0.0008064514912273314,0.063059799790949,0.9361337487178236
92.58470612373951,241.0,1.0,2.924573271311475,5.818517417725963,2869.943983343446,355.1104335110183,0.0008073103358595974,0.08783101548945774,0.9113616741746827
171.3696972069165,241.0,1.0,2.924573271311475,5.818517417725963,2340.6185650535344,544.0486409866024,0.0008073103358595974,0.08783101548945774,0.9113616741746827
129.48057225258214,241.0,1.0,2.928002037404766,5.85293201836335,3755.928244613022,537.8062211651057,0.0008064514912273314,0.063059799790949,0.9361337487178236
129.94661311346687,236.0,1.0,3.1539263408357217,7.232631195591291,3404.63987880554,537.8062211651057,0.0008077093410153395,0.10666326616368943,0.8925290244952953
129.78701979909846,241.0,1.0,2.924573271311475,5.818517417725963,3754.85972778628,537.8062211651057,0.0008073103358595974,0.08783101548945774,0.9113616741746827
308.17504408790336,212.0,1.0,2.1379276533810514,3.214432493384873,5.484704227761765,76.64994325186697,0.0008054194549035103,0.020704987030737074,0.9784895935143596
529.9746908905687,212.0,1.0,2.1379276533810514,3.214432493384873,7.8215650986711935,116.74264219321046,0.0008054194549035103,0.020704987030737074,0.9784895935143596
220.55125909295634,212.0,1.0,2.1379276533810514,3.214432493384873,1203.5224195553972,485.29484321680667,0.0008054194549035103,0.020704987030737074,0.9784895935143596
308.35950467462965,212.0,1.0,2.138416959789417,3.217021430421422,4.976481982491763,76.64994325186697,0.0008052406020410125,0.01697644129451779,0.9822183181034413
306.4262909816373,255.0,1.0,4.3655161188773475,9.699060267600448,18.28452662297579,76.64994325186697,0.000806564893183558,0.08697249894669994,0.9122209361601163
220.90652014720735,255.0,1.0,4.367606102792516,9.732285982736972,1191.66794098604,485.29484321680667,0.0008061777417451838,0.07220687773775955,0.9269869445204953
525.9642777506983,255.0,1.0,4.367606102792516,9.732285982736972,76.61113988194451,116.74264219321046,0.0008061777417451838,0.07220687773775955,0.9269869445204953
333.5171356307537,255.0,1.0,4.3655161188773475,9.699060267600448,1629.7969772782778,782.6268589782626,0.000806564893183558,0.08697249894669994,0.9122209361601163
331.96774963524064,212.0,1.0,2.138416959789417,3.217021430421422,1885.3157826441382,782.6268589782626,0.0008052406020410125,0.01697644129451779,0.9822183181034413
333.1274081081723,255.0,1.0,4.367606102792516,9.732285982736972,1632.5217702963937,782.6268589782626,0.0008061777417451838,0.07220687773775955,0.9269869445204953
1886.0305417345753,216.0,1.0,2.3676913242112447,3.8442526178495307,3614.5970827653064,2712.984411733273,0.0008061973918154308,0.0547786470838229,0.9444151555243617
2114.671786944516,216.0,1.0,2.3676913242112447,3.8442526178495307,4055.5188298212734,3067.309140609259,0.0008061973918154308,0.0547786470838229,0.9444151555243617
938.7467592326879,216.0,1.0,2.3676913242112447,3.8442526178495307,81.78120088162107,26.91309037494055,0.0008061973918154308,0.0547786470838229,0.9444151555243617
1886.1922863872983,216.0,1.0,2.3675329095450386,3.842865767329016,3614.4522904487158,2712.984411733273,0.0008062448699783651,0.05618362755270754,0.9430101275773141
1896.9700465659937,257.0,1.0,4.065292319310311,9.137627986210289,3032.8186463964166,2712.984411733273,0.0008095082957866656,0.15194757515351773,0.8472429165506956
895.663628004474,257.0,1.0,4.064657161084956,9.129982862622594,191.97683009851528,26.91309037494055,0.0008096463854400951,0.1555084912696512,0.8436818623449087
2128.485982930992,257.0,1.0,4.064657161084956,9.129982862622594,3348.2092275404307,3067.309140609259,0.0008096463854400951,0.1555084912696512,0.8436818623449087
1034.8118064942112,257.0,1.0,4.065292319310311,9.137627986210289,252.6616643503524,27.565913614246814,0.0008095082957866656,0.15194757515351773,0.8472429165506956
1084.9382732509725,216.0,1.0,2.3675329095450386,3.842865767329016,91.48425040370451,27.565913614246814,0.0008062448699783651,0.05618362755270754,0.9430101275773141
1032.7718729025396,257.0,1.0,4.064657161084956,9.129982862622594,254.66686921020877,27.565913614246814,0.0008096463854400951,0.1555084912696512,0.8436818623449087
544.4636262249917,250.0,1.0,3.4522945356339494,7.513226877116782,5.030364318762793,27.520752917332487,0.00080811260642032,0.10478390679898017,0.8944079805945995
760.2543012908193,250.0,1.0,3.4522945356339494,7.513226877116782,29.73705706585588,31.674517159681955,0.00080811260642032,0.10478390679898017,0.8944079805945995
789.7805244086609,250.0,1.0,3.4522945356339494,7.513226877116782,179.75163908783105,309.9367237193589,0.00080811260642032,0.10478390679898017,0.8944079805945995
548.4984053733747,250.0,1.0,3.4554627544348273,7.5499334721835805,6.887414280430697,27.520752917332487,0.0008073548003867288,0.08483681404799072,0.9143558311516227
559.3840762892327,204.0,1.0,2.2351976140800307,2.9821676006595785,38.64506098493759,27.520752917332487,0.0008053889296751961,0.025094806101286803,0.974099804969038
798.7577040588831,204.0,1.0,2.235757553343635,2.98622452497104,133.285627541032,309.9367237193589,0.0008051897708424789,0.01992772492370084,0.9792670853054567
786.7863503846417,204.0,1.0,2.235757553343635,2.98622452497104,54.56123938073995,31.674517159681955,0.0008051897708424789,0.01992772492370084,0.9792670853054567
1075.9067754671498,204.0,1.0,2.2351976140800307,2.9821676006595785,172.09561650914787,396.9268914169856,0.0008053889296751961,0.025094806101286803,0.974099804969038
1065.9890986056107,250.0,1.0,3.4554627544348273,7.5499334721835805,276.11392103166236,396.9268914169856,0.0008073548003867288,0.08483681404799072,0.9143558311516227
1076.86771879302,204.0,1.0,2.235757553343635,2.98622452497104,170.2221789501724,396.9268914169856,0.0008051897708424789,0.01992772492370084,0.9792670853054567
121.81139392699339,246.0,1.0,2.8052171539214417,5.150999913359646,7976.142398092467,726.1798738122353,0.0008080402497252315,0.09000044368329799,0.9091915160669768
72.24034414619334,246.0,1.0,2.8052171539214417,5.150999913359646,5520.50967062355,368.92088768729303,0.0008080402497252315,0.09000044368329799,0.9091915160669768
99.36014063496435,246.0,1.0,2.8052171539214417,5.150999913359646,19657.948949300415,835.4097340774694,0.0008080402497252315,0.09000044368329799,0.9091915160669768
121.93011898960557,246.0,1.0,2.803984405905212,5.1399973834509,7971.280921596379,726.1798738122353,0.0008083735983742491,0.09760974268654743,0.9015818837150784
121.4323942880164,196.0,0.0,1.9374621519851756,3.50732589042052,8403.49712899794,726.1798738122353,0.0008071359929858196,0.05991981743143586,0.9392730465755782
99.15647192608564,196.0,0.0,1.9368309314720955,3.502766556777547,20300.5024524102,835.4097340774694,0.0008073860024574251,0.06523137089252942,0.9339612431050133
72.15396783281352,196.0,0.0,1.9368309314720955,3.502766556777547,5227.349267514073,368.92088768729303,0.0008073860024574251,0.06523137089252942,0.9339612431050133
58.51601192909676,196.0,0.0,1.9374621519851756,3.50732589042052,13390.173807823034,411.8658899174085,0.0008071359929858196,0.05991981743143586,0.9392730465755782
58.63891783989376,246.0,1.0,2.803984405905212,5.1399973834509,14540.419152552,411.8658899174085,0.0008083735983742491,0.09760974268654743,0.9015818837150784
58.543212188270786,196.0,0.0,1.9368309314720955,3.502766556777547,13385.65052110912,411.8658899174085,0.0008073860024574251,0.06523137089252942,0.9339612431050133
1278.628596910086,224.0,1.0,2.485890620888744,4.2811899208845805,714.4373670639421,950.9921979194199,0.0008061968632965713,0.048322956069999194,0.9508708470667042
1710.2621246085093,224.0,1.0,2.485890620888744,4.2811899208845805,948.6780115562995,1250.728000258967,0.0008061968632965713,0.048322956069999194,0.9508708470667042
113.33476786406361,224.0,1.0,2.485890620888744,4.2811899208845805,6416.9999611002095,593.4269323197673,0.0008061968632965713,0.048322956069999194,0.9508708470667042
1279.622112340734,224.0,1.0,2.48829747518023,4.302538388171115,712.832134866209,950.9921979194199,0.0008054073106313486,0.027116848072768013,0.9720777446166006
1278.7799463290721,218.0,1.0,2.26656108643423,3.6355303885963015,710.4263157497348,950.9921979194199,0.000806348123538584,0.03912818793879763,0.9600654639376638
113.08789286534235,218.0,1.0,2.268772197774176,3.6482203601480494,5968.6093329677615,593.4269323197673,0.0008054923554997543,0.021850295553700046,0.9773442120908001
1712.1390862155754,218.0,1.0,2.268772197774176,3.6482203601480494,940.1101142087192,1250.728000258967,0.0008054923554997543,0.021850295553700046,0.9773442120908001
144.04512832972705,218.0,1.0,2.26656108643423,3.6355303885963015,7597.8482582862225,824.6548902808734,0.000806348123538584,0.03912818793879763,0.9600654639376638
143.71134347299,224.0,1.0,2.48829747518023,4.302538388171115,7904.948556356016,824.6548902808734,0.0008054073106313486,0.027116848072768013,0.9720777446166006
143.68967204598542,218.0,1.0,2.268772197774176,3.6482203601480494,7597.072550931875,824.6548902808734,0.0008054923554997543,0.021850295553700046,0.9773442120908001
352.5831563176917,227.0,1.0,2.315866406565672,4.452582697589018,2107.2946892590776,856.4441994360066,0.0008082795202553633,0.0872812925509045,0.9119104279288399
233.38645413556242,227.0,1.0,2.315866406565672,4.452582697589018,1379.5285565535337,527.0796141364293,0.0008082795202553633,0.0872812925509045,0.9119104279288399
523.8151290118961,227.0,1.0,2.315866406565672,4.452582697589018,32.81378646432283,52.30356150201273,0.0008082795202553633,0.0872812925509045,0.9119104279288399
352.199165054647,227.0,1.0,2.317064811584174,4.461921334333222,2108.789738218327,856.4441994360066,0.0008078370613744745,0.07783554324480348,0.921356619693822
352.51530437531494,243.0,1.0,2.785925047927437,4.032077377543562,2094.7360511782877,856.4441994360066,0.0008080523198317996,0.07856114812270068,0.9206307995574676
525.78668117144,243.0,1.0,2.787249046944576,4.038625061094603,38.6372466671534,52.30356150201273,0.0008076376979970496,0.07003280169636786,0.929159560605635
233.1891905246464,243.0,1.0,2.787249046944576,4.038625061094603,1396.5952711004552,527.0796141364293,0.0008076376979970496,0.07003280169636786,0.929159560605635
295.92494040366915,243.0,1.0,2.785925047927437,4.032077377543562,25.760119834681838,35.67278908205524,0.0008080523198317996,0.07856114812270068,0.9206307995574676
296.5804891840186,227.0,1.0,2.317064811584174,4.461921334333222,21.331443120885346,35.67278908205524,0.0008078370613744745,0.07783554324480348,0.921356619693822
296.57730351108285,243.0,1.0,2.787249046944576,4.038625061094603,25.80587480579444,35.67278908205524,0.0008076376979970496,0.07003280169636786,0.929159560605635
1459.5229926933944,209.0,1.0,2.147297656399768,3.7163530827226103,138.22051971985297,62.980639639501206,0.0008052951261967002,0.027342312679296203,0.9718523921945069
281.88162682817057,209.0,1.0,2.147297656399768,3.7163530827226103,41.85074887702019,13.752378252318316,0.0008052951261967002,0.027342312679296203,0.9718523921945069
1519.0486504809346,209.0,1.0,2.147297656399768,3.7163530827226103,141.4355100157396,76.55314579875943,0.0008052951261967002,0.027342312679296203,0.9718523921945069
1453.7305407015322,209.0,1.0,2.1467179784749186,3.7110332154571646,138.22354072604548,62.980639639501206,0.0008054732954400325,0.032849968600012235,0.9663445581045478
1467.4056131758418,190.0,0.0,1.7076894257826896,2.7404090597848163,140.33969338894047,62.980639639501206,0.0008051821569676734,0.01910947702067158,0.9800853408223607
1523.1865027124368,190.0,0.0,1.7072844119642276,2.73807196363825,142.9514144434728,76.55314579875943,0.0008053371511372961,0.023018284422207887,0.9761763784266547
281.91996944169006,190.0,0.0,1.7072844119642276,2.73807196363825,41.541286531765806,13.752378252318316,0.0008053371511372961,0.023018284422207887,0.9761763784266547
285.3667037655143,190.0,0.0,1.7076894257826896,2.7404090597848163,42.50539568555418,18.37730407450465,0.0008051821569676734,0.01910947702067158,0.9800853408223607
284.2229535259317,209.0,1.0,2.1467179784749186,3.7110332154571646,42.661316157560066,18.37730407450465,0.0008054732954400325,0.032849968600012235,0.9663445581045478
284.872815454629,190.0,0.0,1.7072844119642276,2.73807196363825,42.41699391948132,18.37730407450465,0.0008053371511372961,0.023018284422207887,0.9761763784266547
136.0073454966184,238.0,1.0,2.860412997794499,4.4467126943271635,2049.7923036897114,439.4589564608417,0.0008072606554068386,0.06724999470257649,0.9319427446420165
549.0718676450488,238.0,1.0,2.860412997794499,4.4467126943271635,7830.1155111565995,2651.8389636262955,0.0008072606554068386,0.06724999470257649,0.9319427446420165
1071.3710093222257,238.0,1.0,2.860412997794499,4.4467126943271635,1649.5782261736608,1321.925730966944,0.0008072606554068386,0.06724999470257649,0.9319427446420165
136.40523256750055,238.0,1.0,2.8559356781500194,4.410393786511341,2048.5339269442966,439.4589564608417,0.0008086188981056999,0.09697840127896386,0.9022129798229304
136.07120211945934,240.0,1.0,3.0303559176202786,6.419235508092477,2106.661814118811,439.4589564608417,0.0008073192435044615,0.09446903468999948,0.9047236460664958
1072.38897542616,240.0,1.0,3.0244218729179555,6.351064382292632,1657.0726339561022,1321.925730966944,0.0008087047571161537,0.13428948001617075,0.864901815226713
557.28091664704,240.0,1.0,3.0244218729179555,6.351064382292632,7023.695312972494,2651.8389636262955,0.0008087047571161537,0.13428948001617075,0.864901815226713
5015.453063217865,240.0,1.0,3.0303559176202786,6.419235508092477,7525.100478361151,6645.061804700928,0.0008073192435044615,0.09446903468999948,0.9047236460664958
5017.277296425957,238.0,1.0,2.8559356781500194,4.410393786511341,7805.190949216022,6645.061804700928,0.0008086188981056999,0.09697840127896386,0.9022129798229304
5027.966649610781,240.0,1.0,3.0244218729179555,6.351064382292632,7570.144885191791,6645.061804700928,0.0008087047571161537,0.13428948001617075,0.864901815226713
220.6515584318828,231.0,1.0,2.490500831413158,3.9215030209095714,33.07036688187178,0.29682263673581866,0.0008068666428356403,0.06937071887673159,0.9298224144804328
1223.26371377325,231.0,1.0,2.490500831413158,3.9215030209095714,114.94220931563446,19.185959915862774,0.0008068666428356403,0.06937071887673159,0.9298224144804328
71.6987560178003,231.0,1.0,2.490500831413158,3.9215030209095714,11485.739460647212,423.13827451229383,0.0008068666428356403,0.06937071887673159,0.9298224144804328
222.08113649539627,231.0,1.0,2.493626077796243,3.9482288079692327,33.07724164718174,0.29682263673581866,0.0008059799498803166,0.04506589387932075,0.9541281261707989
221.0363443799294,209.0,1.0,2.0744779212363893,2.9788955407249333,32.84553921848329,0.29682263673581866,0.0008068036557480374,0.05362480730667262,0.9455683890375793
71.56420389217418,209.0,1.0,2.076855374568145,2.9893676778503826,9238.635119333132,423.13827451229383,0.0008059410662006903,0.03465757504223687,0.9645364838915625
1248.7764187940402,209.0,1.0,2.076855374568145,2.9893676778503826,122.43057725794048,19.185959915862774,0.0008059410662006903,0.03465757504223687,0.9645364838915625
223.69762122328126,209.0,1.0,2.0744779212363893,2.9788955407249333,25600.682070804418,2125.2743101581445,0.0008068036557480374,0.05362480730667262,0.9455683890375793
223.21735321145962,231.0,1.0,2.493626077796243,3.9482288079692327,22450.300404529204,2125.2743101581445,0.0008059799498803166,0.04506589387932075,0.9541281261707989
222.9696957992408,209.0,1.0,2.076855374568145,2.9893676778503826,25605.0156480671,2125.2743101581445,0.0008059410662006903,0.03465757504223687,0.9645364838915625
311.4334993677061,224.0,1.0,2.445761373713993,4.678305539723129,31455.741736493503,3590.6732316287216,0.0008065203990835714,0.04814092083981554,0.951052558761101
95.9439269111187,224.0,1.0,2.445761373713993,4.678305539723129,9900.13273234411,641.6493382950342,0.0008065203990835714,0.04814092083981554,0.951052558761101
4140.888569409344,224.0,1.0,2.445761373713993,4.678305539723129,1935.136035898569,2521.915876959516,0.0008065203990835714,0.04814092083981554,0.951052558761101
313.8306371847631,224.0,1.0,2.440905694526928,4.63959328611237,31512.198900055184,3590.6732316287216,0.0008083347550985246,0.08777105578659436,0.9114206094583069
310.30024270367863,220.0,1.0,2.415878623061217,3.6485935993671372,46508.592642877484,3590.6732316287216,0.0008051579344164908,0.02958677047625981,0.9696080715893237
4138.313188897066,220.0,1.0,2.41367064666661,3.62886759649667,1804.2664579214184,2521.915876959516,0.0008057910287504077,0.05416715723766213,0.9450270517335876
95.85371014764603,220.0,1.0,2.41367064666661,3.62886759649667,19466.381244706165,641.6493382950342,0.0008057910287504077,0.05416715723766213,0.9450270517335876
1022.3271283040966,220.0,1.0,2.415878623061217,3.6485935993671372,454.3042890164781,693.3206531567218,0.0008051579344164908,0.02958677047625981,0.9696080715893237
1018.9724339028232,224.0,1.0,2.440905694526928,4.63959328611237,509.70230319473217,693.3206531567218,0.0008083347550985246,0.08777105578659436,0.9114206094583069
1021.2262790726559,220.0,1.0,2.41367064666661,3.62886759649667,456.1957972869246,693.3206531567218,0.0008057910287504077,0.05416715723766213,0.9450270517335876
681.2819521684173,201.0,0.0,1.9516981839483325,3.3823914701699036,45.1669272045098,75.97558859407727,0.0008058488466696768,0.046745321572619854,0.9524488295807103
248.6082459001345,201.0,0.0,1.9516981839483325,3.3823914701699036,21.294000761569336,37.68852392882418,0.0008058488466696768,0.046745321572619854,0.9524488295807103
664.3587999139389,201.0,0.0,1.9516981839483325,3.3823914701699036,76.65547233171596,14.838683328681785,0.0008058488466696768,0.046745321572619854,0.9524488295807103
685.9208122419958,201.0,0.0,1.95375074427777,3.4020463926062767,45.2396952431784,75.97558859407727,0.0008051628746534671,0.024538910730441666,0.9746559263949048
675.8158691379911,238.0,1.0,2.699441443161681,4.589109116009054,16.030102947149008,75.97558859407727,0.0008068435768374766,0.07070697946038416,0.9284861769627785
667.3659224531323,238.0,1.0,2.704243361369445,4.628532213557916,61.28602462931049,14.838683328681785,0.0008056661763191554,0.03723190899413998,0.9619624248295409
248.8811205560315,238.0,1.0,2.704243361369445,4.628532213557916,9.888598496204057,37.68852392882418,0.0008056661763191554,0.03723190899413998,0.9619624248295409
216.16800161728656,238.0,1.0,2.699441443161681,4.589109116009054,26.023268897115766,3.984781824537495,0.0008068435768374766,0.07070697946038416,0.9284861769627785
218.95862734166434,201.0,0.0,1.95375074427777,3.4020463926062767,34.305145523604935,3.984781824537495,0.0008051628746534671,0.024538910730441666,0.9746559263949048
218.15764821099415,238.0,1.0,2.704243361369445,4.628532213557916,27.69591294273257,3.984781824537495,0.0008056661763191554,0.03723190899413998,0.9619624248295409
440.8230789953972,216.0,1.0,2.2442459184615786,3.1009450199068587,1464.797971038552,741.3936941195957,0.0008046846627285219,0.011711082083869723,0.9874842332534017
781.9950985962248,216.0,1.0,2.2442459184615786,3.1009450199068587,2584.272907704184,1408.5218098561404,0.0008046846627285219,0.011711082083869723,0.9874842332534017
171.78440040129576,216.0,1.0,2.2442459184615786,3.1009450199068587,2686.3061248166027,509.56601677151446,0.0008046846627285219,0.011711082083869723,0.9874842332534017
441.2239833079854,215.0,1.0,2.242361906240976,3.0903382228687635,1459.3450757847615,741.3936941195957,0.0008051337663422376,0.0322043141547559,0.9669905520789018
441.2510358631127,237.0,1.0,2.8441987108613596,5.916397932784752,1349.5078372661733,741.3936941195957,0.0008053530701879317,0.03645300966341243,0.9627416372663997
172.81297299081365,237.0,1.0,2.8360378950129115,5.828183753449891,2200.5094011804963,509.56601677151446,0.0008069793950753412,0.09552315552643592,0.9036698650784886
787.0210086122646,237.0,1.0,2.8360378950129115,5.828183753449891,2334.042261876559,1408.5218098561404,0.0008069793950753412,0.09552315552643592,0.9036698650784886
295.2566165009177,237.0,1.0,2.8441987108613596,5.916397932784752,3464.0626443764495,1003.8931566216129,0.0008053530701879317,0.03645300966341243,0.9627416372663997
295.2219461311205,215.0,1.0,2.242361906240976,3.0903382228687635,4340.148990315253,1003.8931566216129,0.0008051337663422376,0.0322043141547559,0.9669905520789018
297.5193037322084,237.0,1.0,2.8360378950129115,5.828183753449891,3457.568721627165,1003.8931566216129,0.0008069793950753412,0.09552315552643592,0.9036698650784886
296.66408288002015,228.0,1.0,2.545955484042075,4.401932041467487,42.731642880822754,7.778500764333026,0.0008058819972265851,0.045215356627911776,0.9539787613748616
403.25456023389006,228.0,1.0,2.545955484042075,4.401932041467487,52.94756170781517,10.671789002242413,0.0008058819972265851,0.045215356627911776,0.9539787613748616
897.8233514480384,228.0,1.0,2.545955484042075,4.401932041467487,1606.3966494413905,1186.678777866009,0.0008058819972265851,0.045215356627911776,0.9539787613748616
297.5936333252028,228.0,1.0,2.546937374807578,4.411226344480708,42.738754987436586,7.778500764333026,0.0008055806211526727,0.036080718523837554,0.9631137008550098
293.33602445168873,246.0,1.0,3.2783327393066575,6.605305113087856,37.609905125033976,7.778500764333026,0.0008069516818362104,0.07819462270640776,0.920998425611756
898.2355540547563,246.0,1.0,3.2807764692067867,6.632387430730902,1559.622616719425,1186.678777866009,0.0008064254507255254,0.06273097973482092,0.9364625948144536
400.4202676856719,246.0,1.0,3.2807764692067867,6.632387430730902,43.239115014472496,10.671789002242413,0.0008064254507255254,0.06273097973482092,0.9364625948144536
1111.8894126875573,246.0,1.0,3.2783327393066575,6.605305113087856,1921.9063198582721,1485.7238288059264,0.0008069516818362104,0.07819462270640776,0.920998425611756
1110.3161086596342,228.0,1.0,2.546937374807578,4.411226344480708,1987.4502707321167,1485.7238288059264,0.0008055806211526727,0.036080718523837554,0.9631137008550098
1111.2900606370608,246.0,1.0,3.2807764692067867,6.632387430730902,1921.626823441026,1485.7238288059264,0.0008064254507255254,0.06273097973482092,0.9364625948144536
132.3639768753695,242.0,1.0,2.67298761842517,4.277808671001526,17844.48148397364,1159.1121281243777,0.0008079968798590155,0.08447495455151333,0.9147170485686278
173.88164798717398,242.0,1.0,2.67298761842517,4.277808671001526,21891.307995886247,1752.6237054671335,0.0008079968798590155,0.08447495455151333,0.9147170485686278
675.9689301139911,242.0,1.0,2.67298761842517,4.277808671001526,73.35063073124938,40.788639118408426,0.0008079968798590155,0.08447495455151333,0.9147170485686278
131.8792837347956,242.0,1.0,2.677240328946393,4.306950522518815,17939.633586338077,1159.1121281243777,0.0008067642145352406,0.05663435908081504,0.9425588767046497
132.07985990359998,224.0,1.0,2.203837139321893,4.100545956913592,20998.332448903617,1159.1121281243777,0.0008070240923735821,0.0751644726249517,0.9240285032826747
693.0304171983896,224.0,1.0,2.206810534950142,4.123134246919954,79.21167981594711,40.788639118408426,0.0008061316890371421,0.05042160357767909,0.9487722647332839
172.92087438430502,224.0,1.0,2.206810534950142,4.123134246919954,25408.011954664027,1752.6237054671335,0.0008061316890371421,0.05042160357767909,0.9487722647332839
1039.099447507706,224.0,1.0,2.203837139321893,4.100545956913592,107.4642864005854,58.875002015551374,0.0008070240923735821,0.0751644726249517,0.9240285032826747
1052.9866003220172,242.0,1.0,2.677240328946393,4.306950522518815,101.57921128925588,58.875002015551374,0.0008067642145352406,0.05663435908081504,0.9425588767046497
1058.9572030813656,224.0,1.0,2.206810534950142,4.123134246919954,107.58221321767327,58.875002015551374,0.0008061316890371421,0.05042160357767909,0.9487722647332839
2048.8158119581235,233.0,1.0,2.6579565439081625,4.50908977855898,1.39606542293307,270.91576003054996,0.0008055306383652228,0.03136837183696671,0.967826097524668
965.7262175064545,233.0,1.0,2.6579565439081625,4.50908977855898,9.953675112995786,159.06751636991942,0.0008055306383652228,0.03136837183696671,0.967826097524668
1983.0595443043808,233.0,1.0,2.6579565439081625,4.50908977855898,79.30914004093206,141.49185196958962,0.0008055306383652228,0.03136837183696671,0.967826097524668
2031.694506422948,233.0,1.0,2.655259845602381,4.484399686098838,1.3048186905384647,270.91576003054996,0.0008063373458761517,0.053424203571290005,0.9457694590828338
2027.5043143035662,256.0,1.0,3.5590977877404004,7.790964827860501,515.456639499331,270.91576003054996,0.0008062846538311356,0.05984040550958507,0.9393533098365838
1920.8223841730614,256.0,1.0,3.5535003659892,7.724422259611024,477.88265624684186,141.49185196958962,0.0008076529189075044,0.10019088188854686,0.8990014651925458
946.897770137201,256.0,1.0,3.5535003659892,7.724422259611024,142.3049833611131,159.06751636991942,0.0008076529189075044,0.10019088188854686,0.8990014651925458
910.8841558062679,256.0,1.0,3.5590977877404004,7.790964827860501,84.45020243859128,89.3718325561731,0.0008062846538311356,0.05984040550958507,0.9393533098365838
912.0778582073144,233.0,1.0,2.655259845602381,4.484399686098838,47.71359105702309,89.3718325561731,0.0008063373458761517,0.053424203571290005,0.9457694590828338
897.5918212763727,256.0,1.0,3.5535003659892,7.724422259611024,99.74306187846453,89.3718325561731,0.0008076529189075044,0.10019088188854686,0.8990014651925458
552.0664237307233,247.0,1.0,3.487182245245391,6.035305099321271,1137.454972632626,780.3925950759165,0.000807987472099999,0.10699421023047137,0.8921978022974286
523.5239109046166,247.0,1.0,3.487182245245391,6.035305099321271,1080.2267140298295,737.9237229980909,0.000807987472099999,0.10699421023047137,0.8921978022974286
87.12749700833778,247.0,1.0,3.487182245245391,6.035305099321271,4684.235957468808,401.8109753707199,0.000807987472099999,0.10699421023047137,0.8921978022974286
552.2714448883906,247.0,1.0,3.4851178879826326,6.016284087184648,1136.9986079750233,780.3925950759165,0.0008084232689778288,0.11876675838732463,0.8804248183436976
551.539451668515,241.0,1.0,2.9959868559229896,5.9031425505640955,1190.2169387347392,780.3925950759165,0.000806753521162915,0.08700957095559406,0.9121836755232432
86.95258303172612,241.0,1.0,2.994618337314274,5.889095323496375,5595.207254427583,401.8109753707199,0.0008070373819002851,0.09672037609423147,0.9024725865238683
523.1698487015798,241.0,1.0,2.994618337314274,5.889095323496375,1130.7678719586468,737.9237229980909,0.0008070373819002851,0.09672037609423147,0.9024725865238683
82.78271870529493,241.0,1.0,2.9959868559229896,5.9031425505640955,5435.759163194902,378.82956447256646,0.000806753521162915,0.08700957095559406,0.9121836755232432
83.07055996843408,247.0,1.0,3.4851178879826326,6.016284087184648,4541.560813172269,378.82956447256646,0.0008084232689778288,0.11876675838732463,0.8804248183436976
82.83214415940868,241.0,1.0,2.994618337314274,5.889095323496375,5431.099685315217,378.82956447256646,0.0008070373819002851,0.09672037609423147,0.9024725865238683
3480.3957942388615,228.0,1.0,2.5711441720306687,4.257898601300797,3011.066821660652,3232.3917937329525,0.0008073871615073983,0.0730863909773457,0.9261062218611467
3283.779023326386,228.0,1.0,2.5711441720306687,4.257898601300797,2841.358184398895,3051.96133051427,0.0008073871615073983,0.0730863909773457,0.9261062218611467
143.31869770702414,228.0,1.0,2.5711441720306687,4.257898601300797,1931.0663196094142,447.68758094631715,0.0008073871615073983,0.0730863909773457,0.9261062218611467
3481.2858533372796,228.0,1.0,2.5748326097520002,4.285648644561571,3008.4189336156505,3232.3917937329525,0.0008061056160648642,0.04218924845455916,0.9570046459293761
3480.800940589214,223.0,1.0,2.3203396836359804,4.379099609594662,2974.8651227471973,3232.3917937329525,0.0008066973915528394,0.07141165438773726,0.9277816482207099
142.80935976707863,223.0,1.0,2.3231468603918173,4.410586108042215,2131.7848496073334,447.68758094631715,0.000805723572115052,0.04181123660605416,0.9573830398218307
3284.776348061926,223.0,1.0,2.3231468603918173,4.410586108042215,2806.57104464789,3051.96133051427,0.000805723572115052,0.04181123660605416,0.9573830398218307
136.03965849407894,223.0,1.0,2.3203396836359804,4.379099609594662,2023.6670856407072,421.38449588070756,0.0008066973915528394,0.07141165438773726,0.9277816482207099
135.86006597777117,228.0,1.0,2.5748326097520002,4.285648644561571,1851.7228297132285,421.38449588070756,0.0008061056160648642,0.04218924845455916,0.9570046459293761
135.76002282529723,223.0,1.0,2.3231468603918173,4.410586108042215,2034.0284205090336,421.38449588070756,0.000805723572115052,0.04181123660605416,0.9573830398218307
909.384112733056,238.0,1.0,2.9924484805399567,6.09605891450154,3748.6111124267427,2160.217555947788,0.0008073530595010237,0.08348029154669569,0.9157123553938034
482.0941353183438,238.0,1.0,2.9924484805399567,6.09605891450154,2016.7176090021053,1027.4501813141164,0.0008073530595010237,0.08348029154669569,0.9157123553938034
1406.1332486281724,238.0,1.0,2.9924484805399567,6.09605891450154,91.7867140810773,52.691792384091,0.0008073530595010237,0.08348029154669569,0.9157123553938034
914.7799722061293,238.0,1.0,2.9874173363258274,6.040163868176059,3755.6759368716594,2160.217555947788,0.0008088424583381433,0.12164194095855807,0.8775492165831038
909.2610832250618,239.0,1.0,2.914540607404474,5.868594901190968,3806.4365480492925,2160.217555947788,0.0008073270302806809,0.08160953978298228,0.9175831331867371
1368.302584097632,239.0,1.0,2.908972060415515,5.814239772806922,111.36687783073792,52.691792384091,0.0008087986764337699,0.11885913082047664,0.8803320705030896
483.9505241305344,239.0,1.0,2.908972060415515,5.814239772806922,2035.7140881968294,1027.4501813141164,0.0008087986764337699,0.11885913082047664,0.8803320705030896
575.6825996960695,239.0,1.0,2.914540607404474,5.868594901190968,61.73587420599591,20.002244384738713,0.0008073270302806809,0.08160953978298228,0.9175831331867371
563.7392995259162,238.0,1.0,2.9874173363258274,6.040163868176059,56.48882659895458,20.002244384738713,0.0008088424583381433,0.12164194095855807,0.8775492165831038
563.8576175240619,239.0,1.0,2.908972060415515,5.814239772806922,60.64585391332534,20.002244384738713,0.0008087986764337699,0.11885913082047664,0.8803320705030896
518.9501767423717,232.0,1.0,2.67929727613326,4.660916203856848,65.15925265441642,30.419012111334162,0.0008062376688542084,0.06591183230959623,0.9332819300215496
1734.9954072904738,232.0,1.0,2.67929727613326,4.660916203856848,158.2630786814235,90.15010505093765,0.0008062376688542084,0.06591183230959623,0.9332819300215496
1883.0180353678802,232.0,1.0,2.67929727613326,4.660916203856848,1125.2899950903843,1443.249211057082,0.0008062376688542084,0.06591183230959623,0.9332819300215496
529.7393573812387,232.0,1.0,2.682756546260136,4.691861639997712,65.3652641507046,30.419012111334162,0.0008051988546609948,0.02882354156851607,0.970371259576823
526.2109224294641,214.0,1.0,2.1052567310408494,2.9942739927842648,66.34421670080103,30.419012111334162,0.0008060209935062908,0.03605962618065229,0.9631343528258414
1886.1765057785574,215.0,1.0,2.1075601692436488,3.005824777680056,1105.9372227823676,1443.249211057082,0.0008051080411884159,0.015531578948214005,0.9836633130105975
1807.673544299383,215.0,1.0,2.1075601692436488,3.005824777680056,163.9427546849715,90.15010505093765,0.0008051080411884159,0.015531578948214005,0.9836633130105975
4790.002959295888,214.0,1.0,2.1052567310408494,2.9942739927842648,2742.466781376503,3489.557309764033,0.0008060209935062908,0.03605962618065229,0.9631343528258414
4792.748187588311,232.0,1.0,2.682756546260136,4.691861639997712,2871.6793034348602,3489.557309764033,0.0008051988546609948,0.02882354156851607,0.970371259576823
4796.315716618487,215.0,1.0,2.1075601692436488,3.005824777680056,2743.0936020370946,3489.557309764033,0.0008051080411884159,0.015531578948214005,0.9836633130105975
146.50173782024825,239.0,1.0,2.5381457698698493,4.298606992856813,3210.320155269442,565.7938693163359,0.0008056089376465005,0.03430515936186967,0.9648892317004838
137.0339707265992,239.0,1.0,2.5381457698698493,4.298606992856813,3030.436567245164,519.7390100342242,0.0008056089376465005,0.03430515936186967,0.9648892317004838
100.4802319400837,239.0,1.0,2.5381457698698493,4.298606992856813,8535.891602833033,611.6568434329198,0.0008056089376465005,0.03430515936186967,0.9648892317004838
146.92886965535487,239.0,1.0,2.534837526155935,4.268515442253335,3200.0841701976033,565.7938693163359,0.0008066512715267959,0.06308976317922471,0.9361035855492486
146.762995830975,240.0,1.0,2.8608749616661475,5.051553694923742,2968.7930983288566,565.7938693163359,0.0008064404435090243,0.04498471738218924,0.9542088421743018
101.11227009002086,240.0,1.0,2.854270234127008,5.00249673878084,7795.861810891501,611.6568434329198,0.0008082349935270753,0.08256950602196117,0.9166222589845117
137.8688557524595,240.0,1.0,2.854270234127008,5.00249673878084,2780.186797832908,519.7390100342242,0.0008082349935270753,0.08256950602196117,0.9166222589845117
94.16623304148436,240.0,1.0,2.8608749616661475,5.051553694923742,7430.464814604013,559.1616882099411,0.0008064404435090243,0.04498471738218924,0.9542088421743018
94.24733201797025,239.0,1.0,2.534837526155935,4.268515442253335,8085.151687791196,559.1616882099411,0.0008066512715267959,0.06308976317922471,0.9361035855492486
94.57054950913496,240.0,1.0,2.854270234127008,5.00249673878084,7396.919737213617,559.1616882099411,0.0008082349935270753,0.08256950602196117,0.9166222589845117
560.8258569266018,234.0,1.0,2.495019088135378,3.846932001712613,33.781132762036705,172.43910963706224,0.0008059436145639004,0.04485297380457894,0.954341082580857
1471.7310090485862,234.0,1.0,2.495019088135378,3.846932001712613,103.183879784163,368.50495845106633,0.0008059436145639004,0.04485297380457894,0.954341082580857
159.0769536666486,234.0,1.0,2.495019088135378,3.846932001712613,3813.6890785639857,666.0599628756489,0.0008059436145639004,0.04485297380457894,0.954341082580857
561.6108763074042,234.0,1.0,2.496093676407059,3.8557006142601846,33.71019585338547,172.43910963706224,0.0008056317803127279,0.03587240055258141,0.963321967667106
560.924892073937,189.0,0.0,1.8338532880987146,3.2482206953565815,51.383584657229704,172.43910963706224,0.0008061644346768653,0.03916099598021954,0.9600328395851037
158.93418446954942,190.0,0.0,1.8347955108522926,3.2548824429584386,3887.787830825272,666.0599628756489,0.0008058028420626206,0.031085218793740415,0.9681089783641968
1476.3974829773283,190.0,0.0,1.8347955108522926,3.2548824429584386,117.54375567441524,368.50495845106633,0.0008058028420626206,0.031085218793740415,0.9681089783641968
332.54554663096764,189.0,0.0,1.8338532880987146,3.2482206953565815,8907.74980234509,1809.416822855183,0.0008061644346768653,0.03916099598021954,0.9600328395851037
332.151743015893,234.0,1.0,2.496093676407059,3.8557006142601846,7282.265876915519,1809.416822855183,0.0008056317803127279,0.03587240055258141,0.963321967667106
332.01629111288725,190.0,0.0,1.8347955108522926,3.2548824429584386,8908.980181275256,1809.416822855183,0.0008058028420626206,0.031085218793740415,0.9681089783641968
3577.725092631944,225.0,1.0,2.4873125726206164,3.9300239310585505,4529.752589762677,4061.674457563842,0.0008059656059267796,0.035350195889033674,0.9638438385050396
2731.954503012315,225.0,1.0,2.4873125726206164,3.9300239310585505,3446.964687194102,3080.3333413103005,0.0008059656059267796,0.035350195889033674,0.9638438385050396
648.8404655881402,225.0,1.0,2.4873125726206164,3.9300239310585505,29.038753893031156,162.55233600550213,0.0008059656059267796,0.035350195889033674,0.9638438385050396
3581.069276614146,225.0,1.0,2.4818901399822653,3.887928553374171,4525.693481185799,4061.674457563842,0.0008080796834956611,0.08163475378731906,0.9175571665291854
3577.360579434159,228.0,1.0,2.487261247444367,4.362109714724666,4565.124800321362,4061.674457563842,0.0008054136927697845,0.035545315312121566,0.9636492709951088
643.6657386922535,228.0,1.0,2.481933156567654,4.311289952039848,18.566385484807597,162.55233600550213,0.000806758419090541,0.08089916301582385,0.9182940785650856
2733.302485740305,228.0,1.0,2.481933156567654,4.311289952039848,3488.4458344858895,3080.3333413103005,0.000806758419090541,0.08089916301582385,0.9182940785650856
471.0603055259861,228.0,1.0,2.487261247444367,4.362109714724666,10.288328880920197,126.6894114207193,0.0008054136927697845,0.035545315312121566,0.9636492709951088
466.5022001900662,225.0,1.0,2.4818901399822653,3.887928553374171,23.473210734344068,126.6894114207193,0.0008080796834956611,0.08163475378731906,0.9175571665291854
467.7507342320716,228.0,1.0,2.481933156567654,4.311289952039848,10.932786025617759,126.6894114207193,0.000806758419090541,0.08089916301582385,0.9182940785650856
944.3379597473762,250.0,1.0,3.3285226396119287,6.016959960114993,25.843224781290232,3.1372914257818767,0.0008083334589950839,0.11789813587943071,0.8812935306615742
213.9802318282752,250.0,1.0,3.3285226396119287,6.016959960114993,28.49682027993136,5.78617101000459,0.0008083334589950839,0.11789813587943071,0.8812935306615742
1143.2730608142506,250.0,1.0,3.3285226396119287,6.016959960114993,46.442602792012735,77.82186408229103,0.0008083334589950839,0.11789813587943071,0.8812935306615742
982.1218648443681,250.0,1.0,3.337856522134464,6.122769533691788,18.927805864235687,3.1372914257818767,0.0008058319079405671,0.04522279553928585,0.9539713725527735
939.8036634547336,256.0,1.0,3.511754388342327,6.180715361995254,49.25715167605912,3.1372914257818767,0.0008087134085431382,0.1250708784402297,0.8741204081512273
1218.3397782388706,256.0,1.0,3.522656559947297,6.271042861776336,2.6635851250266285,77.82186408229103,0.000805965714751845,0.04799423206683418,0.9511998022184139
217.2898898888026,256.0,1.0,3.522656559947297,6.271042861776336,26.876398925566498,5.78617101000459,0.000805965714751845,0.04799423206683418,0.9511998022184139
211.67583078160237,256.0,1.0,3.511754388342327,6.180715361995254,33.406939953134994,22.251249064680437,0.0008087134085431382,0.1250708784402297,0.8741204081512273
219.17719212521027,250.0,1.0,3.337856522134464,6.122769533691788,35.351047360441946,22.251249064680437,0.0008058319079405671,0.04522279553928585,0.9539713725527735
218.78560936387052,256.0,1.0,3.522656559947297,6.271042861776336,34.09719282186373,22.251249064680437,0.000805965714751845,0.04799423206683418,0.9511998022184139
78.76187309580088,244.0,1.0,3.46232984602623,6.871568647472066,7770.639460904318,454.88121603051474,0.000807231799441717,0.09340159294621769,0.9057911752543407
149.2019342256812,244.0,1.0,3.46232984602623,6.871568647472066,11347.269002417212,1098.2793862599535,0.000807231799441717,0.09340159294621769,0.9057911752543407
328.6713095240909,244.0,1.0,3.46232984602623,6.871568647472066,1140.7781542504645,584.2942473916655,0.000807231799441717,0.09340159294621769,0.9057911752543407
78.983139678789,244.0,1.0,3.4575811452787137,6.808857107712931,7758.906452956897,454.88121603051474,0.0008084746160260009,0.13007126617911097,0.869120259204863
78.62250218442735,219.0,1.0,2.279893331568218,3.9668573663614417,7522.629693867548,454.88121603051474,0.0008065121176691475,0.0482184675128813,0.9509750203694495
328.64613463267216,219.0,1.0,2.2770230566584266,3.945932160378101,1147.3949216554054,584.2942473916655,0.0008074362499202453,0.06853093132037938,0.9306616324297005
149.02132272147674,219.0,1.0,2.2770230566584266,3.945932160378101,13529.397358787799,1098.2793862599535,0.0008074362499202453,0.06853093132037938,0.9306616324297005
647.2081641944442,219.0,1.0,2.279893331568218,3.9668573663614417,2346.769131657462,1257.778134434124,0.0008065121176691475,0.0482184675128813,0.9509750203694495
651.5728740171999,244.0,1.0,3.4575811452787137,6.808857107712931,2101.811307978195,1257.778134434124,0.0008084746160260009,0.13007126617911097,0.869120259204863
648.5254482611545,219.0,1.0,2.2770230566584266,3.945932160378101,2345.6064713573796,1257.778134434124,0.0008074362499202453,0.06853093132037938,0.9306616324297005
204.03544856255635,219.0,1.0,2.2373772852809637,4.091079765289438,34.20716970556164,21.88723523542178,0.0008048705981486836,0.01988707150797823,0.9793080578938729
554.3121170764223,219.0,1.0,2.2373772852809637,4.091079765289438,64.47843513769907,43.0223889793184,0.0008048705981486836,0.01988707150797823,0.9793080578938729
60.65855537568286,219.0,1.0,2.2373772852809637,4.091079765289438,19622.238274228526,405.3979437093966,0.0008048705981486836,0.01988707150797823,0.9793080578938729
203.55947534370756,219.0,1.0,2.236814042228904,4.085815295196498,34.184217183432565,21.88723523542178,0.0008050327757354158,0.02715638352138622,0.9720385837028784
202.84565108187599,228.0,1.0,2.667250087459429,5.311466650630062,33.328090802219094,21.88723523542178,0.0008054912617956979,0.03250940327133106,0.9666851054668733
60.77057234623858,228.0,1.0,2.6659266838340008,5.297238328051232,14093.813601992644,405.3979437093966,0.0008058861118192799,0.04424778370568221,0.9549463301824985
545.1741886514758,228.0,1.0,2.6659266838340008,5.297238328051232,61.11542213071819,43.0223889793184,0.0008058861118192799,0.04424778370568221,0.9549463301824985
106.12303068694048,228.0,1.0,2.667250087459429,5.311466650630062,19963.78299572798,859.6469882124832,0.0008054912617956979,0.03250940327133106,0.9666851054668733
106.02279035890274,219.0,1.0,2.236814042228904,4.085815295196498,26127.610091396375,859.6469882124832,0.0008050327757354158,0.02715638352138622,0.9720385837028784
106.24073126409769,228.0,1.0,2.6659266838340008,5.297238328051232,19928.097964501154,859.6469882124832,0.0008058861118192799,0.04424778370568221,0.9549463301824985
344.20000460949814,236.0,1.0,2.8877579285664376,4.4073139755155015,14966.889611192302,2739.3474203846304,0.0008067788447668717,0.07516047017553679,0.9240327509796964
92.43755068563547,236.0,1.0,2.8877579285664376,4.4073139755155015,5770.9618654994465,445.46691628780826,0.0008067788447668717,0.07516047017553679,0.9240327509796964
2450.840613474134,236.0,1.0,2.8877579285664376,4.4073139755155015,570.1305317798083,985.7900399496104,0.0008067788447668717,0.07516047017553679,0.9240327509796964
343.641377613466,236.0,1.0,2.8887271076017074,4.41310279702213,14969.530947704789,2739.3474203846304,0.0008065220131636305,0.06739293828063232,0.931800539706204
342.0090303210071,171.0,0.0,1.7512373019890386,3.0869848652986382,20252.622392404628,2739.3474203846304,0.0008059826806250676,0.042718786215037684,0.9564752311043373
2468.033099494095,171.0,0.0,1.751664718007164,3.0902918459754973,511.6738303945633,985.7900399496104,0.000805811730660338,0.03810674687474406,0.9610874413945959
92.19406521823288,171.0,0.0,1.751664718007164,3.0902918459754973,5486.879035137408,445.46691628780826,0.000805811730660338,0.03810674687474406,0.9610874413945959
478.056993832845,171.0,0.0,1.7512373019890386,3.0869848652986382,113.91069383411566,238.7787304801712,0.0008059826806250676,0.042718786215037684,0.9564752311043373
477.2808950419456,236.0,1.0,2.8887271076017074,4.41310279702213,110.39713067532527,238.7787304801712,0.0008065220131636305,0.06739293828063232,0.931800539706204
478.22003573654086,171.0,0.0,1.751664718007164,3.0902918459754973,113.50988249850526,238.7787304801712,0.000805811730660338,0.03810674687474406,0.9610874413945959
1472.3053085319275,232.0,1.0,3.0792432351765155,6.333243647560325,470.2799893033038,747.1302560022256,0.0008066873536409892,0.07503198992177311,0.924161322724586
638.5449825879655,232.0,1.0,3.0792432351765155,6.333243647560325,204.20663238016078,356.00607928748923,0.0008066873536409892,0.07503198992177311,0.924161322724586
839.9150095764846,232.0,1.0,3.0792432351765155,6.333243647560325,58.92895374897188,9.334648127137582,0.0008066873536409892,0.07503198992177311,0.924161322724586
1471.02687629793,232.0,1.0,3.0783375150639802,6.322418964462093,470.9304597488466,747.1302560022256,0.0008069252970643118,0.08237858145984447,0.9168144932430913
1478.9110523880595,220.0,1.0,2.201622106060251,3.6353694914065997,427.18213586805916,747.1302560022256,0.0008054361549461942,0.03363452228397358,0.9655600415610801
854.2145221916908,220.0,1.0,2.2012354049548493,3.6327076448850204,73.30695251298658,9.334648127137582,0.0008055421807073427,0.03708889444819955,0.9621055633710931
639.867778058956,220.0,1.0,2.2012354049548493,3.6327076448850204,194.3276052502825,356.00607928748923,0.0008055421807073427,0.03708889444819955,0.9621055633710931
311.5834635404318,220.0,1.0,2.201622106060251,3.6353694914065997,34.226752300475155,9.054575230217221,0.0008054361549461942,0.03363452228397358,0.9655600415610801
307.85991417814876,232.0,1.0,3.0783375150639802,6.322418964462093,30.220662941676725,9.054575230217221,0.0008069252970643118,0.08237858145984447,0.9168144932430913
311.2872392154336,220.0,1.0,2.2012354049548493,3.6327076448850204,34.03921619508496,9.054575230217221,0.0008055421807073427,0.03708889444819955,0.9621055633710931
196.3094997828932,246.0,1.0,3.1901801749684586,5.992182988613869,1779.0113467669462,538.3073251387319,0.0008087939759209159,0.12492850690813377,0.8742626991159455
820.7624284150459,246.0,1.0,3.1901801749684586,5.992182988613869,6637.281247961109,3157.7205728617128,0.0008087939759209159,0.12492850690813377,0.8742626991159455
230.51758140569217,246.0,1.0,3.1901801749684586,5.992182988613869,1566.6638384614173,562.8556682266588,0.0008087939759209159,0.12492850690813377,0.8742626991159455
196.23023359591565,246.0,1.0,3.1908319175943047,5.99932791315962,1779.5777702467326,538.3073251387319,0.0008086247941204382,0.12060527498870804,0.8785861002171715
195.96820594119708,237.0,1.0,2.9168557738118577,5.1011546507641805,1788.3172975930509,538.3073251387319,0.0008080922527602726,0.10299150899797675,0.896200398749263
230.07230504964278,237.0,1.0,2.9173274753292975,5.105059170071586,1574.2325120230637,562.8556682266588,0.0008079502418861566,0.0993332920136469,0.8998587577444668
815.8046697805191,237.0,1.0,2.9173274753292975,5.105059170071586,6993.897416125367,3157.7205728617128,0.0008079502418861566,0.0993332920136469,0.8998587577444668
971.6433422310492,237.0,1.0,2.9168557738118577,5.1011546507641805,6374.74743912072,3217.2705081633635,0.0008080922527602726,0.10299150899797675,0.896200398749263
975.3939722616387,246.0,1.0,3.1908319175943047,5.99932791315962,6081.78583782877,3217.2705081633635,0.0008086247941204382,0.12060527498870804,0.8785861002171715
970.8401750671633,237.0,1.0,2.9173274753292975,5.105059170071586,6375.129627732403,3217.2705081633635,0.0008079502418861566,0.0993332920136469,0.8998587577444668
580.6878531098528,222.0,1.0,2.0949449101071673,3.761280490757363,108.74565089099318,275.29968968215235,0.0008054393495206473,0.028965034895368686,0.9702295257551107
382.63985354703993,222.0,1.0,2.0949449101071673,3.761280490757363,71.10492700595815,190.19683219751298,0.0008054393495206473,0.028965034895368686,0.9702295257551107
659.5820430413685,222.0,1.0,2.0949449101071673,3.761280490757363,169.27115169279674,354.15880718576557,0.0008054393495206473,0.028965034895368686,0.9702295257551107
579.7091325719402,222.0,1.0,2.092954821087893,3.744374774768451,109.15041305546151,275.29968968215235,0.000806123798461422,0.04790622432467119,0.9512876518768676
580.5679023643733,231.0,1.0,2.3485943334271226,4.90385472538943,127.34213318473297,275.29968968215235,0.0008054218781677526,0.03584163420794247,0.9633529439138899
658.4547484028482,231.0,1.0,2.346447139054422,4.8808395448729165,191.51886219268002,354.15880718576557,0.0008061029757919571,0.059362199218951216,0.9398316978052568
382.16409125835804,231.0,1.0,2.346447139054422,4.8808395448729165,84.854222384105,190.19683219751298,0.0008061029757919571,0.059362199218951216,0.9398316978052568
437.3027457715569,231.0,1.0,2.3485943334271226,4.90385472538943,125.38258554215626,244.28738502904397,0.0008054218781677526,0.03584163420794247,0.9633529439138899
436.89692748707085,222.0,1.0,2.092954821087893,3.744374774768451,112.34617811516776,244.28738502904397,0.000806123798461422,0.04790622432467119,0.9512876518768676
436.86638142066363,231.0,1.0,2.346447139054422,4.8808395448729165,126.85233638938747,244.28738502904397,0.0008061029757919571,0.059362199218951216,0.9398316978052568
320.4725524401762,212.0,1.0,2.123932653846909,3.8448722292605857,3906.910378769065,1117.4501163085656,0.0008063498613705317,0.052430131956290864,0.9467635181823386
334.4418290051361,212.0,1.0,2.123932653846909,3.8448722292605857,4076.0962465955795,1180.5860959146983,0.0008063498613705317,0.052430131956290864,0.9467635181823386
151.6389138209792,212.0,1.0,2.123932653846909,3.8448722292605857,22253.729000609615,1389.2248070327446,0.0008063498613705317,0.052430131956290864,0.9467635181823386
319.36430295528095,213.0,1.0,2.126769730292707,3.8681050632296015,3898.620898633074,1117.4501163085656,0.0008054622609267234,0.028694803770318744,0.9704997339687544
320.2694201434397,219.0,1.0,2.1470316612063804,3.5061466877727825,3789.943518469439,1117.4501163085656,0.0008063270825593409,0.04648356599053079,0.9527101069269099
151.14834349152804,219.0,1.0,2.149365636433866,3.523418050387266,20787.02229594523,1389.2248070327446,0.0008054508345853877,0.025396739564764247,0.9737978096006501
333.1348165079338,219.0,1.0,2.149365636433866,3.523418050387266,3955.5087319707113,1180.5860959146983,0.0008054508345853877,0.025396739564764247,0.9737978096006501
158.15548367892953,219.0,1.0,2.1470316612063804,3.5061466877727825,21336.909255600112,1481.790844681303,0.0008063270825593409,0.04648356599053079,0.9527101069269099
157.75145974686558,213.0,1.0,2.126769730292707,3.8681050632296015,22965.09356619558,1481.790844681303,0.0008054622609267234,0.028694803770318744,0.9704997339687544
157.71051527252465,219.0,1.0,2.149365636433866,3.523418050387266,21455.548973007702,1481.790844681303,0.0008054508345853877,0.025396739564764247,0.9737978096006501
1830.059818567282,241.0,1.0,2.998892388115947,5.933236559747847,145.07206894995738,104.67019266795731,0.0008061539205044603,0.0658505645532758,0.9333432815262195
1199.4602272029927,241.0,1.0,2.998892388115947,5.933236559747847,108.35048946640474,71.94608656010266,0.0008061539205044603,0.0658505645532758,0.9333432815262195
1051.1532501425054,241.0,1.0,2.998892388115947,5.933236559747847,4223.2773281808295,2460.15269792658,0.0008061539205044603,0.0658505645532758,0.9333432815262195
1772.021776503633,241.0,1.0,2.9941602064741293,5.884410774376686,148.81041311090783,104.67019266795731,0.0008071326163576988,0.09993566038315845,0.899257207000484
1854.8545477059808,230.0,1.0,2.2650910038908876,4.747457788221932,126.85757931132248,104.67019266795731,0.0008059143285079545,0.05011822056889218,0.9490758651025999
1053.251221066525,230.0,1.0,2.261559664783255,4.713979609095694,4490.257181294402,2460.15269792658,0.0008067683720078244,0.07717369136777315,0.9220195402602193
1186.1590048008989,230.0,1.0,2.261559664783255,4.713979609095694,89.00991660884483,71.94608656010266,0.0008067683720078244,0.07717369136777315,0.9220195402602193
775.1668672202536,230.0,1.0,2.2650910038908876,4.747457788221932,3282.990252904884,1730.8583687686323,0.0008059143285079545,0.05011822056889218,0.9490758651025999
779.7915099962436,241.0,1.0,2.9941602064741293,5.884410774376686,3173.7797699168573,1730.8583687686323,0.0008071326163576988,0.09993566038315845,0.899257207000484
777.8193650319533,230.0,1.0,2.261559664783255,4.713979609095694,3283.930962412147,1730.8583687686323,0.0008067683720078244,0.07717369136777315,0.9220195402602193
93.46666304216075,220.0,1.0,2.1460739657735872,3.176557573069979,3130.8162083824654,368.6850946836698,0.0008063556780926129,0.050063666755851645,0.949129977566056
150.8682543255686,220.0,1.0,2.1460739657735872,3.176557573069979,4822.864668975305,675.3867455159897,0.0008063556780926129,0.050063666755851645,0.949129977566056
224.34186408746606,220.0,1.0,2.1460739657735872,3.176557573069979,17.09434961800254,25.274597611052815,0.0008063556780926129,0.050063666755851645,0.949129977566056
93.32221194737038,220.0,1.0,2.148606748030648,3.1908764117548527,3142.3304666635872,368.6850946836698,0.0008056052367914117,0.030885363155047547,0.9683090316081611
93.65091267537325,225.0,1.0,2.4621148552153445,4.68253024780646,3239.8215455414615,368.6850946836698,0.0008073385191383421,0.08954794190441931,0.9096447195764422
224.49232134041154,225.0,1.0,2.465601507757447,4.722318304382985,24.340809488681323,25.274597611052815,0.0008062141459002977,0.05658152639105133,0.9426122594630484
150.82281199367685,225.0,1.0,2.465601507757447,4.722318304382985,4803.059216871719,675.3867455159897,0.0008062141459002977,0.05658152639105133,0.9426122594630484
445.61249511156973,225.0,1.0,2.4621148552153445,4.68253024780646,39.82627852108341,40.66735602851938,0.0008073385191383421,0.08954794190441931,0.9096447195764422
452.45229390602066,220.0,1.0,2.148606748030648,3.1908764117548527,31.01068730756592,40.66735602851938,0.0008056052367914117,0.030885363155047547,0.9683090316081611
449.8396019695954,225.0,1.0,2.465601507757447,4.722318304382985,39.79071682350791,40.66735602851938,0.0008062141459002977,0.05658152639105133,0.9426122594630484
250.332875278119,202.0,0.0,1.960549514851972,2.928624184950648,28.65090374494842,22.017715523459916,0.0008053580838488205,0.03273045711514105,0.9664641848010102
355.2652712023089,202.0,0.0,1.960549514851972,2.928624184950648,37.35950934439286,27.771883611797385,0.0008053580838488205,0.03273045711514105,0.9664641848010102
339.3589625683917,202.0,0.0,1.960549514851972,2.928624184950648,16.064822472777994,116.55096254347018,0.0008053580838488205,0.03273045711514105,0.9664641848010102
250.0572625286922,202.0,0.0,1.96003753601618,2.925027847131153,28.582830310238354,22.017715523459916,0.0008055299209665756,0.03862257113437305,0.9605718989446603
248.91319885215188,222.0,1.0,2.488639789661119,3.7653101855343127,26.998559202994116,22.017715523459916,0.000806437436064356,0.0580664955583834,0.9411270670055523
338.0028455506953,222.0,1.0,2.487356077049184,3.7557743069801557,19.343637209150785,116.55096254347018,0.0008068108398661657,0.06822617473432877,0.930967014425805
351.7570154800808,222.0,1.0,2.487356077049184,3.7557743069801557,34.69678433998984,27.771883611797385,0.0008068108398661657,0.06822617473432877,0.930967014425805
463.14269022259646,222.0,1.0,2.488639789661119,3.7653101855343127,27.71979351061536,151.4192990989769,0.000806437436064356,0.0580664955583834,0.9411270670055523
464.50017002709797,202.0,0.0,1.96003753601618,2.925027847131153,22.669183537905646,151.4192990989769,0.0008055299209665756,0.03862257113437305,0.9605718989446603
462.48272059981707,222.0,1.0,2.487356077049184,3.7557743069801557,27.827941709609174,151.4192990989769,0.0008068108398661657,0.06822617473432877,0.930967014425805
230.91834183535508,235.0,1.0,2.435131772141223,4.198989034339772,13703.90726900736,1714.9821353101775,0.0008050799109531147,0.021265365129455337,0.9779295549595916
324.44823037343,235.0,1.0,2.435131772141223,4.198989034339772,17633.193244348207,2778.2523091735397,0.0008050799109531147,0.021265365129455337,0.9779295549595916
319.6293738433785,235.0,1.0,2.435131772141223,4.198989034339772,6549.43702524402,1540.496960741987,0.0008050799109531147,0.021265365129455337,0.9779295549595916
231.4407906182867,235.0,1.0,2.433399942886532,4.183613382999831,13682.788543047898,1714.9821353101775,0.0008055361858300475,0.03585832007248231,0.9633361437416875
231.2491745513757,241.0,1.0,2.749026563949341,4.659836296846009,11266.41681136493,1714.9821353101775,0.0008055932606721641,0.02861752032542344,0.9705768864139043
321.2211999970253,241.0,1.0,2.7462117124098584,4.6378386896843535,5840.626256102958,1540.496960741987,0.0008064091913936115,0.04797964537283288,0.9512139454357735
326.16532405431417,241.0,1.0,2.7462117124098584,4.6378386896843535,14776.065361801544,2778.2523091735397,0.0008064091913936115,0.04797964537283288,0.9512139454357735
449.87912564231465,241.0,1.0,2.749026563949341,4.659836296846009,7935.431416994991,2421.776087742136,0.0008055932606721641,0.02861752032542344,0.9705768864139043
450.4592914903486,235.0,1.0,2.433399942886532,4.183613382999831,8786.435488982017,2421.776087742136,0.0008055361858300475,0.03585832007248231,0.9633361437416875
451.71092162672267,241.0,1.0,2.7462117124098584,4.6378386896843535,7930.384416854855,2421.776087742136,0.0008064091913936115,0.04797964537283288,0.9512139454357735
703.4105885983845,209.0,1.0,2.1392237533234053,3.5385832998267746,15.11203762001972,181.30410978474225,0.000806318594418395,0.06307213074836468,0.936121550657217
647.0616670986574,209.0,1.0,2.1392237533234053,3.5385832998267746,13.168221067069114,169.95960564512336,0.000806318594418395,0.06307213074836468,0.936121550657217
1044.188553814051,209.0,1.0,2.1392237533234053,3.5385832998267746,2368.60595083791,1576.8769235470932,0.000806318594418395,0.06307213074836468,0.936121550657217
705.1363560063137,209.0,1.0,2.140306882510951,3.549780594143802,15.083041316892153,181.30410978474225,0.000805943814542708,0.051098492639361615,0.9480955635460956
700.5993806279479,228.0,1.0,2.4746414690748364,4.378995309364244,41.71920425236644,181.30410978474225,0.0008066466835442307,0.08040818730994544,0.9187851660065103
1044.3536684925298,228.0,1.0,2.476619769362789,4.394406885147318,2277.141935457789,1576.8769235470932,0.0008061991434994112,0.06503014106541918,0.9341636597910814
646.641409376165,228.0,1.0,2.476619769362789,4.394406885147318,37.5947170611761,169.95960564512336,0.0008061991434994112,0.06503014106541918,0.9341636597910814
976.0779094284683,228.0,1.0,2.4746414690748364,4.378995309364244,2124.686030310069,1463.7227414038744,0.0008066466835442307,0.08040818730994544,0.9187851660065103
974.4860492332349,209.0,1.0,2.140306882510951,3.549780594143802,2213.430326775613,1463.7227414038744,0.000805943814542708,0.051098492639361615,0.9480955635460956
975.2461341350818,228.0,1.0,2.476619769362789,4.394406885147318,2125.1394470887376,1463.7227414038744,0.0008061991434994112,0.06503014106541918,0.9341636597910814
1797.5163949598207,242.0,1.0,2.807831895553995,5.414106987338138,2612.3452054751656,2168.5345459494984,0.0008064595089565232,0.05963211538147719,0.9395614251095662
1195.2591523891545,242.0,1.0,2.807831895553995,5.414106987338138,1741.8523761715635,1422.3610511748461,0.0008064595089565232,0.05963211538147719,0.9395614251095662
423.3630422984472,242.0,1.0,2.807831895553995,5.414106987338138,54.76178127141112,30.096488591914415,0.0008064595089565232,0.05963211538147719,0.9395614251095662
1796.4569381448982,242.0,1.0,2.8114172210703736,5.444730729181241,2613.5945434433997,2168.5345459494984,0.0008055428853757821,0.03334820295025674,0.9658462541643674
1798.4347454801468,251.0,1.0,3.4335827837735615,7.727125147328291,2554.9969629524685,2168.5345459494984,0.0008072630563690091,0.08923124299385418,0.9099614939497767
426.3695811586725,251.0,1.0,3.438676626102988,7.791773378798026,38.086212229266806,30.096488591914415,0.0008059826473254626,0.050618791863790855,0.9485752254888837
1194.9984004977173,251.0,1.0,3.438676626102988,7.791773378798026,1722.9739352787951,1422.3610511748461,0.0008059826473254626,0.050618791863790855,0.9485752254888837
225.77629718829112,251.0,1.0,3.4335827837735615,7.727125147328291,33.92299419520551,19.08863563481849,0.0008072630563690091,0.08923124299385418,0.9099614939497767
229.9041187574837,242.0,1.0,2.8114172210703736,5.444730729181241,36.90379725713167,19.08863563481849,0.0008055428853757821,0.03334820295025674,0.9658462541643674
228.86457636468026,251.0,1.0,3.438676626102988,7.791773378798026,34.55572128839924,19.08863563481849,0.0008059826473254626,0.050618791863790855,0.9485752254888837
371.47964822024005,236.0,1.0,2.843426050488255,5.713581812464875,48.38536554827483,21.602120410221914,0.0008092182826748243,0.12411620317531165,0.8750745785420135
723.6982476558155,236.0,1.0,2.843426050488255,5.713581812464875,76.22277104315434,38.76493278425462,0.0008092182826748243,0.12411620317531165,0.8750745785420135
367.4147891994477,236.0,1.0,2.843426050488255,5.713581812464875,40.92732365898815,3.7194925736344127,0.0008092182826748243,0.12411620317531165,0.8750745785420135
371.6858742355222,236.0,1.0,2.843572741560694,5.715096449977518,48.40097685493628,21.602120410221914,0.0008091729755496827,0.12306762058112494,0.8761232064433254
384.2783903635247,205.0,1.0,2.113942358914892,3.1826870364545994,51.242334129639296,21.602120410221914,0.0008063350400663364,0.053642875525676786,0.945550789434257
376.7704121150483,205.0,1.0,2.113993912886734,3.1830758930143213,44.61999786868552,3.7194925736344127,0.0008063171176976759,0.05315889260717978,0.9460347902751225
758.0598968815807,205.0,1.0,2.113993912886734,3.1830758930143213,83.47105124657749,38.76493278425462,0.0008063171176976759,0.05315889260717978,0.9460347902751225
711.620076118541,205.0,1.0,2.113942358914892,3.1826870364545994,73.02793272420621,0.6395227639105006,0.0008063350400663364,0.053642875525676786,0.945550789434257
687.8791154592788,236.0,1.0,2.843572741560694,5.715096449977518,63.75434328964011,0.6395227639105006,0.0008091729755496827,0.12306762058112494,0.8761232064433254
711.7920089177519,205.0,1.0,2.113993912886734,3.1830758930143213,73.04258229865894,0.6395227639105006,0.0008063171176976759,0.05315889260717978,0.9460347902751225
181.88200091086836,195.0,0.0,1.9270645975054967,3.12967119696726,3983.4398444920953,706.3872758865986,0.0008054507899411037,0.026391547870173233,0.9728030013398856
114.48546744502619,195.0,0.0,1.9270645975054967,3.12967119696726,2537.587965601763,395.04622852424393,0.0008054507899411037,0.026391547870173233,0.9728030013398856
272.0779634903464,195.0,0.0,1.9270645975054967,3.12967119696726,2446.0800832481905,747.2494821053658,0.0008054507899411037,0.026391547870173233,0.9728030013398856
181.99545222539288,195.0,0.0,1.9265890452288998,3.125532683246725,3982.6630642462724,706.3872758865986,0.0008056569324988165,0.031612109258823705,0.9675822338086775
182.32059031200438,239.0,1.0,2.7827702699882115,5.125546223768261,3438.425162761378,706.3872758865986,0.0008061274589793269,0.05022653804488103,0.9489673344961396
272.9400881128056,239.0,1.0,2.781265292841871,5.114147732058526,2189.810632293951,747.2494821053658,0.0008064721673159086,0.05992353092327746,0.9392699969094066
114.73346041226654,239.0,1.0,2.781265292841871,5.114147732058526,2281.149365348833,395.04622852424393,0.0008064721673159086,0.05992353092327746,0.9392699969094066
169.65990971580337,239.0,1.0,2.7827702699882115,5.125546223768261,1396.1067775193553,424.7065132559207,0.0008061274589793269,0.05022653804488103,0.9489673344961396
169.50689285302445,195.0,0.0,1.9265890452288998,3.125532683246725,1508.8349417735835,424.7065132559207,0.0008056569324988165,0.031612109258823705,0.9675822338086775
169.76563028038765,239.0,1.0,2.781265292841871,5.114147732058526,1394.483980753098,424.7065132559207,0.0008064721673159086,0.05992353092327746,0.9392699969094066
2910.342161938024,226.0,1.0,2.463971510410681,4.625872845271715,1407.818991487885,1892.1414914410957,0.0008065554126068166,0.06596062977750279,0.9332328148098904
1060.8095404882963,226.0,1.0,2.463971510410681,4.625872845271715,516.4372806761396,741.9349743471533,0.0008065554126068166,0.06596062977750279,0.9332328148098904
237.0139133500127,226.0,1.0,2.463971510410681,4.625872845271715,16687.111395378066,1992.9921996483024,0.0008065554126068166,0.06596062977750279,0.9332328148098904
2909.465274253453,226.0,1.0,2.463538441552465,4.621757631311767,1407.3986162618044,1892.1414914410957,0.00080667701245522,0.06952847895111389,0.9296648440364309
2909.6347668176077,228.0,1.0,2.7652382723381974,4.515822061594657,1442.774586969574,1892.1414914410957,0.0008071630864664111,0.06697588780933185,0.9322169491042018
237.36325051228155,228.0,1.0,2.7647366563688425,4.5116139438293645,14615.117245584706,1992.9921996483024,0.0008073194684431216,0.07059752116366316,0.9285951593678935
1060.2567831885117,228.0,1.0,2.7647366563688425,4.5116139438293645,534.648815305358,741.9349743471533,0.0008073194684431216,0.07059752116366316,0.9285951593678935
102.49410796902436,228.0,1.0,2.7652382723381974,4.515822061594657,7264.853243005984,598.5620469679474,0.0008071630864664111,0.06697588780933185,0.9322169491042018
102.41567081796758,226.0,1.0,2.463538441552465,4.621757631311767,8777.407696860006,598.5620469679474,0.00080667701245522,0.06952847895111389,0.9296648440364309
102.5352630907657,228.0,1.0,2.7647366563688425,4.5116139438293645,7260.574953089518,598.5620469679474,0.0008073194684431216,0.07059752116366316,0.9285951593678935
211.4596003760808,225.0,1.0,2.5607798506650705,4.569709082924873,1486.1833011486458,507.3067966116291,0.0008057877860768381,0.03224587500877904,0.9669483372051442
565.876772067031,225.0,1.0,2.5607798506650705,4.569709082924873,4010.6578425142666,1677.1799380438265,0.0008057877860768381,0.03224587500877904,0.9669483372051442
1630.109755256277,225.0,1.0,2.5607798506650705,4.569709082924873,1137.942816862051,1371.1960346975611,0.0008057877860768381,0.03224587500877904,0.9669483372051442
211.52261293630502,225.0,1.0,2.5602666758666017,4.565495307100233,1485.7274827091649,507.3067966116291,0.0008059492902627124,0.0359878473369446,0.9632062033727926
211.18822218807378,220.0,1.0,2.122855527481873,3.6556574065479324,1696.27337311347,507.3067966116291,0.000804985244205,0.020730114728682844,0.9784649000271122
1630.5309100210447,220.0,1.0,2.1226204523897887,3.6534632141442906,1121.644311667361,1371.1960346975611,0.0008050508707395337,0.023162343577218938,0.9760326055520415
564.9683799648791,220.0,1.0,2.1226204523897887,3.6534632141442906,4225.019509231785,1677.1799380438265,0.0008050508707395337,0.023162343577218938,0.9760326055520415
5045.57448519055,220.0,1.0,2.122855527481873,3.6556574065479324,3477.653459330407,4068.8886010765373,0.000804985244205,0.020730114728682844,0.9784649000271122
5042.420285603039,225.0,1.0,2.5602666758666017,4.565495307100233,3490.969194187039,4068.8886010765373,0.0008059492902627124,0.0359878473369446,0.9632062033727926
5045.106162668355,220.0,1.0,2.1226204523897887,3.6534632141442906,3477.8454100582,4068.8886010765373,0.0008050508707395337,0.023162343577218938,0.9760326055520415
235.2405178087387,234.0,1.0,3.1000658710899285,5.918880964897958,18.56149106827898,28.63392658940107,0.000807285910173372,0.07717495674968802,0.9220177573401386
1991.9237841739741,234.0,1.0,3.1000658710899285,5.918880964897958,71.83741184613434,102.78842770253516,0.000807285910173372,0.07717495674968802,0.9220177573401386
209.93947111242454,234.0,1.0,3.1000658710899285,5.918880964897958,32.1613021699267,10.37498390135736,0.000807285910173372,0.07717495674968802,0.9220177573401386
234.78832753727445,234.0,1.0,3.098362533264258,5.904364639099199,18.42833838359913,28.63392658940107,0.0008077026178360272,0.08764654557004528,0.9115457518121185
235.87107998502418,243.0,1.0,2.764502708776992,5.312351166663904,23.452688950223948,28.63392658940107,0.0008066049258429691,0.06723199306225348,0.9319614020119037
210.32847479619815,243.0,1.0,2.763413180330523,5.300242443522456,34.750119546076945,10.37498390135736,0.0008069206517424364,0.07635236347661517,0.9228407158716424
1993.1557384064292,243.0,1.0,2.763413180330523,5.300242443522456,102.94233465536811,102.78842770253516,0.0008069206517424364,0.07635236347661517,0.9228407158716424
2207.599847923093,243.0,1.0,2.764502708776992,5.312351166663904,192.84638199255977,96.83328106535521,0.0008066049258429691,0.06723199306225348,0.9319614020119037
2169.5967451615124,234.0,1.0,3.098362533264258,5.904364639099199,164.59940726478868,96.83328106535521,0.0008077026178360272,0.08764654557004528,0.9115457518121185
2190.9219847540057,243.0,1.0,2.763413180330523,5.300242443522456,192.84480539504693,96.83328106535521,0.0008069206517424364,0.07635236347661517,0.9228407158716424
1600.2054222575443,242.0,1.0,2.772662599656677,5.354827957228673,5605.631093524822,3649.8370818645753,0.0008071584904616378,0.09207438925042363,0.9071184522591147
348.7275868702252,242.0,1.0,2.772662599656677,5.354827957228673,1248.921542454441,642.0808623558635,0.0008071584904616378,0.09207438925042363,0.9071184522591147
31402.240414317464,242.0,1.0,2.772662599656677,5.354827957228673,34244.44452141032,33297.202062045064,0.0008071584904616378,0.09207438925042363,0.9071184522591147
1588.7317242883519,242.0,1.0,2.7777384737200346,5.41079088811686,5585.886882487326,3649.8370818645753,0.0008057770592644477,0.04725571412528653,0.9519385088154492
1592.519037572075,224.0,1.0,2.3511605422173383,3.7927073671922367,6326.2799014928105,3649.8370818645753,0.0008069546443442312,0.060097431312561324,0.9390956140430946
31378.0468848527,224.0,1.0,2.355241586852353,3.8221567273711177,34512.07198286009,33297.202062045064,0.0008056691413540329,0.030113551101328705,0.9690807797573174
347.78847549045537,224.0,1.0,2.355241586852353,3.8221567273711177,1259.5468741424947,642.0808623558635,0.0008056691413540329,0.030113551101328705,0.9690807797573174
6155.962552001452,224.0,1.0,2.3511605422173383,3.7927073671922367,6702.6646621286945,6430.508777185384,0.0008069546443442312,0.060097431312561324,0.9390956140430946
6155.248155934193,242.0,1.0,2.7777384737200346,5.41079088811686,6715.954143494682,6430.508777185384,0.0008057770592644477,0.04725571412528653,0.9519385088154492
6155.026273857763,224.0,1.0,2.355241586852353,3.8221567273711177,6707.27478139582,6430.508777185384,0.0008056691413540329,0.030113551101328705,0.9690807797573174
706.1950217543235,233.0,1.0,2.5961592731570873,5.514618086028013,70.10064764142781,10.886587294789612,0.0008058026666743744,0.044037232647623305,0.9551569646857023
268.8426796282686,233.0,1.0,2.5961592731570873,5.514618086028013,34.38637636531258,2.2470232205949023,0.0008058026666743744,0.044037232647623305,0.9551569646857023
191.38377629658862,233.0,1.0,2.5961592731570873,5.514618086028013,6901.132119116627,1049.7793350236782,0.0008058026666743744,0.044037232647623305,0.9551569646857023
685.330299475853,233.0,1.0,2.587977640142702,5.441657278085824,67.83958383629415,10.886587294789612,0.0008077708168130935,0.10180898925141069,0.8973832399317762
711.8662172365732,211.0,1.0,2.2097431598991544,3.8644827009013967,77.11462182610086,10.886587294789612,0.000805398058901063,0.026514347761586655,0.9726802541795123
191.9908694137829,211.0,1.0,2.2055820991150767,3.8293227570041086,7593.653785481379,1049.7793350236782,0.0008067716797078273,0.06242720867192723,0.936766019648365
266.9918973640133,211.0,1.0,2.2055820991150767,3.8293227570041086,38.05199679102198,2.2470232205949023,0.0008067716797078273,0.06242720867192723,0.936766019648365
103.288589174125,211.0,1.0,2.2097431598991544,3.8644827009013967,4395.508844851076,459.21894518898705,0.000805398058901063,0.026514347761586655,0.9726802541795123
103.89657935376346,233.0,1.0,2.587977640142702,5.441657278085824,4224.127045333088,459.21894518898705,0.0008077708168130935,0.10180898925141069,0.8973832399317762
103.62369966622244,211.0,1.0,2.2055820991150767,3.8293227570041086,4396.74629013961,459.21894518898705,0.0008067716797078273,0.06242720867192723,0.936766019648365
80.17382258005425,233.0,1.0,2.5405129309892156,4.743372152392536,12455.365329838109,527.3886731997261,0.000806561775415287,0.07033246703519543,0.9288609711893892
116.1117933574093,233.0,1.0,2.5405129309892156,4.743372152392536,15557.675576808588,882.4845398628663,0.000806561775415287,0.07033246703519543,0.9288609711893892
323.4854411329311,233.0,1.0,2.5405129309892156,4.743372152392536,13.188611990971232,58.8179879955247,0.000806561775415287,0.07033246703519543,0.9288609711893892
80.115495163638,233.0,1.0,2.5417791616175154,4.754458322888986,12464.437022164524,527.3886731997261,0.0008062558820501221,0.06076331956497224,0.9384304245529776
80.16598408678634,227.0,1.0,2.394282851229801,4.405108183863458,14710.755745713657,527.3886731997261,0.0008066282737513424,0.06148972993095864,0.93770364179529
324.3021159908308,227.0,1.0,2.3951646176392476,4.413086961963422,15.551016692896955,58.8179879955247,0.0008063127638248087,0.053041907712528674,0.9461517795236465
115.95130154906408,227.0,1.0,2.3951646176392476,4.413086961963422,18327.898386009147,882.4845398628663,0.0008063127638248087,0.053041907712528674,0.9461517795236465
543.3963284320216,227.0,1.0,2.394282851229801,4.405108183863458,20.79188181470751,85.78223272842001,0.0008066282737513424,0.06148972993095864,0.93770364179529
543.662846108449,233.0,1.0,2.5417791616175154,4.754458322888986,17.978122119833987,85.78223272842001,0.0008062558820501221,0.06076331956497224,0.9384304245529776
544.568493640651,227.0,1.0,2.3951646176392476,4.413086961963422,20.98238273128552,85.78223272842001,0.0008063127638248087,0.053041907712528674,0.9461517795236465
281.2001681676752,238.0,1.0,3.1560054235460178,6.306599133883929,41.53821283558137,18.25711127747859,0.0008059967785270091,0.054453971345099154,0.9447400318763739
1000.8944741141561,238.0,1.0,3.1560054235460178,6.306599133883929,55.77692525475024,52.820724870047606,0.0008059967785270091,0.054453971345099154,0.9447400318763739
291.13172970017405,238.0,1.0,3.1560054235460178,6.306599133883929,42.584481534238115,25.263245173324584,0.0008059967785270091,0.054453971345099154,0.9447400318763739
279.84201657627074,238.0,1.0,3.1547293167662924,6.290523842818414,41.4529664666333,18.25711127747859,0.0008063922911912912,0.06745499572266106,0.9317386119861477
284.0212445031755,218.0,1.0,2.170338041208888,3.030815600842537,43.29189999499195,18.25711127747859,0.0008053439571679546,0.02127802133158894,0.9779166347112432
293.78979177148625,218.0,1.0,2.169796522099523,3.0266477033109083,44.20086412222353,25.263245173324584,0.000805572736420525,0.026521774751233466,0.9726726525123462
1018.834198051297,218.0,1.0,2.169796522099523,3.0266477033109083,104.99499738920096,52.820724870047606,0.000805572736420525,0.026521774751233466,0.9726726525123462
1112.3817804073078,218.0,1.0,2.170338041208888,3.030815600842537,107.80630990323763,68.51620447698566,0.0008053439571679546,0.02127802133158894,0.9779166347112432
1073.6613467311774,238.0,1.0,3.1547293167662924,6.290523842818414,54.95846110611942,68.51620447698566,0.0008063922911912912,0.06745499572266106,0.9317386119861477
1107.5917902945948,218.0,1.0,2.169796522099523,3.0266477033109083,107.80605518811542,68.51620447698566,0.000805572736420525,0.026521774751233466,0.9726726525123462
218.84871762724248,200.0,0.0,1.9007039698870174,3.91848176576432,5703.521057087721,1007.2322278534957,0.000805764235902773,0.047538013214108533,0.9516562225499887
153.58058460455038,200.0,0.0,1.9007039698870174,3.91848176576432,3992.3573574043107,627.4646285290931,0.000805764235902773,0.047538013214108533,0.9516562225499887
840.4935852446204,200.0,0.0,1.9007039698870174,3.91848176576432,2462.7702949121926,1467.375729146739,0.000805764235902773,0.047538013214108533,0.9516562225499887
219.29278657755307,199.0,0.0,1.899502335775793,3.9051259541200527,5704.564669062893,1007.2322278534957,0.0008062098456807183,0.0626540934855971,0.9365396966687222
219.78539365628683,236.0,1.0,2.6469097409320783,5.536827912809629,4950.520844257082,1007.2322278534957,0.0008068367671408365,0.07717590619166562,0.9220172570411935
844.1176655181625,236.0,1.0,2.6437869922807558,5.507060473837504,2284.592871915207,1467.375729146739,0.0008076470428465735,0.10094898098590094,0.8982433719712526
154.47218642121388,236.0,1.0,2.6437869922807558,5.507060473837504,3672.5419649251294,627.4646285290931,0.0008076470428465735,0.10094898098590094,0.8982433719712526
573.9717655968842,236.0,1.0,2.6469097409320783,5.536827912809629,1557.3918532096425,956.7141813487792,0.0008068367671408365,0.07717590619166562,0.9220172570411935
573.4427435045043,199.0,0.0,1.899502335775793,3.9051259541200527,1651.721956165079,956.7141813487792,0.0008062098456807183,0.0626540934855971,0.9365396966687222
574.7676846230665,236.0,1.0,2.6437869922807558,5.507060473837504,1555.8563574953857,956.7141813487792,0.0008076470428465735,0.10094898098590094,0.8982433719712526
123987.33313701287,220.0,1.0,2.127967006907441,4.263931741260725,120892.72001657163,122037.25771112498,0.0008055425458547427,0.04801031179060835,0.951184145663537
18311.99371743024,220.0,1.0,2.127967006907441,4.263931741260725,17847.364665634424,18107.74763391243,0.0008055425458547427,0.04801031179060835,0.951184145663537
627.0083430829982,220.0,1.0,2.127967006907441,4.263931741260725,11029.961982490004,3206.0130491580567,0.0008055425458547427,0.04801031179060835,0.951184145663537
123997.8693353358,220.0,1.0,2.130235939081328,4.289833769701897,120891.73207973958,122037.25771112498,0.0008049359837752081,0.022209705512967744,0.9769853585032571
123983.31700762358,229.0,1.0,2.2798774512223687,4.266069961064275,120908.48328583359,122037.25771112498,0.0008065994065197851,0.05675436132182356,0.9424390392716568
624.1319751621522,229.0,1.0,2.284024888447597,4.297028155996524,10584.76631626887,3206.0130491580567,0.0008054127634006155,0.026262540655875813,0.9729320465807236
18312.145094543903,229.0,1.0,2.284024888447597,4.297028155996524,17897.58291500301,18107.74763391243,0.0008054127634006155,0.026262540655875813,0.9729320465807236
116.59658340993795,229.0,1.0,2.2798774512223687,4.266069961064275,1887.2914468805366,370.6957157450597,0.0008065994065197851,0.05675436132182356,0.9424390392716568
116.23575121253991,220.0,1.0,2.130235939081328,4.289833769701897,2659.770619460722,370.6957157450597,0.0008049359837752081,0.022209705512967744,0.9769853585032571
116.33311151393417,229.0,1.0,2.284024888447597,4.297028155996524,1896.5033562284632,370.6957157450597,0.0008054127634006155,0.026262540655875813,0.9729320465807236
245.091631406599,221.0,1.0,2.2221901473540977,4.490176390516475,1095.2459878626576,479.1750302340748,0.000807251982947058,0.07624231910291565,0.9229504289141374
641.6122835189852,221.0,1.0,2.2221901473540977,4.490176390516475,2918.9880058162885,1454.011278711884,0.000807251982947058,0.07624231910291565,0.9229504289141374
358.14767165165637,221.0,1.0,2.2221901473540977,4.490176390516475,47.182849064459965,152.37636815442556,0.000807251982947058,0.07624231910291565,0.9229504289141374
244.97725647140527,221.0,1.0,2.223270563670903,4.499596447289129,1095.591942356105,479.1750302340748,0.0008069157109896682,0.06766337583184659,0.9315297084571638
245.1198217563914,237.0,1.0,2.8047112201370306,4.296242314975196,1050.2633157583734,479.1750302340748,0.0008073770718483226,0.06880918278081717,0.9303834401473344
358.3629482714857,237.0,1.0,2.8058214936649395,4.302637494239843,58.474832249293954,152.37636815442556,0.0008070239306526538,0.06089422501026406,0.9382987510590832
640.7119156680873,237.0,1.0,2.8058214936649395,4.302637494239843,2854.5345949832536,1454.011278711884,0.0008070239306526538,0.06089422501026406,0.9382987510590832
1162.9373548005715,237.0,1.0,2.8047112201370306,4.296242314975196,182.7690115568142,411.0695901516361,0.0008073770718483226,0.06880918278081717,0.9303834401473344
1163.9569521720373,221.0,1.0,2.223270563670903,4.499596447289129,151.92418142372748,411.0695901516361,0.0008069157109896682,0.06766337583184659,0.9315297084571638
1164.7475032238442,237.0,1.0,2.8058214936649395,4.302637494239843,182.16202308515838,411.0695901516361,0.0008070239306526538,0.06089422501026406,0.9382987510590832
331.3623248152109,225.0,1.0,2.359535632530125,4.282169637499344,9.73820594794074,74.13206810780137,0.0008061448774678219,0.0587196467925037,0.9404742083300283
659.4862448589813,225.0,1.0,2.359535632530125,4.282169637499344,11.002689104433642,124.38375676420219,0.0008061448774678219,0.0587196467925037,0.9404742083300283
284.15657768575505,225.0,1.0,2.359535632530125,4.282169637499344,32.71084898101418,19.26850562733088,0.0008061448774678219,0.0587196467925037,0.9404742083300283
332.6585787064356,225.0,1.0,2.3623297767689784,4.311883876469941,9.935041985344556,74.13206810780137,0.00080531919902451,0.031126434036180123,0.9680682467647952
330.54105341204047,236.0,1.0,2.748407352456147,4.89955704257087,10.864415996282071,74.13206810780137,0.0008069046512269159,0.07108275342521876,0.9281103419235542
285.3519486763909,236.0,1.0,2.7524766391915274,4.935948540572864,21.31973518188676,19.26850562733088,0.0008057001316774254,0.037567992869956914,0.9616263069983656
662.6562401132777,236.0,1.0,2.7524766391915274,4.935948540572864,14.141806507436886,124.38375676420219,0.0008057001316774254,0.037567992869956914,0.9616263069983656
592.3455803814275,236.0,1.0,2.748407352456147,4.89955704257087,34.00033481270923,28.847879784836465,0.0008069046512269159,0.07108275342521876,0.9281103419235542
601.4305798392996,225.0,1.0,2.3623297767689784,4.311883876469941,55.506503927480225,28.847879784836465,0.00080531919902451,0.031126434036180123,0.9680682467647952
599.8658756343491,236.0,1.0,2.7524766391915274,4.935948540572864,37.993907864501,28.847879784836465,0.0008057001316774254,0.037567992869956914,0.9616263069983656
1596.7320263358242,238.0,1.0,2.7004308093575085,4.490326051518473,3816.7239599851755,2674.739865788597,0.000805504555309294,0.03228833049277033,0.9669061649519204
494.0822210761516,238.0,1.0,2.7004308093575085,4.490326051518473,1205.6322022073243,740.6639914765493,0.000805504555309294,0.03228833049277033,0.9669061649519204
710.5982689834309,238.0,1.0,2.7004308093575085,4.490326051518473,3797.222132591838,1861.4498749477239,0.000805504555309294,0.03228833049277033,0.9669061649519204
1600.5804882324646,238.0,1.0,2.6970198125126736,4.4647505941959205,3819.752561372573,2674.739865788597,0.0008064433232257847,0.05922869851377118,0.939964858163003
1597.004137888866,229.0,1.0,2.636142112958833,4.485545387484029,3793.2062350011174,2674.739865788597,0.0008056551658448625,0.033964303713675974,0.9652300411204792
713.8398656748736,229.0,1.0,2.6322672408196146,4.454726284890925,3747.724590812908,1861.4498749477239,0.0008067290111648517,0.06226281412845338,0.9369304568603819
494.6487627523775,229.0,1.0,2.6322672408196146,4.454726284890925,1151.3535753532865,740.6639914765493,0.0008067290111648517,0.06226281412845338,0.9369304568603819
231.40182416181904,229.0,1.0,2.636142112958833,4.485545387484029,1210.5508133419576,493.15122285997484,0.0008056551658448625,0.033964303713675974,0.9652300411204792
231.72741529706576,238.0,1.0,2.6970198125126736,4.4647505941959205,1316.3469004154338,493.15122285997484,0.0008064433232257847,0.05922869851377118,0.939964858163003
231.80985897025283,229.0,1.0,2.6322672408196146,4.454726284890925,1207.4406976397647,493.15122285997484,0.0008067290111648517,0.06226281412845338,0.9369304568603819
454.45926828629933,229.0,1.0,2.2646001957191677,3.460286249192579,57.21237928964395,9.308854820634602,0.0008082015249045584,0.06838623422030753,0.9308055642547879
319.8151019974538,229.0,1.0,2.2646001957191677,3.460286249192579,44.19225580657487,6.087313552702291,0.0008082015249045584,0.06838623422030753,0.9308055642547879
112.48004990673286,229.0,1.0,2.2646001957191677,3.460286249192579,13047.474558894235,800.6438898295385,0.0008082015249045584,0.06838623422030753,0.9308055642547879
460.9555577247602,229.0,1.0,2.268877553011329,3.474960916949431,57.46755863149514,9.308854820634602,0.000806638712023975,0.040795332072478756,0.9583980292154974
458.26235335496415,205.0,1.0,2.0243101264305627,3.1306433748756177,55.346650827111056,9.308854820634602,0.0008064535475246155,0.056540522195141614,0.9426530242573339
111.80907189039483,205.0,1.0,2.0268043439910803,3.1493718888679756,17483.42142320877,800.6438898295385,0.0008056070962252665,0.03348981958412325,0.9657045733196513
325.3486801063557,205.0,1.0,2.0268043439910803,3.1493718888679756,43.425733386689444,6.087313552702291,0.0008056070962252665,0.03348981958412325,0.9657045733196513
89.75223907252413,205.0,1.0,2.0243101264305627,3.1306433748756177,14848.083339210496,587.3749546974984,0.0008064535475246155,0.056540522195141614,0.9426530242573339
89.73620735278021,229.0,1.0,2.268877553011329,3.474960916949431,10688.943042419345,587.3749546974984,0.000806638712023975,0.040795332072478756,0.9583980292154974
89.55582125185104,205.0,1.0,2.0268043439910803,3.1493718888679756,14895.613151191272,587.3749546974984,0.0008056070962252665,0.03348981958412325,0.9657045733196513
92.49955661386495,251.0,1.0,2.8540493953375727,4.602086689065851,14156.511353701113,696.3803471105865,0.0008064413510833401,0.04747656139359179,0.9517169972553248
248.10133041202056,251.0,1.0,2.8540493953375727,4.602086689065851,26652.92006807769,3043.631936590652,0.0008064413510833401,0.04747656139359179,0.9517169972553248
922.2184859106542,251.0,1.0,2.8540493953375727,4.602086689065851,370.2421431613294,582.4204065502068,0.0008064413510833401,0.04747656139359179,0.9517169972553248
92.82640394726839,251.0,1.0,2.8487573083112516,4.571004988258268,14102.781059703533,696.3803471105865,0.0008079002460434392,0.07966777651029992,0.9195243232436567
92.39627183759077,229.0,1.0,2.6234492688636264,4.621442641796299,15432.755655879228,696.3803471105865,0.0008058053656240963,0.045707748636610424,0.9534864459977654
920.9619873233794,229.0,1.0,2.6190503294470386,4.583103557873951,375.58173039268587,582.4204065502068,0.0008068087013930111,0.07688526666533255,0.9223079246332745
249.12713611253093,229.0,1.0,2.6190503294470386,4.583103557873951,30224.183395028405,3043.631936590652,0.0008068087013930111,0.07688526666533255,0.9223079246332745
3010.993801656332,229.0,1.0,2.6234492688636264,4.621442641796299,1223.858950084058,1705.6272638907776,0.0008058053656240963,0.045707748636610424,0.9534864459977654
2998.6754209158553,251.0,1.0,2.8487573083112516,4.571004988258268,1218.5512759020955,1705.6272638907776,0.0008079002460434392,0.07966777651029992,0.9195243232436567
2999.993782751455,229.0,1.0,2.6190503294470386,4.583103557873951,1225.6978179408818,1705.6272638907776,0.0008068087013930111,0.07688526666533255,0.9223079246332745
834.724925669397,233.0,1.0,2.5669163116515135,3.8112812912313094,264.98399495495886,477.49140917610634,0.0008074423081399553,0.07117528540092892,0.9280172722909311
795.7773282224582,233.0,1.0,2.5669163116515135,3.8112812912313094,252.63420438270023,457.38579896873995,0.0008074423081399553,0.07117528540092892,0.9280172722909311
467.1970713947757,233.0,1.0,2.5669163116515135,3.8112812912313094,6.664256593124993,104.19049152147922,0.0008074423081399553,0.07117528540092892,0.9280172722909311
837.401704861851,233.0,1.0,2.571944775427246,3.837384403252287,264.6857384476003,477.49140917610634,0.0008057550281700267,0.03219294147507796,0.9670013034967521
836.3938778668897,196.0,0.0,1.8197744356756516,2.87107286328501,288.5593872547429,477.49140917610634,0.000806561255933289,0.043924211269072325,0.9552692274749942
472.2159108673174,196.0,0.0,1.8227756208567365,2.8891481161740478,4.881181583653281,104.19049152147922,0.0008053612982272784,0.019339712734096366,0.9798549259676763
798.937769698773,196.0,0.0,1.8227756208567365,2.8891481161740478,272.2619015863434,457.38579896873995,0.0008053612982272784,0.019339712734096366,0.9798549259676763
445.4386860596761,196.0,0.0,1.8197744356756516,2.87107286328501,7.76239542241281,100.07715966003906,0.000806561255933289,0.043924211269072325,0.9552692274749942
446.7753890093195,233.0,1.0,2.571944775427246,3.837384403252287,6.76959022343867,100.07715966003906,0.0008057550281700267,0.03219294147507796,0.9670013034967521
447.79789412165246,196.0,0.0,1.8227756208567365,2.8891481161740478,4.784636993264756,100.07715966003906,0.0008053612982272784,0.019339712734096366,0.9798549259676763
274.04637779202545,247.0,1.0,3.032977933526531,5.695309709498424,2746.439773003455,879.4196742869053,0.0008066623826764792,0.06658676772163229,0.9326065698956915
488.92588519566505,247.0,1.0,3.032977933526531,5.695309709498424,4668.943995772754,1840.0231535269993,0.0008066623826764792,0.06658676772163229,0.9326065698956915
183.0682384310566,247.0,1.0,3.032977933526531,5.695309709498424,4776.617192632526,875.2338362437881,0.0008066623826764792,0.06658676772163229,0.9326065698956915
274.8932974966988,247.0,1.0,3.0292370473377344,5.660538940020883,2745.3272441085114,879.4196742869053,0.0008075387882227018,0.09068037759457559,0.9085120836172018
273.7319668713565,224.0,1.0,2.649363016449065,4.6322383646869865,3014.6361591277055,879.4196742869053,0.0008063442920929816,0.05482429631773968,0.9443693593901673
183.36557248970587,224.0,1.0,2.646515529223625,4.6107403642248785,5561.233432839582,875.2338362437881,0.0008071009532994108,0.07521397656244297,0.9239789224842577
489.92188306047336,224.0,1.0,2.646515529223625,4.6107403642248785,5247.047603558724,1840.0231535269993,0.0008071009532994108,0.07521397656244297,0.9239789224842577
323.0961716502738,224.0,1.0,2.649363016449065,4.6322383646869865,9158.321913189047,1915.8219337522087,0.0008063442920929816,0.05482429631773968,0.9443693593901673
325.248512326852,247.0,1.0,3.0292370473377344,5.660538940020883,7658.098220055092,1915.8219337522087,0.0008075387882227018,0.09068037759457559,0.9085120836172018
324.40075721400575,224.0,1.0,2.646515529223625,4.6107403642248785,9173.303508313043,1915.8219337522087,0.0008071009532994108,0.07521397656244297,0.9239789224842577
1280.614834162612,244.0,1.0,3.4545544324190987,7.044583247679454,32.80377473536076,86.1550451576328,0.0008088589803818603,0.12935180368438884,0.8698393373352292
749.127856998285,244.0,1.0,3.4545544324190987,7.044583247679454,28.087234276712053,55.626035143269476,0.0008088589803818603,0.12935180368438884,0.8698393373352292
3979.2237183464845,244.0,1.0,3.4545544324190987,7.044583247679454,5432.7203418168,4914.238029101745,0.0008088589803818603,0.12935180368438884,0.8698393373352292
1315.6475063203675,244.0,1.0,3.458568852112688,7.091026929006931,24.608170801674007,86.1550451576328,0.0008078351744876495,0.10206811872537111,0.8971240461001412
1387.0692522041445,201.0,1.0,2.010742102036474,3.4002655710349234,126.40989793304425,86.1550451576328,0.0008057323519914094,0.0440129505382293,0.9551813171097793
3964.538263588167,201.0,1.0,2.011527619868022,3.4078189718116243,5863.668869365876,4914.238029101745,0.0008054336156018481,0.034167699290957185,0.9650268670934409
807.3592681402971,201.0,1.0,2.011527619868022,3.4078189718116243,85.37031121320095,55.626035143269476,0.0008054336156018481,0.034167699290957185,0.9650268670934409
2701.286585850228,201.0,1.0,2.010742102036474,3.4002655710349234,3977.0493655588407,3294.3499710414967,0.0008057323519914094,0.0440129505382293,0.9551813171097793
2705.9305593082922,244.0,1.0,3.458568852112688,7.091026929006931,3758.8312676658115,3294.3499710414967,0.0008078351744876495,0.10206811872537111,0.8971240461001412
2700.5237104950365,201.0,1.0,2.011527619868022,3.4078189718116243,3977.515298293978,3294.3499710414967,0.0008054336156018481,0.034167699290957185,0.9650268670934409
86.45190675191031,230.0,1.0,2.524304524802596,4.51840366570509,4846.093537666564,420.7364298149533,0.0008053769559871139,0.02654034392781569,0.9726542791161972
82.08718263666763,230.0,1.0,2.524304524802596,4.51840366570509,4643.597024226491,394.69479555588464,0.0008053769559871139,0.02654034392781569,0.9726542791161972
235.81890391782184,230.0,1.0,2.524304524802596,4.51840366570509,37.945752171958574,14.968373791939378,0.0008053769559871139,0.02654034392781569,0.9726542791161972
86.83273912424984,230.0,1.0,2.5172879742180996,4.451309692558903,4821.811435947025,420.7364298149533,0.0008074026824341371,0.07963376545092572,0.91955883186664
86.5055830459059,254.0,1.0,2.5921724625100797,5.670564820134994,4616.68237623507,420.7364298149533,0.0008056679447398619,0.03517164363278478,0.9640226884224754
229.11966586565313,254.0,1.0,2.580221529407287,5.578823098572569,31.66996987518648,14.968373791939378,0.000808358081115063,0.10507434341327472,0.8941172985056102
82.5952593765395,254.0,1.0,2.580221529407287,5.578823098572569,4414.197548420326,394.69479555588464,0.000808358081115063,0.10507434341327472,0.8941172985056102
215.73714666405,254.0,1.0,2.5921724625100797,5.670564820134994,32.043710887760795,14.031607841563144,0.0008056679447398619,0.03517164363278478,0.9640226884224754
212.56477492039124,230.0,1.0,2.5172879742180996,4.451309692558903,35.75205780429767,14.031607841563144,0.0008074026824341371,0.07963376545092572,0.91955883186664
210.565834547903,254.0,1.0,2.580221529407287,5.578823098572569,29.9841602787811,14.031607841563144,0.000808358081115063,0.10507434341327472,0.8941172985056102
209.42865467102305,258.0,1.0,3.537980595677768,6.875418639457119,25.90896009636254,7.256613847149575,0.0008079976723297436,0.0972793532885549,0.9019126490391153
252.69140353161853,258.0,1.0,3.537980595677768,6.875418639457119,27.681783616827822,8.089402834908674,0.0008079976723297436,0.0972793532885549,0.9019126490391153
6764.261212582183,258.0,1.0,3.537980595677768,6.875418639457119,6351.469163265013,6559.653018035532,0.0008079976723297436,0.0972793532885549,0.9019126490391153
210.1037158433697,258.0,1.0,3.5405842577985314,6.9004181480619415,26.064883969532083,7.256613847149575,0.0008074357387338978,0.08306887939784721,0.9161236848634189
211.7306641393592,227.0,1.0,2.539126030228576,5.39066591727162,26.80715708124246,7.256613847149575,0.0008057309710348691,0.059376868954876,0.939817400074089
6765.346993810744,227.0,1.0,2.5399462903689547,5.401662028192405,6330.183662620654,6559.653018035532,0.0008055250793688233,0.05038981665321559,0.9488046582674156
256.23826993018355,227.0,1.0,2.5399462903689547,5.401662028192405,30.902128173645863,8.089402834908674,0.0008055250793688233,0.05038981665321559,0.9488046582674156
7821.966848074759,227.0,1.0,2.539126030228576,5.39066591727162,7320.581813403838,7578.729460509473,0.0008057309710348691,0.059376868954876,0.939817400074089
7821.087186901398,258.0,1.0,3.5405842577985314,6.9004181480619415,7346.362268628453,7578.729460509473,0.0008074357387338978,0.08306887939784721,0.9161236848634189
7822.131828468157,227.0,1.0,2.5399462903689547,5.401662028192405,7320.010471968206,7578.729460509473,0.0008055250793688233,0.05038981665321559,0.9488046582674156
270.74344223257623,237.0,1.0,2.59789179181049,5.0993146710434205,21317.928961376063,2816.3728425685886,0.0008076433549937572,0.09134320163412839,0.9078491550108779
113.3786953793765,237.0,1.0,2.59789179181049,5.0993146710434205,11201.398356546213,785.5110166940283,0.0008076433549937572,0.09134320163412839,0.9078491550108779
305.8332729333567,237.0,1.0,2.59789179181049,5.0993146710434205,14315.136430160612,2521.6744195666097,0.0008076433549937572,0.09134320163412839,0.9078491550108779
271.2489235175464,237.0,1.0,2.5966847576449195,5.086990655123565,21315.520168791063,2816.3728425685886,0.0008080327609466003,0.1014263842141923,0.8977655830248611
269.5997757947698,205.0,1.0,2.186276645981976,4.152118810491632,24807.344347124126,2816.3728425685886,0.0008066886850198257,0.06752178795611657,0.9316715233588635
304.8621708060933,205.0,1.0,2.185453818476069,4.1438131945778345,16461.380549951053,2521.6744195666097,0.0008069630570970537,0.07517906149731932,0.9240139754455837
113.16446159869048,205.0,1.0,2.185453818476069,4.1438131945778345,11978.73483425431,785.5110166940283,0.0008069630570970537,0.07517906149731932,0.9240139754455837
128.32132236235228,205.0,1.0,2.186276645981976,4.152118810491632,7626.950500698361,736.6193433317961,0.0008066886850198257,0.06752178795611657,0.9316715233588635
128.84446607649335,237.0,1.0,2.5966847576449195,5.086990655123565,7153.03033323016,736.6193433317961,0.0008080327609466003,0.1014263842141923,0.8977655830248611
128.4316851259807,205.0,1.0,2.185453818476069,4.1438131945778345,7625.350316686604,736.6193433317961,0.0008069630570970537,0.07517906149731932,0.9240139754455837
973.0151143015573,212.0,1.0,2.2686974739301484,3.1282232991423267,77.00857232684157,306.35878740644284,0.000805858405101125,0.02673527136426214,0.9724588702306368
2680.3850883319483,212.0,1.0,2.2686974739301484,3.1282232991423267,191.22753753291207,694.9624278097149,0.000805858405101125,0.02673527136426214,0.9724588702306368
332.0207665676804,212.0,1.0,2.2686974739301484,3.1282232991423267,3773.0857009016863,1108.5026232662126,0.000805858405101125,0.02673527136426214,0.9724588702306368
974.6095540821696,213.0,1.0,2.2699458574102698,3.135093578981395,76.86311695776305,306.35878740644284,0.0008054294635940308,0.018787021947084367,0.9804075485893213
965.7078562441761,236.0,1.0,3.1585540620289216,7.2884552188647795,161.82382049836218,306.35878740644284,0.0008066106016862123,0.07312869220509942,0.9260646971932143
332.77649945781474,236.0,1.0,3.1613478937795234,7.322637778957028,3070.2163209249748,1108.5026232662126,0.0008059522662736009,0.05197169295605126,0.9472223547776751
2662.578316609897,236.0,1.0,3.1613478937795234,7.322637778957028,683.9777749503587,694.9624278097149,0.0008059522662736009,0.05197169295605126,0.9472223547776751
764.1923400060274,236.0,1.0,3.1585540620289216,7.2884552188647795,6031.45050446701,3139.7282654583364,0.0008066106016862123,0.07312869220509942,0.9260646971932143
755.5846866271222,213.0,1.0,2.2699458574102698,3.135093578981395,9350.373576239594,3139.7282654583364,0.0008054294635940308,0.018787021947084367,0.9804075485893213
760.6260093191022,236.0,1.0,3.1613478937795234,7.322637778957028,5982.49698224699,3139.7282654583364,0.0008059522662736009,0.05197169295605126,0.9472223547776751
1882.8022299679737,236.0,1.0,2.5606421593241375,4.7625099151166825,2559.1757636222424,2193.995360232947,0.0008061370343892506,0.06053681973318261,0.9386570432324282
1764.104931606934,236.0,1.0,2.5606421593241375,4.7625099151166825,2397.409168699051,2051.847036706066,0.0008061370343892506,0.06053681973318261,0.9386570432324282
327.64880276420655,236.0,1.0,2.5606421593241375,4.7625099151166825,40.387351549515124,3.72915091607175,0.0008061370343892506,0.06053681973318261,0.9386570432324282
1883.1769413934085,236.0,1.0,2.5593511702745477,4.7483836498904415,2558.09700280499,2193.995360232947,0.0008065225027765676,0.07331868175673445,0.9258747957404888
1884.0102207474451,244.0,1.0,3.2487005526854102,7.271320685406007,2527.1167329475766,2193.995360232947,0.0008074864941787241,0.10595775775392463,0.8932347557518966
320.9352441240706,244.0,1.0,3.2462506443267487,7.235248944149065,32.276931489508016,3.72915091607175,0.0008081720091861086,0.12699849536594643,0.8721933326248674
1765.7197932436093,244.0,1.0,3.2462506443267487,7.235248944149065,2369.786723871871,2051.847036706066,0.0008081720091861086,0.12699849536594643,0.8721933326248674
295.4973089145107,244.0,1.0,3.2487005526854102,7.271320685406007,32.82867216580584,3.2639938461785025,0.0008074864941787241,0.10595775775392463,0.8932347557518966
298.06673360311714,236.0,1.0,2.5593511702745477,4.7483836498904415,37.495874265286886,3.2639938461785025,0.0008065225027765676,0.07331868175673445,0.9258747957404888
293.52184547523683,244.0,1.0,3.2462506443267487,7.235248944149065,32.33037060180844,3.2639938461785025,0.0008081720091861086,0.12699849536594643,0.8721933326248674
414.0063808793104,210.0,0.0,1.9431309196358513,3.065820383175518,13.538656339547309,126.15848656551466,0.0008060426553813956,0.03057825987186562,0.9686156974727529
931.257498854703,210.0,0.0,1.9431309196358513,3.065820383175518,28.900326785670398,238.6806495197788,0.0008060426553813956,0.03057825987186562,0.9686156974727529
90.94344719037595,210.0,0.0,1.9431309196358513,3.065820383175518,9494.472225159736,551.8573336951073,0.0008060426553813956,0.03057825987186562,0.9686156974727529
412.1095059087777,209.0,0.0,1.9401180651833643,3.0533227675543833,13.704988724373779,126.15848656551466,0.0008075012084354836,0.05726854134608095,0.9419239574454836
414.48241472094065,192.0,0.0,1.9478703855255952,3.5653996329968227,11.402380912398185,126.15848656551466,0.0008053160132971435,0.03405061031499942,0.9651440736717033
91.0118787292571,192.0,0.0,1.9454164408544987,3.538008366168748,12211.885993339582,551.8573336951073,0.0008061124923756172,0.06308500606216944,0.936108881445455
925.6266718800811,192.0,0.0,1.9454164408544987,3.538008366168748,29.130990728242654,238.6806495197788,0.0008061124923756172,0.06308500606216944,0.936108881445455
166.34795500223908,192.0,0.0,1.9478703855255952,3.5653996329968227,19322.021172189077,1307.4234506715093,0.0008053160132971435,0.03405061031499942,0.9651440736717033
167.24582725405344,209.0,0.0,1.9401180651833643,3.0533227675543833,16689.024150821533,1307.4234506715093,0.0008075012084354836,0.05726854134608095,0.9419239574454836
166.9482926768017,192.0,0.0,1.9454164408544987,3.538008366168748,19327.36337483557,1307.4234506715093,0.0008061124923756172,0.06308500606216944,0.936108881445455
2069.2147865521974,222.0,1.0,2.32583834881562,4.559335479921658,3562.627514937892,2798.0452242381944,0.0008074633759309933,0.08367485315195775,0.9155176834721113
726.1333447308739,222.0,1.0,2.32583834881562,4.559335479921658,1235.1832353606085,928.9396991679689,0.0008074633759309933,0.08367485315195775,0.9155176834721113
2439.4694373928187,222.0,1.0,2.32583834881562,4.559335479921658,1316.6553802650078,1730.1389085251953,0.0008074633759309933,0.08367485315195775,0.9155176834721113
2064.818334071685,222.0,1.0,2.3302891642940176,4.604708973316569,3564.6656691004687,2798.0452242381944,0.0008058745323302114,0.04125130510982591,0.9579428203578437
2068.800396937654,239.0,1.0,2.5328919328112534,4.251043930117157,3529.747107706051,2798.0452242381944,0.0008072689251922998,0.07941936174966706,0.9197733693251405
2446.028590271256,239.0,1.0,2.5375792589177104,4.293419305016998,1330.7751142815516,1730.1389085251953,0.0008057867274465316,0.039328038488444884,0.9598661747841086
725.476894545963,239.0,1.0,2.5375792589177104,4.293419305016998,1246.0141740213626,928.9396991679689,0.0008057867274465316,0.039328038488444884,0.9598661747841086
790.1069406031176,239.0,1.0,2.5328919328112534,4.251043930117157,428.48283281029614,596.6168112995856,0.0008072689251922998,0.07941936174966706,0.9197733693251405
790.848416855846,222.0,1.0,2.3302891642940176,4.604708973316569,432.1843041454355,596.6168112995856,0.0008058745323302114,0.04125130510982591,0.9579428203578437
790.8864912219859,239.0,1.0,2.5375792589177104,4.293419305016998,428.1655424792104,596.6168112995856,0.0008057867274465316,0.039328038488444884,0.9598661747841086
1792.7291739866762,227.0,1.0,2.582555422858065,4.314406909644307,104.74408745250616,85.92608135733558,0.0008053315695373991,0.02438794953414633,0.9748067188963163
445.4032880209721,227.0,1.0,2.582555422858065,4.314406909644307,39.41762655676484,40.80098427119258,0.0008053315695373991,0.02438794953414633,0.9748067188963163
1926.0926581891536,227.0,1.0,2.582555422858065,4.314406909644307,168.82213537934365,65.9084177914722,0.0008053315695373991,0.02438794953414633,0.9748067188963163
1753.8846222213724,227.0,1.0,2.576437911426945,4.2636478318614435,104.73441080653868,85.92608135733558,0.0008070628804216065,0.06871020846737198,0.9304827286522064
1780.3579762259835,254.0,1.0,3.3472533052571367,6.5924903505672905,203.7931486494428,85.92608135733558,0.0008055568871599153,0.039247158968838514,0.9599472841440014
1808.8666041666684,254.0,1.0,3.335028982040598,6.478012471001373,173.90736702280742,65.9084177914722,0.0008077451435695146,0.10844852915366344,0.890743725702767
435.46597496353695,254.0,1.0,3.335028982040598,6.478012471001373,8.559402499708067,40.80098427119258,0.0008077451435695146,0.10844852915366344,0.890743725702767
429.7931984769281,254.0,1.0,3.3472533052571367,6.5924903505672905,36.429239952520476,12.445967170755516,0.0008055568871599153,0.039247158968838514,0.9599472841440014
423.494527684012,227.0,1.0,2.576437911426945,4.2636478318614435,56.01397244265658,12.445967170755516,0.0008070628804216065,0.06871020846737198,0.9304827286522064
417.01418244930943,254.0,1.0,3.335028982040598,6.478012471001373,31.29378389688269,12.445967170755516,0.0008077451435695146,0.10844852915366344,0.890743725702767
74.37581573021822,213.0,1.0,2.0698958397439338,3.4231005605175455,5827.450125103933,371.6343809563665,0.0008057242210227853,0.04460932766076987,0.9545849481182074
219.08552132002626,213.0,1.0,2.0698958397439338,3.4231005605175455,15111.19447978325,1631.481571216642,0.0008057242210227853,0.04460932766076987,0.9545849481182074
124.70760063897085,213.0,1.0,2.0698958397439338,3.4231005605175455,1738.3076107472302,366.79437597824153,0.0008057242210227853,0.04460932766076987,0.9545849481182074
74.24306113889432,214.0,1.0,2.072751051401179,3.442621429734304,5846.981416199344,371.6343809563665,0.0008048540533999429,0.014813337085190658,0.9843818088614094
74.56508261065564,234.0,1.0,2.54950991066654,3.8638156804417156,5631.56988750863,371.6343809563665,0.0008070721859606757,0.06479711917183445,0.9343958086422048
124.59199625975238,234.0,1.0,2.5556677781287087,3.910391429982409,1751.7035281367696,366.79437597824153,0.0008052956937392491,0.02194554652027157,0.977249157785989
218.39666161016805,234.0,1.0,2.5556677781287087,3.910391429982409,12671.186693259615,1631.481571216642,0.0008052956937392491,0.02194554652027157,0.977249157785989
373.98495802244685,234.0,1.0,2.54950991066654,3.8638156804417156,4724.323285486906,1448.2530568475156,0.0008070721859606757,0.06479711917183445,0.9343958086422048
370.7026540163404,214.0,1.0,2.072751051401179,3.442621429734304,5310.750058426766,1448.2530568475156,0.0008048540533999429,0.014813337085190658,0.9843818088614094
371.19903478632,234.0,1.0,2.5556677781287087,3.910391429982409,4734.848257370447,1448.2530568475156,0.0008052956937392491,0.02194554652027157,0.977249157785989
244.85101431858385,234.0,1.0,2.535689995868453,4.636315813458473,33.743258690735125,20.327748034357157,0.0008083463581515139,0.09172659221943696,0.9074650614224117
2069.460062922706,234.0,1.0,2.535689995868453,4.636315813458473,145.53327801081605,118.33531072014625,0.0008083463581515139,0.09172659221943696,0.9074650614224117
90.89922185136916,234.0,1.0,2.535689995868453,4.636315813458473,4339.0439671720105,435.3469923565668,0.0008083463581515139,0.09172659221943696,0.9074650614224117
247.39401454107804,234.0,1.0,2.5390996358877653,4.663945346241848,34.5102212198859,20.327748034357157,0.0008073160913538199,0.06890326456719786,0.9302894193414483
243.85124890418768,245.0,1.0,3.0809380115815515,5.351428887998316,37.83327394545451,20.327748034357157,0.0008080464658767388,0.10680167509752755,0.8923902784365957
90.68228086634879,245.0,1.0,3.0853587907156204,5.391378748427732,4805.936020472954,435.3469923565668,0.0008070985033090703,0.08083898373642295,0.9183539177602679
2092.374614889363,245.0,1.0,3.0853587907156204,5.391378748427732,170.56225324523533,118.33531072014625,0.0008070985033090703,0.08083898373642295,0.9183539177602679
352.77185469348984,245.0,1.0,3.0809380115815515,5.351428887998316,13147.949270358511,2813.8299195390373,0.0008080464658767388,0.10680167509752755,0.8923902784365957
350.0576559779014,234.0,1.0,2.5390996358877653,4.663945346241848,14611.398716788199,2813.8299195390373,0.0008073160913538199,0.06890326456719786,0.9302894193414483
350.7790620372251,245.0,1.0,3.0853587907156204,5.391378748427732,13157.275073251283,2813.8299195390373,0.0008070985033090703,0.08083898373642295,0.9183539177602679
250.40160707944577,223.0,1.0,2.437933739019541,3.9781210067863895,9374.819209704508,1452.4728356982014,0.0008055748238147149,0.042119376979413724,0.9570750481967715
124.15754993695016,223.0,1.0,2.437933739019541,3.9781210067863895,5053.559829348198,556.1644870690255,0.0008055748238147149,0.042119376979413724,0.9570750481967715
999.4358692686809,223.0,1.0,2.437933739019541,3.9781210067863895,53.57476126764241,80.77420338960388,0.0008055748238147149,0.042119376979413724,0.9570750481967715
249.85466927446842,223.0,1.0,2.4394453001715504,3.9895688484088794,9377.306810937098,1452.4728356982014,0.0008051899819877883,0.02823062351573668,0.9709641865022753
250.752771299269,225.0,1.0,2.4765844096201026,4.455967807428711,7752.919263566153,1452.4728356982014,0.0008062209805532309,0.04922657219607189,0.949967206823375
1003.0199055559435,225.0,1.0,2.4785352610141467,4.474611731521688,55.53229551059032,80.77420338960388,0.0008056201431033638,0.03313912528795673,0.9660552545689397
124.11165981680219,225.0,1.0,2.4785352610141467,4.474611731521688,4080.057950098424,556.1644870690255,0.0008056201431033638,0.03313912528795673,0.9660552545689397
366.7551199986476,225.0,1.0,2.4765844096201026,4.455967807428711,26.48624695985273,43.337180282669095,0.0008062209805532309,0.04922657219607189,0.949967206823375
368.62544792536056,223.0,1.0,2.4394453001715504,3.9895688484088794,24.256322991803316,43.337180282669095,0.0008051899819877883,0.02823062351573668,0.9709641865022753
368.1258459980079,225.0,1.0,2.4785352610141467,4.474611731521688,26.812261578511603,43.337180282669095,0.0008056201431033638,0.03313912528795673,0.9660552545689397
957.2093830636163,234.0,1.0,2.5656482017175293,5.274873565126254,287.93855310895174,486.6533217651932,0.0008069993178930949,0.07401525621598284,0.9251777444661239
487.30009687962155,234.0,1.0,2.5656482017175293,5.274873565126254,147.60755122249628,266.7134613100004,0.0008069993178930949,0.07401525621598284,0.9251777444661239
562.2550826292673,234.0,1.0,2.5656482017175293,5.274873565126254,54.70151651760273,33.02910392445779,0.0008069993178930949,0.07401525621598284,0.9251777444661239
955.2053295728294,234.0,1.0,2.5632192772857274,5.24884584035243,289.64197196542517,486.6533217651932,0.000807746879706035,0.09392929174001781,0.9052629613802763
958.7949427308165,220.0,1.0,2.460769213949624,4.116807797361846,271.5219329755768,486.6533217651932,0.0008066287790473808,0.0543241912765677,0.9448691799443849
562.6946585949578,220.0,1.0,2.458781352499696,4.101058844947415,60.552403420230014,33.02910392445779,0.000807272281623914,0.06930879923253765,0.9298839284858385
487.2020532283848,220.0,1.0,2.458781352499696,4.101058844947415,149.50368628546784,266.7134613100004,0.000807272281623914,0.06930879923253765,0.9298839284858385
230.73104249480232,220.0,1.0,2.460769213949624,4.116807797361846,32.24502123671721,16.287344618064267,0.0008066287790473808,0.0543241912765677,0.9448691799443849
227.82054522684047,234.0,1.0,2.5632192772857274,5.24884584035243,30.757029616156093,16.287344618064267,0.000807746879706035,0.09392929174001781,0.9052629613802763
229.3644708837689,220.0,1.0,2.458781352499696,4.101058844947415,31.60497055999928,16.287344618064267,0.000807272281623914,0.06930879923253765,0.9298839284858385
209.7014518328166,237.0,1.0,2.7425213636628167,4.851613188046767,2716.9640214960705,672.4977829241468,0.000805678086073607,0.041000076800565714,0.9581942451133606
244.76541639887708,237.0,1.0,2.7425213636628167,4.851613188046767,3117.7147412624095,818.4598944920965,0.000805678086073607,0.041000076800565714,0.9581942451133606
1381.9802760623356,237.0,1.0,2.7425213636628167,4.851613188046767,2273.73723514859,1777.2624851906087,0.000805678086073607,0.041000076800565714,0.9581942451133606
209.98335923057226,237.0,1.0,2.740826498995587,4.835912809321555,2716.6989217392816,672.4977829241468,0.0008061053861025332,0.05440495422694681,0.9447889403869506
209.98459692825008,252.0,1.0,2.8801724999631078,5.111191028460844,2370.29750937515,672.4977829241468,0.0008064489304661047,0.04560213123655541,0.9535914198329785
1383.1956844265646,252.0,1.0,2.877364843822151,5.091736817208864,2173.0286861604545,1777.2624851906087,0.0008071488623059852,0.060783814279612824,0.9384090368580811
245.6096942274497,252.0,1.0,2.877364843822151,5.091736817208864,2766.287734297659,818.4598944920965,0.0008071488623059852,0.060783814279612824,0.9384090368580811
1640.7616054681248,252.0,1.0,2.8801724999631078,5.111191028460844,2592.2691085019383,2128.878866429886,0.0008064489304661047,0.04560213123655541,0.9535914198329785
1640.9287765880833,237.0,1.0,2.740826498995587,4.835912809321555,2697.3211398108097,2128.878866429886,0.0008061053861025332,0.05440495422694681,0.9447889403869506
1641.7429280040665,252.0,1.0,2.877364843822151,5.091736817208864,2588.625023061626,2128.878866429886,0.0008071488623059852,0.060783814279612824,0.9384090368580811
346.5185621164529,251.0,1.0,3.5194314970840646,7.26861349904168,21.477626346636615,2.956423384472428,0.0008069398171407164,0.10434522111178293,0.8948478390710763
223.39077131629605,251.0,1.0,3.5194314970840646,7.26861349904168,21.9292024653515,1.3475373578921386,0.0008069398171407164,0.10434522111178293,0.8948478390710763
262.0127575877339,251.0,1.0,3.5194314970840646,7.26861349904168,1574.45180276666,626.9140288290952,0.0008069398171407164,0.10434522111178293,0.8948478390710763
346.61513634820227,251.0,1.0,3.519520461445392,7.27007839100865,21.545827577580297,2.956423384472428,0.0008069175546824477,0.10350821907705607,0.8956848633682616
349.3470802188279,229.0,1.0,2.8295245726256577,4.792980516370856,39.44792741493715,2.956423384472428,0.0008061924117573518,0.07068762428376213,0.9285061833044804
261.551864024282,229.0,1.0,2.829587302242664,4.793630928969667,1863.3209523016749,626.9140288290952,0.0008061768300595408,0.07010160727434624,0.9290922158955942
224.59570938192905,229.0,1.0,2.829587302242664,4.793630928969667,29.045379954028846,1.3475373578921386,0.0008061768300595408,0.07010160727434624,0.9290922158955942
194.83327439993306,229.0,1.0,2.8295245726256577,4.792980516370856,1440.07038532757,445.78901377431,0.0008061924117573518,0.07068762428376213,0.9285061833044804
195.05325801292332,251.0,1.0,3.519520461445392,7.27007839100865,1226.522068969105,445.78901377431,0.0008069175546824477,0.10350821907705607,0.8956848633682616
194.82743873260557,229.0,1.0,2.829587302242664,4.793630928969667,1440.1837090039855,445.78901377431,0.0008061768300595408,0.07010160727434624,0.9290922158955942
112.60818888741593,201.0,1.0,2.0634099034331497,3.186723976496074,17872.385619202036,887.3946383624343,0.0008052068778040135,0.022465720856137412,0.9767290722660585
147.95840817356122,201.0,1.0,2.0634099034331497,3.186723976496074,22462.729456810626,1335.1363568871684,0.0008052068778040135,0.022465720856137412,0.9767290722660585
501.3665601546282,201.0,1.0,2.0634099034331497,3.186723976496074,55.765603915891504,14.353451641266085,0.0008052068778040135,0.022465720856137412,0.9767290722660585
112.66539995137674,201.0,1.0,2.062965633166152,3.1827926166324505,17846.177635418466,887.3946383624343,0.0008053811434704066,0.02743261213811219,0.9717620067184172
112.57018499745516,219.0,1.0,2.2370183293748696,4.087716046411643,23237.893823045473,887.3946383624343,0.0008049739329575344,0.02453053745144324,0.9746644886155993
500.5268151719561,219.0,1.0,2.236593529557511,4.083766596135592,52.823959244212276,14.353451641266085,0.000805096320164074,0.029977248500884915,0.9692176551789511
148.00400871197274,219.0,1.0,2.236593529557511,4.083766596135592,27158.10641728226,1335.1363568871684,0.000805096320164074,0.029977248500884915,0.9692176551789511
751.5473039296079,219.0,1.0,2.2370183293748696,4.087716046411643,70.73090437573907,15.305025307756079,0.0008049739329575344,0.02453053745144324,0.9746644886155993
750.0897175227879,201.0,1.0,2.062965633166152,3.1827926166324505,75.5293848215029,15.305025307756079,0.0008053811434704066,0.02743261213811219,0.9717620067184172
749.8493395039939,219.0,1.0,2.236593529557511,4.083766596135592,70.60576419012361,15.305025307756079,0.000805096320164074,0.029977248500884915,0.9692176551789511
1360.3059347693807,225.0,1.0,2.4771274784780353,4.43889007233311,65.59859178741398,102.2111062387196,0.000806370893452209,0.07358728241277422,0.9256063466937735
1156.1181647134472,225.0,1.0,2.4771274784780353,4.43889007233311,58.059265898456005,93.07345741988472,0.000806370893452209,0.07358728241277422,0.9256063466937735
1886.620360539197,225.0,1.0,2.4771274784780353,4.43889007233311,369.5315931717145,726.7149859992492,0.000806370893452209,0.07358728241277422,0.9256063466937735
1358.5973845154085,225.0,1.0,2.4768269479066336,4.435787288962357,65.52689784558923,102.2111062387196,0.0008064492384463028,0.07635887390745325,0.9228346768541004
1352.2682402351406,235.0,1.0,2.8924291743984734,4.860705889522104,51.37994370201656,102.2111062387196,0.0008074251845913334,0.08592057279817596,0.9132720020172328
1880.4363248356801,235.0,1.0,2.891982051426183,4.85666821082146,392.493486930642,726.7149859992492,0.0008075464967734893,0.08914167731193595,0.9100507761912906
1147.8294496279188,235.0,1.0,2.891982051426183,4.85666821082146,45.39034481583658,93.07345741988472,0.0008075464967734893,0.08914167731193595,0.9100507761912906
1619.1593840106686,235.0,1.0,2.8924291743984734,4.860705889522104,338.77345222394746,639.3902274506797,0.0008074251845913334,0.08592057279817596,0.9132720020172328
1622.4718475854042,225.0,1.0,2.4768269479066336,4.435787288962357,317.8249405734114,639.3902274506797,0.0008064492384463028,0.07635887390745325,0.9228346768541004
1618.1669218262684,235.0,1.0,2.891982051426183,4.85666821082146,338.61079453700023,639.3902274506797,0.0008075464967734893,0.08914167731193595,0.9100507761912906
317.50109365340165,204.0,1.0,2.1102082689842727,3.3541359803381328,1281.3290600990345,587.8653671022208,0.0008052917227101418,0.03155228986337747,0.9676424184139124
392.14788001614176,204.0,1.0,2.1102082689842727,3.3541359803381328,1583.8352673041604,745.193816156425,0.0008052917227101418,0.03155228986337747,0.9676424184139124
71.63642211874789,204.0,1.0,2.1102082689842727,3.3541359803381328,21582.704110489187,513.8144883686999,0.0008052917227101418,0.03155228986337747,0.9676424184139124
317.53081009983697,204.0,1.0,2.1100268639381383,3.352456703564977,1281.1334910010269,587.8653671022208,0.0008053496420768892,0.03362738569623077,0.9655672646616923
317.88557308413317,222.0,1.0,2.35956318703256,4.825648431447449,1197.0761039845875,587.8653671022208,0.000806115090004854,0.05630310691031744,0.9428907779996777
71.77834825503061,222.0,1.0,2.359177582684029,4.821647536845134,14034.496083981077,513.8144883686999,0.0008062280039964652,0.05989180621602824,0.9393019657799753
392.82212588370027,222.0,1.0,2.359177582684029,4.821647536845134,1484.8818966950944,745.193816156425,0.0008062280039964652,0.05989180621602824,0.9393019657799753
87.69461298898494,222.0,1.0,2.35956318703256,4.825648431447449,16227.096698952675,673.5248444797479,0.000806115090004854,0.05630310691031744,0.9428907779996777
87.53227615844423,204.0,1.0,2.1100268639381383,3.352456703564977,24496.515577289312,673.5248444797479,0.0008053496420768892,0.03362738569623077,0.9655672646616923
87.7198238151406,222.0,1.0,2.359177582684029,4.821647536845134,16234.655813372192,673.5248444797479,0.0008062280039964652,0.05989180621602824,0.9393019657799753
788.4080557106618,235.0,1.0,2.8760330986649736,4.939953167429721,391.2129732372067,570.1008970250294,0.0008054955746013307,0.03484968950372833,0.9643448149216702
946.4224470409383,235.0,1.0,2.8760330986649736,4.939953167429721,471.19041073718256,677.5771592252033,0.0008054955746013307,0.03484968950372833,0.9643448149216702
334.2638106100628,235.0,1.0,2.8760330986649736,4.939953167429721,1111.1209276726945,571.775289119805,0.0008054955746013307,0.03484968950372833,0.9643448149216702
786.8673940127461,235.0,1.0,2.8672287726309014,4.861327322795362,391.42223360931115,570.1008970250294,0.0008077170276537814,0.10135067695801794,0.897841606014328
788.3721451721348,245.0,1.0,2.830961881145568,5.259645048141545,394.31518847625273,570.1008970250294,0.0008056102226884459,0.036502381272354015,0.9626920085049574
335.2784379522833,245.0,1.0,2.8217333071232837,5.166854327068389,1088.3584630416224,571.775289119805,0.0008080720364609352,0.10585753430319927,0.8933343936603397
944.0553715245117,245.0,1.0,2.8217333071232837,5.166854327068389,474.304505395265,677.5771592252033,0.0008080720364609352,0.10585753430319927,0.8933343936603397
393.2650843626261,245.0,1.0,2.830961881145568,5.259645048141545,1275.4018619236838,683.4243713463727,0.0008056102226884459,0.036502381272354015,0.9626920085049574
394.55796663626637,235.0,1.0,2.8672287726309014,4.861327322795362,1295.766581520586,683.4243713463727,0.0008077170276537814,0.10135067695801794,0.897841606014328
394.6505707442601,245.0,1.0,2.8217333071232837,5.166854327068389,1275.1608055814088,683.4243713463727,0.0008080720364609352,0.10585753430319927,0.8933343936603397
824.9190592029628,211.0,1.0,2.1831116608449848,3.310987983062502,7150.128507543619,2820.937499788957,0.0008061570520307102,0.04124933408985491,0.9579445088581143
807.1680330741472,211.0,1.0,2.1831116608449848,3.310987983062502,6983.300779894978,2747.7259213376137,0.0008061570520307102,0.04124933408985491,0.9579445088581143
2655.287272047805,211.0,1.0,2.1831116608449848,3.310987983062502,205.90221060863558,149.50306266461212,0.0008061570520307102,0.04124933408985491,0.9579445088581143
822.6983077052278,211.0,1.0,2.1847437016659854,3.3197128142229735,7154.5062436624185,2820.937499788957,0.0008055892352125604,0.027923498131149336,0.971270912633638
830.5366751238907,229.0,1.0,2.699405359265147,4.739135752084588,5960.125411916546,2820.937499788957,0.0008071729642751969,0.07585142015168529,0.9233414068840393
2628.0835541683036,229.0,1.0,2.702526693686915,4.76596839366648,184.5626161576257,149.50306266461212,0.0008062685110874527,0.051890734194860115,0.9473029972940524
808.6322742137288,229.0,1.0,2.702526693686915,4.76596839366648,5823.0180177515895,2747.7259213376137,0.0008062685110874527,0.051890734194860115,0.9473029972940524
2488.9341512722626,229.0,1.0,2.699405359265147,4.739135752084588,175.77787052184317,145.63174769761082,0.0008071729642751969,0.07585142015168529,0.9233414068840393
2613.4893458182805,211.0,1.0,2.1847437016659854,3.3197128142229735,201.9081385277398,145.63174769761082,0.0008055892352125604,0.027923498131149336,0.971270912633638
2552.19277360468,229.0,1.0,2.702526693686915,4.76596839366648,180.25319735017572,145.63174769761082,0.0008062685110874527,0.051890734194860115,0.9473029972940524
665.9920050070597,196.0,0.0,1.9900112119805948,3.4602821591009225,78.3501635766832,31.195757817868795,0.0008053004938454542,0.030495015168409807,0.9686996843377448
515.1831085151613,196.0,0.0,1.9900112119805948,3.4602821591009225,65.22102453506093,24.77429644221185,0.0008053004938454542,0.030495015168409807,0.9686996843377448
726.4345064367551,196.0,0.0,1.9900112119805948,3.4602821591009225,3.397426756895476,160.3964020991307,0.0008053004938454542,0.030495015168409807,0.9686996843377448
658.41972255885,196.0,0.0,1.9883194751463829,3.4428435614986967,78.31308400711754,31.195757817868795,0.0008058895465528251,0.05038757023000578,0.9488065402234415
651.3630290646369,253.0,1.0,3.4419439668048373,6.419566449078071,29.14518150042322,31.195757817868795,0.0008067560824418974,0.06978608857785198,0.9294071553397062
712.8111686395075,253.0,1.0,3.4364443754737604,6.354861715394051,71.57112241273902,160.3964020991307,0.0008083409383839707,0.11280043234908302,0.886391226712533
493.3660954019071,253.0,1.0,3.4364443754737604,6.354861715394051,33.690286480684925,24.77429644221185,0.0008083409383839707,0.11280043234908302,0.886391226712533
580.8042868878731,253.0,1.0,3.4419439668048373,6.419566449078071,40.677215282345266,136.34617918230086,0.0008067560824418974,0.06978608857785198,0.9294071553397062
583.0083769268101,196.0,0.0,1.9883194751463829,3.4428435614986967,3.151655025008121,136.34617918230086,0.0008058895465528251,0.05038757023000578,0.9488065402234415
575.6084597282471,253.0,1.0,3.4364443754737604,6.354861715394051,42.36909712977992,136.34617918230086,0.0008083409383839707,0.11280043234908302,0.886391226712533
135.76469328191072,210.0,1.0,2.0208227922549815,3.1785109881471834,3857.576153884882,488.9090763999752,0.0008059854982353117,0.04964895145132916,0.9495450630504353
126.13568953888901,210.0,1.0,2.0208227922549815,3.1785109881471834,3644.1465010321886,446.605547826078,0.0008059854982353117,0.04964895145132916,0.9495450630504353
121.96173797516673,210.0,1.0,2.0208227922549815,3.1785109881471834,4951.3597477891735,488.98583070209395,0.0008059854982353117,0.04964895145132916,0.9495450630504353
135.38376346275749,210.0,1.0,2.0244553102646194,3.202188809822531,3871.213366108642,488.9090763999752,0.0008049459644708526,0.016720351584379105,0.9824747024511499
136.96104953494614,244.0,1.0,3.4539624261714836,6.761981213866428,2645.097328231548,488.9090763999752,0.000809431937534251,0.15654118051182037,0.8426493875506454
121.97347672599115,244.0,1.0,3.466748869059014,6.931189733819855,3249.64034903558,488.98583070209395,0.0008060887377757791,0.05714906570069318,0.9420448455615311
126.1484039367636,244.0,1.0,3.466748869059014,6.931189733819855,2503.908304535071,446.605547826078,0.0008060887377757791,0.05714906570069318,0.9420448455615311
114.28567907808363,244.0,1.0,3.4539624261714836,6.761981213866428,3061.0729223834505,446.3142910462831,0.000809431937534251,0.15654118051182037,0.8426493875506454
113.04962859599729,210.0,1.0,2.0244553102646194,3.202188809822531,4708.366166148192,446.3142910462831,0.0008049459644708526,0.016720351584379105,0.9824747024511499
113.35789352636901,244.0,1.0,3.466748869059014,6.931189733819855,3073.61876268901,446.3142910462831,0.0008060887377757791,0.05714906570069318,0.9420448455615311
2380.3188156199285,251.0,1.0,3.4272761746580347,7.648709517945535,1854.7543909716521,2095.6917924786517,0.0008088693043976982,0.1338540831612935,0.8653370475343087
8213.238403414078,251.0,1.0,3.4272761746580347,7.648709517945535,6837.323979304325,7001.526291963684,0.0008088693043976982,0.1338540831612935,0.8653370475343087
81.8950568324864,251.0,1.0,3.4272761746580347,7.648709517945535,14440.510754044137,582.0131584415095,0.0008088693043976982,0.1338540831612935,0.8653370475343087
2380.4467268439216,251.0,1.0,3.427815284998837,7.655344076890691,1854.7350331635707,2095.6917924786517,0.0008087310774176101,0.13016930607252916,0.8690219628500533
2382.8749525498815,175.0,0.0,1.7875555403450363,2.466749072826642,1826.1608531009397,2095.6917924786517,0.0008064262872459525,0.036015625781525916,0.9631779479312281
81.40176909504396,175.0,0.0,1.7876982763639802,2.4673423571951374,13967.846915651435,582.0131584415095,0.0008063642264221359,0.034917822693665335,0.9642758130799125
8238.656020362087,175.0,0.0,1.7876982763639802,2.4673423571951374,6190.749947623865,7001.526291963684,0.0008063642264221359,0.034917822693665335,0.9642758130799125
237.6706767031043,175.0,0.0,1.7875555403450363,2.466749072826642,39437.866952049284,2848.629024567459,0.0008064262872459525,0.036015625781525916,0.9631779479312281
240.8604926390099,251.0,1.0,3.427815284998837,7.655344076890691,23024.20900869475,2848.629024567459,0.0008087310774176101,0.13016930607252916,0.8690219628500533
237.62532036071948,175.0,0.0,1.7876982763639802,2.4673423571951374,39439.44590593178,2848.629024567459,0.0008063642264221359,0.034917822693665335,0.9642758130799125
442.3184237157775,249.0,1.0,3.134877301568657,5.9753187676369075,2431.087664746014,1095.6249657405294,0.0008059002512987759,0.04093647177704237,0.9582576279716588
263.6831018584249,249.0,1.0,3.134877301568657,5.9753187676369075,1484.608748208163,592.2510159442772,0.0008059002512987759,0.04093647177704237,0.9582576279716588
1104.6488472487297,249.0,1.0,3.134877301568657,5.9753187676369075,272.2948119768073,515.1990231394248,0.0008059002512987759,0.04093647177704237,0.9582576279716588
442.14460867272396,249.0,1.0,3.1354356093501132,5.9806041371334455,2431.3983346467926,1095.6249657405294,0.0008057705068777941,0.03742548934782944,0.9617687401452929
442.265000946534,245.0,1.0,3.131763887455565,5.754711741396775,2424.6665647778555,1095.6249657405294,0.0008057540094664573,0.04024760945902047,0.958946636531513
1105.2003185538615,245.0,1.0,3.132288317121301,5.759770993149013,272.90524543803105,515.1990231394248,0.0008056372325484283,0.03679381532810868,0.9624005474393429
263.5812876839119,245.0,1.0,3.132288317121301,5.759770993149013,1478.6320090170173,592.2510159442772,0.0008056372325484283,0.03679381532810868,0.9624005474393429
587.8639035340418,245.0,1.0,3.131763887455565,5.754711741396775,143.65828875288793,297.42780358739475,0.0008057540094664573,0.04024760945902047,0.958946636531513
587.956125149326,249.0,1.0,3.1354356093501132,5.9806041371334455,140.83518940005519,297.42780358739475,0.0008057705068777941,0.03742548934782944,0.9617687401452929
588.0159833144683,245.0,1.0,3.132288317121301,5.759770993149013,143.55773668813325,297.42780358739475,0.0008056372325484283,0.03679381532810868,0.9624005474393429
2055.582743369369,241.0,1.0,2.7768809270341848,4.667514421454724,179.2227233606739,112.54531197912344,0.0008081571727638552,0.09707576894134962,0.9021160738858865
243.0879674214365,241.0,1.0,2.7768809270341848,4.667514421454724,38.99942993065706,18.117604293137028,0.0008081571727638552,0.09707576894134962,0.9021160738858865
1793.1502122709824,241.0,1.0,2.7768809270341848,4.667514421454724,141.30041314400495,9.686625436724785,0.0008081571727638552,0.09707576894134962,0.9021160738858865
2051.591386565469,241.0,1.0,2.7766322810314064,4.66554808396439,179.22228940185613,112.54531197912344,0.0008082418241052893,0.09910649170498473,0.90008526647091
1982.1360935210387,254.0,1.0,3.309821929985061,6.463813841383781,158.81900246231163,112.54531197912344,0.0008095390962240429,0.1358972625207467,0.8632931983830293
1744.8033572401862,254.0,1.0,3.309275083972475,6.458666436023569,177.38030296695655,9.686625436724785,0.0008096553649815333,0.13860648938710185,0.8605838552479167
239.73011508858173,254.0,1.0,3.309275083972475,6.458666436023569,35.34267996583666,18.117604293137028,0.0008096553649815333,0.13860648938710185,0.8605838552479167
245.53477198891224,254.0,1.0,3.309821929985061,6.463813841383781,28.428779457529476,6.696813907121391,0.0008095390962240429,0.1358972625207467,0.8632931983830293
247.46230662751378,241.0,1.0,2.7766322810314064,4.66554808396439,33.089145459888066,6.696813907121391,0.0008082418241052893,0.09910649170498473,0.90008526647091
245.34492201457599,254.0,1.0,3.309275083972475,6.458666436023569,28.396975531565662,6.696813907121391,0.0008096553649815333,0.13860648938710185,0.8605838552479167
99.0548280564774,254.0,1.0,3.320426287626713,6.5654235826576866,2702.3538253138317,385.8008742130975,0.0008073060542870804,0.0807390212632483,0.9184536726824647
194.59929080119056,254.0,1.0,3.320426287626713,6.5654235826576866,4553.978125472156,923.5296336412233,0.0008073060542870804,0.0807390212632483,0.9184536726824647
176.85389227198706,254.0,1.0,3.320426287626713,6.5654235826576866,1244.8686690882835,423.0606276283698,0.0008073060542870804,0.0807390212632483,0.9184536726824647
98.97543563663281,254.0,1.0,3.322294464526218,6.58368687496333,2707.9938503861686,385.8008742130975,0.0008069168642957374,0.07047684185049816,0.928716241285206
98.87988771686362,224.0,1.0,2.4616246229744942,4.598777539430409,2910.1657600711983,385.8008742130975,0.0008064572731498505,0.05076862888566529,0.948424913841185
176.51289799649936,224.0,1.0,2.4624014082382875,4.605398065570109,1308.1161220580063,423.0606276283698,0.0008061832385285249,0.04413408981687877,0.9550597269445927
193.7131328873877,224.0,1.0,2.4624014082382875,4.605398065570109,5352.029626309068,923.5296336412233,0.0008061832385285249,0.04413408981687877,0.9550597269445927
353.72960895499926,224.0,1.0,2.4616246229744942,4.598777539430409,2607.7196928379294,969.5421522430324,0.0008064572731498505,0.05076862888566529,0.948424913841185
354.42255262780657,254.0,1.0,3.322294464526218,6.58368687496333,2316.573476931161,969.5421522430324,0.0008069168642957374,0.07047684185049816,0.928716241285206
353.44221133509126,224.0,1.0,2.4624014082382875,4.605398065570109,2609.3532570028847,969.5421522430324,0.0008061832385285249,0.04413408981687877,0.9550597269445927
247.5947563834251,237.0,1.0,3.0088818570186264,6.1347710158674085,36.79766586327769,8.480178316008026,0.0008063788168710759,0.0581362585235925,0.9410573626595363
858.9076736296572,237.0,1.0,3.0088818570186264,6.1347710158674085,86.30885828800669,29.449902923894438,0.0008063788168710759,0.0581362585235925,0.9410573626595363
117.91451741785401,237.0,1.0,3.0088818570186264,6.1347710158674085,2498.7737037168545,429.4426440723496,0.0008063788168710759,0.0581362585235925,0.9410573626595363
243.26250611959992,237.0,1.0,3.001459771300931,6.060244451512213,36.45239938988049,8.480178316008026,0.0008083760388676691,0.11213354227857628,0.8870580816825561
248.49663327699082,243.0,1.0,3.3120669105864837,5.3345484696213985,36.889795101169796,8.480178316008026,0.0008056685397777546,0.04858334001455561,0.9506109914456665
118.13229378626924,243.0,1.0,3.3058931803652287,5.269447829760577,3111.193085960734,429.4426440723496,0.0008069353327363903,0.09407490192077106,0.9051181627464924
839.60713590093,243.0,1.0,3.3058931803652287,5.269447829760577,87.25100712066964,29.449902923894438,0.0008069353327363903,0.09407490192077106,0.9051181627464924
258.5897727207279,243.0,1.0,3.3120669105864837,5.3345484696213985,5553.522678684781,1198.7234175468043,0.0008056685397777546,0.04858334001455561,0.9506109914456665
261.3350461137063,237.0,1.0,3.001459771300931,6.060244451512213,5061.564615173898,1198.7234175468043,0.0008083760388676691,0.11213354227857628,0.8870580816825561
260.41816171968816,243.0,1.0,3.3058931803652287,5.269447829760577,5556.511231300956,1198.7234175468043,0.0008069353327363903,0.09407490192077106,0.9051181627464924
206.61234742164362,239.0,1.0,2.473959076160406,4.081735393540672,36393.19788364675,2561.2839793736657,0.0008065393336534876,0.049943846554606215,0.9492496141117404
59.483360232615894,239.0,1.0,2.473959076160406,4.081735393540672,15986.11428057018,420.6767993542575,0.0008065393336534876,0.049943846554606215,0.9492496141117404
1451.0830668795966,239.0,1.0,2.473959076160406,4.081735393540672,81.82742169222773,344.51279430382726,0.0008065393336534876,0.049943846554606215,0.9492496141117404
206.3904469371591,239.0,1.0,2.4751001546983944,4.08906843980952,36321.00857594804,2561.2839793736657,0.0008062170991185825,0.0425666282825521,0.9566271546183293
206.49999306750607,231.0,1.0,2.3874524637769077,3.1428996327607726,41259.65138448403,2561.2839793736657,0.0008068415568602404,0.03934399210722856,0.9598491663359111
1456.7466067185023,231.0,1.0,2.388352575112317,3.146172242311641,69.37147812533676,344.51279430382726,0.0008064717999880315,0.033412826063555376,0.9657807021364566
59.47641572364355,231.0,1.0,2.388352575112317,3.146172242311641,14106.921612251777,420.6767993542575,0.0008064717999880315,0.033412826063555376,0.9657807021364566
286.6810669646604,231.0,1.0,2.3874524637769077,3.1428996327607726,20.124452423236892,94.63621835180128,0.0008068415568602404,0.03934399210722856,0.9598491663359111
287.01507529519137,239.0,1.0,2.4751001546983944,4.08906843980952,14.018720769477596,94.63621835180128,0.0008062170991185825,0.0425666282825521,0.9566271546183293
286.9294837886149,231.0,1.0,2.388352575112317,3.146172242311641,19.77810223921468,94.63621835180128,0.0008064717999880315,0.033412826063555376,0.9657807021364566
572.10589080413,255.0,1.0,3.688470350743858,8.131487999287595,44.79963864910766,99.14086818172478,0.000807790075875301,0.10431476499609549,0.8948774449280293
461.38516472942945,255.0,1.0,3.688470350743858,8.131487999287595,21.571930214453303,84.7930102489993,0.000807790075875301,0.10431476499609549,0.8948774449280293
595.9806002317243,255.0,1.0,3.688470350743858,8.131487999287595,12.198299443622645,47.05878121067803,0.000807790075875301,0.10431476499609549,0.8948774449280293
569.9604780238136,255.0,1.0,3.6863275738143644,8.104008313386863,46.47108842715568,99.14086818172478,0.0008083319939744844,0.11935634089164386,0.8798353271143816
579.9499197666094,218.0,1.0,2.2522869383041404,3.6167702199581084,21.18044908555859,99.14086818172478,0.000806085287399523,0.040376848361222586,0.958817066351378
618.2325501719323,218.0,1.0,2.251484312970052,3.6109781788421262,70.95035587425087,47.05878121067803,0.0008063500561055665,0.046602136196573656,0.9525915137473207
466.06379046773634,218.0,1.0,2.251484312970052,3.6109781788421262,18.482944937335052,84.7930102489993,0.0008063500561055665,0.046602136196573656,0.9525915137473207
472.34690105727617,218.0,1.0,2.2522869383041404,3.6167702199581084,59.330549960105344,38.719337394760636,0.000806085287399523,0.040376848361222586,0.958817066351378
451.3192269580487,255.0,1.0,3.6863275738143644,8.104008313386863,24.457750437897147,38.719337394760636,0.0008083319939744844,0.11935634089164386,0.8798353271143816
470.3690562693734,218.0,1.0,2.251484312970052,3.6109781788421262,59.32784022552526,38.719337394760636,0.0008063500561055665,0.046602136196573656,0.9525915137473207
546.2037249324079,211.0,1.0,2.0695008873227954,3.2249961016622675,1537.0036038533976,900.8997555130709,0.0008066176861435257,0.05173903290593045,0.947454349407926
1096.1889387253068,211.0,1.0,2.0695008873227954,3.2249961016622675,3222.629324297103,1960.6971300931382,0.0008066176861435257,0.05173903290593045,0.947454349407926
383.82445410024064,211.0,1.0,2.0695008873227954,3.2249961016622675,1554.7730147878142,747.4525938837398,0.0008066176861435257,0.05173903290593045,0.947454349407926
545.2108985245646,211.0,1.0,2.0730588847412372,3.2488228159131873,1539.0666125908642,900.8997555130709,0.000805309311497704,0.021258075418899753,0.9779366152696026
546.605768934643,220.0,1.0,2.493599099935198,4.973206852200186,1503.589053728132,900.8997555130709,0.0008066259998276701,0.08203275749960977,0.9171606165005628
383.07043731784216,220.0,1.0,2.497750872991889,5.022843357811642,1524.34233503391,747.4525938837398,0.0008053085968716113,0.034196366711062874,0.9649983246920655
1093.9205933778405,220.0,1.0,2.497750872991889,5.022843357811642,3042.0297627933996,1960.6971300931382,0.0008053085968716113,0.034196366711062874,0.9649983246920655
761.5750945524927,220.0,1.0,2.493599099935198,4.973206852200186,3011.027537936503,1647.5775402165243,0.0008066259998276701,0.08203275749960977,0.9171606165005628
756.6710233053722,211.0,1.0,2.0730588847412372,3.2488228159131873,3248.406863146747,1647.5775402165243,0.000805309311497704,0.021258075418899753,0.9779366152696026
757.4856640373796,220.0,1.0,2.497750872991889,5.022843357811642,3017.028753193576,1647.5775402165243,0.0008053085968716113,0.034196366711062874,0.9649983246920655
509.8104673116545,210.0,1.0,2.0848955392319475,3.3491214168721224,61.02090539154849,38.762696444676514,0.0008055426171558993,0.034979062906899554,0.9642153944759445
312.46339048919674,210.0,1.0,2.0848955392319475,3.3491214168721224,44.28643447606038,27.411349818514857,0.0008055426171558993,0.034979062906899554,0.9642153944759445
201.26297197228595,210.0,1.0,2.0848955392319475,3.3491214168721224,3208.2218090850624,697.7656598244782,0.0008055426171558993,0.034979062906899554,0.9642153944759445
505.4236567672631,210.0,1.0,2.0837063573755046,3.3389802939235986,60.614679568475026,38.762696444676514,0.0008059808936831792,0.04827251437005398,0.9509215047362626
498.73730864452546,245.0,1.0,2.863847685578729,4.899629824526564,60.0155462088528,38.762696444676514,0.0008072661062103235,0.06673374296550415,0.9324589909282855
202.7845428327505,245.0,1.0,2.8597906768488373,4.87083821620916,2757.691514909885,697.7656598244782,0.0008083864961987558,0.09109532438908273,0.9080962891147185
302.61713282187515,245.0,1.0,2.8597906768488373,4.87083821620916,43.20060586443927,27.411349818514857,0.0008083864961987558,0.09109532438908273,0.9080962891147185
152.83573957395853,245.0,1.0,2.863847685578729,4.899629824526564,2106.780213870419,491.9115096150037,0.0008072661062103235,0.06673374296550415,0.9324589909282855
152.4544700405076,210.0,1.0,2.0837063573755046,3.3389802939235986,2420.7225736112823,491.9115096150037,0.0008059808936831792,0.04827251437005398,0.9509215047362626
153.22734773735004,245.0,1.0,2.8597906768488373,4.87083821620916,2105.9566903539776,491.9115096150037,0.0008083864961987558,0.09109532438908273,0.9080962891147185
157.12097352051637,222.0,1.0,2.210220042604511,3.879111783193361,8575.444363984994,881.6840921545365,0.0008059242672469242,0.05472118438131015,0.944472891351443
407.50591465946985,222.0,1.0,2.210220042604511,3.879111783193361,18624.849379750085,3347.851272966762,0.0008059242672469242,0.05472118438131015,0.944472891351443
578.9020420154095,222.0,1.0,2.210220042604511,3.879111783193361,66.94315961411354,21.31395226949885,0.0008059242672469242,0.05472118438131015,0.944472891351443
156.86174691132408,222.0,1.0,2.211527422727697,3.8934783088768343,8585.232786952294,881.6840921545365,0.0008055200729584142,0.04044506150945458,0.9587494184175871
157.3758657712138,224.0,1.0,2.3410977915315376,3.829390525009302,7263.271889732511,881.6840921545365,0.0008067629382048487,0.060482295120400854,0.9387109419413944
581.3585552504128,224.0,1.0,2.3431908799451313,3.846355132299893,69.6227787165735,21.31395226949885,0.0008061357261763699,0.04483903161817969,0.954354832655644
406.77030222130736,224.0,1.0,2.3431908799451313,3.846355132299893,16481.588506861746,3347.851272966762,0.0008061357261763699,0.04483903161817969,0.954354832655644
2285.1190721062726,224.0,1.0,2.3410977915315376,3.829390525009302,199.76400630319097,91.988300163486,0.0008067629382048487,0.060482295120400854,0.9387109419413944
2321.1359060849218,222.0,1.0,2.211527422727697,3.8934783088768343,197.8102616668641,91.988300163486,0.0008055200729584142,0.04044506150945458,0.9587494184175871
2313.667136085966,224.0,1.0,2.3431908799451313,3.846355132299893,199.7756935004668,91.988300163486,0.0008061357261763699,0.04483903161817969,0.954354832655644
1970.642377595812,209.0,1.0,2.1074268932595053,3.692803702341878,784.6036497016394,1191.7803735373968,0.0008053406063816689,0.02747137484870268,0.9717232845449156
1147.870090667236,209.0,1.0,2.1074268932595053,3.692803702341878,459.3098722206423,728.7512428480445,0.0008053406063816689,0.02747137484870268,0.9717232845449156
3390.7159656335684,209.0,1.0,2.1074268932595053,3.692803702341878,2114.5662917908026,2611.998349115648,0.0008053406063816689,0.02747137484870268,0.9717232845449156
1967.1363058970105,209.0,1.0,2.1052875337235166,3.673341913165276,784.6131656619189,1191.7803735373968,0.0008060451788637681,0.047989948361859214,0.9512040064592769
1967.6222272269756,236.0,1.0,2.997685119975553,5.908004516100767,843.3844089183908,1191.7803735373968,0.0008055864725194263,0.0479947464439164,0.9511996670835642
3382.889609518232,236.0,1.0,2.99411283501288,5.854834602131183,2186.284594499364,2611.998349115648,0.0008064900511451078,0.08281534517275024,0.9163781647761047
1144.5326686859319,236.0,1.0,2.99411283501288,5.854834602131183,486.5307125369451,728.7512428480445,0.0008064900511451078,0.08281534517275024,0.9163781647761047
2002.5639699036228,236.0,1.0,2.997685119975553,5.908004516100767,1285.8034654120656,1583.0881457207222,0.0008055864725194263,0.0479947464439164,0.9511996670835642
2002.2089369833645,209.0,1.0,2.1052875337235166,3.673341913165276,1253.969728726359,1583.0881457207222,0.0008060451788637681,0.047989948361859214,0.9512040064592769
2000.5373754598345,236.0,1.0,2.99411283501288,5.854834602131183,1286.795497488891,1583.0881457207222,0.0008064900511451078,0.08281534517275024,0.9163781647761047
170.37758829692325,248.0,1.0,3.0436623071102002,5.433853795621029,1487.4262179013963,441.0989422343999,0.0008073155674324661,0.08560008121845586,0.9135926032141116
179.1015831355081,248.0,1.0,3.0436623071102002,5.433853795621029,1556.7135450991818,467.4942742247587,0.0008073155674324661,0.08560008121845586,0.9135926032141116
79.2728722490516,248.0,1.0,3.0436623071102002,5.433853795621029,6642.025419706894,440.1580959224139,0.0008073155674324661,0.08560008121845586,0.9135926032141116
169.99562039152232,248.0,1.0,3.047487083587804,5.464404189072913,1491.421100162327,441.0989422343999,0.0008061646233422766,0.052892881875228434,0.9463009535014293
170.07320595062336,219.0,1.0,2.2508101889320296,3.607799518170699,1585.8399748384884,441.0989422343999,0.0008064969209354888,0.04942916128739437,0.9497643417916699
78.98360946550801,219.0,1.0,2.253675978182521,3.6267112481044834,7954.210060156475,440.1580959224139,0.0008056732938174794,0.030178051555626324,0.9690162751505563
178.47153254280983,219.0,1.0,2.253675978182521,3.6267112481044834,1670.5110436634554,467.4942742247587,0.0008056732938174794,0.030178051555626324,0.9690162751505563
83.05884188945824,219.0,1.0,2.2508101889320296,3.607799518170699,8195.268778008773,468.0568290775348,0.0008064969209354888,0.04942916128739437,0.9497643417916699
83.00723329826097,248.0,1.0,3.047487083587804,5.464404189072913,6903.967638700427,468.0568290775348,0.0008061646233422766,0.052892881875228434,0.9463009535014293
82.90721991084784,219.0,1.0,2.253675978182521,3.6267112481044834,8249.939122030351,468.0568290775348,0.0008056732938174794,0.030178051555626324,0.9690162751505563
318.3705108234411,207.0,1.0,2.0935152474586487,3.5689502939119047,38.44407065547104,132.36362069264896,0.0008065675147252535,0.06160425172732101,0.9375891807579539
345.41168267332716,207.0,1.0,2.0935152474586487,3.5689502939119047,41.69501248236294,142.20901307979682,0.0008065675147252535,0.06160425172732101,0.9375891807579539
522.7580792933909,207.0,1.0,2.0935152474586487,3.5689502939119047,1080.2872210044134,723.974449009349,0.0008065675147252535,0.06160425172732101,0.9375891807579539
318.642744538711,207.0,1.0,2.0948043089990764,3.5792694219296717,38.28148963085949,132.36362069264896,0.0008061590973099434,0.05032537681575843,0.9488684640869316
316.49389661279156,251.0,1.0,3.3669483862757263,7.482185486054934,45.98715696086606,132.36362069264896,0.0008093451380254044,0.15755633232979024,0.8416343225321843
523.4354304061956,251.0,1.0,3.3710743871878335,7.534585303472982,1048.76229893464,723.974449009349,0.0008084067272169317,0.13110824801184914,0.868083345260934
343.910852535525,251.0,1.0,3.3710743871878335,7.534585303472982,50.87748156441295,142.20901307979682,0.0008084067272169317,0.13110824801184914,0.868083345260934
561.9559291942599,251.0,1.0,3.3669483862757263,7.482185486054934,1120.972125424191,779.3684538807214,0.0008093451380254044,0.15755633232979024,0.8416343225321843
560.5809134547791,207.0,1.0,2.0948043089990764,3.5792694219296717,1159.2077421296315,779.3684538807214,0.0008061590973099434,0.05032537681575843,0.9488684640869316
561.5540753576473,251.0,1.0,3.3710743871878335,7.534585303472982,1121.5093557421803,779.3684538807214,0.0008084067272169317,0.13110824801184914,0.868083345260934
13293.235856127729,216.0,1.0,2.183443049633764,3.533814784514128,15663.260644658418,14658.42978749978,0.0008056273811428122,0.03067491898611373,0.9685194536327435
6362.395004708384,216.0,1.0,2.183443049633764,3.533814784514128,7474.290870424665,6926.765320134839,0.0008056273811428122,0.03067491898611373,0.9685194536327435
1929.8794180535072,216.0,1.0,2.183443049633764,3.533814784514128,168.5222699134526,103.86548465358061,0.0008056273811428122,0.03067491898611373,0.9685194536327435
13291.168015669038,216.0,1.0,2.1843535997233827,3.540752939974744,15659.272307951378,14658.42978749978,0.0008053010082082643,0.02242433243106378,0.9767703665607279
13298.184128850215,247.0,1.0,2.952659763261549,4.9303270516494,15483.258633722417,14658.42978749978,0.0008064458981154078,0.050087216768580814,0.9491063373333037
1920.0881235757288,247.0,1.0,2.9548206514423074,4.946740345594204,158.54627155783348,103.86548465358061,0.0008058944543748977,0.03674603832020144,0.9624480672254235
6362.915565218715,247.0,1.0,2.9548206514423074,4.946740345594204,7403.996270263083,6926.765320134839,0.0008058944543748977,0.03674603832020144,0.9624480672254235
703.8061711053837,247.0,1.0,2.952659763261549,4.9303270516494,75.6283637294695,43.636408795599706,0.0008064458981154078,0.050087216768580814,0.9491063373333037
717.1619536889889,216.0,1.0,2.1843535997233827,3.540752939974744,80.42278520104603,43.636408795599706,0.0008053010082082643,0.02242433243106378,0.9767703665607279
710.2935697627423,247.0,1.0,2.9548206514423074,4.946740345594204,76.12990251774536,43.636408795599706,0.0008058944543748977,0.03674603832020144,0.9624480672254235
876.7757034260469,239.0,1.0,2.972310803510074,5.745567993057736,73.60477029806685,23.79885514379174,0.0008078578834934733,0.09425920563120754,0.9049329364852992
1357.3227464469828,239.0,1.0,2.972310803510074,5.745567993057736,102.50754250762193,24.005079074993567,0.0008078578834934733,0.09425920563120754,0.9049329364852992
913.9781842210111,239.0,1.0,2.972310803510074,5.745567993057736,32.51563790654513,108.29763696356777,0.0008078578834934733,0.09425920563120754,0.9049329364852992
863.8319785256872,239.0,1.0,2.967407193593208,5.700246619852546,73.95833905370199,23.79885514379174,0.0008090686643088444,0.12390734579342903,0.8752835855422622
894.3167358006888,227.0,1.0,2.473640690051985,4.011988567659733,79.91733080825026,23.79885514379174,0.0008057311704398143,0.05170410095292658,0.9474901678766335
921.9980245945872,227.0,1.0,2.4719269164383717,3.9942635765755004,42.97305052087386,108.29763696356777,0.0008061959637801783,0.06902203172698318,0.9301717723092365
1375.4895743816962,227.0,1.0,2.4719269164383717,3.9942635765755004,112.87764595246713,24.005079074993567,0.0008061959637801783,0.06902203172698318,0.9301717723092365
1416.0838953212683,227.0,1.0,2.473640690051985,4.011988567659733,57.74770037293864,142.12909942124395,0.0008057311704398143,0.05170410095292658,0.9474901678766335
1374.0882273477398,239.0,1.0,2.967407193593208,5.700246619852546,42.734612350898914,142.12909942124395,0.0008090686643088444,0.12390734579342903,0.8752835855422622
1406.02589039235,227.0,1.0,2.4719269164383717,3.9942635765755004,58.08276951576899,142.12909942124395,0.0008061959637801783,0.06902203172698318,0.9301717723092365
95.3174535278676,242.0,1.0,3.2617285356629595,6.0511335225167295,8113.662842365946,571.0481139103213,0.0008059004205650518,0.04640142494259149,0.9527926746368434
106.70238471849476,242.0,1.0,3.2617285356629595,6.0511335225167295,8763.920490142978,665.738860438347,0.0008059004205650518,0.04640142494259149,0.9527926746368434
113.95807024319483,242.0,1.0,3.2617285356629595,6.0511335225167295,4576.2376917368065,539.2566237921727,0.0008059004205650518,0.04640142494259149,0.9527926746368434
95.52946850812347,242.0,1.0,3.25817031394155,6.014715898953095,8095.659698615805,571.0481139103213,0.0008067565785378655,0.07182637505655175,0.9273668683649104
95.07464519366017,232.0,1.0,2.0929770554075167,4.004083735221887,16091.43206150188,571.0481139103213,0.0008048023328181623,0.02216590110878832,0.9770292965583934
113.74794635666692,232.0,1.0,2.091776390187158,3.993771992440283,7980.138277793743,539.2566237921727,0.000805017604795117,0.03471818411977624,0.9644767982754286
106.50274306985142,232.0,1.0,2.091776390187158,3.993771992440283,17088.77558272058,665.738860438347,0.000805017604795117,0.03471818411977624,0.9644767982754286
127.16785595239226,232.0,1.0,2.0929770554075167,4.004083735221887,8584.79252143068,625.5349028448557,0.0008048023328181623,0.02216590110878832,0.9770292965583934
127.85587088074871,242.0,1.0,3.25817031394155,6.014715898953095,4983.2863066140935,625.5349028448557,0.0008067565785378655,0.07182637505655175,0.9273668683649104
127.28452390595513,232.0,1.0,2.091776390187158,3.993771992440283,8569.546965095735,625.5349028448557,0.000805017604795117,0.03471818411977624,0.9644767982754286
344.01269386994306,255.0,1.0,4.348828974856023,9.44269537820162,13.231367607593931,22.9489964022756,0.0008097155812220485,0.19247350182662148,0.8067167825921565
541.7365599818452,255.0,1.0,4.348828974856023,9.44269537820162,84.1055500683734,29.43152583176311,0.0008097155812220485,0.19247350182662148,0.8067167825921565
330.4533030475475,255.0,1.0,4.348828974856023,9.44269537820162,1.700547665499034,16.61309347407455,0.0008097155812220485,0.19247350182662148,0.8067167825921565
354.9472975090604,255.0,1.0,4.36725108672667,9.726623955168106,2.130817293228816,22.9489964022756,0.0008062433900452141,0.07474191585306744,0.9244518407568874
351.10387243179196,233.0,1.0,3.0066114171909444,5.536193483415756,35.431819443043274,22.9489964022756,0.0008076160191060137,0.10538731789908774,0.8938050660818063
351.0366075229322,233.0,1.0,3.015565757813843,5.6305414266919716,48.20529374917227,16.61309347407455,0.0008055264016995742,0.038526738266541,0.9606677353317594
571.883637416425,233.0,1.0,3.015565757813843,5.6305414266919716,50.66934994512683,29.43152583176311,0.0008055264016995742,0.038526738266541,0.9606677353317594
566.376950649006,233.0,1.0,3.0066114171909444,5.536193483415756,68.11509718648016,26.23499172235362,0.0008076160191060137,0.10538731789908774,0.8938050660818063
578.2478691419713,255.0,1.0,4.36725108672667,9.726623955168106,31.12996446387625,26.23499172235362,0.0008062433900452141,0.07474191585306744,0.9244518407568874
587.8699806192908,233.0,1.0,3.015565757813843,5.6305414266919716,68.86622651129224,26.23499172235362,0.0008055264016995742,0.038526738266541,0.9606677353317594
180.77790995330747,258.0,1.0,4.483465171400628,9.678732284279224,8565.298819402817,1319.618777869763,0.0008089843024166691,0.1498151138772257,0.8493759018203576
80.54411287745285,258.0,1.0,4.483465171400628,9.678732284279224,6042.318644782789,434.7887337669986,0.0008089843024166691,0.1498151138772257,0.8493759018203576
9073.028579840558,258.0,1.0,4.483465171400628,9.678732284279224,9934.901800452088,9766.374941347407,0.0008089843024166691,0.1498151138772257,0.8493759018203576
181.72301886195245,258.0,1.0,4.477215717420911,9.597015017442178,8534.610578396389,1319.618777869763,0.0008101282346462923,0.18120447179961702,0.8179853999657367
178.0955915067032,217.0,1.0,2.252935834415878,3.4662122777125397,14389.832424447444,1319.618777869763,0.0008059132233646773,0.03606034067270644,0.963133746103929
9061.873404267848,217.0,1.0,2.251838716521598,3.4584537382542866,10404.216326194399,9766.374941347407,0.0008062835633183186,0.04476417686439266,0.9544295395722889
80.06047835819287,217.0,1.0,2.251838716521598,3.4584537382542866,7211.964138274826,434.7887337669986,0.0008062835633183186,0.04476417686439266,0.9544295395722889
3616.6394470839455,217.0,1.0,2.252935834415878,3.4662122777125397,4131.581688062926,3850.0655932504396,0.0008059132233646773,0.03606034067270644,0.963133746103929
3619.22942766443,258.0,1.0,4.477215717420911,9.597015017442178,4085.1858147602697,3850.0655932504396,0.0008101282346462923,0.18120447179961702,0.8179853999657367
3616.8426128298534,217.0,1.0,2.251838716521598,3.4584537382542866,4131.366640130962,3850.0655932504396,0.0008062835633183186,0.04476417686439266,0.9544295395722889
1525.6411132223516,231.0,1.0,2.714958766008389,4.817420425844159,44.974891553312666,295.2424597717961,0.000807755473400343,0.07992232161121997,0.9192699229153797
413.2075869016933,231.0,1.0,2.714958766008389,4.817420425844159,6.238927261413027,109.25291700716281,0.000807755473400343,0.07992232161121997,0.9192699229153797
321.37693976849835,231.0,1.0,2.714958766008389,4.817420425844159,9772.420155863732,2104.5261686354006,0.000807755473400343,0.07992232161121997,0.9192699229153797
1537.8143582448486,231.0,1.0,2.718688843381304,4.848849683577843,44.87953612287893,295.2424597717961,0.0008066858447634493,0.0553579761146871,0.9438353380405494
1537.869990823725,229.0,1.0,2.533350137743494,4.317575532220981,51.69836486851722,295.2424597717961,0.0008056626148571468,0.056110261570984823,0.9430840758141581
318.53829237580095,229.0,1.0,2.535234922160565,4.334994271844982,13031.677244964445,2104.5261686354006,0.0008052636482667045,0.03852598135788846,0.9606687549938447
416.54734661101645,229.0,1.0,2.535234922160565,4.334994271844982,10.177168536797566,109.25291700716281,0.0008052636482667045,0.03852598135788846,0.9606687549938447
119.31202081182771,229.0,1.0,2.533350137743494,4.317575532220981,6030.708658167518,543.4374611648873,0.0008056626148571468,0.056110261570984823,0.9430840758141581
119.51223007721761,231.0,1.0,2.718688843381304,4.848849683577843,4195.8189849938535,543.4374611648873,0.0008066858447634493,0.0553579761146871,0.9438353380405494
119.15173106640094,229.0,1.0,2.535234922160565,4.334994271844982,6032.980638470573,543.4374611648873,0.0008052636482667045,0.03852598135788846,0.9606687549938447
592.9005420540576,231.0,1.0,2.5137921936097944,4.68354643167022,1130.4311221040043,800.5042890128609,0.0008057911518614344,0.03752762460532098,0.9616665842428176
2887.966355492609,231.0,1.0,2.5137921936097944,4.68354643167022,5565.401851590188,4350.085010867518,0.0008057911518614344,0.03752762460532098,0.9616665842428176
243.26250651388716,231.0,1.0,2.5137921936097944,4.68354643167022,11.162288441974452,49.575202136749006,0.0008057911518614344,0.03752762460532098,0.9616665842428176
593.7205994719252,231.0,1.0,2.50610497650346,4.620825392434309,1127.8750843485388,800.5042890128609,0.0008079119535518811,0.09157457201220709,0.9076175160342411
592.856176365861,230.0,1.0,2.7561904626138407,4.44357958516849,1085.7665165298404,800.5042890128609,0.0008056785847322133,0.03363257304865044,0.9655617483666173
241.54688328367465,230.0,1.0,2.749302121916145,4.388078397958195,3.2931962123219933,49.575202136749006,0.0008076561500369791,0.0840655973856964,0.9151267464642667
2905.832664695241,230.0,1.0,2.749302121916145,4.388078397958195,5599.003351586926,4350.085010867518,0.0008076561500369791,0.0840655973856964,0.9151267464642667
1731.7376594488583,230.0,1.0,2.7561904626138407,4.44357958516849,3.535509631326122,200.74727912629265,0.0008056785847322133,0.03363257304865044,0.9655617483666173
1691.9976704984742,231.0,1.0,2.50610497650346,4.620825392434309,32.16512021734961,200.74727912629265,0.0008079119535518811,0.09157457201220709,0.9076175160342411
1690.5934586491378,230.0,1.0,2.749302121916145,4.388078397958195,16.707483983052903,200.74727912629265,0.0008076561500369791,0.0840655973856964,0.9151267464642667
403.067467777198,243.0,1.0,2.886760813189943,4.706467707516127,84.44666201349793,185.83137694154837,0.0008061549480372627,0.04555045200386787,0.9536433930480949
1506.2725514320518,243.0,1.0,2.886760813189943,4.706467707516127,299.05354095966027,571.2505114759999,0.0008061549480372627,0.04555045200386787,0.9536433930480949
229.03257268588044,243.0,1.0,2.886760813189943,4.706467707516127,28.498429531531414,0.6196175860387706,0.0008061549480372627,0.04555045200386787,0.9536433930480949
402.6777126290774,243.0,1.0,2.8850683489596904,4.692292553529437,85.22766759102703,185.83137694154837,0.0008066306544357791,0.057560477660091834,0.9416328916854725
403.704430998871,193.0,0.0,1.9537842653802688,3.2027665237028544,64.16984798307533,185.83137694154837,0.0008053968779536041,0.02625433347869441,0.9729402696433521
229.88937818681222,193.0,0.0,1.9531463221513379,3.1972687051517235,34.40079719642545,0.6196175860387706,0.0008056601519513701,0.03325014186800246,0.9659441979800463
1509.7927983521904,193.0,0.0,1.9531463221513379,3.1972687051517235,222.05368433582743,571.2505114759999,0.0008056601519513701,0.03325014186800246,0.9659441979800463
1118.869207715491,193.0,0.0,1.9537842653802688,3.2027665237028544,112.07681553164076,14.682606904161107,0.0008053968779536041,0.02625433347869441,0.9729402696433521
1098.2233844381622,243.0,1.0,2.8850683489596904,4.692292553529437,89.19271850951992,14.682606904161107,0.0008066306544357791,0.057560477660091834,0.9416328916854725
1114.418563674677,193.0,0.0,1.9531463221513379,3.1972687051517235,112.07427087536703,14.682606904161107,0.0008056601519513701,0.03325014186800246,0.9659441979800463
343.98619037645625,178.0,0.0,1.7316974366927471,2.859531245153904,5797.316006662726,1422.7497384338965,0.0008062536950075615,0.05104227421988426,0.9481514720851083
195.79734395306613,178.0,0.0,1.7316974366927471,2.859531245153904,3135.3147000116314,681.5071738508981,0.0008062536950075615,0.05104227421988426,0.9481514720851083
435.3078844724681,178.0,0.0,1.7316974366927471,2.859531245153904,4527.386509464413,1447.0865726776972,0.0008062536950075615,0.05104227421988426,0.9481514720851083
343.509767873434,178.0,0.0,1.7323603727654715,2.8649485392695455,5800.380893345895,1422.7497384338965,0.0008059552954489705,0.042957882134250176,0.9562361625703008
348.5098984340529,252.0,1.0,3.133244431969719,5.244258657628357,4612.685213981987,1422.7497384338965,0.0008096305695876218,0.12018073950615027,0.879009629924262
439.208555208328,252.0,1.0,3.1363135347026874,5.272139135523948,3722.9154195296696,1447.0865726776972,0.0008087742916689911,0.10218761145407196,0.8970036142542591
197.11688961265696,252.0,1.0,3.1363135347026874,5.272139135523948,2765.4476533369575,681.5071738508981,0.0008087742916689911,0.10218761145407196,0.8970036142542591
248.07073500994855,252.0,1.0,3.133244431969719,5.244258657628357,2177.4469471527427,706.2666546681054,0.0008096305695876218,0.12018073950615027,0.879009629924262
245.76808209095066,178.0,0.0,1.7323603727654715,2.8649485392695455,2429.0483836708377,706.2666546681054,0.0008059552954489705,0.042957882134250176,0.9562361625703008
247.51148222401883,252.0,1.0,3.1363135347026874,5.272139135523948,2174.708218643185,706.2666546681054,0.0008087742916689911,0.10218761145407196,0.8970036142542591
706.2576698899468,234.0,1.0,2.7174927900523205,4.3669917733376815,78.58597055699397,46.65243649674983,0.0008053488351510061,0.027166425246992417,0.9720282259178565
193.7634798332703,234.0,1.0,2.7174927900523205,4.3669917733376815,33.53550038586206,18.233602308937023,0.0008053488351510061,0.027166425246992417,0.9720282259178565
151.54916059963597,234.0,1.0,2.7174927900523205,4.3669917733376815,9580.783654831515,989.4075722056573,0.0008053488351510061,0.027166425246992417,0.9720282259178565
702.978640184365,234.0,1.0,2.7167367257218697,4.360109494206985,78.58283783840157,46.65243649674983,0.0008055799122928941,0.0338587898851966,0.9653356302025105
703.2175015750183,241.0,1.0,2.8239123070054664,5.778451225589739,72.92102503663676,46.65243649674983,0.0008053493993935271,0.035934645640346784,0.9632600049602598
151.76285656162247,241.0,1.0,2.823039701430985,5.7678403058790675,10803.970901755734,989.4075722056573,0.0008055819984174085,0.04472223918936343,0.9544721788122194
193.0929097162165,241.0,1.0,2.823039701430985,5.7678403058790675,31.881847654067244,18.233602308937023,0.0008055819984174085,0.04472223918936343,0.9544721788122194
71.9204937013304,241.0,1.0,2.8239123070054664,5.778451225589739,6701.8884633462285,365.69713551691126,0.0008053493993935271,0.035934645640346784,0.9632600049602598
71.95406957202916,234.0,1.0,2.7167367257218697,4.360109494206985,5566.653777066489,365.69713551691126,0.0008055799122928941,0.0338587898851966,0.9653356302025105
71.95279695586477,241.0,1.0,2.823039701430985,5.7678403058790675,6696.221182835495,365.69713551691126,0.0008055819984174085,0.04472223918936343,0.9544721788122194
137.41189756255494,215.0,1.0,2.337560573033171,5.173682466021964,5811.927160424528,665.8921912087823,0.0008070593050293594,0.07992228904065855,0.9192706516543121
200.78872127181015,215.0,1.0,2.337560573033171,5.173682466021964,7885.9994312770295,1122.6051290481782,0.0008070593050293594,0.07992228904065855,0.9192706516543121
3688.643334058413,215.0,1.0,2.337560573033171,5.173682466021964,2972.0857260505386,3309.3742151538613,0.0008070593050293594,0.07992228904065855,0.9192706516543121
137.24068583685352,215.0,1.0,2.3387186161318807,5.186340636063715,5813.698563406018,665.8921912087823,0.0008066585048986054,0.06841886662556576,0.9307744748695356
137.23227458173778,232.0,1.0,2.609814042471683,3.521219041163506,5630.485243249135,665.8921912087823,0.0008067665786473271,0.05392268051013421,0.9452705529112184
3689.845927123167,232.0,1.0,2.6109765752697633,3.527579967087507,2972.470698548501,3309.3742151538613,0.000806410976982218,0.04600751773817852,0.9531860712848392
200.05569726156313,232.0,1.0,2.6109765752697633,3.527579967087507,7768.278182392991,1122.6051290481782,0.000806410976982218,0.04600751773817852,0.9531860712848392
5759.705441223767,232.0,1.0,2.609814042471683,3.521219041163506,4635.48966424486,5114.719294854985,0.0008067665786473271,0.05392268051013421,0.9452705529112184
5758.940798577232,215.0,1.0,2.3387186161318807,5.186340636063715,4638.045775169661,5114.719294854985,0.0008066585048986054,0.06841886662556576,0.9307744748695356
5760.679565223366,232.0,1.0,2.6109765752697633,3.527579967087507,4635.56671071158,5114.719294854985,0.000806410976982218,0.04600751773817852,0.9531860712848392
426.74197246902395,252.0,1.0,3.508432260842265,6.7367103382894,12.240146718203547,60.87508186501907,0.0008059093977213116,0.04243518809868545,0.9567589025035931
304.28804408269593,252.0,1.0,3.508432260842265,6.7367103382894,13.290262456409646,47.6885290563511,0.0008059093977213116,0.04243518809868545,0.9567589025035931
532.9724031225281,252.0,1.0,3.508432260842265,6.7367103382894,58.49780911846703,177.22198571277409,0.0008059093977213116,0.04243518809868545,0.9567589025035931
421.9691902360225,252.0,1.0,3.5016122782403603,6.6575538413650825,10.104971809851271,60.87508186501907,0.0008077410536463834,0.09113331542931942,0.9080589435170341
427.41794876548323,248.0,1.0,3.317878944114506,6.5739157425110415,4.067250506909446,60.87508186501907,0.0008053603118121682,0.03794855436340479,0.9612460853247831
530.5389998412576,248.0,1.0,3.3124559057813436,6.502702365364516,73.37623399483037,177.22198571277409,0.0008065140129094087,0.08187372361258446,0.9173197623745061
302.6385334986529,248.0,1.0,3.3124559057813436,6.502702365364516,6.449796429375636,47.6885290563511,0.0008065140129094087,0.08187372361258446,0.9173197623745061
389.6108846806721,248.0,1.0,3.317878944114506,6.5739157425110415,45.26631204321778,136.64225149804398,0.0008053603118121682,0.03794855436340479,0.9612460853247831
387.17749712163993,252.0,1.0,3.5016122782403603,6.6575538413650825,40.30012216472747,136.64225149804398,0.0008077410536463834,0.09113331542931942,0.9080589435170341
388.00406231251714,248.0,1.0,3.3124559057813436,6.502702365364516,48.099076775786905,136.64225149804398,0.0008065140129094087,0.08187372361258446,0.9173197623745061
535.9570643867643,254.0,1.0,2.581951644016981,5.591927744057452,1724.2875817496097,995.9520072486017,0.0008079647129381104,0.0954077174956102,0.9037843177914516
555.5942362436302,254.0,1.0,2.581951644016981,5.591927744057452,1787.4256877219493,1037.461415761843,0.0008079647129381104,0.0954077174956102,0.9037843177914516
188.9624859798228,254.0,1.0,2.581951644016981,5.591927744057452,3305.5657896423454,738.2680628297073,0.0008079647129381104,0.0954077174956102,0.9037843177914516
536.3579670093508,254.0,1.0,2.5803437467747496,5.579746895583306,1723.5867590166667,995.9520072486017,0.0008083302491017762,0.10439627668796313,0.8947953930629351
536.7594137265695,243.0,1.0,3.0666618897853106,6.680340507281975,1700.3262946070097,995.9520072486017,0.0008085539652045769,0.12043760412763467,0.8787538419071607
189.67683078737474,243.0,1.0,3.0649650300959985,6.661179938034339,3170.439288762476,738.2680628297073,0.0008089812727220705,0.13150161058219978,0.8676894081450782
556.9826244576102,243.0,1.0,3.0649650300959985,6.661179938034339,1763.9430278528494,1037.461415761843,0.0008089812727220705,0.13150161058219978,0.8676894081450782
195.92910677987828,243.0,1.0,3.0666618897853106,6.680340507281975,3265.7184396833145,771.6604613337536,0.0008085539652045769,0.12043760412763467,0.8787538419071607
195.6975920536492,254.0,1.0,2.5803437467747496,5.579746895583306,3405.203024172573,771.6604613337536,0.0008083302491017762,0.10439627668796313,0.8947953930629351
196.22217751066614,243.0,1.0,3.0649650300959985,6.661179938034339,3270.852080652736,771.6604613337536,0.0008089812727220705,0.13150161058219978,0.8676894081450782
1136.0124749674214,229.0,1.0,2.4512119717319383,5.288701603181575,82.41310635785918,4.985529612620454,0.0008065917391166023,0.057637662280162025,0.9415557459807214
1846.4703389177266,229.0,1.0,2.4512119717319383,5.288701603181575,111.69762488091939,20.095439247476307,0.0008065917391166023,0.057637662280162025,0.9415557459807214
1617.4616033024067,229.0,1.0,2.4512119717319383,5.288701603181575,3633.953060391873,2614.408377900248,0.0008065917391166023,0.057637662280162025,0.9415557459807214
1143.552275207995,229.0,1.0,2.4526586834160033,5.30264202267473,83.99821977203976,4.985529612620454,0.0008061335078733531,0.045815366286403376,0.953378500205723
1128.9702435933646,236.0,1.0,2.96234913842592,5.995968909777433,83.09693388865605,4.985529612620454,0.0008066215641603212,0.06963228848449063,0.929561089951349
1616.9795209970184,236.0,1.0,2.96408944696218,6.0152377195450795,3582.4222334455253,2614.408377900248,0.0008061588578814814,0.0556083017933199,0.9435855393487985
1849.4982048944298,236.0,1.0,2.96408944696218,6.0152377195450795,95.98721374764003,20.095439247476307,0.0008061588578814814,0.0556083017933199,0.9435855393487985
2382.032867820145,236.0,1.0,2.96234913842592,5.995968909777433,5203.947231752354,3981.0028029842765,0.0008066215641603212,0.06963228848449063,0.929561089951349
2376.644918740769,229.0,1.0,2.4526586834160033,5.30264202267473,5337.737479031799,3981.0028029842765,0.0008061335078733531,0.045815366286403376,0.953378500205723
2378.719668334987,236.0,1.0,2.96408944696218,6.0152377195450795,5197.104070236026,3981.0028029842765,0.0008061588578814814,0.0556083017933199,0.9435855393487985
77.583796445378,161.0,0.0,1.6906899040309613,2.3671450171355133,12842.53253537088,494.4972319713388,0.0008058491579412984,0.03679923451241288,0.9623949163296459
80.67128829210917,161.0,0.0,1.6906899040309613,2.3671450171355133,13207.201209323019,520.2832350127128,0.0008058491579412984,0.03679923451241288,0.9623949163296459
269.5324389071926,161.0,0.0,1.6906899040309613,2.3671450171355133,42.16964635241369,21.908847958780385,0.0008058491579412984,0.03679923451241288,0.9623949163296459
77.52276386692257,162.0,0.0,1.691449537365875,2.3723084330782793,12877.00158235239,494.4972319713388,0.0008054947384917598,0.027783170096310345,0.9714113351651978
78.02719288767828,241.0,1.0,3.0061650077038244,4.661233802337509,9172.760054659093,494.4972319713388,0.0008083677995759478,0.10070447754080272,0.8984871546596214
264.6060089465926,241.0,1.0,3.009761957869471,4.679691052604886,40.72499966113896,21.908847958780385,0.0008073761042260616,0.07683830697663684,0.922354316919137
80.95841212386847,241.0,1.0,3.009761957869471,4.679691052604886,9436.189261513155,520.2832350127128,0.0008073761042260616,0.07683830697663684,0.922354316919137
279.3863110502211,241.0,1.0,3.0061650077038244,4.661233802337509,42.41543246329951,22.990623320379502,0.0008083677995759478,0.10070447754080272,0.8984871546596214
289.5813884911049,162.0,0.0,1.691449537365875,2.3723084330782793,44.10173086113138,22.990623320379502,0.0008054947384917598,0.027783170096310345,0.9714113351651978
282.82843993602813,241.0,1.0,3.009761957869471,4.679691052604886,42.55528421765999,22.990623320379502,0.0008073761042260616,0.07683830697663684,0.922354316919137
206.34179834781366,216.0,1.0,2.179966973922714,3.1904626513872243,30.288707379237003,9.869596212445112,0.0008055617520151303,0.03404426113960543,0.9651501771083795
372.7864970625744,216.0,1.0,2.179966973922714,3.1904626513872243,45.89102164194611,16.142767256431874,0.0008055617520151303,0.03404426113960543,0.9651501771083795
508.5866167298514,216.0,1.0,2.179966973922714,3.1904626513872243,173.4817076067656,306.6722349743601,0.0008055617520151303,0.03404426113960543,0.9651501771083795
207.42667188695629,216.0,1.0,2.1817661012750365,3.2033577653869685,31.375230579074906,9.869596212445112,0.000804981100700576,0.016728784201292497,0.9824662346980068
204.0063932345343,225.0,1.0,2.5558968004381857,4.529923716228256,33.87004668404734,9.869596212445112,0.0008073318727939481,0.06705421387680746,0.9321384542503988
508.51167614653264,225.0,1.0,2.560587141808665,4.5681258036273364,168.21997034889267,306.6722349743601,0.0008058484136513772,0.0336534353826147,0.9655407162037339
372.9000931224346,225.0,1.0,2.560587141808665,4.5681258036273364,51.271103377010775,16.142767256431874,0.0008058484136513772,0.0336534353826147,0.9655407162037339
793.9637010421536,225.0,1.0,2.5558968004381857,4.529923716228256,259.93770123782946,461.614480620583,0.0008073318727939481,0.06705421387680746,0.9321384542503988
796.9022561117706,216.0,1.0,2.1817661012750365,3.2033577653869685,263.85610229949333,461.614480620583,0.000804981100700576,0.016728784201292497,0.9824662346980068
795.9223152095174,225.0,1.0,2.560587141808665,4.5681258036273364,259.64434653405874,461.614480620583,0.0008058484136513772,0.0336534353826147,0.9655407162037339
547.5113801984955,193.0,0.0,1.755292500510252,2.8485682077291106,11446.16762440122,2925.8486189901114,0.0008056747042100509,0.02332750737479127,0.9758668179209986
364.15448379135,193.0,0.0,1.755292500510252,2.8485682077291106,7299.680164381892,1716.5565603490109,0.0008056747042100509,0.02332750737479127,0.9758668179209986
323.7674938333281,193.0,0.0,1.755292500510252,2.8485682077291106,43660.75570929346,4055.9488479204992,0.0008056747042100509,0.02332750737479127,0.9758668179209986
550.5317284016413,193.0,0.0,1.7523642584841284,2.8357918095702233,11439.314614499875,2925.8486189901114,0.0008069665862616963,0.04696888353039646,0.9522241498833418
549.7643323346131,249.0,1.0,3.0325530635549662,5.219618787336174,8979.741964163377,2925.8486189901114,0.0008056613114019993,0.044229889924259504,0.9549644487643384
327.28432553609997,249.0,1.0,3.0260369339723776,5.162976008625668,36444.59489099313,4055.9488479204992,0.0008069565881505622,0.087419941471416,0.9117731019404335
368.25468005549556,249.0,1.0,3.0260369339723776,5.162976008625668,6404.907709030626,1716.5565603490109,0.0008069565881505622,0.087419941471416,0.9117731019404335
215.14020387845787,249.0,1.0,3.0325530635549662,5.219618787336174,29324.38753854608,2230.1425759155727,0.0008056613114019993,0.044229889924259504,0.9549644487643384
215.51965094170612,193.0,0.0,1.7523642584841284,2.8357918095702233,28388.073944958494,2230.1425759155727,0.0008069665862616963,0.04696888353039646,0.9522241498833418
216.55709623037623,249.0,1.0,3.0260369339723776,5.162976008625668,29287.515955165803,2230.1425759155727,0.0008069565881505622,0.087419941471416,0.9117731019404335
3068.8234420342887,215.0,1.0,2.0351104136569687,3.813370441502646,1982.5947056723116,2429.8933150212765,0.0008059379471267063,0.06403442305176205,0.9351596390011113
2951.463790032549,215.0,1.0,2.0351104136569687,3.813370441502646,1907.6298505126806,2341.0345790973256,0.0008059379471267063,0.06403442305176205,0.9351596390011113
544.9328874584946,215.0,1.0,2.0351104136569687,3.813370441502646,2827.1610322640117,1244.61903560122,0.0008059379471267063,0.06403442305176205,0.9351596390011113
3071.9838374035608,215.0,1.0,2.0371346006422453,3.836835603689198,1980.1948809363103,2429.8933150212765,0.0008052745989855886,0.03664544351146531,0.9625492818895491
3066.082880323846,219.0,1.0,2.523510369288561,4.10895052008881,2003.1173917279928,2429.8933150212765,0.0008076239530659489,0.08122960981838716,0.9179627662285469
544.2110876278782,219.0,1.0,2.5281980680193348,4.144128019117814,2648.832370711759,1244.61903560122,0.0008062278612819223,0.04712705052359209,0.9520667216151261
2952.914044758805,219.0,1.0,2.5281980680193348,4.144128019117814,1926.0501748572347,2341.0345790973256,0.0008062278612819223,0.04712705052359209,0.9520667216151261
527.8785865945783,219.0,1.0,2.523510369288561,4.10895052008881,2553.1129110027523,1194.722295313846,0.0008076239530659489,0.08122960981838716,0.9179627662285469
524.9048128904438,215.0,1.0,2.0371346006422453,3.836835603689198,2736.759102254438,1194.722295313846,0.0008052745989855886,0.03664544351146531,0.9625492818895491
525.7458348672675,219.0,1.0,2.5281980680193348,4.144128019117814,2556.803607538997,1194.722295313846,0.0008062278612819223,0.04712705052359209,0.9520667216151261
231.444307226957,244.0,1.0,3.2506438427352697,7.300262252164691,1403.106607208264,540.5251955314521,0.000806945893448663,0.08869837472384705,0.9104946793827045
193.16313296028844,244.0,1.0,3.2506438427352697,7.300262252164691,1188.1810864449108,439.3729370468558,0.000806945893448663,0.08869837472384705,0.9104946793827045
302.76513196920035,244.0,1.0,3.2506438427352697,7.300262252164691,22.82357121869846,25.744782852543135,0.000806945893448663,0.08869837472384705,0.9104946793827045
232.5261933450452,244.0,1.0,3.2426998932739814,7.183770826645185,1398.1266544662308,540.5251955314521,0.0008091735145389364,0.15614793732701832,0.8430428891584427
231.46107243904987,253.0,1.0,3.18082245383172,6.489380908650751,1485.706303138531,540.5251955314521,0.0008071524849992377,0.07780361154511548,0.9213892359698852
298.4132169504633,253.0,1.0,3.170631240861951,6.395814082613373,26.865678284517518,25.744782852543135,0.0008095573948438644,0.13814395319207884,0.8610464894130774
193.95530832884256,253.0,1.0,3.170631240861951,6.395814082613373,1261.6955176564322,439.3729370468558,0.0008095573948438644,0.13814395319207884,0.8610464894130774
235.17669045240243,253.0,1.0,3.18082245383172,6.489380908650751,24.19069271841701,21.60543506742254,0.0008071524849992377,0.07780361154511548,0.9213892359698852
232.31748107705954,244.0,1.0,3.2426998932739814,7.183770826645185,21.379307912235365,21.60543506742254,0.0008091735145389364,0.15614793732701832,0.8430428891584427
232.30388688656936,253.0,1.0,3.170631240861951,6.395814082613373,23.79278718934196,21.60543506742254,0.0008095573948438644,0.13814395319207884,0.8610464894130774
288.16430618817293,236.0,1.0,3.2231755504770843,6.4329121449836135,34.46266399568963,5.335701626453641,0.0008071895283429729,0.0956053725981181,0.903587437873539
852.4141439952023,236.0,1.0,3.2231755504770843,6.4329121449836135,46.88069724832744,1.580470984041031,0.0008071895283429729,0.0956053725981181,0.903587437873539
103.23334362761342,236.0,1.0,3.2231755504770843,6.4329121449836135,4563.517600552928,491.57191275341205,0.0008071895283429729,0.0956053725981181,0.903587437873539
291.03351258107057,236.0,1.0,3.2274311017683943,6.4927105932189795,34.72957413536275,5.335701626453641,0.0008060746168286468,0.05896118522352296,0.9402327401596485
290.01243943086547,232.0,1.0,2.596363380475853,4.271154526808396,36.22695132380599,5.335701626453641,0.000806868225161309,0.06054657768159474,0.938646554093244
102.85486761370528,232.0,1.0,2.5997785588927664,4.294878929159366,4782.693169960785,491.57191275341205,0.0008058849428753229,0.03679939709313353,0.9623947179639911
876.9547160689087,232.0,1.0,2.5997785588927664,4.294878929159366,81.19398847787846,1.580470984041031,0.0008058849428753229,0.03679939709313353,0.9623947179639911
212.0996659873084,232.0,1.0,2.596363380475853,4.271154526808396,8943.753713284168,1322.9868298043136,0.000806868225161309,0.06054657768159474,0.938646554093244
211.78009923141508,236.0,1.0,3.2274311017683943,6.4927105932189795,7871.305110099297,1322.9868298043136,0.0008060746168286468,0.05896118522352296,0.9402327401596485
211.28022599429383,232.0,1.0,2.5997785588927664,4.294878929159366,8957.72903773806,1322.9868298043136,0.0008058849428753229,0.03679939709313353,0.9623947179639911
157.76406637187307,237.0,1.0,2.809381087403567,4.323194864359807,13973.091350167626,1225.5340152009758,0.0008058978215951851,0.03502283734432915,0.9641712648340758
69.4084071693123,237.0,1.0,2.809381087403567,4.323194864359807,7070.847031922611,395.8879224798147,0.0008058978215951851,0.03502283734432915,0.9641712648340758
759.1336274761301,237.0,1.0,2.809381087403567,4.323194864359807,24.619301049702305,83.22585516564315,0.0008058978215951851,0.03502283734432915,0.9641712648340758
158.30953299732556,237.0,1.0,2.806090678630913,4.304189218610677,13967.846822921423,1225.5340152009758,0.0008069384487798884,0.05896429171202256,0.9402287698391977
157.8797131893238,237.0,1.0,2.7946563584834365,5.3572687556366585,12461.65700212515,1225.5340152009758,0.0008058928780696492,0.04686142318760537,0.9523326839343249
749.3364258184688,237.0,1.0,2.7912447710204575,5.3170710127422565,31.040949863695516,83.22585516564315,0.0008069304870397493,0.07795637386615427,0.921236695646806
69.55272324964714,237.0,1.0,2.7912447710204575,5.3170710127422565,6409.562912658148,395.8879224798147,0.0008069304870397493,0.07795637386615427,0.921236695646806
235.91248530285364,237.0,1.0,2.7946563584834365,5.3572687556366585,12.964177181453802,36.94423910629211,0.0008058928780696492,0.04686142318760537,0.9523326839343249
235.03578236529438,237.0,1.0,2.806090678630913,4.304189218610677,11.607406087029608,36.94423910629211,0.0008069384487798884,0.05896429171202256,0.9402287698391977
234.8589968120935,237.0,1.0,2.7912447710204575,5.3170710127422565,12.098678791043461,36.94423910629211,0.0008069304870397493,0.07795637386615427,0.921236695646806
2402.625337654742,203.0,1.0,2.2337104873385853,2.9714925009327606,169.68305877830366,569.5343485015715,0.0008059155644359642,0.03853554284185045,0.9606585415937138
529.4851398695037,203.0,1.0,2.2337104873385853,2.9714925009327606,57.668575602165205,171.08118744291045,0.0008059155644359642,0.03853554284185045,0.9606585415937138
2528.14225406002,203.0,1.0,2.2337104873385853,2.9714925009327606,196.62846997862886,131.86532386791384,0.0008059155644359642,0.03853554284185045,0.9606585415937138
2412.585920332119,204.0,1.0,2.2352381308900333,2.982460449192719,165.43339417420356,569.5343485015715,0.0008053745359998983,0.024722933956910626,0.9744716915070895
2378.7160293483394,223.0,1.0,2.429027422711796,4.232846204946303,185.92264022596413,569.5343485015715,0.0008069627241817016,0.07366015341837784,0.9255328838574405
2508.444755661915,223.0,1.0,2.4317757169851038,4.258543950601132,206.14282657018504,131.86532386791384,0.0008060593756505572,0.04841311328300303,0.9507808273413463
529.0662352444149,223.0,1.0,2.4317757169851038,4.258543950601132,34.62372797184992,171.08118744291045,0.0008060593756505572,0.04841311328300303,0.9507808273413463
407.1028201941713,223.0,1.0,2.429027422711796,4.232846204946303,55.451387272104256,27.254799240432995,0.0008069627241817016,0.07366015341837784,0.9255328838574405
417.00606951817576,204.0,1.0,2.2352381308900333,2.982460449192719,47.85299881913544,27.254799240432995,0.0008053745359998983,0.024722933956910626,0.9744716915070895
412.54071473299643,223.0,1.0,2.4317757169851038,4.258543950601132,55.52265767047614,27.254799240432995,0.0008060593756505572,0.04841311328300303,0.9507808273413463
2262.1786118473715,214.0,1.0,2.103819547636873,3.5632697131078976,2759.899013715955,2473.101404953469,0.0008055505206694478,0.036776988637832964,0.9624174608414976
6806.164018472736,214.0,1.0,2.103819547636873,3.5632697131078976,8320.454347364705,7601.598477905779,0.0008055505206694478,0.036776988637832964,0.9624174608414976
661.5247677013467,214.0,1.0,2.103819547636873,3.5632697131078976,1250.8895889684156,876.9666927805766,0.0008055505206694478,0.036776988637832964,0.9624174608414976
2262.5305199250524,214.0,1.0,2.101636336837172,3.5428324881426883,2759.5335263459406,2473.101404953469,0.0008062514050294246,0.05871543892387899,0.9404783096710916
2262.31555350186,223.0,1.0,2.5185406092749814,3.7600586630871105,2736.1449370729633,2473.101404953469,0.000805874666010552,0.04049563115179467,0.9586984941821949
662.0420737276389,223.0,1.0,2.5157068416632393,3.7385436190463746,1215.3794739444907,876.9666927805766,0.0008067826161280174,0.06467336856417767,0.9345198488196943
6810.01693896749,223.0,1.0,2.5157068416632393,3.7385436190463746,8282.14733757583,7601.598477905779,0.0008067826161280174,0.06467336856417767,0.9345198488196943
1931.4995303330961,223.0,1.0,2.5185406092749814,3.7600586630871105,3611.4166713376526,2738.8870319450475,0.000805874666010552,0.04049563115179467,0.9586984941821949
1933.3679694567454,214.0,1.0,2.101636336837172,3.5428324881426883,3665.627754736607,2738.8870319450475,0.0008062514050294246,0.05871543892387899,0.9404783096710916
1934.2912559046008,223.0,1.0,2.5157068416632393,3.7385436190463746,3611.983699876908,2738.8870319450475,0.0008067826161280174,0.06467336856417767,0.9345198488196943
550.7350136430053,220.0,1.0,2.124748199870088,3.432312050665592,151.49999328871453,300.4854212346526,0.0008050065719136704,0.015155714810346888,0.9840392786177393
2493.2568479803626,220.0,1.0,2.124748199870088,3.432312050665592,617.0700575698735,1132.715347078672,0.0008050065719136704,0.015155714810346888,0.9840392786177393
82.446861056868,220.0,1.0,2.124748199870088,3.432312050665592,8370.316084712407,484.1208042552204,0.0008050065719136704,0.015155714810346888,0.9840392786177393
550.1919354623406,220.0,1.0,2.122932957219042,3.4196660416713733,152.5686113923271,300.4854212346526,0.0008055804893853208,0.030062703854450652,0.9691317156561643
550.3570097233029,239.0,1.0,2.7910643197558263,4.801683337630906,150.89280873445315,300.4854212346526,0.0008054279219190631,0.026891553231439828,0.972303018846641
82.707575660073,239.0,1.0,2.787297417075411,4.771787453505178,7596.612765743539,484.1208042552204,0.0008064208270624056,0.05260769781839093,0.9465858813545467
2478.9658930566984,239.0,1.0,2.787297417075411,4.771787453505178,693.8282084590379,1132.715347078672,0.0008064208270624056,0.05260769781839093,0.9465858813545467
279.02379272707947,239.0,1.0,2.7910643197558263,4.801683337630906,18683.313082390418,2772.8851115751595,0.0008054279219190631,0.026891553231439828,0.972303018846641
279.21414203015775,220.0,1.0,2.122932957219042,3.4196660416713733,26767.84052904133,2772.8851115751595,0.0008055804893853208,0.030062703854450652,0.9691317156561643
280.26610235202196,239.0,1.0,2.787297417075411,4.771787453505178,18659.653852023235,2772.8851115751595,0.0008064208270624056,0.05260769781839093,0.9465858813545467
462.0525524487453,234.0,1.0,2.356632376445831,4.012436693960836,4691.872936589212,1615.7288869389745,0.0008065993261032497,0.0617101185804502,0.9374832820934464
195.16885419330947,234.0,1.0,2.356632376445831,4.012436693960836,2062.2238309288714,548.6711264392787,0.0008065993261032497,0.0617101185804502,0.9374832820934464
3208.578887465649,234.0,1.0,2.356632376445831,4.012436693960836,1736.4518064257777,2244.267537811123,0.0008065993261032497,0.0617101185804502,0.9374832820934464
463.2290729057097,234.0,1.0,2.354513093765508,3.9966167086086304,4689.610168720369,1615.7288869389745,0.0008071277650809085,0.07577847229284723,0.9234143999420719
461.5188780117534,199.0,1.0,2.0036734813667945,3.5084722916885704,5114.119743381434,1615.7288869389745,0.0008066143719789673,0.05537514423801128,0.9438182413900097
3207.2707539662383,199.0,1.0,2.002329802338151,3.4970188172072207,1675.416662715891,2244.267537811123,0.0008071430937230452,0.0680453958201629,0.931147461086114
195.32414167022316,199.0,1.0,2.002329802338151,3.4970188172072207,2008.7139192212587,548.6711264392787,0.0008071430937230452,0.0680453958201629,0.931147461086114
1165.158783894368,199.0,1.0,2.0036734813667945,3.5084722916885704,629.0074122475063,866.6142364830032,0.0008066143719789673,0.05537514423801128,0.9438182413900097
1164.3063248434894,234.0,1.0,2.354513093765508,3.9966167086086304,637.3545662001906,866.6142364830032,0.0008071277650809085,0.07577847229284723,0.9234143999420719
1164.618661835048,199.0,1.0,2.002329802338151,3.4970188172072207,629.1329893040258,866.6142364830032,0.0008071430937230452,0.0680453958201629,0.931147461086114
560.6058468746685,197.0,0.0,1.9323056390659998,2.9712453157964616,63.47018487479235,43.312206895423,0.0008057924182396524,0.029188039698517517,0.9700061678832428
256.51167234545716,197.0,0.0,1.9323056390659998,2.9712453157964616,38.14271634122722,25.330603995490268,0.0008057924182396524,0.029188039698517517,0.9700061678832428
487.55633232272453,197.0,0.0,1.9323056390659998,2.9712453157964616,56.78580827838313,14.351416198540816,0.0008057924182396524,0.029188039698517517,0.9700061678832428
565.1049561584364,197.0,0.0,1.9336259097255672,2.9781839848195624,64.05671664877714,43.312206895423,0.0008052869099218103,0.018434871931488638,0.9807598411585895
561.3003107492168,195.0,0.0,1.92676872176407,3.127094837795372,66.45429005018498,43.312206895423,0.0008055790089460034,0.02964458949003556,0.9695498315010183
490.4859804104061,195.0,0.0,1.9277474912930395,3.135636270069109,62.12512670297283,14.351416198540816,0.0008051553282548691,0.018820701820968865,0.9803741428507764
258.2316921106527,195.0,0.0,1.9277474912930395,3.135636270069109,40.19630812268837,25.330603995490268,0.0008051553282548691,0.018820701820968865,0.9803741428507764
241.89834425985842,195.0,0.0,1.92676872176407,3.127094837795372,37.674295410198,7.208383337992704,0.0008055790089460034,0.02964458949003556,0.9695498315010183
242.57000953173613,197.0,0.0,1.9336259097255672,2.9781839848195624,34.43502597368128,7.208383337992704,0.0008052869099218103,0.018434871931488638,0.9807598411585895
242.7278546047207,195.0,0.0,1.9277474912930395,3.135636270069109,37.67501392373301,7.208383337992704,0.0008051553282548691,0.018820701820968865,0.9803741428507764
122.39941768050004,185.0,0.0,1.7882122300511683,2.799478583016302,6424.177130661714,632.7879031409187,0.0008065921445394566,0.04548091032014511,0.9537124975353155
159.46994032023326,185.0,0.0,1.7882122300511683,2.799478583016302,8335.326351020927,911.9516811152733,0.0008065921445394566,0.04548091032014511,0.9537124975353155
192.08453163635107,185.0,0.0,1.7882122300511683,2.799478583016302,2676.0542932926137,620.9929624929335,0.0008065921445394566,0.04548091032014511,0.9537124975353155
122.30295624297923,185.0,0.0,1.788934698879981,2.8035409903446453,6432.507016961309,632.7879031409187,0.0008062992807730972,0.039469629215044114,0.9597240715041827
122.27697167464162,191.0,0.0,1.8965293127735292,2.8148081581344693,8384.30396463651,632.7879031409187,0.000805917375867084,0.04711115428041629,0.9520829283437166
191.80812267316225,191.0,0.0,1.897146749515363,2.8183721308419476,3115.9548687772945,620.9929624929335,0.0008057166154100973,0.04094083470042769,0.9582534486841622
159.21437403276911,191.0,0.0,1.897146749515363,2.8183721308419476,10398.108725911989,911.9516811152733,0.0008057166154100973,0.04094083470042769,0.9582534486841622
251.01790888227146,191.0,0.0,1.8965293127735292,2.8148081581344693,4021.4921687504666,874.1815543986907,0.000805917375867084,0.04711115428041629,0.9520829283437166
250.9477436565849,185.0,0.0,1.788934698879981,2.8035409903446453,3556.772547010618,874.1815543986907,0.0008062992807730972,0.039469629215044114,0.9597240715041827
250.81513545090093,191.0,0.0,1.897146749515363,2.8183721308419476,4021.803126941613,874.1815543986907,0.0008057166154100973,0.04094083470042769,0.9582534486841622
474.3330038319622,209.0,1.0,2.0778538947506755,2.9937922420616196,16.740322160547475,90.6865536951156,0.000805580591166917,0.026535884573222947,0.9726585348356103
265.1212321822699,209.0,1.0,2.0778538947506755,2.9937922420616196,10.518325447603441,58.036187402205755,0.000805580591166917,0.026535884573222947,0.9726585348356103
446.4517223360144,209.0,1.0,2.0778538947506755,2.9937922420616196,1725.1189851696397,850.2694783291449,0.000805580591166917,0.026535884573222947,0.9726585348356103
474.20897092357256,209.0,1.0,2.0777169780671256,2.9931846183360915,16.72264433642025,90.6865536951156,0.0008056299565127948,0.02765507210557858,0.9715392979379085
474.5803458754799,206.0,1.0,2.06406123084855,3.612478366987748,11.94245895019992,90.6865536951156,0.0008054235214291792,0.027720858555842783,0.971473717922728
446.3904798333047,206.0,1.0,2.063951296432015,3.611569608304275,1678.7258713801466,850.2694783291449,0.0008054663367167388,0.028897820152549828,0.9702967135107334
265.2209681824508,206.0,1.0,2.063951296432015,3.611569608304275,7.272830976352606,58.036187402205755,0.0008054663367167388,0.028897820152549828,0.9702967135107334
286.01943734597376,206.0,1.0,2.06406123084855,3.612478366987748,1052.8661060881873,516.603106617282,0.0008054235214291792,0.027720858555842783,0.971473717922728
286.09096099961357,209.0,1.0,2.0777169780671256,2.9931846183360915,1086.1597476643453,516.603106617282,0.0008056299565127948,0.02765507210557858,0.9715392979379085
286.0348601796811,206.0,1.0,2.063951296432015,3.611569608304275,1052.6804176369603,516.603106617282,0.0008054663367167388,0.028897820152549828,0.9702967135107334
1058.0836425326136,244.0,1.0,2.7310787522819795,4.977806418252961,2276.881880624992,1609.5112382727905,0.000808175502820983,0.10484244507248427,0.8943493794246948
1132.9391944125225,244.0,1.0,2.7310787522819795,4.977806418252961,2438.385846511113,1733.9128615089014,0.000808175502820983,0.10484244507248427,0.8943493794246948
696.4472782048443,244.0,1.0,2.7310787522819795,4.977806418252961,77.11708629333009,52.4842656798058,0.000808175502820983,0.10484244507248427,0.8943493794246948
1057.6235388363134,244.0,1.0,2.7319387035052474,4.98662770896693,2277.2228967120163,1609.5112382727905,0.0008079115386151586,0.0980845156875385,0.9011075727738465
1055.315912383195,215.0,1.0,2.1279066865884784,3.5315495706489592,2393.136251010528,1609.5112382727905,0.0008063265471594756,0.06200819445968438,0.9371854789931562
722.0219247270096,215.0,1.0,2.1283614872226955,3.534899780496506,75.7746465990639,52.4842656798058,0.0008061907572808331,0.05779069157672875,0.9414031176659904
1129.5226260633924,215.0,1.0,2.1283614872226955,3.534899780496506,2569.2211050378096,1733.9128615089014,0.0008061907572808331,0.05779069157672875,0.9414031176659904
798.7361962299847,215.0,1.0,2.1279066865884784,3.5315495706489592,81.34385995719785,56.81310922157769,0.0008063265471594756,0.06200819445968438,0.9371854789931562
776.5571959865688,244.0,1.0,2.7319387035052474,4.98662770896693,82.96070248135861,56.81310922157769,0.0008079115386151586,0.0980845156875385,0.9011075727738465
801.5276392393658,215.0,1.0,2.1283614872226955,3.534899780496506,81.49663091769796,56.81310922157769,0.0008061907572808331,0.05779069157672875,0.9414031176659904
1078.6791490368444,222.0,1.0,2.3097099248997237,4.305222038885893,106.66265299044164,29.983707079529772,0.0008054628153979566,0.02652425835463282,0.9726702788299693
1374.1431500426988,222.0,1.0,2.3097099248997237,4.305222038885893,128.50863142648814,40.145495515018325,0.0008054628153979566,0.02652425835463282,0.9726702788299693
1182.9961773795937,222.0,1.0,2.3097099248997237,4.305222038885893,44.94282486547683,271.0452504005,0.0008054628153979566,0.02652425835463282,0.9726702788299693
1080.037454329024,222.0,1.0,2.3099595079465995,4.307509650914733,106.7012613667051,29.983707079529772,0.0008053793293420636,0.02440937323270443,0.9747852474379535
1081.7350117314559,218.0,1.0,2.1618618699636496,3.787061979045931,97.3659493912217,29.983707079529772,0.0008050200704263594,0.0214020871457807,0.9777928927837929
1184.9664137906043,218.0,1.0,2.162038837344646,3.788343295089652,50.10825440526084,271.0452504005,0.0008049723095536276,0.01967776368108398,0.9795172640093622
1379.8496235641921,218.0,1.0,2.162038837344646,3.788343295089652,118.27363594317184,40.145495515018325,0.0008049723095536276,0.01967776368108398,0.9795172640093622
1470.4289655010716,218.0,1.0,2.1618618699636496,3.787061979045931,61.540416100929804,319.7478179282656,0.0008050200704263594,0.0214020871457807,0.9777928927837929
1469.3272197706524,222.0,1.0,2.3099595079465995,4.307509650914733,58.38031678809855,319.7478179282656,0.0008053793293420636,0.02440937323270443,0.9747852474379535
1471.1238462170734,218.0,1.0,2.162038837344646,3.788343295089652,60.92227619272181,319.7478179282656,0.0008049723095536276,0.01967776368108398,0.9795172640093622
68.22472011167598,223.0,1.0,2.441848159101197,4.817116082270266,13241.060364437099,453.36978827346525,0.0008067625836931357,0.07541286918509411,0.9237803682312128
94.53135345611622,223.0,1.0,2.441848159101197,4.817116082270266,16204.929168769977,700.07829590747,0.0008067625836931357,0.07541286918509411,0.9237803682312128
108.60702034038187,223.0,1.0,2.441848159101197,4.817116082270266,2719.65846576673,400.9387791484861,0.0008067625836931357,0.07541286918509411,0.9237803682312128
68.21402942155294,223.0,1.0,2.4421075047810796,4.819899582594923,13247.010802571613,453.36978827346525,0.0008066862696415598,0.07309886944213381,0.9260944442882246
68.15329593718013,208.0,1.0,2.0080489343752097,3.5377695206963815,12596.855056124912,453.36978827346525,0.0008062760198840629,0.051086233826717044,0.9481074901533988
108.46230517702377,208.0,1.0,2.008206667790276,3.539341821019975,2775.516392103798,400.9387791484861,0.0008062160225954143,0.04948986660229382,0.9497039173751107
94.36482353311791,208.0,1.0,2.008206667790276,3.539341821019975,16124.874819826491,700.07829590747,0.0008062160225954143,0.04948986660229382,0.9497039173751107
150.02519300510588,208.0,1.0,2.0080489343752097,3.5377695206963815,3786.5146856074225,601.5053507944368,0.0008062760198840629,0.051086233826717044,0.9481074901533988
150.28097317549486,223.0,1.0,2.4421075047810796,4.819899582594923,3599.781265770576,601.5053507944368,0.0008066862696415598,0.07309886944213381,0.9260944442882246
149.99951031728656,208.0,1.0,2.008206667790276,3.539341821019975,3785.468715306052,601.5053507944368,0.0008062160225954143,0.04948986660229382,0.9497039173751107
195.38843153713245,243.0,1.0,2.7095355731731257,5.010728677813342,30.966766825659633,14.77526910166007,0.000807985687088018,0.08752763416963318,0.9116643801432788
301.8121675284011,243.0,1.0,2.7095355731731257,5.010728677813342,41.86356188686436,20.485349042097337,0.000807985687088018,0.08752763416963318,0.9116643801432788
172.39448055627963,243.0,1.0,2.7095355731731257,5.010728677813342,1145.9117476255897,401.64546662784994,0.000807985687088018,0.08752763416963318,0.9116643801432788
198.72597762864208,243.0,1.0,2.7168700835880286,5.070613189982575,31.840601355045994,14.77526910166007,0.0008059863144246771,0.039870657056424,0.9593233566291512
197.94648515617956,220.0,1.0,2.1463666839691697,3.1782077521103345,30.467652573451772,14.77526910166007,0.0008062687737036125,0.047869470431134514,0.9513242607951619
171.66142873214557,220.0,1.0,2.149863094267708,3.198012920826379,1238.1493145661768,401.64546662784994,0.0008052342312543449,0.02120865653699382,0.9779861092317519
310.8609150153983,220.0,1.0,2.149863094267708,3.198012920826379,42.48374449938576,20.485349042097337,0.0008052342312543449,0.02120865653699382,0.9779861092317519
225.47535859318472,220.0,1.0,2.1463666839691697,3.1782077521103345,1609.41834696112,548.6912428362348,0.0008062687737036125,0.047869470431134514,0.9513242607951619
225.28515816569396,243.0,1.0,2.7168700835880286,5.070613189982575,1508.9792539694736,548.6912428362348,0.0008059863144246771,0.039870657056424,0.9593233566291512
224.96982860043283,220.0,1.0,2.149863094267708,3.198012920826379,1618.4418396741999,548.6912428362348,0.0008052342312543449,0.02120865653699382,0.9779861092317519
377.8222728473453,205.0,1.0,2.1885965696330545,4.1757720060445696,8471.390337904377,2051.991515772297,0.000805917664231491,0.04536241407960905,0.9538316682561594
526.2678172456035,205.0,1.0,2.1885965696330545,4.1757720060445696,11522.203099430517,3172.5504847661787,0.000805917664231491,0.04536241407960905,0.9538316682561594
1452.6098952270681,205.0,1.0,2.1885965696330545,4.1757720060445696,124.43186512852874,3.7451813437436456,0.000805917664231491,0.04536241407960905,0.9538316682561594
378.087107899906,205.0,1.0,2.188220984603615,4.1719187364555035,8469.28786439688,2051.991515772297,0.0008060422344799873,0.04900830792318106,0.950185649842339
380.3086429502864,243.0,1.0,3.1974183891422494,6.411197692365209,7144.746049815503,2051.991515772297,0.000806962721671137,0.07955291338542353,0.9196401238929053
1419.5988956775163,243.0,1.0,3.196530848812432,6.4020592717580564,51.77504496717155,3.7451813437436456,0.0008071758756454296,0.08576330805225289,0.9134295160721017
531.1334607419518,243.0,1.0,3.196530848812432,6.4020592717580564,9363.531618864894,3172.5504847661787,0.0008071758756454296,0.08576330805225289,0.9134295160721017
2192.7198130446423,243.0,1.0,3.1974183891422494,6.411197692365209,26.345113210686733,8.850499355513666,0.000806962721671137,0.07955291338542353,0.9196401238929053
2235.570982234165,205.0,1.0,2.188220984603615,4.1719187364555035,176.5455407006777,8.850499355513666,0.0008060422344799873,0.04900830792318106,0.950185649842339
2183.6912625805944,243.0,1.0,3.196530848812432,6.4020592717580564,29.685715865004063,8.850499355513666,0.0008071758756454296,0.08576330805225289,0.9134295160721017
11792.358585146369,223.0,1.0,2.3619082832832072,3.657280994936798,10560.697190470799,11096.412091025428,0.00080645610590992,0.053878815528913666,0.9453147283651763
7619.602677314683,223.0,1.0,2.3619082832832072,3.657280994936798,6824.092882894846,7206.502238755654,0.00080645610590992,0.053878815528913666,0.9453147283651763
1235.0602797176534,223.0,1.0,2.3619082832832072,3.657280994936798,254.1968373106996,539.0291973829712,0.00080645610590992,0.053878815528913666,0.9453147283651763
11793.68982196521,223.0,1.0,2.363359238590082,3.666841545355452,10561.062124068012,11096.412091025428,0.00080604490504308,0.043327140270041156,0.9558668148249158
11795.070022542459,181.0,0.0,1.779834598916041,2.9097748590991133,10493.805786633573,11096.412091025428,0.0008051725691797881,0.03477621284758584,0.9644186145832344
1240.1266309680727,181.0,0.0,1.7804085797076286,2.9150902617198304,229.6086033839361,539.0291973829712,0.0008050215991189568,0.02784672896718881,0.9713482494336924
7621.413795868384,181.0,0.0,1.7804085797076286,2.9150902617198304,6790.0150436819185,7206.502238755654,0.0008050215991189568,0.02784672896718881,0.9713482494336924
769.7965841927906,181.0,0.0,1.779834598916041,2.9097748590991133,146.21784490488622,358.5565584269104,0.0008051725691797881,0.03477621284758584,0.9644186145832344
768.6918100222579,223.0,1.0,2.363359238590082,3.666841545355452,156.44068582368504,358.5565584269104,0.00080604490504308,0.043327140270041156,0.9558668148249158
770.3156318170356,181.0,0.0,1.7804085797076286,2.9150902617198304,145.82911628154247,358.5565584269104,0.0008050215991189568,0.02784672896718881,0.9713482494336924
350.11021427005215,244.0,1.0,3.035119791616269,4.9372961956768115,1497.6688897597849,694.6307393793942,0.0008057819360189661,0.038302111187968335,0.9608921068760127
284.12616218332425,244.0,1.0,3.035119791616269,4.9372961956768115,1230.6088312538748,548.7026660314745,0.0008057819360189661,0.038302111187968335,0.9608921068760127
86.65949250124442,244.0,1.0,3.035119791616269,4.9372961956768115,18565.146377721274,645.2555104274841,0.0008057819360189661,0.038302111187968335,0.9608921068760127
351.3127074123039,244.0,1.0,3.028314598809997,4.879447479698571,1494.2758131748924,694.6307393793942,0.0008075796081987806,0.08574344147910455,0.9134489789126966
350.5193945729922,254.0,1.0,3.663304633263193,7.6798957028152826,1391.4251540693842,694.6307393793942,0.0008063299339634325,0.0648789537809997,0.9343147162850368
87.33139627721079,254.0,1.0,3.651820810333086,7.543673063680257,14377.645682497297,645.2555104274841,0.0008088565399721843,0.14042753242347394,0.8587636110365539
285.49514990260207,254.0,1.0,3.651820810333086,7.543673063680257,1162.3648758654583,548.7026660314745,0.0008088565399721843,0.14042753242347394,0.8587636110365539
71.10766580390957,254.0,1.0,3.663304633263193,7.6798957028152826,13120.412563891385,494.55484013051876,0.0008063299339634325,0.0648789537809997,0.9343147162850368
71.29942643541831,244.0,1.0,3.028314598809997,4.879447479698571,16764.01524597941,494.55484013051876,0.0008075796081987806,0.08574344147910455,0.9134489789126966
71.48760436773712,254.0,1.0,3.651820810333086,7.543673063680257,13113.657720006366,494.55484013051876,0.0008088565399721843,0.14042753242347394,0.8587636110365539
940.3623078389185,221.0,1.0,2.4659646425528012,4.620680047791726,430.7938955856944,643.8010064904586,0.0008067389955473634,0.08826119043435035,0.9109320705701022
2352.4400372145187,221.0,1.0,2.4659646425528012,4.620680047791726,1071.4022268449457,1502.8815283889458,0.0008067389955473634,0.08826119043435035,0.9109320705701022
336.926604692847,221.0,1.0,2.4659646425528012,4.620680047791726,29.85078418293303,31.132027984233602,0.0008067389955473634,0.08826119043435035,0.9109320705701022
941.3372167929721,221.0,1.0,2.4686590700810127,4.6489196776814135,429.8551765154583,643.8010064904586,0.0008060311738051287,0.06281178825135306,0.9363821805748419
939.560223184299,231.0,1.0,2.602015575569481,4.957902845057779,443.5612424211187,643.8010064904586,0.0008077085376509941,0.10069924118835603,0.898493050273993
337.8617891078696,231.0,1.0,2.6061157821695877,4.993128315293778,28.021976274779814,31.132027984233602,0.0008067125164086115,0.07194336135854822,0.9272499261250432
2355.4305856473006,231.0,1.0,2.6061157821695877,4.993128315293778,1106.2824182512675,1502.8815283889458,0.0008067125164086115,0.07194336135854822,0.9272499261250432
986.9718971394016,231.0,1.0,2.602015575569481,4.957902845057779,56.10332136379035,57.536885559803,0.0008077085376509941,0.10069924118835603,0.898493050273993
1004.1782965004293,221.0,1.0,2.4686590700810127,4.6489196776814135,68.84488987561238,57.536885559803,0.0008060311738051287,0.06281178825135306,0.9363821805748419
999.8777152091853,231.0,1.0,2.6061157821695877,4.993128315293778,57.34979232485611,57.536885559803,0.0008067125164086115,0.07194336135854822,0.9272499261250432
460.13403209681155,230.0,1.0,2.4597962488977623,4.374550066348738,3269.259276999782,1332.9879487070302,0.0008059134259651163,0.043918879223720404,0.9552752073503143
276.5713637516749,230.0,1.0,2.4597962488977623,4.374550066348738,2003.5818277561584,713.130312643264,0.0008059134259651163,0.043918879223720404,0.9552752073503143
662.6280296644838,230.0,1.0,2.4597962488977623,4.374550066348738,2873.903788021851,1493.6994132827506,0.0008059134259651163,0.043918879223720404,0.9552752073503143
459.85634065516376,231.0,1.0,2.460246485466466,4.379279013347386,3269.7164181009357,1332.9879487070302,0.0008057620793423585,0.03957596631556891,0.9596182716050886
459.8724691074119,229.0,1.0,2.5450800325379523,4.1678761180745,3380.104437456699,1332.9879487070302,0.000805672891705122,0.038457754610111965,0.9607365724981829
662.0080869489839,229.0,1.0,2.5456352421094133,4.171916459011022,2920.190035929797,1493.6994132827506,0.0008055451523716281,0.03457955718444312,0.9646148976631853
276.36360581234425,229.0,1.0,2.5456352421094133,4.171916459011022,1979.6100432228804,713.130312643264,0.0008055451523716281,0.03457955718444312,0.9646148976631853
393.4139969170639,229.0,1.0,2.5450800325379523,4.1678761180745,1686.7001909308988,811.3742670860524,0.000805672891705122,0.038457754610111965,0.9607365724981829
393.4049441493635,231.0,1.0,2.460246485466466,4.379279013347386,1722.8391584329845,811.3742670860524,0.0008057620793423585,0.03957596631556891,0.9596182716050886
393.29327960024574,229.0,1.0,2.5456352421094133,4.171916459011022,1687.7819679290988,811.3742670860524,0.0008055451523716281,0.03457955718444312,0.9646148976631853
1771.9714854339425,235.0,1.0,2.9131478139448745,5.778249979810622,85.01450888653102,87.12793793176652,0.0008075796221461139,0.08646834796844283,0.9127240724094111
191.07922732126758,235.0,1.0,2.9131478139448745,5.778249979810622,26.333581560772277,12.11493284227994,0.0008075796221461139,0.08646834796844283,0.9127240724094111
266.24274552965835,235.0,1.0,2.9131478139448745,5.778249979810622,26423.51977478063,3127.7517028488037,0.0008075796221461139,0.08646834796844283,0.9127240724094111
1748.645085777271,235.0,1.0,2.91119527884996,5.7581184422826235,79.76396291244609,87.12793793176652,0.0008081803232182428,0.10169008692530322,0.8975017327514787
1766.5250343285554,248.0,1.0,3.043097951434924,5.429384184185306,162.82982290917246,87.12793793176652,0.000807486509346448,0.09029575749975645,0.9088967559908971
267.15051395873513,248.0,1.0,3.0412010263757723,5.414431633401735,24490.882515181955,3127.7517028488037,0.000808063208500739,0.10584138897545595,0.8933505478160434
189.88767736791522,248.0,1.0,3.0412010263757723,5.414431633401735,32.950601304841726,12.11493284227994,0.000808063208500739,0.10584138897545595,0.8933505478160434
62.7528235048839,248.0,1.0,3.043097951434924,5.429384184185306,9651.376193886834,396.80896644850213,0.000807486509346448,0.09029575749975645,0.9088967559908971
62.83031424536747,235.0,1.0,2.91119527884996,5.7581184422826235,9737.303675927395,396.80896644850213,0.0008081803232182428,0.10169008692530322,0.8975017327514787
62.82092855872457,248.0,1.0,3.0412010263757723,5.414431633401735,9634.828827258212,396.80896644850213,0.000808063208500739,0.10584138897545595,0.8933505478160434
105.54373102460178,218.0,1.0,2.221231754593755,3.5181951152061828,2071.8198111644724,352.47108468715174,0.0008055417261634874,0.02412353154742202,0.9750709267264146
266.0759446031533,218.0,1.0,2.221231754593755,3.5181951152061828,5312.73168251612,1146.1958112416535,0.0008055417261634874,0.02412353154742202,0.9750709267264146
448.3137547832179,218.0,1.0,2.221231754593755,3.5181951152061828,138.1207915089106,259.8780560507673,0.0008055417261634874,0.02412353154742202,0.9750709267264146
105.71749892690384,218.0,1.0,2.219119167606536,3.5046020636714244,2068.700949687494,352.47108468715174,0.0008064232228276627,0.042770202775933394,0.9564233740012389
105.53032616164145,241.0,1.0,2.5158898515357317,4.067599649566235,2104.037797818953,352.47108468715174,0.0008054864835099361,0.027112764237858192,0.9720817492786318
447.87821793307734,241.0,1.0,2.5130949854558895,4.045028445571612,132.37250396791342,259.8780560507673,0.0008063190178558361,0.04769180053890467,0.9515018804432394
266.96418123254693,241.0,1.0,2.5130949854558895,4.045028445571612,4760.542119373504,1146.1958112416535,0.0008063190178558361,0.04769180053890467,0.9515018804432394
1417.339984433962,241.0,1.0,2.5158898515357317,4.067599649566235,421.83692736245473,727.6392710639986,0.0008054864835099361,0.027112764237858192,0.9720817492786318
1414.448304216573,218.0,1.0,2.219119167606536,3.5046020636714244,407.6056368755626,727.6392710639986,0.0008064232228276627,0.042770202775933394,0.9564233740012389
1414.03606150534,241.0,1.0,2.5130949854558895,4.045028445571612,421.7877816555088,727.6392710639986,0.0008063190178558361,0.04769180053890467,0.9515018804432394
239.32330166977533,219.0,1.0,2.1474026881162027,3.5088768619983797,36.273465953899084,2.8668609753026333,0.0008061873830343145,0.04317498423493147,0.9560188283820342
549.7618815665074,219.0,1.0,2.1474026881162027,3.5088768619983797,65.52155115385021,9.002689339931921,0.0008061873830343145,0.04317498423493147,0.9560188283820342
242.48717664286735,219.0,1.0,2.1474026881162027,3.5088768619983797,39.2523372505084,19.785141305862215,0.0008061873830343145,0.04317498423493147,0.9560188283820342
237.48571898395014,219.0,1.0,2.1446221399969856,3.488555666293479,36.27245352774735,2.8668609753026333,0.0008072380643379858,0.0675811518988122,0.9316116100368498
241.02012815778912,185.0,0.0,1.7563512097881258,3.1257612376728443,30.285766196828767,2.8668609753026333,0.0008049451277756311,0.02489383700642282,0.9743012178658015
243.50411348352412,185.0,0.0,1.7550181167851397,3.1137751094200037,33.337616937344904,19.785141305862215,0.000805269039920336,0.040232387946982105,0.9589623430130977
551.1220792988204,185.0,0.0,1.7550181167851397,3.1137751094200037,47.28998860751917,9.002689339931921,0.000805269039920336,0.040232387946982105,0.9589623430130977
605.0889425432031,185.0,0.0,1.7563512097881258,3.1257612376728443,58.86382629456034,38.87637624307804,0.0008049451277756311,0.02489383700642282,0.9743012178658015
587.7839386532453,219.0,1.0,2.1446221399969856,3.488555666293479,71.73681613805066,38.87637624307804,0.0008072380643379858,0.0675811518988122,0.9316116100368498
599.3042051788705,185.0,0.0,1.7550181167851397,3.1137751094200037,55.657388937098744,38.87637624307804,0.000805269039920336,0.040232387946982105,0.9589623430130977
175.19428558863464,199.0,0.0,1.8994935185016262,2.907343234539201,24704.84235941831,1665.1088863694185,0.0008061378620571236,0.04078193715670478,0.9584119249812381
69.87636833967385,199.0,0.0,1.8994935185016262,2.907343234539201,10918.33747068957,448.6398253968224,0.0008061378620571236,0.04078193715670478,0.9584119249812381
1488.4945950661433,199.0,0.0,1.8994935185016262,2.907343234539201,3348.5101161891475,2309.063131759296,0.0008061378620571236,0.04078193715670478,0.9584119249812381
174.83505910119683,199.0,0.0,1.9010210950822453,2.915343374577576,24736.86661909985,1665.1088863694185,0.0008055413891181388,0.02677183812044657,0.9724226204904354
175.55370111043288,222.0,1.0,2.2879327128634737,3.620722175066882,23291.763181822316,1665.1088863694185,0.000806658902430161,0.05567109648640826,0.9435222446111615
1487.9407939436242,222.0,1.0,2.290540748788371,3.6383070126695594,3276.9996618366604,2309.063131759296,0.0008058763228391559,0.03661256084185001,0.9625815628353107
69.84127310101775,222.0,1.0,2.290540748788371,3.6383070126695594,10233.90893935749,448.6398253968224,0.0008058763228391559,0.03661256084185001,0.9625815628353107
546.2653141069806,222.0,1.0,2.2879327128634737,3.620722175066882,1147.5109337022254,780.6559654654997,0.000806658902430161,0.05567109648640826,0.9435222446111615
545.7391089615239,199.0,0.0,1.9010210950822453,2.915343374577576,1179.0668255647424,780.6559654654997,0.0008055413891181388,0.02677183812044657,0.9724226204904354
545.9020730033017,222.0,1.0,2.290540748788371,3.6383070126695594,1149.8662034267427,780.6559654654997,0.0008058763228391559,0.03661256084185001,0.9625815628353107
584.0728924889029,246.0,1.0,2.7288105331692685,4.940793332534373,39.2995344168234,56.300770941400756,0.0008057565723013623,0.038374616942522206,0.9608196264851764
370.145245663311,246.0,1.0,2.7288105331692685,4.940793332534373,28.77842134064642,41.9538129786812,0.0008057565723013623,0.038374616942522206,0.9608196264851764
202.9157008980657,246.0,1.0,2.7288105331692685,4.940793332534373,4004.3521445730576,838.3201200609687,0.0008057565723013623,0.038374616942522206,0.9608196264851764
576.6385744071508,246.0,1.0,2.7227954149509936,4.887919697475272,38.94988351243755,56.300770941400756,0.0008072611660248692,0.07893288896332162,0.9202598498706536
584.7656666341315,235.0,1.0,2.4961460490445235,4.359384670470481,36.22623836419456,56.300770941400756,0.0008055918667126006,0.03299719138933295,0.9661972167439543
203.8030158055425,235.0,1.0,2.4911043341942816,4.321162509249559,4299.9959901925195,838.3201200609687,0.0008069125653768856,0.0686418252415914,0.9305512621930317
367.14912015607166,235.0,1.0,2.4911043341942816,4.321162509249559,25.225667567754684,41.9538129786812,0.0008069125653768856,0.0686418252415914,0.9305512621930317
148.074281677544,235.0,1.0,2.4961460490445235,4.359384670470481,3252.679530145214,555.9185563706707,0.0008055918667126006,0.03299719138933295,0.9661972167439543
148.72342526093536,246.0,1.0,2.7227954149509936,4.887919697475272,3023.106852031862,555.9185563706707,0.0008072611660248692,0.07893288896332162,0.9202598498706536
148.62295848340162,235.0,1.0,2.4911043341942816,4.321162509249559,3238.4518167541,555.9185563706707,0.0008069125653768856,0.0686418252415914,0.9305512621930317
486.8787220120913,240.0,1.0,2.7938054836127906,5.1547102430678295,1738.0427551999335,913.6708877390714,0.0008070674038983965,0.07862248542287874,0.9205704471732228
1367.8068100303826,240.0,1.0,2.7938054836127906,5.1547102430678295,4747.6851668858535,2976.021555833503,0.0008070674038983965,0.07862248542287874,0.9205704471732228
578.5631330295136,240.0,1.0,2.7938054836127906,5.1547102430678295,39.38330604512021,180.22209614990953,0.0008070674038983965,0.07862248542287874,0.9205704471732228
485.54202266400205,240.0,1.0,2.799116051302708,5.202984879308721,1740.9272284534368,913.6708877390714,0.0008057486876219759,0.04061841145633652,0.9585758398560416
487.19286760798093,240.0,1.0,2.989690097740422,5.356837389005198,1732.4934526606992,913.6708877390714,0.0008074420827154624,0.08457317218883688,0.9146193857284479
581.6761555183907,240.0,1.0,2.9959282936521188,5.414557905618987,38.5580383845049,180.22209614990953,0.000805935045227705,0.04378871444775904,0.9554053505070131
1361.0638339402094,240.0,1.0,2.9959282936521188,5.414557905618987,4723.844346012399,2976.021555833503,0.000805935045227705,0.04378871444775904,0.9554053505070131
2008.145320877957,240.0,1.0,2.989690097740422,5.356837389005198,161.246306910624,484.03945583257564,0.0008074420827154624,0.08457317218883688,0.9146193857284479
2034.1211534317492,240.0,1.0,2.799116051302708,5.202984879308721,159.58941427660682,484.03945583257564,0.0008057486876219759,0.04061841145633652,0.9585758398560416
2032.2028435183815,240.0,1.0,2.9959282936521188,5.414557905618987,160.9097436445168,484.03945583257564,0.000805935045227705,0.04378871444775904,0.9554053505070131
392.41326418622987,195.0,0.0,1.875233287256275,3.188188382963447,53.42502592042453,29.329224084913584,0.0008051792376596922,0.023711858082516565,0.9754829626798236
379.81617402324866,195.0,0.0,1.875233287256275,3.188188382963447,52.28104821465395,28.63998430626978,0.0008051792376596922,0.023711858082516565,0.9754829626798236
2264.00289150847,195.0,0.0,1.875233287256275,3.188188382963447,1627.9677450798888,1928.4724491869522,0.0008051792376596922,0.023711858082516565,0.9754829626798236
386.6041093916403,195.0,0.0,1.8728572597647208,3.167537257698773,53.31025854850371,29.329224084913584,0.0008061036983701679,0.05198726704267914,0.9472066292589507
389.8670236583379,224.0,1.0,2.44794880707212,4.21460727753781,53.294337860127726,29.329224084913584,0.0008056731069436125,0.036507699378666075,0.9626866275143902
2261.618027440138,223.0,1.0,2.4435615092155225,4.171308310008748,1639.7589965799743,1928.4724491869522,0.0008072067501994909,0.0786602468500655,0.9205325463997349
369.0593216572977,223.0,1.0,2.4435615092155225,4.171308310008748,52.16192408482196,28.63998430626978,0.0008072067501994909,0.0786602468500655,0.9205325463997349
2213.9129692482757,224.0,1.0,2.44794880707212,4.21460727753781,1603.5260947424542,1887.5221989341876,0.0008056731069436125,0.036507699378666075,0.9626866275143902
2213.2833364035873,195.0,0.0,1.8728572597647208,3.167537257698773,1594.0255933049805,1887.5221989341876,0.0008061036983701679,0.05198726704267914,0.9472066292589507
2212.1408432978083,223.0,1.0,2.4435615092155225,4.171308310008748,1603.978857898506,1887.5221989341876,0.0008072067501994909,0.0786602468500655,0.9205325463997349
167.48357741618366,235.0,1.0,3.1140113534543366,6.508757803414682,4441.782980333542,787.9588039172284,0.0008075527818634453,0.0879199140114544,0.9112725332066821
295.0241424736123,235.0,1.0,3.1140113534543366,6.508757803414682,7376.582623744074,1715.3943804221826,0.0008075527818634453,0.0879199140114544,0.9112725332066821
132.99884782573815,235.0,1.0,3.1140113534543366,6.508757803414682,8199.858694354201,847.3161000520076,0.0008075527818634453,0.0879199140114544,0.9112725332066821
166.97775325646947,235.0,1.0,3.1169000207966993,6.54198614841831,4447.436134394618,787.9588039172284,0.0008066405877541336,0.06360444659276247,0.9355889128194833
167.89278385723608,259.0,1.0,3.46710208637817,6.539706129887967,3996.1394106203265,787.9588039172284,0.0008081774330183693,0.10268567123998897,0.8965061513269926
132.8336163591833,259.0,1.0,3.4718298475230975,6.589786115234653,7428.729621361115,847.3161000520076,0.0008070860959293353,0.07469907827004593,0.9244938356340248
294.4037466376716,259.0,1.0,3.4718298475230975,6.589786115234653,5642.163359117418,1715.3943804221826,0.0008070860959293353,0.07469907827004593,0.9244938356340248
235.3114771348558,259.0,1.0,3.46710208637817,6.539706129887967,10074.306475307152,1926.5872683148227,0.0008081774330183693,0.10268567123998897,0.8965061513269926
233.64318193986776,235.0,1.0,3.1169000207966993,6.54198614841831,12968.24986442737,1926.5872683148227,0.0008066405877541336,0.06360444659276247,0.9355889128194833
234.14825612144858,259.0,1.0,3.4718298475230975,6.589786115234653,9974.668463838707,1926.5872683148227,0.0008070860959293353,0.07469907827004593,0.9244938356340248
1863.6250107972285,245.0,1.0,3.4095704705697836,6.337913879073932,487.9918857852058,785.55336303856,0.0008075386626753635,0.09014614300544946,0.9090463183318751
1138.220717959191,245.0,1.0,3.4095704705697836,6.337913879073932,286.0011160670013,513.8271805053117,0.0008075386626753635,0.09014614300544946,0.9090463183318751
552.3140365008535,245.0,1.0,3.4095704705697836,6.337913879073932,4105.559162007881,1819.1895141149114,0.0008075386626753635,0.09014614300544946,0.9090463183318751
1854.4009992624228,245.0,1.0,3.4056562362868124,6.299089303685827,488.75433512550387,785.55336303856,0.0008085823089756052,0.11740085573008742,0.881790561960937
1873.4369742846027,240.0,1.0,2.7463821525771306,4.844569529889574,427.1525848853916,785.55336303856,0.0008061268537683376,0.05939129127282377,0.9398025818734078
551.0874422376011,240.0,1.0,2.744021808640002,4.821032220104415,4581.686107877844,1819.1895141149114,0.0008066933007455847,0.07793145723985008,0.9212618494594044
1140.1041332726386,240.0,1.0,2.744021808640002,4.821032220104415,256.7189981106916,513.8271805053117,0.0008066933007455847,0.07793145723985008,0.9212618494594044
364.96159102225556,240.0,1.0,2.7463821525771306,4.844569529889574,3184.413333655233,1091.7853521321765,0.0008061268537683376,0.05939129127282377,0.9398025818734078
367.9930887412081,245.0,1.0,3.4056562362868124,6.299089303685827,2827.1558517225585,1091.7853521321765,0.0008085823089756052,0.11740085573008742,0.881790561960937
365.87019699714057,240.0,1.0,2.744021808640002,4.821032220104415,3183.5661798028173,1091.7853521321765,0.0008066933007455847,0.07793145723985008,0.9212618494594044
157.04384082503265,233.0,1.0,2.6285050624506265,4.269661899839518,1843.1173043605218,447.3675299438085,0.000808166626303919,0.07996409225800037,0.9192277411156958
146.18816077208857,233.0,1.0,2.6285050624506265,4.269661899839518,1724.3299573662166,411.2877791881823,0.000808166626303919,0.07996409225800037,0.9192277411156958
251.29333515495588,233.0,1.0,2.6285050624506265,4.269661899839518,35.97965546103707,2.8800093355663585,0.000808166626303919,0.07996409225800037,0.9192277411156958
156.24664573253276,233.0,1.0,2.63704035605697,4.324436297929755,1853.4921359152863,447.3675299438085,0.0008055798484492981,0.025639681420095865,0.9735547387314547
157.56929007461446,248.0,1.0,3.312867258248511,7.494150648720312,1689.257119201913,447.3675299438085,0.0008095233874832895,0.15220262810436697,0.8469878485081498
254.42024107541084,248.0,1.0,3.326683703196155,7.6750086184312565,31.098988320060712,2.8800093355663585,0.0008059920618263258,0.05135991038042143,0.947834097557752
145.61715844545412,248.0,1.0,3.326683703196155,7.6750086184312565,1593.703769099408,411.2877791881823,0.0008059920618263258,0.05135991038042143,0.947834097557752
222.95690873917235,248.0,1.0,3.312867258248511,7.494150648720312,29.054119394661114,2.813878020879814,0.0008095233874832895,0.15220262810436697,0.8469878485081498
229.38996399796642,233.0,1.0,2.63704035605697,4.324436297929755,33.289121279589985,2.813878020879814,0.0008055798484492981,0.025639681420095865,0.9735547387314547
228.4787178523316,248.0,1.0,3.326683703196155,7.6750086184312565,29.89142698894024,2.813878020879814,0.0008059920618263258,0.05135991038042143,0.947834097557752
296.56620385399776,199.0,1.0,2.0202508232444054,3.0935374736631576,11.454079347877025,87.2798813529145,0.000806073980154416,0.04244409180445676,0.956749834215389
349.4290813849626,199.0,1.0,2.0202508232444054,3.0935374736631576,13.21763550412158,99.93256712834281,0.000806073980154416,0.04244409180445676,0.956749834215389
255.6061930240205,199.0,1.0,2.0202508232444054,3.0935374736631576,11.437627407319049,44.93143863464783,0.000806073980154416,0.04244409180445676,0.956749834215389
296.78849740812007,199.0,1.0,2.020841733212305,3.097347271519989,11.06780543189563,87.2798813529145,0.0008058320001955376,0.036347239649716825,0.9628469283500877
294.379514493007,254.0,1.0,3.3823897230761273,7.080720786605476,15.973178702767868,87.2798813529145,0.0008084466464501012,0.12132986901317983,0.87786168434037
253.66382605645606,254.0,1.0,3.384810070712572,7.110097889588199,8.6712644458308,44.93143863464783,0.0008078590221599,0.10525516734049832,0.8939369736373418
347.12954197484817,254.0,1.0,3.384810070712572,7.110097889588199,21.10369404460259,99.93256712834281,0.0008078590221599,0.10525516734049832,0.8939369736373418
299.904924609534,254.0,1.0,3.3823897230761273,7.080720786605476,7.080740378907599,51.269525885661004,0.0008084466464501012,0.12132986901317983,0.87786168434037
303.8366490899682,199.0,1.0,2.020841733212305,3.097347271519989,13.539357882122514,51.269525885661004,0.0008058320001955376,0.036347239649716825,0.9628469283500877
300.76297740578275,254.0,1.0,3.384810070712572,7.110097889588199,7.342872757976443,51.269525885661004,0.0008078590221599,0.10525516734049832,0.8939369736373418
5176.057603840332,227.0,1.0,2.476597278883705,4.0430720737209604,8018.060456525122,6764.8477009297585,0.000804936471972077,0.02057288244311999,0.9786221810849078
1830.8750003145858,227.0,1.0,2.476597278883705,4.0430720737209604,2841.3065331745834,2278.4048722804378,0.000804936471972077,0.02057288244311999,0.9786221810849078
376.7306120097254,227.0,1.0,2.476597278883705,4.0430720737209604,16540.390324307285,2813.7051793241735,0.000804936471972077,0.02057288244311999,0.9786221810849078
5177.447800256514,227.0,1.0,2.4761045637038355,4.0378466741487635,8017.109869446433,6764.8477009297585,0.0008050682824952119,0.025875424016334116,0.9733195077011706
5174.204560905571,218.0,0.0,1.8839656525792599,2.9682237741745325,8145.5931619550665,6764.8477009297585,0.0008050740901739736,0.012343541644495231,0.9868513842653306
376.5488784292621,218.0,0.0,1.883493687249422,2.9667970111978472,17951.976807918327,2813.7051793241735,0.00080524334155962,0.015590886788044996,0.9836038698703953
1830.9197536325755,218.0,0.0,1.883493687249422,2.9667970111978472,2785.6946951011587,2278.4048722804378,0.00080524334155962,0.015590886788044996,0.9836038698703953
148.33793099013815,218.0,0.0,1.8839656525792599,2.9682237741745325,6660.176495781581,765.4723237259985,0.0008050740901739736,0.012343541644495231,0.9868513842653306
148.44326582138535,227.0,1.0,2.4761045637038355,4.0378466741487635,8100.648885543126,765.4723237259985,0.0008050682824952119,0.025875424016334116,0.9733195077011706
148.41034129284068,218.0,0.0,1.883493687249422,2.9667970111978472,6652.654085048216,765.4723237259985,0.00080524334155962,0.015590886788044996,0.9836038698703953
671.934972377647,220.0,1.0,2.1189119317612217,3.6193074755790002,54.76365284036193,43.4386847540055,0.0008060927193613928,0.06029765801560443,0.9388962492650341
1944.1342220136287,220.0,1.0,2.1189119317612217,3.6193074755790002,123.2239853467109,69.08437583787145,0.0008060927193613928,0.06029765801560443,0.9388962492650341
118932.26768876493,220.0,1.0,2.1189119317612217,3.6193074755790002,120035.61450888617,119514.64537207113,0.0008060927193613928,0.06029765801560443,0.9388962492650341
672.9818482747371,220.0,1.0,2.1193366260390825,3.62317585618069,54.839311655662186,43.4386847540055,0.0008059727812640559,0.056159368250853714,0.9430346589678821
674.6327119951713,199.0,0.0,1.8989666630128825,2.904595813088956,56.171041154728954,43.4386847540055,0.0008063441367079067,0.0455536257840712,0.9536400300792209
118931.12852949722,199.0,0.0,1.8993186516041338,2.9064306808085276,120035.50489839786,119514.64537207113,0.000806206294286293,0.04236908775717798,0.9568247059485357
1962.3094080683445,199.0,0.0,1.8993186516041338,2.9064306808085276,138.7383748265106,69.08437583787145,0.000806206294286293,0.04236908775717798,0.9568247059485357
289579.9902870332,199.0,0.0,1.8989666630128825,2.904595813088956,292401.37981079356,291248.1392365141,0.0008063441367079067,0.0455536257840712,0.9536400300792209
289583.1904095856,220.0,1.0,2.1193366260390825,3.62317585618069,292252.43769332685,291248.1392365141,0.0008059727812640559,0.056159368250853714,0.9430346589678821
289578.86235491803,199.0,0.0,1.8993186516041338,2.9064306808085276,292401.6613150753,291248.1392365141,0.000806206294286293,0.04236908775717798,0.9568247059485357
101.01259937549759,248.0,1.0,3.2957661101116638,7.710262003075702,4681.152884495751,522.0894360359224,0.000807139054743018,0.08909622004276413,0.9100966409024928
96.46341831484095,248.0,1.0,3.2957661101116638,7.710262003075702,4525.902517263503,491.93697698753397,0.000807139054743018,0.08909622004276413,0.9100966409024928
301.989306261822,248.0,1.0,3.2957661101116638,7.710262003075702,31.19883032689787,12.544255653162052,0.000807139054743018,0.08909622004276413,0.9100966409024928
101.05014996590974,248.0,1.0,3.2952114447496417,7.702285760355571,4679.2271860120945,522.0894360359224,0.0008072834341394389,0.09345972994199216,0.9057329866238685
100.9029205969934,242.0,1.0,2.800789213989373,6.011483225250351,5919.494524836721,522.0894360359224,0.0008067149963838666,0.06917586536628177,0.9300174196373343
303.15084417372674,242.0,1.0,2.8003111705704136,6.006651581969589,41.196356260644954,12.544255653162052,0.0008068362854274595,0.0726324438546691,0.9265607198599035
96.39295301261839,242.0,1.0,2.8003111705704136,6.006651581969589,5713.104827578579,491.93697698753397,0.0008068362854274595,0.0726324438546691,0.9265607198599035
281.68642938197206,242.0,1.0,2.800789213989373,6.011483225250351,39.340856276026386,11.757199940158813,0.0008067149963838666,0.06917586536628177,0.9300174196373343
279.92076987889646,248.0,1.0,3.2952114447496417,7.702285760355571,30.575053838633227,11.757199940158813,0.0008072834341394389,0.09345972994199216,0.9057329866238685
281.3372310796121,242.0,1.0,2.8003111705704136,6.006651581969589,39.28823348119037,11.757199940158813,0.0008068362854274595,0.0726324438546691,0.9265607198599035
434.42343866023225,247.0,1.0,3.686176577546414,6.191048744047314,60.767233224994236,163.7046251815108,0.0008062280882072351,0.04985173851637604,0.9493420333954168
811.3173460122491,247.0,1.0,3.686176577546414,6.191048744047314,116.26338278990956,274.2166331797441,0.0008062280882072351,0.04985173851637604,0.9493420333954168
291.35286177202255,247.0,1.0,3.686176577546414,6.191048744047314,33.65341664923221,0.7389914862626585,0.0008062280882072351,0.04985173851637604,0.9493420333954168
429.87964965420895,247.0,1.0,3.672587112269377,6.098939665511468,64.03929128752694,163.7046251815108,0.0008097011217737823,0.13609784972747507,0.8630924491507512
435.7433844949276,209.0,1.0,2.190357252848559,3.7013716190671957,45.67321618781108,163.7046251815108,0.00080529796373115,0.022485764915088847,0.97670893712118
290.0090964460198,209.0,1.0,2.1855140054287756,3.659593144114323,38.17641580187053,0.7389914862626585,0.0008069550971947768,0.06359849900508788,0.9355945458977172
809.3517066432341,209.0,1.0,2.1855140054287756,3.659593144114323,82.3510743983657,274.2166331797441,0.0008069550971947768,0.06359849900508788,0.9355945458977172
619.635247596092,209.0,1.0,2.190357252848559,3.7013716190671957,67.53747782145444,5.697088304671962,0.00080529796373115,0.022485764915088847,0.97670893712118
584.5214066389062,247.0,1.0,3.672587112269377,6.098939665511468,49.508422736035186,5.697088304671962,0.0008097011217737823,0.13609784972747507,0.8630924491507512
607.4235722032188,209.0,1.0,2.1855140054287756,3.659593144114323,65.99036915637201,5.697088304671962,0.0008069550971947768,0.06359849900508788,0.9355945458977172
10738.176345673332,241.0,1.0,3.190037063769881,5.39101412026659,11722.44711603103,11285.89382683597,0.0008073730980096026,0.0918522064806325,0.9073404204213579
5412.716081736424,241.0,1.0,3.190037063769881,5.39101412026659,5908.0246337420185,5654.202445086217,0.0008073730980096026,0.0918522064806325,0.9073404204213579
308.9230230277005,241.0,1.0,3.190037063769881,5.39101412026659,2743.514282878694,946.4953610143593,0.0008073730980096026,0.0918522064806325,0.9073404204213579
10736.816058228855,241.0,1.0,3.1924280187241734,5.411638413349846,11723.682288951886,11285.89382683597,0.0008068310819306484,0.07604968784777509,0.9231434810702941
10739.065059822233,246.0,1.0,3.193273876085397,6.026261827222914,11726.914417158576,11285.89382683597,0.0008079929645555198,0.10411564787360043,0.895076359161844
308.63078978426915,246.0,1.0,3.1958238612684333,6.054666209317561,2719.547770675325,946.4953610143593,0.0008073366353454786,0.08639033207725569,0.9128023312873987
5412.569791601651,246.0,1.0,3.1958238612684333,6.054666209317561,5914.735714112972,5654.202445086217,0.0008073366353454786,0.08639033207725569,0.9128023312873987
167.9379608439298,246.0,1.0,3.193273876085397,6.026261827222914,1556.8962647806575,449.80281863343595,0.0008079929645555198,0.10411564787360043,0.895076359161844
167.58625447982342,241.0,1.0,3.1924280187241734,5.411638413349846,1580.2458743934046,449.80281863343595,0.0008068310819306484,0.07604968784777509,0.9231434810702941
167.71423814008628,246.0,1.0,3.1958238612684333,6.054666209317561,1559.9361354407029,449.80281863343595,0.0008073366353454786,0.08639033207725569,0.9128023312873987
2056.1008957776735,244.0,1.0,2.767430618005633,5.679875642540503,124.37768778846102,9.285457771792395,0.0008062166788030793,0.05405540369951757,0.9451383796216793
320.099278868134,244.0,1.0,2.767430618005633,5.679875642540503,31.76161496726814,13.36318464796521,0.0008062166788030793,0.05405540369951757,0.9451383796216793
366.6766960435536,244.0,1.0,2.767430618005633,5.679875642540503,17084.94289348065,3438.389593391067,0.0008062166788030793,0.05405540369951757,0.9451383796216793
2022.4840084046996,244.0,1.0,2.7644621816371884,5.644565675968864,120.908211918357,9.285457771792395,0.0008071628503001395,0.08078802627588018,0.9184048108738196
2040.6955785750727,248.0,1.0,3.1746130295316406,6.484445372597227,236.9830236640603,9.285457771792395,0.0008064165271595457,0.06663433499698557,0.9325592484758549
370.0060698589615,248.0,1.0,3.170474652941883,6.436121561069081,13679.510958601444,3438.389593391067,0.0008074664034434239,0.09885520817216888,0.9003373254243878
316.40726128684776,248.0,1.0,3.170474652941883,6.436121561069081,30.686545772511398,13.36318464796521,0.0008074664034434239,0.09885520817216888,0.9003373254243878
99.14305368580926,248.0,1.0,3.1746130295316406,6.484445372597227,6298.181956478271,540.8019446862385,0.0008064165271595457,0.06663433499698557,0.9325592484758549
99.31388306680992,244.0,1.0,2.7644621816371884,5.644565675968864,6344.682104394167,540.8019446862385,0.0008071628503001395,0.08078802627588018,0.9184048108738196
99.41933053792076,248.0,1.0,3.170474652941883,6.436121561069081,6271.49194410444,540.8019446862385,0.0008074664034434239,0.09885520817216888,0.9003373254243878
76.76113310145473,246.0,1.0,2.635530411863827,3.9877049384263588,6916.709909527167,420.873851818234,0.0008075973312207037,0.07413494311308606,0.9250574595556932
274.3364096166218,246.0,1.0,2.635530411863827,3.9877049384263588,17643.498067638375,2525.163147001052,0.0008075973312207037,0.07413494311308606,0.9250574595556932
2881.235648280288,246.0,1.0,2.635530411863827,3.9877049384263588,2445.5082223001577,2660.5763415451243,0.0008075973312207037,0.07413494311308606,0.9250574595556932
76.4763650746101,246.0,1.0,2.641362845214626,4.02421926545518,6927.125895817814,420.873851818234,0.0008058158160617665,0.033503924071539404,0.9656902601123989
77.23487215276702,251.0,1.0,3.2791379073976543,6.609804386608059,6475.323605005864,420.873851818234,0.0008104907029071206,0.15562321496991025,0.8435662943271826
2881.480626935143,251.0,1.0,3.2939396382879447,6.750525832158071,2455.8441452686593,2660.5763415451243,0.0008070748784465605,0.07351040059037692,0.9256825245311764
274.0942409547488,251.0,1.0,3.2939396382879447,6.750525832158071,14284.432212247377,2525.163147001052,0.0008070748784465605,0.07351040059037692,0.9256825245311764
12572.454766250255,251.0,1.0,3.2791379073976543,6.609804386608059,10954.93964336995,11341.745647438547,0.0008104907029071206,0.15562321496991025,0.8435662943271826
12606.322442257311,246.0,1.0,2.641362845214626,4.02421926545518,10657.336741586065,11341.745647438547,0.0008058158160617665,0.033503924071539404,0.9656902601123989
12596.190900190253,251.0,1.0,3.2939396382879447,6.750525832158071,10997.849933028843,11341.745647438547,0.0008070748784465605,0.07351040059037692,0.9256825245311764
273.25629326599795,217.0,1.0,2.2224507307340673,3.894634701823979,41.33882446260901,25.596079421255475,0.000806336909108444,0.05274415770178402,0.9464495053891077
1188.6440372385796,217.0,1.0,2.2224507307340673,3.894634701823979,111.32962563001442,76.10063539402796,0.000806336909108444,0.05274415770178402,0.9464495053891077
259.8216877065818,217.0,1.0,2.2224507307340673,3.894634701823979,39.42953139580783,14.445268571584332,0.000806336909108444,0.05274415770178402,0.9464495053891077
272.72302665213874,217.0,1.0,2.2219845015327424,3.8908370430907433,41.30655926865929,25.596079421255475,0.0008064894147970635,0.05676729455337443,0.9424262160318285
267.9220003132359,248.0,1.0,3.1083097729695663,6.169606979742193,40.55425133161572,25.596079421255475,0.0008079760232990596,0.0964936393892673,0.9026983845874336
255.19949581583268,248.0,1.0,3.107102783172913,6.157959402608507,38.432593990281624,14.445268571584332,0.0008082592162659899,0.10351280211984813,0.8956789386638858
1137.362356596576,248.0,1.0,3.107102783172913,6.157959402608507,97.99357711542373,76.10063539402796,0.0008082592162659899,0.10351280211984813,0.8956789386638858
1008.6090731593994,248.0,1.0,3.1083097729695663,6.169606979742193,89.54144411165422,48.848353527868056,0.0008079760232990596,0.0964936393892673,0.9026983845874336
1036.3277956975571,217.0,1.0,2.2219845015327424,3.8908370430907433,106.17751863896501,48.848353527868056,0.0008064894147970635,0.05676729455337443,0.9424262160318285
1003.4080628553849,248.0,1.0,3.107102783172913,6.157959402608507,91.80413304991926,48.848353527868056,0.0008082592162659899,0.10351280211984813,0.8956789386638858
300.79779257224425,234.0,1.0,2.5163477633244034,4.618890315502413,12026.172289516377,2142.6477296177736,0.0008056136714380293,0.035666415690510024,0.9635279706380517
129.2537175307923,234.0,1.0,2.5163477633244034,4.618890315502413,6148.394028399447,655.3936150625487,0.0008056136714380293,0.035666415690510024,0.9635279706380517
7455.387568104915,234.0,1.0,2.5163477633244034,4.618890315502413,9517.19536880949,8658.112522101346,0.0008056136714380293,0.035666415690510024,0.9635279706380517
300.5774014201522,234.0,1.0,2.5168825293873818,4.623500940755362,12034.09248725458,2142.6477296177736,0.000805476289792473,0.031613493713675896,0.9675810299965316
301.5348938210475,249.0,1.0,2.8834190842738314,5.364814843865269,10183.553405985489,2142.6477296177736,0.0008065381674015364,0.04685445959310251,0.9523390022394961
7456.7906290841765,249.0,1.0,2.8843539453287446,5.372257782108858,9381.339557248291,8658.112522101346,0.0008062920690658298,0.041551445733180724,0.9576422621977535
129.42203160133153,249.0,1.0,2.8843539453287446,5.372257782108858,4874.976445697322,655.3936150625487,0.0008062920690658298,0.041551445733180724,0.9576422621977535
2862.0188532055636,249.0,1.0,2.8834190842738314,5.364814843865269,3578.113838607922,3237.8367786733916,0.0008065381674015364,0.04685445959310251,0.9523390022394961
2861.16402335583,234.0,1.0,2.5168825293873818,4.623500940755362,3649.354404134075,3237.8367786733916,0.000805476289792473,0.031613493713675896,0.9675810299965316
2861.765364582102,249.0,1.0,2.8843539453287446,5.372257782108858,3578.719915961155,3237.8367786733916,0.0008062920690658298,0.041551445733180724,0.9576422621977535
1110.9322337208364,229.0,1.0,2.57863123685927,4.260437203645589,438.4757370269344,677.9914294929578,0.0008075539688250759,0.07060076516913637,0.9285916808620388
551.2610870808346,229.0,1.0,2.57863123685927,4.260437203645589,223.55192824940926,355.69091392453373,0.0008075539688250759,0.07060076516913637,0.9285916808620388
158.69696277686373,229.0,1.0,2.57863123685927,4.260437203645589,5297.2174213293065,756.5042818497204,0.0008075539688250759,0.07060076516913637,0.9285916808620388
1110.2708437665162,229.0,1.0,2.5774793435492764,4.2517289605796655,438.9060665184567,677.9914294929578,0.0008079080209548702,0.07813729269469125,0.921054799284354
1111.0226913833253,243.0,1.0,2.5051939141520148,4.6876419710653945,428.0593549538237,677.9914294929578,0.0008070840197944883,0.07584745371708887,0.9233454622631166
158.77208130844758,243.0,1.0,2.504222887331234,4.678510534486283,5568.029231369509,756.5042818497204,0.000807382711050355,0.08378893273817156,0.9154036845507781
551.2578058855349,243.0,1.0,2.504222887331234,4.678510534486283,210.55823733682263,355.69091392453373,0.000807382711050355,0.08378893273817156,0.9154036845507781
89.59186708992202,243.0,1.0,2.5051939141520148,4.6876419710653945,3639.1756007025638,364.7045087421586,0.0008070840197944883,0.07584745371708887,0.9233454622631166
89.73526966523461,229.0,1.0,2.5774793435492764,4.2517289605796655,3100.603093083674,364.7045087421586,0.0008079080209548702,0.07813729269469125,0.921054799284354
89.64523624279487,243.0,1.0,2.504222887331234,4.678510534486283,3636.5034103828884,364.7045087421586,0.000807382711050355,0.08378893273817156,0.9154036845507781
224.872049619498,219.0,1.0,2.4373128811723794,4.321009751534508,1993.8823239898543,594.5914127292004,0.0008060529491756679,0.05067088297016824,0.9485230640806562
402.8362766020208,219.0,1.0,2.4373128811723794,4.321009751534508,3424.4442996256785,1220.813298696443,0.0008060529491756679,0.05067088297016824,0.9485230640806562
403.7985003282026,219.0,1.0,2.4373128811723794,4.321009751534508,11.860469449960647,81.26959659768477,0.0008060529491756679,0.05067088297016824,0.9485230640806562
224.747266918474,219.0,1.0,2.438005853777916,4.327297850565506,1995.4572875299436,594.5914127292004,0.000805832338971874,0.04402341377454706,0.9551707538864811
225.0559255614825,232.0,1.0,2.6146108197470093,4.317296788807518,1885.3205462444473,594.5914127292004,0.0008064350864917149,0.05626403224040554,0.9429295326731028
403.72493660965847,233.0,1.0,2.6155029358057225,4.324457187652934,12.62277047687746,81.26959659768477,0.0008061626686135348,0.04891542264543035,0.9502784146859562
402.84488864603884,233.0,1.0,2.6155029358057225,4.324457187652934,3283.164314340636,1220.813298696443,0.0008061626686135348,0.04891542264543035,0.9502784146859562
883.4187631414139,232.0,1.0,2.6146108197470093,4.317296788807518,15.48459745625166,143.3732861106442,0.0008064350864917149,0.05626403224040554,0.9429295326731028
887.0012873091595,219.0,1.0,2.438005853777916,4.327297850565506,14.691032437733625,143.3732861106442,0.000805832338971874,0.04402341377454706,0.9551707538864811
885.3898024631044,233.0,1.0,2.6155029358057225,4.324457187652934,15.518232965777411,143.3732861106442,0.0008061626686135348,0.04891542264543035,0.9502784146859562
426.63281493383863,224.0,1.0,2.2813604636824105,3.9284457270004096,55.35580775275128,16.9187993685905,0.0008068438620817314,0.06509874105761163,0.9340944150803068
253.56146054064152,224.0,1.0,2.2813604636824105,3.9284457270004096,38.16534559912815,10.649879406978634,0.0008068438620817314,0.06509874105761163,0.9340944150803068
944.097479529152,224.0,1.0,2.2813604636824105,3.9284457270004096,340.35371577606065,564.7558470556809,0.0008068438620817314,0.06509874105761163,0.9340944150803068
428.74495991272624,224.0,1.0,2.2827308718563764,3.938742116739003,55.43883637894094,16.9187993685905,0.0008064435046472566,0.054788131305295105,0.9444054251900577
423.0898313455349,214.0,1.0,2.163540067293758,4.673335470895173,56.952822582613145,16.9187993685905,0.0008074912601279919,0.08627013575830732,0.9129223729815646
943.8294063404005,214.0,1.0,2.1650368884884617,4.690855566728584,332.28521864573565,564.7558470556809,0.0008069852982773955,0.0729159499586152,0.9262770647431073
253.2635312189007,214.0,1.0,2.1650368884884617,4.690855566728584,39.53888834002782,10.649879406978634,0.0008069852982773955,0.0729159499586152,0.9262770647431073
634.6773845531538,214.0,1.0,2.163540067293758,4.673335470895173,225.43189882001806,393.2088217702353,0.0008074912601279919,0.08627013575830732,0.9129223729815646
635.5403104405408,224.0,1.0,2.2827308718563764,3.938742116739003,232.4527651152238,393.2088217702353,0.0008064435046472566,0.054788131305295105,0.9444054251900577
635.0993544608395,214.0,1.0,2.1650368884884617,4.690855566728584,225.34375667424658,393.2088217702353,0.0008069852982773955,0.0729159499586152,0.9262770647431073
113.54401021086295,241.0,1.0,3.1501795204586474,7.1971046292738095,22463.677369219426,983.8368847278351,0.0008069687094485607,0.09063928479034693,0.9085537465002045
106.29840959906825,241.0,1.0,3.1501795204586474,7.1971046292738095,21791.609518657242,892.3090582280577,0.0008069687094485607,0.09063928479034693,0.9085537465002045
121.50861718524853,241.0,1.0,3.1501795204586474,7.1971046292738095,15677.324965143069,925.166441347091,0.0008069687094485607,0.09063928479034693,0.9085537465002045
113.05925946648519,241.0,1.0,3.155658234608328,7.27064590600109,22426.94975729253,983.8368847278351,0.0008056230939226641,0.044368134671288285,0.9548262422347891
113.06638945655783,204.0,1.0,2.0788515245722885,3.398781577260611,21395.594910154796,983.8368847278351,0.0008058441965166686,0.03557023831272353,0.9636239174907598
120.69936509060322,204.0,1.0,2.0809857129034066,3.4154479970272487,15424.831365341975,925.166441347091,0.000805096195757404,0.01691455520636507,0.9822803485978775
105.67377452347353,204.0,1.0,2.0809857129034066,3.4154479970272487,20264.91329462545,892.3090582280577,0.000805096195757404,0.01691455520636507,0.9822803485978775
113.31664708764026,204.0,1.0,2.0788515245722885,3.398781577260611,14433.030406985885,841.168702629779,0.0008058441965166686,0.03557023831272353,0.9636239174907598
113.30634715192814,241.0,1.0,3.155658234608328,7.27064590600109,15144.926430235106,841.168702629779,0.0008056230939226641,0.044368134671288285,0.9548262422347891
113.08361101158424,204.0,1.0,2.0809857129034066,3.4154479970272487,14505.057461839011,841.168702629779,0.000805096195757404,0.01691455520636507,0.9822803485978775
1023.3202460743574,243.0,1.0,2.802830984514958,4.799969642200516,32.35214137284298,126.63402048542237,0.0008068620025190792,0.07012251854932496,0.9290706194481558
2084.019138372585,243.0,1.0,2.802830984514958,4.799969642200516,45.80054171159538,202.49581431161852,0.0008068620025190792,0.07012251854932496,0.9290706194481558
650.5678604789889,243.0,1.0,2.802830984514958,4.799969642200516,3175.6998008923297,1580.8111441163924,0.0008068620025190792,0.07012251854932496,0.9290706194481558
1012.9193817687382,243.0,1.0,2.798652582424197,4.766565369532751,32.31156555788891,126.63402048542237,0.0008079105320734199,0.0978172822164592,0.9013748072514673
1027.6414048029942,219.0,1.0,2.3469346608115935,4.3223756095841095,35.015021179510065,126.63402048542237,0.000806520175807338,0.05868697108314554,0.9405065087410471
651.6328030143206,219.0,1.0,2.344183504684463,4.299072793895269,3273.4929614056846,1580.8111441163924,0.0008074242824521978,0.08233213429558792,0.9168604414219599
2072.283799933439,219.0,1.0,2.344183504684463,4.299072793895269,54.25183501448835,202.49581431161852,0.0008074242824521978,0.08233213429558792,0.9168604414219599
1154.484752875245,219.0,1.0,2.3469346608115935,4.3223756095841095,5758.325780657872,3110.481349202428,0.000806520175807338,0.05868697108314554,0.9405065087410471
1162.871720883701,243.0,1.0,2.798652582424197,4.766565369532751,5510.130770401782,3110.481349202428,0.0008079105320734199,0.0978172822164592,0.9013748072514673
1159.503430717019,219.0,1.0,2.344183504684463,4.299072793895269,5757.396957796069,3110.481349202428,0.0008074242824521978,0.08233213429558792,0.9168604414219599
473.9191542078352,239.0,1.0,2.8445749015518706,5.331615016578532,1195.8792606782138,727.3086062995122,0.0008057979158227692,0.046381179066197216,0.9528130230179799
531.1514124801986,239.0,1.0,2.8445749015518706,5.331615016578532,1336.0104711747827,822.5461750705581,0.0008057979158227692,0.046381179066197216,0.9528130230179799
262.9143423879653,239.0,1.0,2.8445749015518706,5.331615016578532,27.730426798429633,20.916575655458097,0.0008057979158227692,0.046381179066197216,0.9528130230179799
473.99071195799417,239.0,1.0,2.8440794158975717,5.325996280218116,1195.5862119550427,727.3086062995122,0.0008059329895985033,0.0507841760422927,0.9484098909681089
474.24270001648125,259.0,1.0,3.680704514311208,7.684317601460379,1117.1701536118064,727.3086062995122,0.0008064727056328152,0.07134682863842975,0.9278466986559373
261.5361141422509,259.0,1.0,3.679743495521481,7.672803051536338,17.76677764117963,20.916575655458097,0.0008066748534192413,0.07793008724895645,0.9212632378976243
531.6989683002248,259.0,1.0,3.679743495521481,7.672803051536338,1240.1939448221872,822.5461750705581,0.0008066748534192413,0.07793008724895645,0.9212632378976243
305.4928050198719,259.0,1.0,3.680704514311208,7.684317601460379,15.9245041227117,23.172279067076303,0.0008064727056328152,0.07134682863842975,0.9278466986559373
306.5850772522763,239.0,1.0,2.8440794158975717,5.325996280218116,30.679331212997774,23.172279067076303,0.0008059329895985033,0.0507841760422927,0.9484098909681089
305.0494615612688,259.0,1.0,3.679743495521481,7.672803051536338,15.563936522373613,23.172279067076303,0.0008066748534192413,0.07793008724895645,0.9212632378976243
1199.1198589687956,240.0,1.0,2.8977237259768294,5.584528971531194,834.8902295787509,1001.939599037549,0.000806417710022395,0.05802880348645101,0.9411647788035267
2000.3182646621328,240.0,1.0,2.8977237259768294,5.584528971531194,1387.114523886977,1643.8878170327052,0.000806417710022395,0.05802880348645101,0.9411647788035267
325.769720444855,240.0,1.0,2.8977237259768294,5.584528971531194,50.46207017459836,133.64021017796946,0.000806417710022395,0.05802880348645101,0.9411647788035267
1198.425020251397,240.0,1.0,2.893063741424869,5.534279727461707,837.0872062110199,1001.939599037549,0.0008078051151736943,0.09528124846203809,0.9039109464227884
1199.5323218680278,221.0,1.0,2.2694809736521213,4.3290392508054065,815.870382350015,1001.939599037549,0.0008054778963097582,0.041250005964211175,0.957944516139479
325.7358385582329,221.0,1.0,2.266607292215748,4.302797852801128,45.13071172622075,133.64021017796946,0.0008062199208745565,0.06867342909471533,0.9305203509844103
2000.0045689060853,221.0,1.0,2.266607292215748,4.302797852801128,1361.4242150223185,1643.8878170327052,0.0008062199208745565,0.06867342909471533,0.9305203509844103
572.3471379264022,221.0,1.0,2.2694809736521213,4.3290392508054065,74.97566263618764,216.0423362034569,0.0008054778963097582,0.041250005964211175,0.957944516139479
568.3176442113208,240.0,1.0,2.893063741424869,5.534279727461707,88.51619372009156,216.0423362034569,0.0008078051151736943,0.09528124846203809,0.9039109464227884
570.5160376277429,221.0,1.0,2.266607292215748,4.302797852801128,77.48933461467891,216.0423362034569,0.0008062199208745565,0.06867342909471533,0.9305203509844103
1011.0974396085556,251.0,1.0,3.120858958551532,6.031738673923096,4541.638078184942,2679.198127024725,0.0008100402599103398,0.13208254425938432,0.8671074154807054
825.9528379579307,251.0,1.0,3.120858958551532,6.031738673923096,3722.8353535405536,2114.260369280505,0.0008100402599103398,0.13208254425938432,0.8671074154807054
513.5047178879606,251.0,1.0,3.120858958551532,6.031738673923096,6672.50784888278,2491.457239289314,0.0008100402599103398,0.13208254425938432,0.8671074154807054
1000.9644481530745,251.0,1.0,3.129724053251206,6.110000799983771,4527.74679915908,2679.198127024725,0.0008076235463649976,0.07880545823720353,0.9203869182164314
1001.988715832328,229.0,1.0,2.5476100202509673,4.189909405859765,5115.874182930844,2679.198127024725,0.0008075585198801999,0.08350785056702376,0.915684590913096
503.7825317521128,229.0,1.0,2.5527239138168696,4.2278700047696995,8095.660336433255,2491.457239289314,0.0008062222094877917,0.04931199124053767,0.9498817865499745
814.6431177642787,229.0,1.0,2.5527239138168696,4.2278700047696995,4218.83968097415,2114.260369280505,0.0008062222094877917,0.04931199124053767,0.9498817865499745
417.5317387546095,229.0,1.0,2.5476100202509673,4.189909405859765,6819.931944969232,1934.3985288649799,0.0008075585198801999,0.08350785056702376,0.915684590913096
417.023839946913,251.0,1.0,3.129724053251206,6.110000799983771,5546.255557652819,1934.3985288649799,0.0008076235463649976,0.07880545823720353,0.9203869182164314
414.6119409094691,229.0,1.0,2.5527239138168696,4.2278700047696995,6821.65368951798,1934.3985288649799,0.0008062222094877917,0.04931199124053767,0.9498817865499745
941.895893009152,218.0,1.0,2.1039019769465455,3.141185029718215,98.3785526572704,53.85014201968745,0.0008051187789155349,0.016174983195721353,0.983019898025363
722.2027212648001,218.0,1.0,2.1039019769465455,3.141185029718215,81.44568143392775,43.122982275139314,0.0008051187789155349,0.016174983195721353,0.983019898025363
1012.0778911295183,218.0,1.0,2.1039019769465455,3.141185029718215,2860.4794986086026,1753.2738617899279,0.0008051187789155349,0.016174983195721353,0.983019898025363
925.6543390873927,218.0,1.0,2.101413904100119,3.126322552017334,98.41503685843799,53.85014201968745,0.0008061306980824031,0.03943096936298528,0.9597628999389324
931.4467463707279,239.0,1.0,2.7879956976517533,5.660978279175388,84.29995597751726,53.85014201968745,0.0008057461668737226,0.03321578826243684,0.9659784655706893
1017.3667584200848,239.0,1.0,2.781054903912521,5.590349666390558,2627.6521691141334,1753.2738617899279,0.0008077087216121682,0.07976549449642109,0.9194267967819668
692.9621943071659,239.0,1.0,2.781054903912521,5.590349666390558,66.02668112032228,43.122982275139314,0.0008077087216121682,0.07976549449642109,0.9194267967819668
848.1221875248209,239.0,1.0,2.7879956976517533,5.660978279175388,2199.3509683696802,1437.1076977888476,0.0008057461668737226,0.03321578826243684,0.9659784655706893
848.7527186237454,218.0,1.0,2.101413904100119,3.126322552017334,2381.580948923398,1437.1076977888476,0.0008061306980824031,0.03943096936298528,0.9597628999389324
851.1031072346433,239.0,1.0,2.781054903912521,5.590349666390558,2194.4796248382017,1437.1076977888476,0.0008077087216121682,0.07976549449642109,0.9194267967819668
128.12651967594584,229.0,1.0,2.4457913638402613,4.184099622245008,4123.924318088798,508.6561480874019,0.000806343325780974,0.06513786673421802,0.9340557899400009
100.04705385869251,229.0,1.0,2.4457913638402613,4.184099622245008,3437.4082183371265,375.5124461355947,0.000806343325780974,0.06513786673421802,0.9340557899400009
322.89316834004387,229.0,1.0,2.4457913638402613,4.184099622245008,46.99215135343996,26.755788755853878,0.000806343325780974,0.06513786673421802,0.9340557899400009
127.74587851049242,229.0,1.0,2.4492164039937783,4.218100232060387,4137.914280814034,508.6561480874019,0.0008052782022206814,0.029732538100662183,0.969462183697117
128.83023152303235,247.0,1.0,3.4852001084785322,6.017039560222962,3329.120651464535,508.6561480874019,0.0008084058786211766,0.11830213964227496,0.8808894544791038
324.29354960733355,247.0,1.0,3.4958248916879135,6.116166339243829,42.045073902391984,26.755788755853878,0.0008061813701042265,0.055166159748132104,0.9440276588817638
100.01028079866734,247.0,1.0,3.4958248916879135,6.116166339243829,2785.9060459275265,375.5124461355947,0.0008061813701042265,0.055166159748132104,0.9440276588817638
206.27729868506268,247.0,1.0,3.4852001084785322,6.017039560222962,31.447598164728443,19.813083243003305,0.0008084058786211766,0.11830213964227496,0.8808894544791038
213.63161176674504,229.0,1.0,2.4492164039937783,4.218100232060387,35.59281204503307,19.813083243003305,0.0008052782022206814,0.029732538100662183,0.969462183697117
211.53536260995202,247.0,1.0,3.4958248916879135,6.116166339243829,32.590993163355826,19.813083243003305,0.0008061813701042265,0.055166159748132104,0.9440276588817638
328.32117283564037,248.0,1.0,3.0102757347092406,5.784416005879732,46.36371227597549,16.61344453263729,0.0008064369547440776,0.06849196447913349,0.9307015985661224
1810.0432114574587,248.0,1.0,3.0102757347092406,5.784416005879732,132.05457087606504,83.09782051075067,0.0008064369547440776,0.06849196447913349,0.9307015985661224
127.55510409718272,248.0,1.0,3.0102757347092406,5.784416005879732,3853.3358322633494,534.2662450920608,0.0008064369547440776,0.06849196447913349,0.9307015985661224
327.8070500672437,248.0,1.0,3.0097680660850905,5.7786195378865886,46.347277113099715,16.61344453263729,0.0008065590061967466,0.07239282203904397,0.9268006189547593
330.44144624985614,213.0,0.0,1.9671664890573883,3.8656187805731284,41.29543296648095,16.61344453263729,0.0008068259495433443,0.042636221628428415,0.9565569524220283
127.56616825205799,213.0,0.0,1.9668177923506611,3.863117424337705,3538.853260687721,534.2662450920608,0.000806972547870157,0.04518087677960236,0.9540121506725274
1842.1532519447874,213.0,0.0,1.9668177923506611,3.863117424337705,122.55371422062017,83.09782051075067,0.000806972547870157,0.04518087677960236,0.9540121506725274
388.10643966676764,213.0,0.0,1.9671664890573883,3.8656187805731284,11757.4664900638,2419.9988067716504,0.0008068259495433443,0.042636221628428415,0.9565569524220283
390.0598474064644,248.0,1.0,3.0097680660850905,5.7786195378865886,8962.357316591588,2419.9988067716504,0.0008065590061967466,0.07239282203904397,0.9268006189547593
388.3228044517042,213.0,0.0,1.9668177923506611,3.863117424337705,11756.384687512225,2419.9988067716504,0.000806972547870157,0.04518087677960236,0.9540121506725274
271.2989962062403,250.0,1.0,2.9255497708638587,4.782526625279058,3923.0633461683024,1075.8378417328613,0.0008078978736455511,0.09115757429832638,0.908034527828028
160.34416345534012,250.0,1.0,2.9255497708638587,4.782526625279058,2437.8898062939047,546.1147520603181,0.0008078978736455511,0.09115757429832638,0.908034527828028
820.9705740993943,250.0,1.0,2.9255497708638587,4.782526625279058,12.888806508626582,164.38632701167788,0.0008078978736455511,0.09115757429832638,0.908034527828028
271.4693016381506,250.0,1.0,2.9249309702115065,4.7786541432547045,3921.7326940587413,1075.8378417328613,0.0008080535185418657,0.0949214739126311,0.904270472568827
270.0090136179851,194.0,0.0,1.8305672256496108,3.219880761039573,4732.87721088866,1075.8378417328613,0.0008071456862963461,0.057639115862081335,0.9415537384516223
827.7288785401815,194.0,0.0,1.8302908272936556,3.2179843987049455,7.632005495337761,164.38632701167788,0.0008072672048435236,0.06010386299789247,0.939088869797264
159.96067468276487,194.0,0.0,1.8302908272936556,3.2179843987049455,2688.444497112483,546.1147520603181,0.0008072672048435236,0.06010386299789247,0.939088869797264
406.5641038177907,194.0,0.0,1.8305672256496108,3.219880761039573,4.64014258266879,96.35544735049106,0.0008071456862963461,0.057639115862081335,0.9415537384516223
404.09700288545866,250.0,1.0,2.9249309702115065,4.7786541432547045,4.020975266121361,96.35544735049106,0.0008080535185418657,0.0949214739126311,0.904270472568827
406.3693312428512,194.0,0.0,1.8302908272936556,3.2179843987049455,4.621876662356122,96.35544735049106,0.0008072672048435236,0.06010386299789247,0.939088869797264
4657.379577874544,244.0,1.0,2.9844189272313884,5.704869771284867,2738.3134814776768,3330.7271854394166,0.0008066009482344704,0.056539707574531514,0.9426536914772342
1010.6107015305097,244.0,1.0,2.9844189272313884,5.704869771284867,592.750316731166,783.8827393315905,0.0008066009482344704,0.056539707574531514,0.9426536914772342
1987.6600815337365,244.0,1.0,2.9844189272313884,5.704869771284867,167.29315158056824,116.3141541200709,0.0008066009482344704,0.056539707574531514,0.9426536914772342
4657.609156705785,244.0,1.0,2.9845411454031856,5.705862533968529,2738.305180765535,3330.7271854394166,0.0008065717895680786,0.05581468178011398,0.9433787464303178
4664.404885094317,232.0,1.0,2.4112308153997097,3.9844357521010294,2681.4652661056434,3330.7271854394166,0.0008057257659358701,0.033162551731678445,0.9660317225023859
2031.7172272322719,232.0,1.0,2.411290974240503,3.984835049144163,162.91226965452373,116.3141541200709,0.0008057083348920838,0.032726312512713907,0.9664679791523939
1011.1660926135341,232.0,1.0,2.411290974240503,3.984835049144163,591.4406868014983,783.8827393315905,0.0008057083348920838,0.032726312512713907,0.9664679791523939
243.56071622505647,232.0,1.0,2.4112308153997097,3.9844357521010294,37.91102458464839,22.71213817783988,0.0008057257659358701,0.033162551731678445,0.9660317225023859
241.40387105540225,244.0,1.0,2.9845411454031856,5.705862533968529,38.894370874471875,22.71213817783988,0.0008065717895680786,0.05581468178011398,0.9433787464303178
243.608835047588,232.0,1.0,2.411290974240503,3.984835049144163,37.918882263473165,22.71213817783988,0.0008057083348920838,0.032726312512713907,0.9664679791523939
198.1313564268991,225.0,1.0,2.348791367271891,3.839305424039728,1183.4900086663981,430.56468557047833,0.0008060717557770368,0.04909051370265638,0.9501034145415668
387.0466784155757,225.0,1.0,2.348791367271891,3.839305424039728,2308.4363198553556,940.8086800236938,0.0008060717557770368,0.04909051370265638,0.9501034145415668
342.3353809118247,225.0,1.0,2.348791367271891,3.839305424039728,1035.7147563560852,562.651076433527,0.0008060717557770368,0.04909051370265638,0.9501034145415668
198.19513215107,225.0,1.0,2.3480985556315406,3.833399650614832,1183.1286660658577,430.56468557047833,0.0008062772851897921,0.05495789677359187,0.9442358259412181
198.34859161934324,244.0,1.0,2.735494934159145,5.023520129492908,1103.1941254185945,430.56468557047833,0.0008068263840961842,0.06933023707672542,0.9298629365391785
342.706239906887,244.0,1.0,2.734505136774379,5.013184433731995,988.5316586528824,562.651076433527,0.0008071273756839277,0.0774666752055659,0.9217261974187501
388.18529396532676,244.0,1.0,2.734505136774379,5.013184433731995,2133.9167087766796,940.8086800236938,0.0008071273756839277,0.0774666752055659,0.9217261974187501
685.4667065240726,244.0,1.0,2.735494934159145,5.023520129492908,1980.8525652938372,1210.3797928916842,0.0008068263840961842,0.06933023707672542,0.9298629365391785
684.7722215532566,225.0,1.0,2.3480985556315406,3.833399650614832,2084.212695291948,1210.3797928916842,0.0008062772851897921,0.05495789677359187,0.9442358259412181
685.8960582217828,244.0,1.0,2.734505136774379,5.013184433731995,1981.660704218903,1210.3797928916842,0.0008071273756839277,0.0774666752055659,0.9217261974187501
263.8120865591249,242.0,1.0,2.8312710571688045,4.996328990116446,15.377372187186081,37.58844019426864,0.0008074574096858929,0.08948750582499737,0.9097050367653167
767.9085279077018,242.0,1.0,2.8312710571688045,4.996328990116446,31.150352303837963,77.63157456057161,0.0008074574096858929,0.08948750582499737,0.9097050367653167
67.4025973881147,242.0,1.0,2.8312710571688045,4.996328990116446,15577.076776154368,479.53954934038103,0.0008074574096858929,0.08948750582499737,0.9097050367653167
266.45813959712456,242.0,1.0,2.838797249047567,5.067720576061319,16.93853222398981,37.58844019426864,0.0008054190141410479,0.030707630860240285,0.9684869501256188
262.72951293328293,243.0,1.0,2.946772289101779,4.9927091709240505,19.311850252664797,37.58844019426864,0.0008081373237471892,0.10376945218520041,0.8954224104910524
67.16088684079297,243.0,1.0,2.9582691432832298,5.079444621217846,15501.44284488526,479.53954934038103,0.0008056435136964106,0.03602973847799191,0.9631646180083117
781.8491783797533,243.0,1.0,2.9582691432832298,5.079444621217846,37.8071878242213,77.63157456057161,0.0008056435136964106,0.03602973847799191,0.9631646180083117
145.00074868709416,243.0,1.0,2.946772289101779,4.9927091709240505,23165.25342965906,1430.486260797633,0.0008081373237471892,0.10376945218520041,0.8954224104910524
143.64256652204404,242.0,1.0,2.838797249047567,5.067720576061319,24211.95083023447,1430.486260797633,0.0008054190141410479,0.030707630860240285,0.9684869501256188
143.76107110531248,243.0,1.0,2.9582691432832298,5.079444621217846,23089.36126260717,1430.486260797633,0.0008056435136964106,0.03602973847799191,0.9631646180083117
1072.42627018251,230.0,1.0,2.3337455248398316,3.8929647219804537,3485.886237776502,2069.0516379478718,0.0008056477148090237,0.04091837968734602,0.9582759725978448
311.0509685804527,230.0,1.0,2.3337455248398316,3.8929647219804537,985.2168521350135,518.3970936076786,0.0008056477148090237,0.04091837968734602,0.9582759725978448
1520.700399090116,230.0,1.0,2.3337455248398316,3.8929647219804537,258.9209269315487,569.0859482157184,0.0008056477148090237,0.04091837968734602,0.9582759725978448
1074.8815461714125,230.0,1.0,2.331084784253363,3.872144112103458,3484.350145381941,2069.0516379478718,0.0008062952508550212,0.06166280329130726,0.9375309014578376
1074.5806553344519,242.0,1.0,2.958578207553137,5.544102020055882,3230.533587818468,2069.0516379478718,0.0008063492536005721,0.06190992780504284,0.9372837229413566
1506.9381860741164,242.0,1.0,2.9549668425726012,5.505632566645585,280.64010447500567,569.0859482157184,0.0008073622697359525,0.09203336017536065,0.9071592775549036
311.5906858222608,242.0,1.0,2.9549668425726012,5.505632566645585,937.6536234432948,518.3970936076786,0.0008073622697359525,0.09203336017536065,0.9071592775549036
348.355683076137,242.0,1.0,2.958578207553137,5.544102020055882,63.72733282011348,161.81872678177848,0.0008063492536005721,0.06190992780504284,0.9372837229413566
348.2927885327992,230.0,1.0,2.331084784253363,3.872144112103458,66.05497862317758,161.81872678177848,0.0008062952508550212,0.06166280329130726,0.9375309014578376
347.7078533105345,242.0,1.0,2.9549668425726012,5.505632566645585,64.37072370768637,161.81872678177848,0.0008073622697359525,0.09203336017536065,0.9071592775549036
564.3416872745033,242.0,1.0,2.880689904762667,5.175347825103017,63.22139752360763,2.1839237872667527,0.0008076112796953239,0.08807313187493289,0.9111192568453719
435.5826085838228,242.0,1.0,2.880689904762667,5.175347825103017,52.64241597980858,0.34452796301166844,0.0008076112796953239,0.08807313187493289,0.9111192568453719
566.0792373135658,242.0,1.0,2.880689904762667,5.175347825103017,55.987482976443225,18.41212566703241,0.0008076112796953239,0.08807313187493289,0.9111192568453719
572.3908017185519,242.0,1.0,2.8855908131607397,5.211433704964589,63.22618369986807,2.1839237872667527,0.0008064501113235549,0.05749653974365464,0.9416970101450218
567.360952328118,220.0,1.0,2.530700226621395,4.903058984257983,63.61024634313184,2.1839237872667527,0.0008069179994594474,0.0793310531915478,0.9198620288089928
574.8161667193585,220.0,1.0,2.533658071994204,4.93492797266326,56.87551058541047,18.41212566703241,0.0008060095956743355,0.05160720799542721,0.9475867824088985
442.46883799163135,220.0,1.0,2.533658071994204,4.93492797266326,52.81004440064127,0.34452796301166844,0.0008060095956743355,0.05160720799542721,0.9475867824088985
442.0214660069099,220.0,1.0,2.530700226621395,4.903058984257983,47.080054890815134,16.81532106034217,0.0008069179994594474,0.0793310531915478,0.9198620288089928
444.84145059269144,242.0,1.0,2.8855908131607397,5.211433704964589,46.92053171766743,16.81532106034217,0.0008064501113235549,0.05749653974365464,0.9416970101450218
446.1053363189946,220.0,1.0,2.533658071994204,4.93492797266326,47.277058470919606,16.81532106034217,0.0008060095956743355,0.05160720799542721,0.9475867824088985
102.68483477269902,209.0,1.0,2.12566486630413,3.4927434077828217,12007.911166116339,696.6417650483071,0.0008053722573718915,0.021541564302731714,0.9776530634398963
199.38685537200323,209.0,1.0,2.12566486630413,3.4927434077828217,22863.3262577381,1850.1638511062351,0.0008053722573718915,0.021541564302731714,0.9776530634398963
290.7538957536268,209.0,1.0,2.12566486630413,3.4927434077828217,1860.2341380400717,695.5053338023201,0.0008053722573718915,0.021541564302731714,0.9776530634398963
103.26187882265948,209.0,1.0,2.1193178877730645,3.4485574127000422,11982.272885851948,696.6417650483071,0.0008075662714558287,0.06925742038885935,0.9299350133396848
102.63019464267286,208.0,1.0,2.1057809641159304,3.4182107098522003,11634.706665222539,696.6417650483071,0.0008051448976412833,0.01841079655405359,0.9807840585483051
291.71395794517997,208.0,1.0,2.101313848830729,3.38755263872041,1850.052348678134,695.5053338023201,0.0008067988783048116,0.059297849245778085,0.9398953518759173
200.49331168473083,208.0,1.0,2.101313848830729,3.38755263872041,22085.331310801957,1850.1638511062351,0.0008067988783048116,0.059297849245778085,0.9398953518759173
575.6173428713365,208.0,1.0,2.1057809641159304,3.4182107098522003,3887.112730266073,1594.1072538102674,0.0008051448976412833,0.01841079655405359,0.9807840585483051
580.2638296933294,209.0,1.0,2.1193178877730645,3.4485574127000422,3907.240573053996,1594.1072538102674,0.0008075662714558287,0.06925742038885935,0.9299350133396848
579.133277744453,208.0,1.0,2.101313848830729,3.38755263872041,3888.2115969310375,1594.1072538102674,0.0008067988783048116,0.059297849245778085,0.9398953518759173
579.1962271122429,163.0,0.0,1.6879709902667432,2.3465948355388924,80.26152331696355,241.90188020939453,0.0008055710190017014,0.02462860849330318,0.9745658204876951
455.5689406257369,163.0,0.0,1.6879709902667432,2.3465948355388924,63.908907326318456,196.89083958961874,0.0008055710190017014,0.02462860849330318,0.9745658204876951
1625.5675934761312,163.0,0.0,1.6879709902667432,2.3465948355388924,2427.2683158555865,1972.4371190269705,0.0008055710190017014,0.02462860849330318,0.9745658204876951
580.2942877192461,164.0,0.0,1.689441273105828,2.3547081169829513,80.1277541799077,241.90188020939453,0.0008048751100169049,0.009595071956024638,0.9896000529339585
578.2538517848336,194.0,0.0,1.7775359808957838,3.3795713510332175,85.00603669579743,241.90188020939453,0.0008060288887472583,0.0432823689898386,0.9559116021214141
1625.131856179977,194.0,0.0,1.7801723426265263,3.4005472934033554,2417.8227664299197,1972.4371190269705,0.0008050518846198924,0.017058591694554856,0.9821363564208253
456.07399065701094,194.0,0.0,1.7801723426265263,3.4005472934033554,66.84236068473888,196.89083958961874,0.0008050518846198924,0.017058591694554856,0.9821363564208253
1319.5290941960102,194.0,0.0,1.7775359808957838,3.3795713510332175,1954.8152950192637,1588.4755199614654,0.0008060288887472583,0.0432823689898386,0.9559116021214141
1318.7483292801942,164.0,0.0,1.689441273105828,2.3547081169829513,1964.9358456224243,1588.4755199614654,0.0008048751100169049,0.009595071956024638,0.9896000529339585
1318.8797635692642,194.0,0.0,1.7801723426265263,3.4005472934033554,1956.6683752790907,1588.4755199614654,0.0008050518846198924,0.017058591694554856,0.9821363564208253
205.64020372406137,199.0,1.0,2.044175640513971,3.5006892923477637,3873.5857921011702,704.9749598201504,0.0008046777629200669,0.017294473100362803,0.9819008491367172
554.9854023816235,199.0,1.0,2.044175640513971,3.5006892923477637,9922.138711155,2562.4212165447457,0.0008046777629200669,0.017294473100362803,0.9819008491367172
483.26508261142084,199.0,1.0,2.044175640513971,3.5006892923477637,61.97271576398633,26.74826916183221,0.0008046777629200669,0.017294473100362803,0.9819008491367172
205.97384829749632,199.0,1.0,2.0430167757590163,3.4843618533160856,3863.250127227643,704.9749598201504,0.0008049775627154864,0.03773090171226884,0.9614641207250157
205.9484960236404,214.0,1.0,2.29018155474662,3.772880387834964,3031.4898013509924,704.9749598201504,0.0008054279843795383,0.024509479748104374,0.974685092267516
473.34742412676303,214.0,1.0,2.287124328178159,3.7468719349824635,61.70215273594503,26.74826916183221,0.0008066299612761744,0.05293662033101994,0.946256749707704
559.3368222492584,214.0,1.0,2.287124328178159,3.7468719349824635,7884.894369511465,2562.4212165447457,0.0008066299612761744,0.05293662033101994,0.946256749707704
2162.1525632989883,214.0,1.0,2.29018155474662,3.772880387834964,186.77166406008013,104.99480511428493,0.0008054279843795383,0.024509479748104374,0.974685092267516
2137.8980988327294,199.0,1.0,2.0430167757590163,3.4843618533160856,190.70000514350107,104.99480511428493,0.0008049775627154864,0.03773090171226884,0.9614641207250157
2111.1229253395186,214.0,1.0,2.287124328178159,3.7468719349824635,186.85757334479592,104.99480511428493,0.0008066299612761744,0.05293662033101994,0.946256749707704
1505.5805285947201,201.0,0.0,1.9965167623144378,3.6482189383280135,138.75509846706177,90.34835835707517,0.0008057496003893145,0.06150578006049969,0.9376884703391111
566.5860309776103,201.0,0.0,1.9965167623144378,3.6482189383280135,68.65801439801683,40.662624597495224,0.0008057496003893145,0.06150578006049969,0.9376884703391111
1241.5528547795068,201.0,0.0,1.9965167623144378,3.6482189383280135,86.5975604461648,77.10709118661529,0.0008057496003893145,0.06150578006049969,0.9376884703391111
1547.1847908106454,201.0,0.0,1.9987612610871277,3.673087415987499,138.90561973742876,90.34835835707517,0.0008050727913610587,0.03077059537366421,0.9684243318349746
1483.361416063036,227.0,1.0,2.504135448785185,3.7035875839618067,104.96970789202811,90.34835835707517,0.000807955983702804,0.07498683427816528,0.9242052097381319
1253.6339550968094,228.0,1.0,2.5096202379463723,3.743633581343972,51.74891490373065,77.10709118661529,0.0008061362080665029,0.03722328763966545,0.961970576152268
573.1827962737152,228.0,1.0,2.5096202379463723,3.743633581343972,58.749516869082115,40.662624597495224,0.0008061362080665029,0.03722328763966545,0.961970576152268
522.6321847509032,227.0,1.0,2.504135448785185,3.7035875839618067,21.807136405714196,47.76002129868248,0.000807955983702804,0.07498683427816528,0.9242052097381319
531.6264828905951,201.0,0.0,1.9987612610871277,3.673087415987499,45.58342603621685,47.76002129868248,0.0008050727913610587,0.03077059537366421,0.9684243318349746
529.5412123079626,228.0,1.0,2.5096202379463723,3.743633581343972,25.945207937994653,47.76002129868248,0.0008061362080665029,0.03722328763966545,0.961970576152268
106.27323224372105,200.0,0.0,1.9746278749079658,2.9481235783343163,3923.996965465959,466.22043571212765,0.0008055739124499872,0.024953182726545103,0.974241243361005
105.62368398696849,200.0,0.0,1.9746278749079658,2.9481235783343163,3900.3197880522953,462.63271894769866,0.0008055739124499872,0.024953182726545103,0.974241243361005
94.38011214270895,200.0,0.0,1.9746278749079658,2.9481235783343163,5439.396489518352,477.51767563777645,0.0008055739124499872,0.024953182726545103,0.974241243361005
106.54688252204966,200.0,0.0,1.9718552702937264,2.935041085036969,3918.121686055976,466.22043571212765,0.0008066769792725396,0.04831106220340905,0.9508822608173182
106.15906332170678,170.0,0.0,1.7281783991241806,2.8535822669743753,5558.797593255161,466.22043571212765,0.0008050316099011516,0.021335308386920607,0.9778596600031783
94.41997940933852,170.0,0.0,1.7265718738047722,2.8393936983158055,8116.675616490737,477.51767563777645,0.0008056162531208782,0.041412807182368845,0.9577815765645104
105.67215222416557,170.0,0.0,1.7265718738047722,2.8393936983158055,5501.315752463716,462.63271894769866,0.0008056162531208782,0.041412807182368845,0.9577815765645104
93.70119528818597,170.0,0.0,1.7281783991241806,2.8535822669743753,8129.2285759247625,473.7922571205089,0.0008050316099011516,0.021335308386920607,0.9778596600031783
94.04308286705454,200.0,0.0,1.9718552702937264,2.935041085036969,5400.643290366102,473.7922571205089,0.0008066769792725396,0.04831106220340905,0.9508822608173182
93.84228797640381,170.0,0.0,1.7265718738047722,2.8393936983158055,8080.705117038754,473.7922571205089,0.0008056162531208782,0.041412807182368845,0.9577815765645104
227.85779982284592,215.0,0.0,1.9679978681365011,3.7375464391638684,28.470978101610402,14.931869222472281,0.0008054666012002893,0.027608251726597716,0.971586281672202
232.2495198774092,215.0,0.0,1.9679978681365011,3.7375464391638684,28.889468878518333,15.12754069981352,0.0008054666012002893,0.027608251726597716,0.971586281672202
138.70675288057052,215.0,0.0,1.9679978681365011,3.7375464391638684,1715.3985114574768,396.0742579952208,0.0008054666012002893,0.027608251726597716,0.971586281672202
227.21282116484855,215.0,0.0,1.9666028762839896,3.7243051506209643,28.371879735302226,14.931869222472281,0.0008059800576987205,0.04090689620240689,0.9582871237398943
226.6639064773115,247.0,1.0,3.3730087334250034,8.07614966154229,18.997295885693845,14.931869222472281,0.0008062681031814503,0.06979838300361714,0.9293953488932015
139.16553559944697,247.0,1.0,3.369283180727735,8.014929344504967,1645.573463748572,396.0742579952208,0.000807191750266506,0.1016568250621473,0.8975359831875863
229.72240672940197,247.0,1.0,3.369283180727735,8.014929344504967,18.144851572678387,15.12754069981352,0.000807191750266506,0.1016568250621473,0.8975359831875863
140.76692642776862,247.0,1.0,3.3730087334250034,8.07614966154229,1668.550118808174,402.2175718720501,0.0008062681031814503,0.06979838300361714,0.9293953488932015
140.68460560073885,215.0,0.0,1.9666028762839896,3.7243051506209643,1736.6573315094663,402.2175718720501,0.0008059800576987205,0.04090689620240689,0.9582871237398943
141.01965345382098,247.0,1.0,3.369283180727735,8.014929344504967,1663.1743284902066,402.2175718720501,0.000807191750266506,0.1016568250621473,0.8975359831875863
407.5395048392379,253.0,1.0,3.728811719367735,8.013399923724576,12479.652528214454,4072.8872079119737,0.0008081713870522107,0.1277744184785196,0.8714174101344282
164.0434184760766,253.0,1.0,3.728811719367735,8.013399923724576,8303.575961535622,1123.4733971473504,0.0008081713870522107,0.1277744184785196,0.8714174101344282
2348.769719210445,253.0,1.0,3.728811719367735,8.013399923724576,703.0621875560867,79.57631526799075,0.0008081713870522107,0.1277744184785196,0.8714174101344282
409.7986516250536,253.0,1.0,3.7253527870712726,7.968405459457525,12484.028694345066,4072.8872079119737,0.0008089379294969685,0.15043648473781135,0.8487545773326917
401.6318567925271,243.0,1.0,2.562797814256953,4.36349996909631,20863.158002052558,4072.8872079119737,0.0008064422598152782,0.0583073083375053,0.9408862494026793
2460.267705228614,243.0,1.0,2.5612695167169375,4.35236381396139,204.83880167702404,79.57631526799075,0.0008068514102562233,0.06946291545678379,0.92973023313296
162.9627440525835,243.0,1.0,2.5612695167169375,4.35236381396139,10703.58092533554,1123.4733971473504,0.0008068514102562233,0.06946291545678379,0.92973023313296
704.0988985935555,243.0,1.0,2.562797814256953,4.36349996909631,76.57218076690498,16.631856188352373,0.0008064422598152782,0.0583073083375053,0.9408862494026793
670.9830695396143,253.0,1.0,3.7253527870712726,7.968405459457525,50.2201193061588,16.631856188352373,0.0008089379294969685,0.15043648473781135,0.8487545773326917
699.7935159591955,243.0,1.0,2.5612695167169375,4.35236381396139,76.5028386255519,16.631856188352373,0.0008068514102562233,0.06946291545678379,0.92973023313296
777.1595684035053,212.0,1.0,2.1109450671569894,3.5305644274356025,7.809156468054809,163.27852913298582,0.0008056459219850972,0.037536624801640016,0.9616577292763749
1359.2564014365612,212.0,1.0,2.1109450671569894,3.5305644274356025,10.5607744962019,246.41691951548464,0.0008056459219850972,0.037536624801640016,0.9616577292763749
1726.3971914958358,212.0,1.0,2.1109450671569894,3.5305644274356025,787.189108732051,1133.2464850133913,0.0008056459219850972,0.037536624801640016,0.9616577292763749
779.7675179689268,212.0,1.0,2.1124593136518977,3.5397029425478954,6.322097377030028,163.27852913298582,0.0008051863598844334,0.023526372328365946,0.9756684413117496
767.93668799587,248.0,1.0,3.135873860162029,5.612454475247864,14.047739915651306,163.27852913298582,0.0008078193904805886,0.08360165401453451,0.915590526594985
1724.3753166656124,248.0,1.0,3.1413675216609453,5.659093000898272,815.9136742754156,1133.2464850133913,0.0008065382268401998,0.05337526038754018,0.9458182013856196
1352.5973519923612,248.0,1.0,3.1413675216609453,5.659093000898272,36.446696807622594,246.41691951548464,0.0008065382268401998,0.05337526038754018,0.9458182013856196
2856.8557967911343,248.0,1.0,3.135873860162029,5.612454475247864,1362.1893723273363,1808.8127775628675,0.0008078193904805886,0.08360165401453451,0.915590526594985
2872.42697388813,212.0,1.0,2.1124593136518977,3.5397029425478954,1278.0522811211763,1808.8127775628675,0.0008051863598844334,0.023526372328365946,0.9756684413117496
2864.8519536308095,248.0,1.0,3.1413675216609453,5.659093000898272,1361.33786537581,1808.8127775628675,0.0008065382268401998,0.05337526038754018,0.9458182013856196
831.7046376229706,223.0,1.0,2.1511148400228373,3.8363229136736794,1536.7740092021008,1103.330372706757,0.0008056828928166672,0.05108611851648787,0.9481081985906954
1012.4324039186922,223.0,1.0,2.1511148400228373,3.8363229136736794,1867.5459157783844,1357.7924520851477,0.0008056828928166672,0.05108611851648787,0.9481081985906954
82.67206927677886,223.0,1.0,2.1511148400228373,3.8363229136736794,13546.238824501987,506.64997838821546,0.0008056828928166672,0.05108611851648787,0.9481081985906954
831.4971096895873,223.0,1.0,2.1520528094672198,3.84622161693352,1538.0772301743823,1103.330372706757,0.0008054028004235783,0.0400512508303123,0.9591433463692642
832.6274559158692,215.0,1.0,2.3367490173919854,5.164848684615327,1520.9495313812859,1103.330372706757,0.0008073409596284749,0.08786185831274221,0.9113308007276293
82.84902877305703,215.0,1.0,2.33861838900194,5.185242632030957,10836.365141843555,506.64997838821546,0.0008066931419550966,0.06942265730674126,0.9297706495513035
1013.1354199479987,215.0,1.0,2.33861838900194,5.185242632030957,1851.8259369012853,1357.7924520851477,0.0008066931419550966,0.06942265730674126,0.9297706495513035
99.09618447620059,215.0,1.0,2.3367490173919854,5.164848684615327,12182.73389955531,642.2614595861394,0.0008073409596284749,0.08786185831274221,0.9113308007276293
98.61624151351717,223.0,1.0,2.1520528094672198,3.84622161693352,15114.281318194053,642.2614595861394,0.0008054028004235783,0.0400512508303123,0.9591433463692642
98.92401921616812,215.0,1.0,2.33861838900194,5.185242632030957,12189.986328350315,642.2614595861394,0.0008066931419550966,0.06942265730674126,0.9297706495513035
729.4323876964019,224.0,1.0,2.2071994690473082,4.126112522013962,285.388021575495,465.4101997332945,0.0008060153969962658,0.047108248831716285,0.9520857357712874
652.3886874532188,224.0,1.0,2.2071994690473082,4.126112522013962,255.94302712727824,419.6694597914222,0.0008060153969962658,0.047108248831716285,0.9520857357712874
200.82265933038647,224.0,1.0,2.2071994690473082,4.126112522013962,1630.0249554227996,509.2581971667787,0.0008060153969962658,0.047108248831716285,0.9520857357712874
728.9080762060645,224.0,1.0,2.2054236516376715,4.112558891976226,285.712268658658,465.4101997332945,0.000806547193104156,0.06209023158613664,0.9371032212207592
729.552450215183,216.0,1.0,2.2533113406857272,4.17628910670598,292.3025329813105,465.4101997332945,0.0008056869244797718,0.04587889577115557,0.9533154173043648
200.94949950171247,216.0,1.0,2.2516390032345233,4.161545378818351,1786.5687842365605,509.2581971667787,0.0008061143631683768,0.06070650214489277,0.9384873834919389
652.1153626069843,216.0,1.0,2.2516390032345233,4.161545378818351,262.6112633130989,419.6694597914222,0.0008061143631683768,0.06070650214489277,0.9384873834919389
182.75371325626847,216.0,1.0,2.2533113406857272,4.17628910670598,1641.9045109576575,456.4091017234007,0.0008056869244797718,0.04587889577115557,0.9533154173043648
183.01397713099314,224.0,1.0,2.2054236516376715,4.112558891976226,1484.0598478757795,456.4091017234007,0.000806547193104156,0.06209023158613664,0.9371032212207592
182.91806673796762,216.0,1.0,2.2516390032345233,4.161545378818351,1639.449750505393,456.4091017234007,0.0008061143631683768,0.06070650214489277,0.9384873834919389
341.2468366001169,181.0,0.0,1.7792588283915514,2.904475982937126,3828.0381459489417,1057.3320919919329,0.0008053243055116119,0.04163206382633857,0.9575626118681497
307.1513550575725,181.0,0.0,1.7792588283915514,2.904475982937126,3450.448959165148,926.098596756985,0.0008053243055116119,0.04163206382633857,0.9575626118681497
712.2709913710858,181.0,0.0,1.7792588283915514,2.904475982937126,76.32543364188174,2.6093365975190776,0.0008053243055116119,0.04163206382633857,0.9575626118681497
340.2293098773294,181.0,0.0,1.7813001074509902,2.923412909930564,3849.1492567741134,1057.3320919919329,0.000804787687100873,0.016890358777094848,0.9823048535358042
343.1207306134244,236.0,1.0,2.6076706713666633,4.3566457115287935,3157.678059149147,1057.3320919919329,0.0008075653882977934,0.07358161244678715,0.9256108221649151
715.5966610763608,236.0,1.0,2.6150563716390574,4.408863528129752,68.86552605428129,2.6093365975190776,0.0008056751147501636,0.030279685520336868,0.968914639364913
306.95263629412744,236.0,1.0,2.6150563716390574,4.408863528129752,2856.870664243789,926.098596756985,0.0008056751147501636,0.030279685520336868,0.968914639364913
600.4606200356818,236.0,1.0,2.6076706713666633,4.3566457115287935,60.12742296283904,3.67091017524321,0.0008075653882977934,0.07358161244678715,0.9256108221649151
616.6663523567842,181.0,0.0,1.7813001074509902,2.923412909930564,68.2405927667429,3.67091017524321,0.000804787687100873,0.016890358777094848,0.9823048535358042
612.7328849569042,236.0,1.0,2.6150563716390574,4.408863528129752,61.51028152495871,3.67091017524321,0.0008056751147501636,0.030279685520336868,0.968914639364913
3000.1275960473376,228.0,1.0,2.2729893016473555,3.602185112674047,212.3535177154574,163.11182449359333,0.0008050234517140311,0.02078599873992421,0.9784089778083617
1834.2880384519563,228.0,1.0,2.2729893016473555,3.602185112674047,143.6957048720331,105.52848897151796,0.0008050234517140311,0.02078599873992421,0.9784089778083617
3364.4040419586527,228.0,1.0,2.2729893016473555,3.602185112674047,839.69706806258,1456.4794679428333,0.0008050234517140311,0.02078599873992421,0.9784089778083617
2888.076197613974,228.0,1.0,2.2692607239965503,3.5691671782775187,201.17982631011387,163.11182449359333,0.0008061088134981479,0.057420193573851884,0.94177369761265
2867.221175216114,259.0,1.0,3.7387487191124085,7.673344588250579,444.05125090282974,163.11182449359333,0.0008068279752601879,0.0666024409723443,0.9325907310523958
3271.9017874721167,259.0,1.0,3.7216870338056034,7.4942449801738285,1857.9148056745325,1456.4794679428333,0.0008111643331899269,0.16934081705852164,0.8298480186082885
1584.910598610058,259.0,1.0,3.7216870338056034,7.4942449801738285,340.1207728499438,105.52848897151796,0.0008111643331899269,0.16934081705852164,0.8298480186082885
2211.0155698802664,259.0,1.0,3.7387487191124085,7.673344588250579,1040.7499679254502,1011.7612225320152,0.0008068279752601879,0.0666024409723443,0.9325907310523958
2213.2964556667366,228.0,1.0,2.2692607239965503,3.5691671782775187,578.3354343745655,1011.7612225320152,0.0008061088134981479,0.057420193573851884,0.94177369761265
2172.8010718455,259.0,1.0,3.7216870338056034,7.4942449801738285,1089.5187982401058,1011.7612225320152,0.0008111643331899269,0.16934081705852164,0.8298480186082885
85.059381639191,253.0,1.0,3.2293925608172134,6.235510024923672,4644.764608565524,385.16270911901523,0.0008075996559511432,0.09429896139222382,0.9048934389518251
108.31374925084862,253.0,1.0,3.2293925608172134,6.235510024923672,5387.293450576398,521.0301250634561,0.0008075996559511432,0.09429896139222382,0.9048934389518251
65.36135792819243,253.0,1.0,3.2293925608172134,6.235510024923672,13874.873957999076,426.54717650017193,0.0008075996559511432,0.09429896139222382,0.9048934389518251
84.91793821221992,253.0,1.0,3.2322216155495314,6.269373829282484,4655.363644380038,385.16270911901523,0.0008067967083492762,0.07188577442776221,0.9273074288638884
85.27357147647382,255.0,1.0,3.965368857576576,8.875498343567994,3935.8241315175223,385.16270911901523,0.0008087444973854497,0.14690968330381018,0.8522815721988044
65.36779763181167,255.0,1.0,3.9708411349118706,8.947161853019502,11340.726124004843,426.54717650017193,0.0008076474953880909,0.11337643702719363,0.8858159154774182
108.37670712514115,255.0,1.0,3.9708411349118706,8.947161853019502,4574.331669629723,521.0301250634561,0.0008076474953880909,0.11337643702719363,0.8858159154774182
83.62038076771375,255.0,1.0,3.965368857576576,8.875498343567994,12664.592491541029,583.7810586172857,0.0008087444973854497,0.14690968330381018,0.8522815721988044
83.19836388750558,253.0,1.0,3.2322216155495314,6.269373829282484,15569.71181755091,583.7810586172857,0.0008067967083492762,0.07188577442776221,0.9273074288638884
83.39205719373572,255.0,1.0,3.9708411349118706,8.947161853019502,12703.969107495453,583.7810586172857,0.0008076474953880909,0.11337643702719363,0.8858159154774182
276.2962863652818,198.0,0.0,1.9465282560579307,3.1024158942447446,25.01436015073346,13.331432401719928,0.0008064312167673005,0.05155437704804253,0.9476391917351903
423.560846666047,198.0,0.0,1.9465282560579307,3.1024158942447446,33.19997622532451,16.605309165313656,0.0008064312167673005,0.05155437704804253,0.9476391917351903
320.0374276586798,198.0,0.0,1.9465282560579307,3.1024158942447446,1207.4566445987039,598.9518503037492,0.0008064312167673005,0.05155437704804253,0.9476391917351903
276.82745268128264,198.0,0.0,1.947214426832145,3.1061814430951125,25.41601161576145,13.331432401719928,0.0008061562422491893,0.044605237347819196,0.9545886064099315
276.44530897260256,179.0,0.0,1.659577100090622,2.8776915670618273,33.88509052037858,13.331432401719928,0.0008060505168453622,0.05399710649874703,0.9451968429844076
319.82738386076034,179.0,0.0,1.66015545676541,2.8823251745182423,1333.3629488525637,598.9518503037492,0.0008058308868972256,0.04692023842383976,0.952273930689263
424.64677520303235,179.0,0.0,1.66015545676541,2.8823251745182423,46.944624597705115,16.605309165313656,0.0008058308868972256,0.04692023842383976,0.952273930689263
432.1463777811186,179.0,0.0,1.659577100090622,2.8776915670618273,1804.8755976454988,841.2020276736359,0.0008060505168453622,0.05399710649874703,0.9451968429844076
431.98153476939564,198.0,0.0,1.947214426832145,3.1061814430951125,1654.8308828197298,841.2020276736359,0.0008061562422491893,0.044605237347819196,0.9545886064099315
431.91897058664665,179.0,0.0,1.66015545676541,2.8823251745182423,1805.807129285723,841.2020276736359,0.0008058308868972256,0.04692023842383976,0.952273930689263
227.54903396004255,233.0,1.0,3.013098381938807,5.604146771857027,19177.668936824353,2032.4396912067357,0.0008060973765038564,0.05767892685714042,0.9415149757663558
198.06354139227773,233.0,1.0,3.013098381938807,5.604146771857027,17558.341951521357,1658.3203174369944,0.0008060973765038564,0.05767892685714042,0.9415149757663558
1537.5234540674023,233.0,1.0,3.013098381938807,5.604146771857027,131.98397248942808,95.80719833249435,0.0008060973765038564,0.05767892685714042,0.9415149757663558
228.22087649090258,233.0,1.0,3.0106431230601385,5.578184987188298,19171.796844459015,2032.4396912067357,0.0008066691679465725,0.07617437216493166,0.9230189586671218
227.76853913231082,255.0,1.0,3.129232748665399,5.925757830055288,15149.402265456054,2032.4396912067357,0.0008068749451310446,0.06011072827609221,0.9390823967787769
1505.8968285551907,255.0,1.0,3.1261753424643706,5.898258266725103,112.54404250389587,95.80719833249435,0.00080771304128377,0.0793801333481687,0.9198121536105475
198.8786863592107,255.0,1.0,3.1261753424643706,5.898258266725103,13798.882625032533,1658.3203174369944,0.00080771304128377,0.0793801333481687,0.9198121536105475
1241.0050739905694,255.0,1.0,3.129232748665399,5.925757830055288,100.65903303534286,80.52160560311287,0.0008068749451310446,0.06011072827609221,0.9390823967787769
1222.8088673554084,233.0,1.0,3.0106431230601385,5.578184987188298,112.84125699825299,80.52160560311287,0.0008066691679465725,0.07617437216493166,0.9230189586671218
1219.172222060799,255.0,1.0,3.1261753424643706,5.898258266725103,98.79784652299301,80.52160560311287,0.00080771304128377,0.0793801333481687,0.9198121536105475
675.7280452793949,239.0,1.0,2.911996184452794,5.8436230404605976,105.20113555790991,262.10760559716744,0.0008079971609961546,0.09890373721266013,0.9002882656263439
1130.5537686098512,239.0,1.0,2.911996184452794,5.8436230404605976,179.28996540514862,401.76659443515905,0.0008079971609961546,0.09890373721266013,0.9002882656263439
581.9581445736145,239.0,1.0,2.911996184452794,5.8436230404605976,37.80549701240258,165.156814763546,0.0008079971609961546,0.09890373721266013,0.9002882656263439
676.6944736486955,239.0,1.0,2.9134899660164084,5.85825563472826,104.94902629735527,262.10760559716744,0.0008076032724630391,0.08880774861962999,0.9103846481079069
679.7561641867701,224.0,1.0,2.3299204258209048,3.0169041575951185,91.13027603589858,262.10760559716744,0.0008067808498596536,0.04339246947619498,0.9558007496739453
587.1455215049876,224.0,1.0,2.330680889045319,3.019854480664435,26.262407156119302,165.156814763546,0.0008065221491098199,0.038724342224252715,0.9604691356266375
1141.8399400225126,224.0,1.0,2.330680889045319,3.019854480664435,142.158681577252,401.76659443515905,0.0008065221491098199,0.038724342224252715,0.9604691356266375
999.6954047110306,224.0,1.0,2.3299204258209048,3.0169041575951185,39.98784141904254,249.7120634563783,0.0008067808498596536,0.04339246947619498,0.9558007496739453
990.519535391593,239.0,1.0,2.9134899660164084,5.85825563472826,69.23908936082005,249.7120634563783,0.0008076032724630391,0.08880774861962999,0.9103846481079069
1000.9521467196682,224.0,1.0,2.330680889045319,3.019854480664435,39.71071957139388,249.7120634563783,0.0008065221491098199,0.038724342224252715,0.9604691356266375
6303.591778710181,227.0,1.0,2.4481989770669563,4.236171418528891,7021.269774666906,6653.774775564949,0.0008056223950724552,0.030722957739035096,0.9684714198658926
3980.2799077507652,227.0,1.0,2.4481989770669563,4.236171418528891,4429.705577267519,4183.471328759531,0.0008056223950724552,0.030722957739035096,0.9684714198658926
151.6003555963047,227.0,1.0,2.4481989770669563,4.236171418528891,3573.2381679182477,598.6529861035456,0.0008056223950724552,0.030722957739035096,0.9684714198658926
6304.016585092569,227.0,1.0,2.4470373286104588,4.22848122407681,7020.629647328159,6653.774775564949,0.0008060125236992765,0.040516487449916656,0.9586775000263842
6302.991773759737,210.0,1.0,2.0863772062683927,3.3618584602846435,7032.066060471758,6653.774775564949,0.000804998584945591,0.018020684256741824,0.9811743171583127
151.44489791093744,210.0,1.0,2.085872296180116,3.3575052455979923,3804.8092111697647,598.6529861035456,0.0008051837238814114,0.0238498391701236,0.975344977105995
3980.1030477143163,210.0,1.0,2.085872296180116,3.3575052455979923,4432.705781614799,4183.471328759531,0.0008051837238814114,0.0238498391701236,0.975344977105995
101.2634489469795,210.0,1.0,2.0863772062683927,3.3618584602846435,2635.3260807785005,363.699254184066,0.000804998584945591,0.018020684256741824,0.9811743171583127
101.46222239079492,227.0,1.0,2.4470373286104588,4.22848122407681,2493.7900715862916,363.699254184066,0.0008060125236992765,0.040516487449916656,0.9586775000263842
101.30131567315001,210.0,1.0,2.085872296180116,3.3575052455979923,2627.2539249104916,363.699254184066,0.0008051837238814114,0.0238498391701236,0.975344977105995
423.9005223722389,207.0,1.0,2.0881175949602886,3.5798449397649708,57.25642207786641,27.927826404615637,0.0008067301304429789,0.05686796966224783,0.9423253002073091
507.07186650663095,207.0,1.0,2.0881175949602886,3.5798449397649708,64.78786473981899,32.17709817300708,0.0008067301304429789,0.05686796966224783,0.9423253002073091
111.24847869762728,207.0,1.0,2.0881175949602886,3.5798449397649708,9397.2598093404,688.032491152915,0.0008067301304429789,0.05686796966224783,0.9423253002073091
423.106482633067,207.0,1.0,2.0877404820189813,3.5768996346598305,57.24967185486903,27.927826404615637,0.000806872610406194,0.060225522261428736,0.9389676051281651
418.76797149182175,228.0,1.0,2.497285707451257,4.58725767576368,53.583140260493096,27.927826404615637,0.000807748141584755,0.07828523356109388,0.9209070182973215
111.60126135159025,228.0,1.0,2.4966395614082013,4.581745848739466,8343.265695145963,688.032491152915,0.0008079548793840812,0.0828487418712814,0.9163433032493344
499.0268707928877,228.0,1.0,2.4966395614082013,4.581745848739466,60.36958378683047,32.17709817300708,0.0008079548793840812,0.0828487418712814,0.9163433032493344
124.08758072083685,228.0,1.0,2.497285707451257,4.58725767576368,9137.650914291353,798.866239486064,0.000807748141584755,0.07828523356109388,0.9209070182973215
123.79475935629857,207.0,1.0,2.0877404820189813,3.5768996346598305,10412.109727977086,798.866239486064,0.000806872610406194,0.060225522261428736,0.9389676051281651
124.16167716227075,228.0,1.0,2.4966395614082013,4.581745848739466,9136.610510779028,798.866239486064,0.0008079548793840812,0.0828487418712814,0.9163433032493344
184.63067090133137,252.0,1.0,2.9704493706797743,4.880194206633813,4972.742024641307,885.5281194759208,0.0008054891594949186,0.028192740086110998,0.9710017707543942
109.46805430239594,252.0,1.0,2.9704493706797743,4.880194206633813,3306.9778405634115,445.5456723777575,0.0008054891594949186,0.028192740086110998,0.9710017707543942
2465.9241759000056,252.0,1.0,2.9704493706797743,4.880194206633813,1616.960699619825,1947.313846924909,0.0008054891594949186,0.028192740086110998,0.9710017707543942
185.37465996322157,252.0,1.0,2.9657443111981507,4.844314207773224,4956.812278825248,885.5281194759208,0.0008066277283063782,0.05722391604645448,0.9419694562252393
184.29874781405488,201.0,0.0,1.9972420457035767,3.3218792106613417,6363.04392433675,885.5281194759208,0.0008049077221114649,0.01584778062058437,0.983347311657304
2465.6734181888455,201.0,0.0,1.9958890610382112,3.3096394762721335,1552.8062956719737,1947.313846924909,0.0008054154978754239,0.032481318026220694,0.9667132664759039
109.46550670298545,201.0,0.0,1.9958890610382112,3.3096394762721335,3997.6985096636986,445.5456723777575,0.0008054154978754239,0.032481318026220694,0.9667132664759039
1318.861267596467,201.0,0.0,1.9972420457035767,3.3218792106613417,835.0484130380224,1069.0830647994353,0.0008049077221114649,0.01584778062058437,0.983347311657304
1317.5984456964452,252.0,1.0,2.9657443111981507,4.844314207773224,865.3442859250149,1069.0830647994353,0.0008066277283063782,0.05722391604645448,0.9419694562252393
1318.432808906815,201.0,0.0,1.9958890610382112,3.3096394762721335,835.6428372966689,1069.0830647994353,0.0008054154978754239,0.032481318026220694,0.9667132664759039
7600.4157802874915,259.0,1.0,3.7596632847930613,7.260671298173541,6526.568193471027,6716.775493343521,0.0008109001227174897,0.167616053542451,0.8315730463348315
2820.327671342519,259.0,1.0,3.7596632847930613,7.260671298173541,2332.6372983300253,2544.376221730927,0.0008109001227174897,0.167616053542451,0.8315730463348315
1031.490204201299,259.0,1.0,3.7596632847930613,7.260671298173541,152.19174041406382,42.7525759749778,0.0008109001227174897,0.167616053542451,0.8315730463348315
7609.783448295042,259.0,1.0,3.768454839091031,7.3548692279404255,6520.528455362746,6716.775493343521,0.0008089083185935204,0.12155504875886562,0.8776360429225409
7609.883659382687,245.0,1.0,2.9043969885044167,5.5033165105251785,6205.812991384964,6716.775493343521,0.0008090720892885904,0.11910439520998939,0.880086532700722
1095.9882138575808,245.0,1.0,2.9099354687460157,5.558786511327838,100.96733118978736,42.7525759749778,0.000807641571423951,0.08511674760035257,0.9140756108282238
2823.1863099650627,245.0,1.0,2.9099354687460157,5.558786511327838,2310.8875863392427,2544.376221730927,0.000807641571423951,0.08511674760035257,0.9140756108282238
288.50845602772347,245.0,1.0,2.9043969885044167,5.5033165105251785,37.78507466361864,11.490527482829513,0.0008090720892885904,0.11910439520998939,0.880086532700722
288.5777647585749,259.0,1.0,3.768454839091031,7.3548692279404255,27.739764929335237,11.490527482829513,0.0008089083185935204,0.12155504875886562,0.8776360429225409
292.51939992238783,245.0,1.0,2.9099354687460157,5.558786511327838,38.52903196197966,11.490527482829513,0.000807641571423951,0.08511674760035257,0.9140756108282238
222.825516919729,239.0,1.0,2.7875308389753592,4.773627852082401,1212.1300736212972,477.2476740645694,0.000806359055702295,0.051043095152834575,0.9481505457914632
1116.32533132793,239.0,1.0,2.7875308389753592,4.773627852082401,5824.721932578546,3213.154674242637,0.000806359055702295,0.051043095152834575,0.9481505457914632
131.1788955632395,239.0,1.0,2.7875308389753592,4.773627852082401,1930.8682809359939,412.3219516855165,0.000806359055702295,0.051043095152834575,0.9481505457914632
222.6308895014726,239.0,1.0,2.78961377574293,4.790121458661621,1213.326002431701,477.2476740645694,0.0008058092711475645,0.036913252784900354,0.9622809379439521
222.76489645440475,246.0,1.0,2.7271297247566864,4.925869508924067,1222.190327606985,477.2476740645694,0.0008061751300268073,0.049987948299709026,0.9492058765702641
130.99754141147793,246.0,1.0,2.7291298760554343,4.943642076899927,1992.3222931499258,412.3219516855165,0.0008056772123948979,0.03614274563766007,0.9630515771499452
1113.20907625292,246.0,1.0,2.7291298760554343,4.943642076899927,5839.061250948509,3213.154674242637,0.0008056772123948979,0.03614274563766007,0.9630515771499452
625.4329318432467,246.0,1.0,2.7271297247566864,4.925869508924067,8154.698880281446,3048.3843832072357,0.0008061751300268073,0.049987948299709026,0.9492058765702641
623.6671943056692,239.0,1.0,2.78961377574293,4.790121458661621,8095.490668811669,3048.3843832072357,0.0008058092711475645,0.036913252784900354,0.9622809379439521
623.5177679022067,246.0,1.0,2.7291298760554343,4.943642076899927,8163.957760061307,3048.3843832072357,0.0008056772123948979,0.03614274563766007,0.9630515771499452
247.0072124125303,234.0,1.0,2.7216978386909276,4.37357668561269,14.624458125629868,49.64162553182592,0.0008057868256674025,0.04089243553711352,0.9583017776372189
1397.661336447325,234.0,1.0,2.7216978386909276,4.37357668561269,30.79155397248806,171.35189550263914,0.0008057868256674025,0.04089243553711352,0.9583017776372189
83.45859226044084,234.0,1.0,2.7216978386909276,4.37357668561269,4726.037756813203,372.68405516321025,0.0008057868256674025,0.04089243553711352,0.9583017776372189
245.8426273117926,234.0,1.0,2.7171186666856237,4.335742896723106,14.635447081752162,49.64162553182592,0.0008069817854121254,0.07471116365020569,0.9244818545643824
247.01952826353306,244.0,1.0,3.0509090190074217,5.5237835086129525,1.9641601794209804,49.64162553182592,0.0008058773729154779,0.0434806706652033,0.9557134519618812
83.68719567791359,244.0,1.0,3.0460456401389115,5.474303943988931,3544.8083822230433,372.68405516321025,0.0008071839366464737,0.08011318505597467,0.9190796310073791
1377.3936818490558,244.0,1.0,3.0460456401389115,5.474303943988931,47.48007512035561,171.35189550263914,0.0008071839366464737,0.08011318505597467,0.9190796310073791
293.5365983963214,244.0,1.0,3.0509090190074217,5.5237835086129525,10197.873352493049,2055.4598720102376,0.0008058773729154779,0.0434806706652033,0.9557134519618812
295.3609083343696,234.0,1.0,2.7171186666856237,4.335742896723106,11647.173731395254,2055.4598720102376,0.0008069817854121254,0.07471116365020569,0.9244818545643824
295.55631254977885,244.0,1.0,3.0460456401389115,5.474303943988931,10201.972350045959,2055.4598720102376,0.0008071839366464737,0.08011318505597467,0.9190796310073791
1475.9171460484708,232.0,1.0,2.596291242933115,4.270656274816407,4291.182856143045,2813.0443855330223,0.000806889078443717,0.061039669087226606,0.9381534418343298
537.0401214875993,232.0,1.0,2.596291242933115,4.270656274816407,1545.5296700727306,905.5589985947414,0.000806889078443717,0.061039669087226606,0.9381534418343298
1508.5657903836623,232.0,1.0,2.596291242933115,4.270656274816407,53.265202069403735,136.40797322529065,0.000806889078443717,0.061039669087226606,0.9381534418343298
1469.6332565647704,232.0,1.0,2.60149198085851,4.3068833555792825,4294.3943117119325,2813.0443855330223,0.0008053945167878267,0.024580468073217038,0.9746141374099954
1473.1146923780298,214.0,1.0,2.2649546615112484,3.5783228781364143,4451.39434880046,2813.0443855330223,0.0008062057858987104,0.044466765988525926,0.9547270282255753
1536.1120212577925,215.0,1.0,2.268568903498314,3.60403498618568,50.09205272097156,136.40797322529065,0.0008051241993022287,0.017597980846919138,0.9815968949537787
535.6178749107503,215.0,1.0,2.268568903498314,3.60403498618568,1529.7963727917906,905.5589985947414,0.0008051241993022287,0.017597980846919138,0.9815968949537787
416.33525224301076,214.0,1.0,2.2649546615112484,3.5783228781364143,13.873870218815659,59.00954382431781,0.0008062057858987104,0.044466765988525926,0.9547270282255753
418.39031142774934,232.0,1.0,2.60149198085851,4.3068833555792825,23.637245028825394,59.00954382431781,0.0008053945167878267,0.024580468073217038,0.9746141374099954
419.05629402100755,215.0,1.0,2.268568903498314,3.60403498618568,17.01916072168813,59.00954382431781,0.0008051241993022287,0.017597980846919138,0.9815968949537787
806.6192241409517,212.0,1.0,2.0971954877488486,3.2599906017014533,77.6286930829366,25.281652018654157,0.0008052770552162391,0.027316183342737017,0.9718785396020466
209.29737742778093,212.0,1.0,2.0971954877488486,3.2599906017014533,30.172904852365157,6.545836846644883,0.0008052770552162391,0.027316183342737017,0.9718785396020466
874.8140616787692,212.0,1.0,2.0971954877488486,3.2599906017014533,84.3504017697455,50.5326656668794,0.0008052770552162391,0.027316183342737017,0.9718785396020466
797.5943945650113,211.0,1.0,2.0955432145388455,3.2446576316460143,75.02643062826807,25.281652018654157,0.0008058931844726879,0.04656455981555425,0.952629546999973
803.0616967655508,205.0,1.0,2.047734383178821,3.6846245074315065,87.04142489005292,25.281652018654157,0.0008054514060204221,0.03615289942421513,0.9630416491697644
854.9027904459907,204.0,1.0,2.0456716282659637,3.6643357602137128,92.12161464869001,50.5326656668794,0.0008061861594594921,0.06090748583105314,0.9382863280094875
207.64793089766533,204.0,1.0,2.0456716282659637,3.6643357602137128,32.14501482258789,6.545836846644883,0.0008061861594594921,0.06090748583105314,0.9382863280094875
210.09844129759088,205.0,1.0,2.047734383178821,3.6846245074315065,34.54601074440373,16.780226632566656,0.0008054514060204221,0.03615289942421513,0.9630416491697644
209.17084341104038,211.0,1.0,2.0955432145388455,3.2446576316460143,31.953617505834234,16.780226632566656,0.0008058931844726879,0.04656455981555425,0.952629546999973
208.43596967345786,204.0,1.0,2.0456716282659637,3.6643357602137128,34.29887790073752,16.780226632566656,0.0008061861594594921,0.06090748583105314,0.9382863280094875
83.79304471538273,225.0,1.0,2.3289426639326143,3.676472501306877,18326.17090867437,647.5548952216619,0.0008072415258717788,0.06884321615293591,0.9303495423211923
126.00861716725979,225.0,1.0,2.3289426639326143,3.676472501306877,25603.091996343246,1176.2403472560977,0.0008072415258717788,0.06884321615293591,0.9303495423211923
844.0611886766278,225.0,1.0,2.3289426639326143,3.676472501306877,1644.2656291256997,1165.3165830827822,0.0008072415258717788,0.06884321615293591,0.9303495423211923
83.51601065356495,225.0,1.0,2.3338372717611184,3.7003528123857437,18586.72564809729,647.5548952216619,0.0008058489520959162,0.03567175089389619,0.963522400154008
83.47458229171133,202.0,1.0,2.1346433235686058,3.8783072842121307,35568.77435185124,647.5548952216619,0.0008053723029467012,0.05800993612873901,0.9411846915683143
842.4026977501052,202.0,1.0,2.1364353090689243,3.9052556148891826,1724.8982863075119,1165.3165830827822,0.0008049046893731931,0.029938096755975644,0.9692569985546513
125.24879458359875,202.0,1.0,2.1364353090689243,3.9052556148891826,44461.744415665795,1176.2403472560977,0.0008049046893731931,0.029938096755975644,0.9692569985546513
1317.1280519721051,202.0,1.0,2.1346433235686058,3.8783072842121307,2683.4931053768173,1878.939990265202,0.0008053723029467012,0.05800993612873901,0.9411846915683143
1316.4276024099884,225.0,1.0,2.3338372717611184,3.7003528123857437,2608.7279928025664,1878.939990265202,0.0008058489520959162,0.03567175089389619,0.963522400154008
1315.532331204675,202.0,1.0,2.1364353090689243,3.9052556148891826,2685.078123985411,1878.939990265202,0.0008049046893731931,0.029938096755975644,0.9692569985546513
320.9744743184052,188.0,0.0,1.7844685356314454,2.811324670549905,41.27856589501186,3.044777315212401,0.0008048337513558798,0.012489760403081484,0.9867054058455627
331.3953140800385,188.0,0.0,1.7844685356314454,2.811324670549905,42.247839525192674,3.022375614876062,0.0008048337513558798,0.012489760403081484,0.9867054058455627
367.3312022811015,188.0,0.0,1.7844685356314454,2.811324670549905,16.768265157009147,68.78422979335507,0.0008048337513558798,0.012489760403081484,0.9867054058455627
320.7759917931037,188.0,0.0,1.7843143140589088,2.8103890551265702,41.168445671481656,3.044777315212401,0.000804895801251784,0.014428707925054579,0.9847663962736936
318.067359329986,251.0,1.0,3.399147022949904,6.891036110291103,32.22268602532661,3.044777315212401,0.0008058122708486044,0.046187073222138886,0.9530071145070125
364.97158981498694,251.0,1.0,3.398290649304446,6.8794193037135365,3.287071448804495,68.78422979335507,0.0008060270381287631,0.05306070131331952,0.9461332716485518
327.6457320902368,251.0,1.0,3.398290649304446,6.8794193037135365,31.841213126537042,3.022375614876062,0.0008060270381287631,0.05306070131331952,0.9461332716485518
376.01258754551316,251.0,1.0,3.399147022949904,6.891036110291103,2.7350757844036853,70.27911096819732,0.0008058122708486044,0.046187073222138886,0.9530071145070125
377.9091403625026,188.0,0.0,1.7843143140589088,2.8103890551265702,16.94377894977566,70.27911096819732,0.000804895801251784,0.014428707925054579,0.9847663962736936
375.5611564662809,251.0,1.0,3.398290649304446,6.8794193037135365,2.392672231659576,70.27911096819732,0.0008060270381287631,0.05306070131331952,0.9461332716485518
167.16275022648023,209.0,1.0,2.1431746982067867,3.8144647139475043,25274.757349806132,1504.4785970761632,0.000805904553781763,0.0553315591160423,0.9438625363301759
269.3673444784934,209.0,1.0,2.1431746982067867,3.8144647139475043,35984.072690651046,3050.9171357138857,0.000805904553781763,0.0553315591160423,0.9438625363301759
222.89497141696518,209.0,1.0,2.1431746982067867,3.8144647139475043,9227.196309779734,1268.046425101488,0.000805904553781763,0.0553315591160423,0.9438625363301759
167.21416775452937,209.0,1.0,2.1429799857548164,3.812279236338966,25270.52700818257,1504.4785970761632,0.0008059737129600847,0.057788296289406446,0.9414057299976335
167.95113239104273,225.0,1.0,2.5541690875679244,4.516010755162529,19033.205350486067,1504.4785970761632,0.0008078821440148732,0.07895519664555792,0.920236921210427
224.19611340886297,225.0,1.0,2.553665483098023,4.5119711807310825,7742.564869716129,1268.046425101488,0.0008080429322354645,0.08238472176502841,0.9168072353027362
270.88287779182656,225.0,1.0,2.553665483098023,4.5119711807310825,27766.17660708425,3050.9171357138857,0.0008080429322354645,0.08238472176502841,0.9168072353027362
359.4901273354612,225.0,1.0,2.5541690875679244,4.516010755162529,11830.274524656637,2438.0223946551578,0.0008078821440148732,0.07895519664555792,0.920236921210427
357.59634010149443,209.0,1.0,2.1429799857548164,3.812279236338966,13936.988914093381,2438.0223946551578,0.0008059737129600847,0.057788296289406446,0.9414057299976335
359.7627229757644,225.0,1.0,2.553665483098023,4.5119711807310825,11829.79444802305,2438.0223946551578,0.0008080429322354645,0.08238472176502841,0.9168072353027362
1701.5268170097877,241.0,1.0,3.096594005431192,6.199511573036625,20.050566262491913,161.8591848203157,0.000807203675944552,0.07750630401184325,0.9216864923122123
585.7371306810775,241.0,1.0,3.096594005431192,6.199511573036625,21.08885916995776,80.70935126543851,0.000807203675944552,0.07750630401184325,0.9216864923122123
15390.691377934107,241.0,1.0,3.096594005431192,6.199511573036625,17636.1003492908,16830.886799685522,0.000807203675944552,0.07750630401184325,0.9216864923122123
1702.4409180317064,241.0,1.0,3.0967600714044248,6.2014865912029995,20.105242678985555,161.8591848203157,0.0008071567417607973,0.07627938358947974,0.9229134596687596
1715.0146703090604,235.0,1.0,2.7913929456271207,4.947265624125161,53.08448997636702,161.8591848203157,0.0008065669575491837,0.05884185657373968,0.940351576468711
15385.311895912033,235.0,1.0,2.7915180290520087,4.948445176698422,17723.80166962692,16830.886799685522,0.0008065309654771978,0.05789851846204786,0.9412949505724749
588.7117770640037,235.0,1.0,2.7915180290520087,4.948445176698422,29.379774515627872,80.70935126543851,0.0008065309654771978,0.05789851846204786,0.9412949505724749
6249.420629390615,235.0,1.0,2.7913929456271207,4.947265624125161,7209.055244859397,6741.259041325343,0.0008065669575491837,0.05884185657373968,0.940351576468711
6250.501388615681,241.0,1.0,3.0967600714044248,6.2014865912029995,7171.442749960458,6741.259041325343,0.0008071567417607973,0.07627938358947974,0.9229134596687596
6249.355287962904,235.0,1.0,2.7915180290520087,4.948445176698422,7209.067996912147,6741.259041325343,0.0008065309654771978,0.05789851846204786,0.9412949505724749
298.7500935972996,220.0,1.0,2.2448975450774773,2.7899120467688054,1012.2398752359442,510.0882734443799,0.0008066899227886923,0.048037009790960705,0.9511563002862506
337.7491878387922,220.0,1.0,2.2448975450774773,2.7899120467688054,1145.6232844787096,582.8951656915023,0.0008066899227886923,0.048037009790960705,0.9511563002862506
192.56362320217295,220.0,1.0,2.2448975450774773,2.7899120467688054,33.017947302973894,10.45567950119614,0.0008066899227886923,0.048037009790960705,0.9511563002862506
298.8216690305471,220.0,1.0,2.24436480516758,2.787929925500631,1012.3151242474756,510.0882734443799,0.0008069098265083336,0.052520710684594,0.9466723794888978
298.8855149641003,226.0,1.0,2.4622926759311685,4.609952245393969,995.0361179039929,510.0882734443799,0.0008070276247940759,0.07968997864846857,0.9195029937267374
191.34621811964135,226.0,1.0,2.461385498982338,4.601385630054488,31.65002520986577,10.45567950119614,0.0008072837111162581,0.0869959256268788,0.9121967906620051
338.0578381497325,226.0,1.0,2.461385498982338,4.601385630054488,1123.438928026845,582.8951656915023,0.0008072837111162581,0.0869959256268788,0.9121967906620051
230.46134538538786,226.0,1.0,2.4622926759311685,4.609952245393969,35.97834137075025,12.083745821413668,0.0008070276247940759,0.07968997864846857,0.9195029937267374
231.2724878741096,220.0,1.0,2.24436480516758,2.787929925500631,37.614490631867945,12.083745821413668,0.0008069098265083336,0.052520710684594,0.9466723794888978
229.89805425707766,226.0,1.0,2.461385498982338,4.601385630054488,35.928642590306154,12.083745821413668,0.0008072837111162581,0.0869959256268788,0.9121967906620051
1175.9892753365134,222.0,1.0,2.2244924098637995,4.27950274938417,731.2116745379334,941.1193678254912,0.0008060094869286896,0.055882020830652225,0.9433119696824191
988.8357037582018,222.0,1.0,2.2244924098637995,4.27950274938417,615.3288503806725,796.0371854893191,0.0008060094869286896,0.055882020830652225,0.9433119696824191
1917.484063629127,222.0,1.0,2.2244924098637995,4.27950274938417,1449.4392054585298,1681.3827941233724,0.0008060094869286896,0.055882020830652225,0.9433119696824191
1176.0904522190497,222.0,1.0,2.224912907129801,4.284298413267075,731.1620982453514,941.1193678254912,0.0008058786335553633,0.05144175816497274,0.9477523632014718
1175.118762460123,233.0,1.0,2.6334514013110106,5.392417234495558,742.433830914488,941.1193678254912,0.0008075996418247726,0.07925537098197047,0.9199370293762047
1916.8153554662647,233.0,1.0,2.634239068927671,5.4005742720095355,1462.2189460978293,1681.3827941233724,0.0008073361813904645,0.07305638910606406,0.9261362747125454
988.2947579226113,233.0,1.0,2.634239068927671,5.4005742720095355,625.4441346855608,796.0371854893191,0.0008073361813904645,0.07305638910606406,0.9261362747125454
1614.9801920476807,233.0,1.0,2.6334514013110106,5.392417234495558,1233.606172369602,1421.6287870632923,0.0008075996418247726,0.07925537098197047,0.9199370293762047
1615.6865094663044,222.0,1.0,2.224912907129801,4.284298413267075,1221.7500583068863,1421.6287870632923,0.0008058786335553633,0.05144175816497274,0.9477523632014718
1615.0998254176911,233.0,1.0,2.634239068927671,5.4005742720095355,1233.4664153553608,1421.6287870632923,0.0008073361813904645,0.07305638910606406,0.9261362747125454
506.4798046663176,234.0,1.0,2.553691820203513,3.89529348873428,3422.7548489522296,1432.1300155492565,0.0008058628700190609,0.03599760420957871,0.9631965329204023
431.51414484023337,234.0,1.0,2.553691820203513,3.89529348873428,2937.1014609911995,1176.222607445369,0.0008058628700190609,0.03599760420957871,0.9631965329204023
202.70137002035952,234.0,1.0,2.553691820203513,3.89529348873428,13248.11579845215,1541.5149406163325,0.0008058628700190609,0.03599760420957871,0.9631965329204023
509.2747964480054,234.0,1.0,2.5484372731928,3.855843145022995,3419.1598390466465,1432.1300155492565,0.0008073843465722947,0.07198571630498872,0.927206899348439
505.33352198185463,212.0,1.0,2.0976865373424984,3.2645761719623807,3708.2843522908342,1432.1300155492565,0.0008050942605303992,0.021475195464217712,0.977719710275252
202.87186613317607,211.0,1.0,2.0957596710055775,3.2466579053438536,16545.18407747885,1541.5149406163325,0.0008058123704070494,0.04407772951845401,0.9551164581111388
431.841737901387,211.0,1.0,2.0957596710055775,3.2466579053438536,3118.6611566807196,1176.222607445369,0.0008058123704070494,0.04407772951845401,0.9551164581111388
173.08700942902922,212.0,1.0,2.0976865373424984,3.2645761719623807,14399.873515986812,1228.5575730350915,0.0008050942605303992,0.021475195464217712,0.977719710275252
174.44758043623014,234.0,1.0,2.5484372731928,3.855843145022995,11785.587447966433,1228.5575730350915,0.0008073843465722947,0.07198571630498872,0.927206899348439
173.61172338830207,211.0,1.0,2.0957596710055775,3.2466579053438536,14359.82340522007,1228.5575730350915,0.0008058123704070494,0.04407772951845401,0.9551164581111388
533.7657217406863,249.0,1.0,3.2604629177591047,6.893824490243758,40.88892368530506,22.324085833137303,0.000809272794378736,0.13475706572010307,0.8644336614855183
1118.7593667749113,249.0,1.0,3.2604629177591047,6.893824490243758,10.6319654601174,47.789096800847716,0.000809272794378736,0.13475706572010307,0.8644336614855183
294.40578315192505,249.0,1.0,3.2604629177591047,6.893824490243758,2334.006793852907,847.4160814098484,0.000809272794378736,0.13475706572010307,0.8644336614855183
554.2740892855561,249.0,1.0,3.27106092518043,7.00705602873169,43.63701000100721,22.324085833137303,0.0008066368098366024,0.06555799270908644,0.9336353704810769
556.4990931147872,191.0,0.0,1.8652668422865615,3.2358498863806635,60.27959621460159,22.324085833137303,0.0008066380779761682,0.05226978528498948,0.9469235766370344
290.7695749187876,191.0,0.0,1.8680983160899132,3.2570321068811023,2753.4584874628554,847.4160814098484,0.0008054347676506949,0.02408783524083978,0.9751067299915096
1208.3699450256831,191.0,0.0,1.8680983160899132,3.2570321068811023,110.0084527281636,47.789096800847716,0.0008054347676506949,0.02408783524083978,0.9751067299915096
483.3690941547645,191.0,0.0,1.8652668422865615,3.2358498863806635,4713.393917205851,1596.7612619208405,0.0008066380779761682,0.05226978528498948,0.9469235766370344
484.0226849119366,249.0,1.0,3.27106092518043,7.00705602873169,3594.9328580904667,1596.7612619208405,0.0008066368098366024,0.06555799270908644,0.9336353704810769
481.0465153869219,191.0,0.0,1.8680983160899132,3.2570321068811023,4717.817118349301,1596.7612619208405,0.0008054347676506949,0.02408783524083978,0.9751067299915096
182.95040569655023,189.0,0.0,1.5372502865096094,2.7720419672899914,4507.186621986128,673.9107658769008,0.0008049551616468379,0.02287465825802276,0.9763203865803305
186.00147685989626,189.0,0.0,1.5372502865096094,2.7720419672899914,4573.5881432091055,688.489806509115,0.0008049551616468379,0.02287465825802276,0.9763203865803305
440.19339075978024,189.0,0.0,1.5372502865096094,2.7720419672899914,49.61912369997929,0.7098500010452997,0.0008049551616468379,0.02287465825802276,0.9763203865803305
183.0510303626172,189.0,0.0,1.5367918968438015,2.769065246022599,4498.03064077922,673.9107658769008,0.0008050825064983685,0.02828301830063269,0.970911899192869
183.80762519438443,233.0,1.0,2.9201602107509164,5.578294428444663,3349.39130821066,673.9107658769008,0.0008064378268668694,0.071066188004846,0.9281273741682872
430.3536042144648,233.0,1.0,2.918380777905143,5.560179964569239,52.04710943629558,0.7098500010452997,0.0008069079625215002,0.08649408846790482,0.9126990035695736
187.19712322595117,233.0,1.0,2.918380777905143,5.560179964569239,3393.0647471836146,688.489806509115,0.0008069079625215002,0.08649408846790482,0.9126990035695736
444.0773906897208,233.0,1.0,2.9201602107509164,5.578294428444663,53.055873556929356,0.5921940578033942,0.0008064378268668694,0.071066188004846,0.9281273741682872
450.6919688692881,189.0,0.0,1.5367918968438015,2.769065246022599,50.104126968804025,0.5921940578033942,0.0008050825064983685,0.02828301830063269,0.970911899192869
441.41960975487615,233.0,1.0,2.918380777905143,5.560179964569239,52.99935967694268,0.5921940578033942,0.0008069079625215002,0.08649408846790482,0.9126990035695736
434.5623412763544,235.0,1.0,2.8335910912320017,3.9203976056889545,5.581434473190971,108.87428137211917,0.0008070003014391654,0.06501295539328487,0.9341800443052759
2006.1143843791901,235.0,1.0,2.8335910912320017,3.9203976056889545,50.04370697124373,343.63804618221945,0.0008070003014391654,0.06501295539328487,0.9341800443052759
372.3833336306697,235.0,1.0,2.8335910912320017,3.9203976056889545,50.33078085774525,28.876333827819142,0.0008070003014391654,0.06501295539328487,0.9341800443052759
436.1470435778375,235.0,1.0,2.835994128722242,3.9343750642738096,5.1417421692744245,108.87428137211917,0.0008061870882202885,0.045104422262668066,0.9540893906491117
431.59880953204464,249.0,1.0,3.674636898861192,5.246620659169974,19.662320777842343,108.87428137211917,0.0008086791599166262,0.09905454839724469,0.9001367724428386
371.260531141771,249.0,1.0,3.6808889618064566,5.286956758102005,45.242655920968794,28.876333827819142,0.0008073304264010644,0.06935450231300437,0.9298381672605945
2003.2289402476108,249.0,1.0,3.6808889618064566,5.286956758102005,118.9892696553429,343.63804618221945,0.0008073304264010644,0.06935450231300437,0.9298381672605945
2234.553276893259,249.0,1.0,3.674636898861192,5.246620659169974,150.40949545390248,130.7989626759506,0.0008086791599166262,0.09905454839724469,0.9001367724428386
2356.2972029971575,235.0,1.0,2.835994128722242,3.9343750642738096,191.35755706652594,130.7989626759506,0.0008061870882202885,0.045104422262668066,0.9540893906491117
2302.495536639228,249.0,1.0,3.6808889618064566,5.286956758102005,151.4763566014305,130.7989626759506,0.0008073304264010644,0.06935450231300437,0.9298381672605945
1059.499497280581,229.0,1.0,2.701424016577053,4.756448438561593,2065.2158951423767,1522.3346650143058,0.0008065876263517347,0.060465392897351526,0.9387280194762967
703.5551536475816,229.0,1.0,2.701424016577053,4.756448438561593,1358.269842596239,982.2093565016871,0.0008065876263517347,0.060465392897351526,0.9387280194762967
800.6059774177893,229.0,1.0,2.701424016577053,4.756448438561593,1882.9416036045338,1268.2899025204376,0.0008065876263517347,0.060465392897351526,0.9387280194762967
1060.5963654765962,229.0,1.0,2.6986704956418364,4.732869849477845,2063.071930566956,1522.3346650143058,0.0008073864209022788,0.08135489296780758,0.91783772061129
1058.7192566762967,222.0,1.0,2.093362288413922,3.7478185847558274,2199.350763191823,1522.3346650143058,0.0008059833162894181,0.044073372994452006,0.9551206436892585
800.6178295418865,222.0,1.0,2.091716996922029,3.7339677546485346,2034.1162582790785,1268.2899025204376,0.0008065516505198125,0.05940997432832024,0.9397834740211597
703.563269494549,222.0,1.0,2.091716996922029,3.7339677546485346,1459.7736484735037,982.2093565016871,0.0008065516505198125,0.05940997432832024,0.9397834740211597
533.9682035809861,222.0,1.0,2.093362288413922,3.7478185847558274,1361.6558253568116,816.119422414911,0.0008059833162894181,0.044073372994452006,0.9551206436892585
534.7797684380225,229.0,1.0,2.6986704956418364,4.732869849477845,1240.9506841851144,816.119422414911,0.0008073864209022788,0.08135489296780758,0.91783772061129
534.3120000156919,222.0,1.0,2.091716996922029,3.7339677546485346,1359.295435804225,816.119422414911,0.0008065516505198125,0.05940997432832024,0.9397834740211597
1333.709702253715,228.0,1.0,2.4281608689801955,3.739141837320139,95.58277435168702,45.53948756528567,0.0008067437552955348,0.05400488980048124,0.9451883664442232
285.14309802416125,228.0,1.0,2.4281608689801955,3.739141837320139,26.843774365573456,21.73623134940408,0.0008067437552955348,0.05400488980048124,0.9451883664442232
391.9005635632355,228.0,1.0,2.4281608689801955,3.739141837320139,7636.941248187406,1884.3181277372992,0.0008067437552955348,0.05400488980048124,0.9451883664442232
1349.7148263832942,228.0,1.0,2.4315939030801585,3.7577670024715624,97.46855902211011,45.53948756528567,0.000805723882455279,0.030710342178991424,0.9684839339385533
1318.9622938054347,239.0,1.0,2.8223080052682192,5.442426207272174,86.90433837455973,45.53948756528567,0.0008064764282095238,0.07927563341175103,0.9199178901600394
390.80401204799745,239.0,1.0,2.8260389115277436,5.484680694507206,6642.026834443823,1884.3181277372992,0.0008055761657266325,0.04573964603468261,0.9534547777995909
286.6503236502374,239.0,1.0,2.8260389115277436,5.484680694507206,30.825534165129763,21.73623134940408,0.0008055761657266325,0.04573964603468261,0.9534547777995909
133.62358284079664,239.0,1.0,2.8223080052682192,5.442426207272174,2774.3862528066297,461.86040382508645,0.0008064764282095238,0.07927563341175103,0.9199178901600394
133.3147570737245,228.0,1.0,2.4315939030801585,3.7577670024715624,2396.7445372058596,461.86040382508645,0.000805723882455279,0.030710342178991424,0.9684839339385533
133.3113773939842,239.0,1.0,2.8260389115277436,5.484680694507206,2778.418353212669,461.86040382508645,0.0008055761657266325,0.04573964603468261,0.9534547777995909
84.97208152317053,255.0,1.0,3.588638581868259,6.408497928488568,5351.130318853367,460.9230660833404,0.0008067821433126777,0.061994102205711235,0.9371991156509761
134.12324566972222,255.0,1.0,3.588638581868259,6.408497928488568,7352.205265327218,854.789870776496,0.0008067821433126777,0.061994102205711235,0.9371991156509761
384.6056391905624,255.0,1.0,3.588638581868259,6.408497928488568,55.11368511907842,144.36625690563358,0.0008067821433126777,0.061994102205711235,0.9371991156509761
85.28332435923448,255.0,1.0,3.580928274283373,6.341146107049374,5339.208309306091,460.9230660833404,0.000808408303927795,0.1011024658741241,0.8980891258219479
84.77940194107757,232.0,1.0,2.580515822528552,4.653752421987872,6924.710247327687,460.9230660833404,0.0008057460080264819,0.03646437861864475,0.9627298753733287
384.6877885667501,232.0,1.0,2.5778331962716208,4.636824634751773,38.02994076620819,144.36625690563358,0.0008066512124656942,0.06047092846843818,0.9387224203190961
134.08980436521847,232.0,1.0,2.5778331962716208,4.636824634751773,9684.111528634436,854.789870776496,0.0008066512124656942,0.06047092846843818,0.9387224203190961
703.9764875355947,232.0,1.0,2.580515822528552,4.653752421987872,68.89162017508161,237.73403461761112,0.0008057460080264819,0.03646437861864475,0.9627298753733287
696.4363032743488,255.0,1.0,3.580928274283373,6.341146107049374,109.71270141396705,237.73403461761112,0.000808408303927795,0.1011024658741241,0.8980891258219479
701.2767613443384,232.0,1.0,2.5778331962716208,4.636824634751773,69.72638157400881,237.73403461761112,0.0008066512124656942,0.06047092846843818,0.9387224203190961
225.04003403369552,245.0,1.0,2.923386344523302,4.698125807753151,37.04580065132622,20.738051252334692,0.0008064415621079535,0.05066978085545272,0.9485237775824393
792.3922768797372,245.0,1.0,2.923386344523302,4.698125807753151,85.36530981296275,52.416045447770614,0.0008064415621079535,0.05066978085545272,0.9485237775824393
238.73796400276555,245.0,1.0,2.923386344523302,4.698125807753151,25.13880289923822,22.93326398325442,0.0008064415621079535,0.05066978085545272,0.9485237775824393
226.89530935977695,245.0,1.0,2.926462573284201,4.723002788116468,37.05930906643634,20.738051252334692,0.0008056548302400325,0.031335673796832955,0.967858671372927
227.30124002891682,206.0,1.0,2.1895985423835342,4.076655144389812,33.0731365640354,20.738051252334692,0.0008051755498899148,0.03468062557886508,0.9645141988712449
240.4407561123945,206.0,1.0,2.1906003494227,4.089496582183023,20.318107635036156,22.93326398325442,0.0008048806608927833,0.0211577225289328,0.9780373968101743
810.5657614467736,206.0,1.0,2.1906003494227,4.089496582183023,75.68394471226877,52.416045447770614,0.0008048806608927833,0.0211577225289328,0.9780373968101743
701.6935711657832,206.0,1.0,2.1895985423835342,4.076655144389812,38.96235776093722,44.21390392623001,0.0008051755498899148,0.03468062557886508,0.9645141988712449
701.8936995476191,245.0,1.0,2.926462573284201,4.723002788116468,52.788417894248866,44.21390392623001,0.0008056548302400325,0.031335673796832955,0.967858671372927
704.9886754534439,206.0,1.0,2.1906003494227,4.089496582183023,42.302106833260495,44.21390392623001,0.0008048806608927833,0.0211577225289328,0.9780373968101743
409.1586251292746,251.0,1.0,3.279457612312124,6.612778567102213,10348.17258667051,2990.1019587474207,0.0008104159708966047,0.15396480754501118,0.8452247764840922
90.02042680889967,251.0,1.0,3.279457612312124,6.612778567102213,3577.5743264970156,390.5118845535173,0.0008104159708966047,0.15396480754501118,0.8452247764840922
1191.6479297169117,251.0,1.0,3.279457612312124,6.612778567102213,4386.028086624426,2991.4636336688,0.0008104159708966047,0.15396480754501118,0.8452247764840922
405.8153891228661,251.0,1.0,3.2855195621305135,6.66970931303504,10211.442760968752,2990.1019587474207,0.0008090070029677592,0.1215916442537496,0.8775993487432826
399.9369151742681,183.0,0.0,1.8080503341168033,2.9733078777710347,18741.92705648199,2990.1019587474207,0.0008063642533387114,0.05618525083730311,0.9430083849093581
1168.26705527873,185.0,0.0,1.8091638036950277,2.9824715378972404,6148.751770096913,2991.4636336688,0.0008059142191294289,0.043571448484905406,0.9556226372959652
89.18150944789541,185.0,0.0,1.8091638036950277,2.9824715378972404,4271.066704054844,390.5118845535173,0.0008059142191294289,0.043571448484905406,0.9556226372959652
242.39379499395943,183.0,0.0,1.8080503341168033,2.9733078777710347,1177.0580728671619,479.2018376511139,0.0008063642533387114,0.05618525083730311,0.9430083849093581
243.26734572671802,251.0,1.0,3.2855195621305135,6.66970931303504,1062.2581782740401,479.2018376511139,0.0008090070029677592,0.1215916442537496,0.8775993487432826
242.23328500493182,185.0,0.0,1.8091638036950277,2.9824715378972404,1177.589376374585,479.2018376511139,0.0008059142191294289,0.043571448484905406,0.9556226372959652
981.2625997422444,242.0,1.0,2.821886786723574,4.77068157696565,182.6167855445268,414.30786554160164,0.0008057276676005472,0.03622673753622664,0.9629675347961727
602.5763848143911,242.0,1.0,2.821886786723574,4.77068157696565,108.64142869814128,273.35011321553935,0.0008057276676005472,0.03622673753622664,0.9629675347961727
136.6707769239961,242.0,1.0,2.821886786723574,4.77068157696565,19176.144848604108,1143.7114432359194,0.0008057276676005472,0.03622673753622664,0.9629675347961727
979.1493152582422,241.0,1.0,2.8198152951509994,4.757118282342331,182.76688365590323,414.30786554160164,0.0008063048729325643,0.05173979484371992,0.9474539002833476
981.5482207278851,227.0,1.0,2.6421959319950874,4.879362596563925,195.84317694340635,414.30786554160164,0.0008055603611173335,0.03485430803667032,0.9643401316022122
136.85845392990896,227.0,1.0,2.640242319837024,4.861433031033504,19995.656539335676,1143.7114432359194,0.0008060658298911966,0.04986803491663901,0.9493258992534697
601.8747170910013,227.0,1.0,2.640242319837024,4.861433031033504,122.5048995195612,273.35011321553935,0.0008060658298911966,0.04986803491663901,0.9493258992534697
93.2596022526348,227.0,1.0,2.6421959319950874,4.879362596563925,15681.488205449868,656.8577981836169,0.0008055603611173335,0.03485430803667032,0.9643401316022122
93.42971459541819,241.0,1.0,2.8198152951509994,4.757118282342331,15228.479063009778,656.8577981836169,0.0008063048729325643,0.05173979484371992,0.9474539002833476
93.38321913638168,227.0,1.0,2.640242319837024,4.861433031033504,15686.933124935058,656.8577981836169,0.0008060658298911966,0.04986803491663901,0.9493258992534697
155.109677272007,232.0,1.0,2.533330646386932,4.5263995337256,2360.344274200095,498.80588531230404,0.0008064342805749751,0.06788227503407579,0.9313112906853492
394.74617584485947,232.0,1.0,2.533330646386932,4.5263995337256,5571.9762320646705,1658.4294206439047,0.0008064342805749751,0.06788227503407579,0.9313112906853492
652.1996124160439,232.0,1.0,2.533330646386932,4.5263995337256,213.99995915317592,376.46967552239596,0.0008064342805749751,0.06788227503407579,0.9313112906853492
155.3253968309472,232.0,1.0,2.5314150325052958,4.506607796413903,2358.050984511426,498.80588531230404,0.0008069572826163447,0.084267281950343,0.9149257607670406
154.85731092966964,219.0,1.0,2.253093484087607,3.7303090813459736,2534.8591880864956,498.80588531230404,0.0008058401106465416,0.04818550401136817,0.9510086558779852
652.5329213328092,219.0,1.0,2.2519476380911367,3.719074823088303,200.46242607860682,376.46967552239596,0.0008062018204865278,0.05993357909016589,0.9392602190893475
394.1429806380838,219.0,1.0,2.2519476380911367,3.719074823088303,5909.198929400512,1658.4294206439047,0.0008062018204865278,0.05993357909016589,0.9392602190893475
2050.2688681525365,219.0,1.0,2.253093484087607,3.7303090813459736,627.4185082220206,1043.0666183770168,0.0008058401106465416,0.04818550401136817,0.9510086558779852
2040.380363878317,232.0,1.0,2.5314150325052958,4.506607796413903,661.7789689387375,1043.0666183770168,0.0008069572826163447,0.084267281950343,0.9149257607670406
2047.1631573075936,219.0,1.0,2.2519476380911367,3.719074823088303,627.3605432503363,1043.0666183770168,0.0008062018204865278,0.05993357909016589,0.9392602190893475
311.4224828213632,249.0,1.0,3.1688869138798452,6.087431894805742,44.67534730852586,29.392929703647983,0.0008096696211840417,0.13134783580108678,0.8678424945777292
203.7147083763883,249.0,1.0,3.1688869138798452,6.087431894805742,34.71785740133116,21.898360061186228,0.0008096696211840417,0.13134783580108678,0.8678424945777292
466.56209955337266,249.0,1.0,3.1688869138798452,6.087431894805742,69.27123673672561,190.8170244692161,0.0008096696211840417,0.13134783580108678,0.8678424945777292
322.24418671903715,249.0,1.0,3.1787427392371512,6.189956370194403,44.906086076696674,29.392929703647983,0.0008071154934183045,0.07136307787243769,0.927829806634144
312.77489780826323,252.0,1.0,3.3787173578509275,5.50910004321444,46.78601111599601,29.392929703647983,0.0008091168546273532,0.11975431370957455,0.8794365694357981
469.9081103574136,252.0,1.0,3.3876934343371605,5.581459529261394,62.47311755350204,190.8170244692161,0.0008068323096091608,0.06461546121127765,0.9345777064791132
209.56512795547354,252.0,1.0,3.3876934343371605,5.581459529261394,35.42013326952496,21.898360061186228,0.0008068323096091608,0.06461546121127765,0.9345777064791132
341.40405529372094,252.0,1.0,3.3787173578509275,5.50910004321444,44.17957703834893,145.1900039556531,0.0008091168546273532,0.11975431370957455,0.8794365694357981
342.88705836554556,249.0,1.0,3.1787427392371512,6.189956370194403,48.89173140339771,145.1900039556531,0.0008071154934183045,0.07136307787243769,0.927829806634144
343.0247437562465,252.0,1.0,3.3876934343371605,5.581459529261394,43.99622554199449,145.1900039556531,0.0008068323096091608,0.06461546121127765,0.9345777064791132
165.45264567964836,210.0,1.0,2.1376464470748053,3.689590437573427,10845.947472154401,1029.2811048601995,0.0008053815377738726,0.03047463629334294,0.9687199821688831
204.30584725723463,210.0,1.0,2.1376464470748053,3.689590437573427,13012.852714766062,1393.7940126686126,0.0008053815377738726,0.03047463629334294,0.9687199821688831
247.0881815761449,210.0,1.0,2.1376464470748053,3.689590437573427,4480.608869120741,960.3523166955131,0.0008053815377738726,0.03047463629334294,0.9687199821688831
166.03967465634176,210.0,1.0,2.1350873982221157,3.663274759227444,10882.31567892584,1029.2811048601995,0.0008062994588817536,0.058575709900140646,0.9406179906409775
165.76845645800694,227.0,1.0,2.539817876405707,5.399936226980265,10598.739766980423,1029.2811048601995,0.0008055572790098898,0.051806454655214336,0.9473879880657757
249.04286700322126,227.0,1.0,2.5354499371804264,5.342172310888697,4272.014551497039,960.3523166955131,0.0008066599207815712,0.09792383090578247,0.9012695091734361
206.1505854804168,227.0,1.0,2.5354499371804264,5.342172310888697,12244.933128519879,1393.7940126686126,0.0008066599207815712,0.09792383090578247,0.9012695091734361
306.32204756859807,227.0,1.0,2.539817876405707,5.399936226980265,5129.481727165582,1271.964006239287,0.0008055572790098898,0.051806454655214336,0.9473879880657757
306.83161439566584,210.0,1.0,2.1350873982221157,3.663274759227444,5538.150702462204,1271.964006239287,0.0008062994588817536,0.058575709900140646,0.9406179906409775
308.4725483966797,227.0,1.0,2.5354499371804264,5.342172310888697,5120.694049784609,1271.964006239287,0.0008066599207815712,0.09792383090578247,0.9012695091734361
3251.890060451352,218.0,1.0,2.380068099759174,4.169428937536472,1091.1902983433579,1668.6836390293374,0.0008056237417087516,0.06113864186529975,0.9380557343929917
1755.0995719003836,218.0,1.0,2.380068099759174,4.169428937536472,589.6572915888319,958.6559081844598,0.0008056237417087516,0.06113864186529975,0.9380557343929917
1866.4324510472866,218.0,1.0,2.380068099759174,4.169428937536472,5449.373016167554,3540.618219189737,0.0008056237417087516,0.06113864186529975,0.9380557343929917
3268.9579420279547,218.0,1.0,2.3834052149753324,4.20899133710072,1092.874217591363,1668.6836390293374,0.0008048711161351363,0.02327639142500086,0.9759187374588639
3263.1257592143897,201.0,1.0,2.0440181454152184,3.0193545287037513,1093.8758300562731,1668.6836390293374,0.0008056987776005235,0.03518103255074356,0.9640132686716559
1856.0476619583558,201.0,1.0,2.0460907654576714,3.0346457633723327,5522.546868875017,3540.618219189737,0.0008048966246497832,0.013002987935685573,0.9861921154396647
1763.5952886173086,201.0,1.0,2.0460907654576714,3.0346457633723327,604.0888749133296,958.6559081844598,0.0008048966246497832,0.013002987935685573,0.9861921154396647
1069.9075957899731,201.0,1.0,2.0440181454152184,3.0193545287037513,3068.6943633289948,1909.8186516813212,0.0008056987776005235,0.03518103255074356,0.9640132686716559
1068.507977380094,218.0,1.0,2.3834052149753324,4.20899133710072,3146.6040131341233,1909.8186516813212,0.0008048711161351363,0.02327639142500086,0.9759187374588639
1067.737697963708,201.0,1.0,2.0460907654576714,3.0346457633723327,3081.631813616209,1909.8186516813212,0.0008048966246497832,0.013002987935685573,0.9861921154396647
147.92111718686166,227.0,1.0,2.5912241278137293,4.558653815807156,1612.5947237363155,406.5590781427612,0.0008053492567952269,0.02738117834084781,0.971813472402357
219.82869419174557,227.0,1.0,2.5912241278137293,4.558653815807156,2353.769924789239,654.9347546290705,0.0008053492567952269,0.02738117834084781,0.971813472402357
226.17302766609248,227.0,1.0,2.5912241278137293,4.558653815807156,37.11792997916208,20.996586503894623,0.0008053492567952269,0.02738117834084781,0.971813472402357
148.41595460080265,227.0,1.0,2.585468514636522,4.505224646458731,1603.9143553073054,406.5590781427612,0.0008070991905887091,0.07650691007627504,0.9226859907331362
147.82240507853004,225.0,1.0,2.269600923854449,4.027584817489973,1712.2977228072984,406.5590781427612,0.0008049923565212127,0.01924789607323459,0.9799471115702442
224.02565572734886,225.0,1.0,2.266233521852203,3.9907231293158265,34.99577459411406,20.996586503894623,0.000806071768211421,0.05470958045988672,0.9444843477719018
220.34482779819047,225.0,1.0,2.266233521852203,3.9907231293158265,2468.82637035846,654.9347546290705,0.000806071768211421,0.05470958045988672,0.9444843477719018
450.8795868151159,225.0,1.0,2.269600923854449,4.027584817489973,56.33312802476932,33.99256831271167,0.0008049923565212127,0.01924789607323459,0.9799471115702442
435.6862015014236,227.0,1.0,2.585468514636522,4.505224646458731,57.910362476740005,33.99256831271167,0.0008070991905887091,0.07650691007627504,0.9226859907331362
441.9163920359857,225.0,1.0,2.266233521852203,3.9907231293158265,55.053684955609775,33.99256831271167,0.000806071768211421,0.05470958045988672,0.9444843477719018
372.5763632429806,232.0,1.0,2.6013289945823823,4.786031765667998,31.768207358729228,134.55727314595018,0.0008068007497037543,0.05723651955346034,0.9419566796968358
453.0685308866847,232.0,1.0,2.6013289945823823,4.786031765667998,38.46125315803215,158.58700501749274,0.0008068007497037543,0.05723651955346034,0.9419566796968358
723.2829394570821,232.0,1.0,2.6013289945823823,4.786031765667998,312.25962026508455,483.3337594330803,0.0008068007497037543,0.05723651955346034,0.9419566796968358
373.13982864516333,232.0,1.0,2.6029961810277267,4.801627128658999,31.59769864138024,134.55727314595018,0.0008062158542979546,0.04359189080486606,0.9556018933408359
371.7608428647767,252.0,1.0,3.5025871022942665,6.668755846922078,40.10946349330253,134.55727314595018,0.0008074776870661961,0.08439429513823335,0.9147982271747004
723.2542098113779,252.0,1.0,3.5053882571948964,6.701151882592847,323.06438424192766,483.3337594330803,0.0008067238049717938,0.06462452434975438,0.9345687518452739
452.9414532335926,252.0,1.0,3.5053882571948964,6.701151882592847,50.78330766360659,158.58700501749274,0.0008067238049717938,0.06462452434975438,0.9345687518452739
866.2353009590082,252.0,1.0,3.5025871022942665,6.668755846922078,390.24699366899097,572.2052992705942,0.0008074776870661961,0.08439429513823335,0.9147982271747004
867.7477864295956,232.0,1.0,2.6029961810277267,4.801627128658999,372.45810421351325,572.2052992705942,0.0008062158542979546,0.04359189080486606,0.9556018933408359
867.0629121200241,252.0,1.0,3.5053882571948964,6.701151882592847,389.7403092628341,572.2052992705942,0.0008067238049717938,0.06462452434975438,0.9345687518452739
4623.589426313081,232.0,1.0,2.4061989860256072,3.9513603487049926,6666.4781697211465,5728.710061689348,0.0008071912863675815,0.06866411965545255,0.9305286890581799
5239.664956536682,232.0,1.0,2.4061989860256072,3.9513603487049926,7560.478842354327,6523.003613918645,0.0008071912863675815,0.06866411965545255,0.9305286890581799
231.98432076191148,232.0,1.0,2.4061989860256072,3.9513603487049926,24916.9215748649,2286.9866858824853,0.0008071912863675815,0.06866411965545255,0.9305286890581799
4620.986193476114,232.0,1.0,2.4081303205453497,3.96398085224182,6661.911798455795,5728.710061689348,0.0008066270035005958,0.05526429358618312,0.9439290794103162
4625.660021121263,231.0,1.0,2.5327219803000567,4.630372988903587,6594.166717563241,5728.710061689348,0.0008073126048667727,0.08173650954738734,0.9174561778477458
231.742875592667,232.0,1.0,2.534707634334711,4.6497361148738605,20807.146482624772,2286.9866858824853,0.000806725150857553,0.06599137668481542,0.9332018981643269
5238.61904305489,232.0,1.0,2.534707634334711,4.6497361148738605,7473.079219533021,6523.003613918645,0.000806725150857553,0.06599137668481542,0.9332018981643269
260.50948027679476,231.0,1.0,2.5327219803000567,4.630372988903587,22748.836473147843,2701.512782495297,0.0008073126048667727,0.08173650954738734,0.9174561778477458
259.4360967082754,232.0,1.0,2.4081303205453497,3.96398085224182,27125.437020028643,2701.512782495297,0.0008066270035005958,0.05526429358618312,0.9439290794103162
259.7935705582502,232.0,1.0,2.534707634334711,4.6497361148738605,22693.638653902617,2701.512782495297,0.000806725150857553,0.06599137668481542,0.9332018981643269
518.2787348281943,215.0,1.0,2.1729879716707377,4.028358945088481,55.81020625962331,12.408582479771727,0.0008056413271783897,0.0340062027019962,0.9651881559708255
585.5065638120443,215.0,1.0,2.1729879716707377,4.028358945088481,61.012477073548254,12.625288767378823,0.0008056413271783897,0.0340062027019962,0.9651881559708255
369.4393977906914,215.0,1.0,2.1729879716707377,4.028358945088481,2143.686575584703,875.2970938829262,0.0008056413271783897,0.0340062027019962,0.9651881559708255
515.102686827729,215.0,1.0,2.171055469680874,4.012183516293948,55.70693619324578,12.408582479771727,0.0008062363064031172,0.05006807480960258,0.9491256888839943
518.3978086343307,229.0,1.0,2.5750793797327685,3.882731719110524,55.063607860285714,12.408582479771727,0.0008057690806899725,0.031015561564783346,0.9681786693545268
370.055389670779,228.0,1.0,2.5728253771886624,3.8686586287647917,2167.706222222747,875.2970938829262,0.0008064291581811795,0.045829362004236256,0.9533642088375825
581.9740505975029,228.0,1.0,2.5728253771886624,3.8686586287647917,60.110218593920244,12.625288767378823,0.0008064291581811795,0.045829362004236256,0.9533642088375825
401.85569435649563,229.0,1.0,2.5750793797327685,3.882731719110524,2367.7460889265935,968.1653278002935,0.0008057690806899725,0.031015561564783346,0.9681786693545268
402.5284680676863,215.0,1.0,2.171055469680874,4.012183516293948,2331.677367263799,968.1653278002935,0.0008062363064031172,0.05006807480960258,0.9491256888839943
402.5459878979801,228.0,1.0,2.5728253771886624,3.8686586287647917,2368.548500912185,968.1653278002935,0.0008064291581811795,0.045829362004236256,0.9533642088375825
98.38036167272952,181.0,0.0,1.8010170319028747,2.944896425317236,10110.44520718133,639.2071660630754,0.0008056132660007004,0.030412750852412816,0.9687816358815865
75.42086511884627,181.0,0.0,1.8010170319028747,2.944896425317236,7976.966715824985,450.0069739746052,0.0008056132660007004,0.030412750852412816,0.9687816358815865
372.80484418397145,181.0,0.0,1.8010170319028747,2.944896425317236,36.59639054986113,19.99846641283035,0.0008056132660007004,0.030412750852412816,0.9687816358815865
98.48898527771497,181.0,0.0,1.799877655088075,2.9363324791896592,10083.757961606681,639.2071660630754,0.0008060513032416538,0.041386159083900184,0.9578077896128581
98.71484094587024,242.0,1.0,2.774393146199609,4.3750389024738405,11113.478231334255,639.2071660630754,0.0008069004750570731,0.06220495805498293,0.93698814146996
366.5595133682658,242.0,1.0,2.7713719129110173,4.353430243349339,40.760753525360876,19.99846641283035,0.0008078105154675202,0.08352205281412706,0.9156701366704054
75.78037782290124,242.0,1.0,2.7713719129110173,4.353430243349339,9222.686527289681,450.0069739746052,0.0008078105154675202,0.08352205281412706,0.9156701366704054
248.30197161852828,242.0,1.0,2.774393146199609,4.3750389024738405,30.565571892762826,15.737194436690013,0.0008069004750570731,0.06220495805498293,0.93698814146996
249.61717534541427,181.0,0.0,1.799877655088075,2.9363324791896592,26.701877433933287,15.737194436690013,0.0008060513032416538,0.041386159083900184,0.9578077896128581
246.99059081255803,242.0,1.0,2.7713719129110173,4.353430243349339,30.558718134237445,15.737194436690013,0.0008078105154675202,0.08352205281412706,0.9156701366704054
10701.504995046804,247.0,1.0,3.2947825606025782,5.999071052170188,9975.977897723746,10302.001294140106,0.0008064858429476612,0.05261195838165502,0.9465815557753974
14442.70430257752,247.0,1.0,3.2947825606025782,5.999071052170188,13459.372122044035,13870.590643703417,0.0008064858429476612,0.05261195838165502,0.9465815557753974
455.2003938770672,247.0,1.0,3.2947825606025782,5.999071052170188,55.39022983446266,23.96565666464848,0.0008064858429476612,0.05261195838165502,0.9465815557753974
10701.326932775335,247.0,1.0,3.2942515295114085,5.994333667482004,9976.213882387094,10302.001294140106,0.0008066154408674738,0.055781097044242944,0.9434122875148895
10703.065973508184,197.0,0.0,1.9332718139753993,2.9763197382672932,9945.958227142017,10302.001294140106,0.0008054224502535078,0.02133450425856789,0.9778600732911785
461.70700968265135,197.0,0.0,1.9331086122978791,2.975461332417577,56.63399033594643,23.96565666464848,0.0008054849289604498,0.022667053808250567,0.9765274612627889
14445.223693008476,197.0,0.0,1.9331086122978791,2.975461332417577,13400.468292593647,13870.590643703417,0.0008054849289604498,0.022667053808250567,0.9765274612627889
703.8231393572302,197.0,0.0,1.9332718139753993,2.9763197382672932,76.99001434221634,34.56548823745013,0.0008054224502535078,0.02133450425856789,0.9778600732911785
689.918074486966,247.0,1.0,3.2942515295114085,5.994333667482004,74.17210621102964,34.56548823745013,0.0008066154408674738,0.055781097044242944,0.9434122875148895
703.2217162240975,197.0,0.0,1.9331086122978791,2.975461332417577,76.88482243841494,34.56548823745013,0.0008054849289604498,0.022667053808250567,0.9765274612627889
453.1579797661168,242.0,1.0,3.018481678886601,5.439595113828183,2023.171898569383,988.155717081363,0.0008080604500409746,0.09380279950288907,0.9053891400470699
236.79408313044527,242.0,1.0,3.018481678886601,5.439595113828183,1076.1590674527833,470.0471580481815,0.0008080604500409746,0.09380279950288907,0.9053891400470699
3094.7741585422614,242.0,1.0,3.018481678886601,5.439595113828183,4069.1627146369337,3591.12145524307,0.0008080604500409746,0.09380279950288907,0.9053891400470699
452.6993924895496,242.0,1.0,3.020220791207953,5.452860626824736,2023.5777087345393,988.155717081363,0.0008076636435572554,0.08427923939211174,0.9149130969643309
451.76690896934844,223.0,1.0,2.4403137719032486,4.353314156707855,2105.328422336385,988.155717081363,0.0008070145089439858,0.06420661023524486,0.9349863752558113
3092.2031774615716,223.0,1.0,2.4412453729226526,4.3608251815951355,4099.111398992759,3591.12145524307,0.0008067321506599354,0.057526699214439106,0.9416665686349011
236.3266519524737,223.0,1.0,2.4412453729226526,4.3608251815951355,1086.634887320629,470.0471580481815,0.0008067321506599354,0.057526699214439106,0.9416665686349011
1538.9778456981974,223.0,1.0,2.4403137719032486,4.353314156707855,2027.9801674490507,1754.072557088774,0.0008070145089439858,0.06420661023524486,0.9349863752558113
1539.329540970636,242.0,1.0,3.020220791207953,5.452860626824736,2025.891383764881,1754.072557088774,0.0008076636435572554,0.08427923939211174,0.9149130969643309
1538.8494620982515,223.0,1.0,2.4412453729226526,4.3608251815951355,2028.2184731344419,1754.072557088774,0.0008067321506599354,0.057526699214439106,0.9416665686349011
1030.8726530642982,214.0,1.0,2.1677527800558667,3.631021336594438,106.35868105979489,52.61645798707788,0.0008059553678994715,0.04015979901902026,0.9590342456130804
379.8473856719089,214.0,1.0,2.1677527800558667,3.631021336594438,52.848739292961994,22.266521111296576,0.0008059553678994715,0.04015979901902026,0.9590342456130804
246.19076503485655,214.0,1.0,2.1677527800558667,3.631021336594438,7764.346941326526,1371.8590714618122,0.0008059553678994715,0.04015979901902026,0.9590342456130804
1032.4633502842025,214.0,1.0,2.1679836148606753,3.6328705701285724,106.33839948671171,52.61645798707788,0.0008058696854447207,0.03797105073300775,0.9612230795815475
1014.4435821082488,243.0,1.0,2.8845824383368797,4.688241790736287,93.73411190481691,52.61645798707788,0.0008067675441841753,0.060969743869043254,0.9382234885867725
246.98329607306454,243.0,1.0,2.885053568109717,4.692169208314575,6498.724320008685,1371.8590714618122,0.0008066348164495748,0.05766443825243939,0.9415289269311111
376.12306843193994,243.0,1.0,2.885053568109717,4.692169208314575,46.86126012227865,22.266521111296576,0.0008066348164495748,0.05766443825243939,0.9415289269311111
133.29396228059554,243.0,1.0,2.8845824383368797,4.688241790736287,3739.8660561888682,590.8969600939995,0.0008067675441841753,0.060969743869043254,0.9382234885867725
132.93014530850306,214.0,1.0,2.1679836148606753,3.6328705701285724,4576.5218035502285,590.8969600939995,0.0008058696854447207,0.03797105073300775,0.9612230795815475
133.24339442081697,243.0,1.0,2.885053568109717,4.692169208314575,3741.4421459979253,590.8969600939995,0.0008066348164495748,0.05766443825243939,0.9415289269311111
113.44319846505341,244.0,1.0,3.4764022872718208,6.314749223108619,2451.7573795084195,416.93851589198846,0.0008091618449250349,0.13056524402866235,0.8686255941264126
349.34236953900927,244.0,1.0,3.4764022872718208,6.314749223108619,6079.942581601469,1817.3862383519258,0.0008091618449250349,0.13056524402866235,0.8686255941264126
292.45877561681414,244.0,1.0,3.4764022872718208,6.314749223108619,3.0088340757560474,67.1584877259867,0.0008091618449250349,0.13056524402866235,0.8686255941264126
113.41187946659608,244.0,1.0,3.4769773333989393,6.319845835627941,2451.855735781481,416.93851589198846,0.000809038735361886,0.12754637801328042,0.8716445832513577
113.10484133105959,238.0,1.0,2.8539458925409207,5.074025955504762,2804.6114025317875,416.93851589198846,0.000807854392806912,0.09476361522753791,0.9044285303796552
294.1165678765783,238.0,1.0,2.8542754269516686,5.077091924943618,9.201911301265518,67.1584877259867,0.0008077657321371102,0.0925074109797519,0.9066848232881111
346.5931726073262,238.0,1.0,2.8542754269516686,5.077091924943618,7066.562190298533,1817.3862383519258,0.0008077657321371102,0.0925074109797519,0.9066848232881111
1326.3536500748037,238.0,1.0,2.8539458925409207,5.074025955504762,3.9416856195889807,204.65234608779693,0.000807854392806912,0.09476361522753791,0.9044285303796552
1310.4520693310787,244.0,1.0,3.4769773333989393,6.319845835627941,97.26279909272112,204.65234608779693,0.000809038735361886,0.12754637801328042,0.8716445832513577
1327.437595182302,238.0,1.0,2.8542754269516686,5.077091924943618,3.683282115902937,204.65234608779693,0.0008077657321371102,0.0925074109797519,0.9066848232881111
191.2751138287719,245.0,1.0,3.001372672131642,7.556315441222843,24.053038480431397,4.253723758012611,0.0008068278681028733,0.11302679391460535,0.8861663782172917
2386.6078496525056,245.0,1.0,3.001372672131642,7.556315441222843,417.50466531647294,82.70337220117419,0.0008068278681028733,0.11302679391460535,0.8861663782172917
192.1658655309033,245.0,1.0,3.001372672131642,7.556315441222843,23.435490515127896,2.462219104265422,0.0008068278681028733,0.11302679391460535,0.8861663782172917
192.7144348848948,245.0,1.0,3.0050226581863675,7.622273325492393,25.138278172408675,4.253723758012611,0.0008059075976562239,0.07265150195423101,0.9265425904481128
190.58585932968478,236.0,1.0,3.221820531082027,6.414201945471972,29.07405847750339,4.253723758012611,0.0008075470307841616,0.10680732455403284,0.8923851284151831
193.12359529336558,236.0,1.0,3.2263235260269125,6.47699303626768,28.855778695090926,2.462219104265422,0.0008063636507696284,0.06871881207407846,0.9304748242751519
2474.4844933829663,236.0,1.0,3.2263235260269125,6.47699303626768,35.2224320802472,82.70337220117419,0.0008063636507696284,0.06871881207407846,0.9304748242751519
2376.2677708220444,236.0,1.0,3.221820531082027,6.414201945471972,17.90851660343995,71.90072896495315,0.0008075470307841616,0.10680732455403284,0.8923851284151831
2440.681205744736,245.0,1.0,3.0050226581863675,7.622273325492393,357.6689433624574,71.90072896495315,0.0008059075976562239,0.07265150195423101,0.9265425904481128
2448.1074756889857,236.0,1.0,3.2263235260269125,6.47699303626768,39.860724351208475,71.90072896495315,0.0008063636507696284,0.06871881207407846,0.9304748242751519
260.8799548753032,229.0,1.0,2.2836845898501,4.29447433150365,41527.33366036677,3354.323285055865,0.0008055097881624879,0.02881557760010792,0.9703789126117296
80.332629264796,229.0,1.0,2.2836845898501,4.29447433150365,15800.28824252407,583.6472148935593,0.0008055097881624879,0.02881557760010792,0.9703789126117296
582.9415259271605,229.0,1.0,2.2836845898501,4.29447433150365,6670.829124297361,2311.7586262638824,0.0008055097881624879,0.02881557760010792,0.9703789126117296
263.1972397994968,229.0,1.0,2.2761766855116177,4.238749014874417,42138.21384015928,3354.323285055865,0.0008076660052294203,0.0828567700527396,0.9163355639420308
260.7138047306187,238.0,1.0,2.5588137892753426,4.4211525958583255,36278.90119944292,3354.323285055865,0.0008052067030008792,0.025989063223222923,0.9732057300737762
588.0891668429622,238.0,1.0,2.552474556575709,4.370633906318029,6092.58393215044,2311.7586262638824,0.0008067365758483998,0.07413622934590405,0.9250570340782476
80.57428736456676,238.0,1.0,2.552474556575709,4.370633906318029,18058.564020706202,583.6472148935593,0.0008067365758483998,0.07413622934590405,0.9250570340782476
178.9679811587563,238.0,1.0,2.5588137892753426,4.4211525958583255,2068.7183041978956,519.2953322252844,0.0008052067030008792,0.025989063223222923,0.9732057300737762
179.9671757537435,229.0,1.0,2.2761766855116177,4.238749014874417,1924.643995264762,519.2953322252844,0.0008076660052294203,0.0828567700527396,0.9163355639420308
179.64984306992764,238.0,1.0,2.552474556575709,4.370633906318029,2056.4007997764747,519.2953322252844,0.0008067365758483998,0.07413622934590405,0.9250570340782476
948.3065877286875,213.0,1.0,2.2008353986523477,3.451636176199284,1.433169064844435,170.23529106693215,0.0008069668675105988,0.06701890369141371,0.9321741294410757
313.79123856441424,213.0,1.0,2.2008353986523477,3.451636176199284,1.022005924376594,74.26838275600471,0.0008069668675105988,0.06701890369141371,0.9321741294410757
200.97554539614697,213.0,1.0,2.2008353986523477,3.451636176199284,12610.09875753237,1372.521218968985,0.0008069668675105988,0.06701890369141371,0.9321741294410757
962.1506432216541,213.0,1.0,2.207422509441266,3.4861772412265797,2.6939679557531195,170.23529106693215,0.0008051311524266703,0.01905063771677946,0.980144231130794
932.0215526251077,252.0,1.0,3.1342784794612966,5.706219302435668,44.75695641648686,170.23529106693215,0.0008096827429208823,0.12518570591118874,0.8740046113458904
199.95009115967443,252.0,1.0,3.1520938451522196,5.836253594536048,8593.556677353983,1372.521218968985,0.00080587737323158,0.037254731046646,0.9619393915801223
315.37126327234495,252.0,1.0,3.1520938451522196,5.836253594536048,6.914184183767159,74.26838275600471,0.00080587737323158,0.037254731046646,0.9619393915801223
89.98911709239901,252.0,1.0,3.1342784794612966,5.706219302435668,4531.979309080463,450.336152524234,0.0008096827429208823,0.12518570591118874,0.8740046113458904
89.0808122004711,213.0,1.0,2.207422509441266,3.4861772412265797,6228.93094346009,450.336152524234,0.0008051311524266703,0.01905063771677946,0.980144231130794
89.22154989326033,252.0,1.0,3.1520938451522196,5.836253594536048,4560.15561569847,450.336152524234,0.00080587737323158,0.037254731046646,0.9619393915801223
636.4731495323468,239.0,1.0,2.869503165706404,5.117544101923574,1401.1745816694188,947.4973777204345,0.000806265269665422,0.049371277197873376,0.9498224575324613
826.2953390568755,239.0,1.0,2.869503165706404,5.117544101923574,1827.255632669028,1257.444823464059,0.000806265269665422,0.049371277197873376,0.9498224575324613
19419.607536906846,239.0,1.0,2.869503165706404,5.117544101923574,18846.05477435311,19120.023115044074,0.000806265269665422,0.049371277197873376,0.9498224575324613
637.2975734277741,239.0,1.0,2.8654815561287257,5.079729704620187,1398.9096359930325,947.4973777204345,0.0008074430745411875,0.07908479848575346,0.9201077584397055
636.2620555637842,222.0,1.0,2.2229304961911978,3.89251865959333,1440.4398825406383,947.4973777204345,0.0008061062680151985,0.03602956067017425,0.9631643330618105
19419.019773697746,222.0,1.0,2.2197309079965795,3.871449569730987,18824.146605570782,19120.023115044074,0.0008071777012314357,0.05814147291743015,0.9410513493813383
826.9708846831618,222.0,1.0,2.2197309079965795,3.871449569730987,1889.7428793436452,1257.444823464059,0.0008071777012314357,0.05814147291743015,0.9410513493813383
25607.360351078132,222.0,1.0,2.2229304961911978,3.89251865959333,24807.818453500604,25190.024329490352,0.0008061062680151985,0.03602956067017425,0.9631643330618105
25605.061630145385,239.0,1.0,2.8654815561287257,5.079729704620187,24846.63320941572,25190.024329490352,0.0008074430745411875,0.07908479848575346,0.9201077584397055
25605.962471249466,222.0,1.0,2.2197309079965795,3.871449569730987,24808.886058042903,25190.024329490352,0.0008071777012314357,0.05814147291743015,0.9410513493813383
362.5755454880799,217.0,1.0,2.298931617639384,4.013480950840731,31.996959799518162,42.26303376919625,0.0008062880595987941,0.05665133950540623,0.9425423724349948
453.97504374561606,217.0,1.0,2.298931617639384,4.013480950840731,37.4131725591504,49.11739664656435,0.0008062880595987941,0.05665133950540623,0.9425423724349948
182.60285146384996,217.0,1.0,2.298931617639384,4.013480950840731,2481.2606884233933,558.9650204614818,0.0008062880595987941,0.05665133950540623,0.9425423724349948
360.79108298250617,217.0,1.0,2.2966029829991,3.9927475384118,31.991178646500536,42.26303376919625,0.0008070235449258348,0.07761260224719481,0.9215803742078794
358.5456596003079,255.0,1.0,3.42690156360431,5.920022918591985,23.05771127830625,42.26303376919625,0.0008082860939746899,0.09776263807566324,0.901429075830362
184.1672525281948,255.0,1.0,3.420539871104416,5.863078761798259,1991.522673520194,558.9650204614818,0.0008098240299504026,0.13230298323532338,0.8668871927347263
443.48561038665633,255.0,1.0,3.420539871104416,5.863078761798259,25.96698253326759,49.11739664656435,0.0008098240299504026,0.13230298323532338,0.8668871927347263
214.86749382428974,255.0,1.0,3.42690156360431,5.920022918591985,2300.135395673287,679.7483164188154,0.0008082860939746899,0.09776263807566324,0.901429075830362
214.21569288038228,217.0,1.0,2.2966029829991,3.9927475384118,2860.752958225922,679.7483164188154,0.0008070235449258348,0.07761260224719481,0.9215803742078794
215.81442593830803,255.0,1.0,3.420539871104416,5.863078761798259,2298.3275912095796,679.7483164188154,0.0008098240299504026,0.13230298323532338,0.8668871927347263
663.6592228026117,253.0,1.0,3.303078595969063,5.582739555245783,2411.762275364866,1399.7808331109727,0.0008067108628483239,0.05449640741607788,0.9446968817210738
817.1437420737027,253.0,1.0,3.303078595969063,5.582739555245783,2971.07606404536,1783.0897775525564,0.0008067108628483239,0.05449640741607788,0.9446968817210738
810.6327491972669,253.0,1.0,3.303078595969063,5.582739555245783,72.74764895503527,21.916668779284493,0.0008067108628483239,0.05449640741607788,0.9446968817210738
664.9899589412644,253.0,1.0,3.2999343311257827,5.558682244436488,2408.6207060975635,1399.7808331109727,0.0008074774272184018,0.07176749824573528,0.9274250243270463
664.150167945898,242.0,1.0,3.049206501732778,6.7574116962299735,2415.791353567011,1399.7808331109727,0.0008068961250988941,0.06489573429014665,0.9342973695847543
797.5559601979073,242.0,1.0,3.0461711723725204,6.725212366741323,60.241123930877706,21.916668779284493,0.000807728062447092,0.08524004683091793,0.913952225106635
820.019949380645,242.0,1.0,3.0461711723725204,6.725212366741323,2966.345920055117,1783.0897775525564,0.000807728062447092,0.08524004683091793,0.913952225106635
1078.8712530039584,242.0,1.0,3.049206501732778,6.7574116962299735,71.01058464809186,31.14586719551958,0.0008068961250988941,0.06489573429014665,0.9342973695847543
1072.4874750004076,253.0,1.0,3.2999343311257827,5.558682244436488,87.95139062421076,31.14586719551958,0.0008074774272184018,0.07176749824573528,0.9274250243270463
1064.8769799356558,242.0,1.0,3.0461711723725204,6.725212366741323,68.95683638361739,31.14586719551958,0.000807728062447092,0.08524004683091793,0.913952225106635
1496.4750117915366,213.0,1.0,2.0430774204918634,3.9712202538103045,137.6467263317405,29.172225049715518,0.0008065525215436159,0.06410626094965538,0.9350871865288011
801.6622266213473,213.0,1.0,2.0430774204918634,3.9712202538103045,83.1593587031578,10.413378026727377,0.0008065525215436159,0.06410626094965538,0.9350871865288011
3533.3613498960585,213.0,1.0,2.0430774204918634,3.9712202538103045,1691.8740446849467,2295.4558697637844,0.0008065525215436159,0.06410626094965538,0.9350871865288011
1500.7846190967405,213.0,1.0,2.043515700316899,3.9752734709181308,137.70840908682953,29.172225049715518,0.0008064009522260973,0.0597474229781872,0.9394461760695867
1490.3388710622648,219.0,1.0,2.2358227349912436,4.039011222579912,136.70312572050486,29.172225049715518,0.0008068319060248084,0.07070908030473483,0.9284840877892404
3532.8495098379335,219.0,1.0,2.2363524028111534,4.0437355093196015,1730.125574290054,2295.4558697637844,0.0008066618938354967,0.06598618396669483,0.9332071541394699
800.8655599653041,219.0,1.0,2.2363524028111534,4.0437355093196015,84.81936874574716,10.413378026727377,0.0008066618938354967,0.06598618396669483,0.9332071541394699
2100.0060563434945,219.0,1.0,2.2358227349912436,4.039011222579912,1026.5763955984962,1416.4749218625357,0.0008068319060248084,0.07070908030473483,0.9284840877892404
2101.6004510968914,213.0,1.0,2.043515700316899,3.9752734709181308,1020.3310517838312,1416.4749218625357,0.0008064009522260973,0.0597474229781872,0.9394461760695867
2100.6883039048003,219.0,1.0,2.2363524028111534,4.0437355093196015,1026.480769997126,1416.4749218625357,0.0008066618938354967,0.06598618396669483,0.9332071541394699
64.01110770258866,236.0,1.0,2.730478600084474,6.393950739111779,12491.861660354216,405.7739930636796,0.0008066528124205619,0.080020120847095,0.9191732263404844
63.36124271333226,236.0,1.0,2.730478600084474,6.393950739111779,12414.73512173074,400.74748832212316,0.0008066528124205619,0.080020120847095,0.9191732263404844
68.24243075589494,236.0,1.0,2.730478600084474,6.393950739111779,9091.794306898946,392.1722005810332,0.0008066528124205619,0.080020120847095,0.9191732263404844
63.886363495054546,236.0,1.0,2.7339469132812155,6.4442981417697025,12505.793259274704,405.7739930636796,0.0008056092962576773,0.043821361281050096,0.9553730294226923
64.05456969598596,245.0,1.0,2.6969607655325243,4.557997175625082,9494.447554381759,405.7739930636796,0.0008069919904088617,0.05919883634439455,0.9399941716651966
68.12971287185815,245.0,1.0,2.700760076040895,4.586352001722126,7087.5541591772535,392.1722005810332,0.0008057881958237499,0.03203987388386599,0.9671543379203104
63.26177289535598,245.0,1.0,2.700760076040895,4.586352001722126,9445.907098059419,400.74748832212316,0.0008057881958237499,0.03203987388386599,0.9671543379203104
67.59711153692933,245.0,1.0,2.6969607655325243,4.557997175625082,7016.132142087456,387.3469125594198,0.0008069919904088617,0.05919883634439455,0.9399941716651966
67.41727978126085,236.0,1.0,2.7339469132812155,6.4442981417697025,9043.966421018571,387.3469125594198,0.0008056092962576773,0.043821361281050096,0.9553730294226923
67.44133163747784,245.0,1.0,2.700760076040895,4.586352001722126,7033.319722838198,387.3469125594198,0.0008057881958237499,0.03203987388386599,0.9671543379203104
228.9893874407337,241.0,1.0,2.7888693502835036,4.896708307455086,34.509329581092025,13.328680415526732,0.000805560968538282,0.03510730915663875,0.964087129874823
228.81855630362656,241.0,1.0,2.7888693502835036,4.896708307455086,34.491344852913976,13.321036482177083,0.000805560968538282,0.03510730915663875,0.964087129874823
824.8755973523621,241.0,1.0,2.7888693502835036,4.896708307455086,1382.404711269021,1056.487795092663,0.000805560968538282,0.03510730915663875,0.964087129874823
226.09315619225808,241.0,1.0,2.7833951228576885,4.846810315291147,33.59036490837401,13.328680415526732,0.0008068498259570552,0.07277780580912249,0.9264153443649206
228.16353668063667,250.0,1.0,3.0374927675575614,6.119372241454091,36.129418945951365,13.328680415526732,0.0008061536308203903,0.045631135401459716,0.9535627109677198
826.0237977973984,250.0,1.0,3.029810639024569,6.04918076506263,1386.3142132860542,1056.487795092663,0.0008081116315366303,0.09344728982426968,0.9057445985441936
224.22032628129762,250.0,1.0,3.029810639024569,6.04918076506263,35.95527753897565,13.321036482177083,0.0008081116315366303,0.09344728982426968,0.9057445985441936
824.6889742124641,250.0,1.0,3.0374927675575614,6.119372241454091,1387.560217601464,1055.9327817578194,0.0008061536308203903,0.045631135401459716,0.9535627109677198
825.1215166812652,241.0,1.0,2.7833951228576885,4.846810315291147,1378.5768207413298,1055.9327817578194,0.0008068498259570552,0.07277780580912249,0.9264153443649206
825.6066919422041,250.0,1.0,3.029810639024569,6.04918076506263,1385.6197825217391,1055.9327817578194,0.0008081116315366303,0.09344728982426968,0.9057445985441936
309.7069554275679,219.0,1.0,2.25526189278952,3.598214344598357,6707.42258746332,1476.1702893670786,0.0008064230965614544,0.04950511031444277,0.9496884665889957
195.56083466047596,219.0,1.0,2.25526189278952,3.598214344598357,4071.5400070179635,796.3720530294518,0.0008064230965614544,0.04950511031444277,0.9496884665889957
1164.0154900407838,219.0,1.0,2.25526189278952,3.598214344598357,111.1231316454212,62.60063125891141,0.0008064230965614544,0.04950511031444277,0.9496884665889957
308.62813456180186,219.0,1.0,2.2573757447379568,3.614253083212554,6713.739167968879,1476.1702893670786,0.0008056187799744665,0.029924805157384958,0.9692695760626404
311.3054952461636,235.0,1.0,2.8950078136749857,5.345807446808677,5963.072319545016,1476.1702893670786,0.0008070376046669122,0.08260979168904954,0.9165831707062836
1164.3690815419736,235.0,1.0,2.899271564669214,5.387343419850742,112.22199930411777,62.60063125891141,0.0008059859211481478,0.05072839895424509,0.9484656151246068
195.43903967416475,235.0,1.0,2.899271564669214,5.387343419850742,4015.1476518255686,796.3720530294518,0.0008059859211481478,0.05072839895424509,0.9484656151246068
553.4927536767202,235.0,1.0,2.8950078136749857,5.345807446808677,66.284794179914,33.31955215792008,0.0008070376046669122,0.08260979168904954,0.9165831707062836
570.3255727609182,219.0,1.0,2.2573757447379568,3.614253083212554,65.72155419464923,33.31955215792008,0.0008056187799744665,0.029924805157384958,0.9692695760626404
564.1509269936976,235.0,1.0,2.899271564669214,5.387343419850742,66.81147879076491,33.31955215792008,0.0008059859211481478,0.05072839895424509,0.9484656151246068
1827.3687884347246,233.0,1.0,2.650728658724814,4.275775420994301,968.0805780355445,1297.3872006969173,0.0008065303440244296,0.04411406025464408,0.9550794094013314
4416.377391872846,233.0,1.0,2.650728658724814,4.275775420994301,2326.854103002615,2959.6543232613217,0.0008065303440244296,0.04411406025464408,0.9550794094013314
629.8505677246827,233.0,1.0,2.650728658724814,4.275775420994301,38.6344668573423,64.76679257163096,0.0008065303440244296,0.04411406025464408,0.9550794094013314
1823.4498241743524,233.0,1.0,2.64506134008767,4.23729057421691,968.2204044233848,1297.3872006969173,0.0008083632912147762,0.08033095082035134,0.918860685888434
1827.9007042598719,235.0,1.0,2.428548544852987,4.221664707340745,976.5671795005235,1297.3872006969173,0.0008060817412974983,0.04066292816654496,0.9585309900921575
623.7673393595342,235.0,1.0,2.424021689345967,4.189506326767865,34.73089879721981,64.76679257163096,0.0008075303511651773,0.07425578432877222,0.9249366853200627
4405.209443752173,235.0,1.0,2.424021689345967,4.189506326767865,2333.1407451096948,2959.6543232613217,0.0008075303511651773,0.07425578432877222,0.9249366853200627
1735.7195908548674,235.0,1.0,2.428548544852987,4.221664707340745,76.68112454833668,117.35300358509002,0.0008060817412974983,0.04066292816654496,0.9585309900921575
1703.0476369762541,233.0,1.0,2.64506134008767,4.23729057421691,78.68049457580143,117.35300358509002,0.0008083632912147762,0.08033095082035134,0.918860685888434
1708.3160625395449,235.0,1.0,2.424021689345967,4.189506326767865,75.09240952021949,117.35300358509002,0.0008075303511651773,0.07425578432877222,0.9249366853200627
270.3857510014969,242.0,1.0,2.952882584237324,5.483712746753314,1864.7211298156137,693.7969528830049,0.0008079508850520326,0.10875775802473862,0.8904342910902094
236.6731366525636,242.0,1.0,2.952882584237324,5.483712746753314,1640.0768909548783,591.9664500459922,0.0008079508850520326,0.10875775802473862,0.8904342910902094
127.12784100687578,242.0,1.0,2.952882584237324,5.483712746753314,5550.086910888509,665.6062904980034,0.0008079508850520326,0.10875775802473862,0.8904342910902094
269.4642356425136,242.0,1.0,2.9573041261669872,5.530458340573293,1869.5896655775814,693.7969528830049,0.0008067056551211622,0.07270785825617873,0.9264854360887
272.90669786620566,252.0,1.0,4.218664494406744,8.595794704291293,1716.9367045330298,693.7969528830049,0.0008108975505221623,0.2069297643126754,0.7922593381368025
127.48609902241964,252.0,1.0,4.230093653312551,8.741152139175794,5219.316130405028,665.6062904980034,0.0008086073376246024,0.14318614767926283,0.8560052449831125
237.17791379333755,252.0,1.0,4.230093653312551,8.741152139175794,1563.2210968671366,591.9664500459922,0.0008086073376246024,0.14318614767926283,0.8560052449831125
112.78958260482507,252.0,1.0,4.218664494406744,8.595794704291293,4833.075466508221,560.7175529811498,0.0008108975505221623,0.2069297643126754,0.7922593381368025
111.37294006327087,242.0,1.0,2.9573041261669872,5.530458340573293,5030.7201584830655,560.7175529811498,0.0008067056551211622,0.07270785825617873,0.9264854360887
112.02507321690095,252.0,1.0,4.230093653312551,8.741152139175794,4863.983777738604,560.7175529811498,0.0008086073376246024,0.14318614767926283,0.8560052449831125
405.16775431554913,215.0,1.0,2.152393995146119,3.8680615015480475,37.477054765172596,35.76978037223222,0.0008054777304472252,0.03619132245847469,0.9630031998110782
1130.9940672295738,215.0,1.0,2.152393995146119,3.8680615015480475,78.55517033578312,62.788546023015726,0.0008054777304472252,0.03619132245847469,0.9630031998110782
92.4088846979414,215.0,1.0,2.152393995146119,3.8680615015480475,24786.524946001522,729.8595571967298,0.0008054777304472252,0.03619132245847469,0.9630031998110782
404.2215112508361,215.0,1.0,2.15151683087465,3.859938243114016,37.37463508517995,35.76978037223222,0.0008057554938804516,0.04544956270877006,0.9537446817973494
400.7513990110393,242.0,1.0,3.150236055090804,6.938079796393107,25.281283322415998,35.76978037223222,0.000806982670764956,0.08176015405770296,0.917432863271532
92.91499991643848,242.0,1.0,3.1477110364759278,6.9082694782321346,15654.00002275687,729.8595571967298,0.0008076615800219845,0.10158279502679186,0.8976095433931861
1099.6933731296604,242.0,1.0,3.1477110364759278,6.9082694782321346,71.50576660104505,62.788546023015726,0.0008076615800219845,0.10158279502679186,0.8976095433931861
192.42817342981866,242.0,1.0,3.150236055090804,6.938079796393107,23153.469300744528,2185.527389733038,0.000806982670764956,0.08176015405770296,0.917432863271532
191.54749280042662,215.0,1.0,2.15151683087465,3.859938243114016,37376.30920884385,2185.527389733038,0.0008057554938804516,0.04544956270877006,0.9537446817973494
192.9606767978536,242.0,1.0,3.1477110364759278,6.9082694782321346,23143.89440703028,2185.527389733038,0.0008076615800219845,0.10158279502679186,0.8976095433931861
130.05290531327972,241.0,1.0,2.9018126305566883,5.451054973775634,8639.341947249733,775.5331963952831,0.0008086085505876896,0.10942603396350606,0.8897653574859062
106.5645830094512,241.0,1.0,2.9018126305566883,5.451054973775634,7503.061163347549,590.6890674499783,0.0008086085505876896,0.10942603396350606,0.8897653574859062
747.5330954483081,241.0,1.0,2.9018126305566883,5.451054973775634,140.08090380459223,329.6401937943064,0.0008086085505876896,0.10942603396350606,0.8897653574859062
129.03811280883602,241.0,1.0,2.9108886062656154,5.5323266594076115,8634.050656762834,775.5331963952831,0.0008060760598298719,0.04563483352922409,0.9535590904109461
129.55238621321854,227.0,1.0,2.2697676553806834,3.8871583233745017,9113.179242370832,775.5331963952831,0.0008073907763701134,0.07564616225001128,0.9235464469736185
754.5484674066939,227.0,1.0,2.2755451821499624,3.9335848196329364,132.8346497336425,329.6401937943064,0.0008055976761117092,0.030992521788083482,0.9682018805358049
105.710816840069,227.0,1.0,2.2755451821499624,3.9335848196329364,7919.075795675194,590.6890674499783,0.0008055976761117092,0.030992521788083482,0.9682018805358049
581.5939985429934,227.0,1.0,2.2697676553806834,3.8871583233745017,102.39857295459228,264.7354904429302,0.0008073907763701134,0.07564616225001128,0.9235464469736185
583.5217010439799,241.0,1.0,2.9108886062656154,5.5323266594076115,107.34867801500035,264.7354904429302,0.0008060760598298719,0.04563483352922409,0.9535590904109461
584.2572416154521,227.0,1.0,2.2755451821499624,3.9335848196329364,102.2970086543574,264.7354904429302,0.0008055976761117092,0.030992521788083482,0.9682018805358049
1340.9571230552747,240.0,1.0,3.1739141861693723,6.594773322531246,147.58731021775137,332.38273453021316,0.000805636926822857,0.042760190438847996,0.9564341726343292
318.2705367265746,240.0,1.0,3.1739141861693723,6.594773322531246,26.22330363598667,105.52345880967906,0.000805636926822857,0.042760190438847996,0.9564341726343292
1155.6399883903987,240.0,1.0,3.1739141861693723,6.594773322531246,52.2659194998534,15.030254746389499,0.000805636926822857,0.042760190438847996,0.9564341726343292
1314.4206727924202,240.0,1.0,3.16540460134091,6.483063560194323,146.4327545020405,332.38273453021316,0.0008080356755135877,0.11919936206803022,0.879992602256456
1345.262473631889,228.0,1.0,2.5477429190956884,4.418890386375166,82.48268021685335,332.38273453021316,0.000805334060258436,0.02849131402313477,0.9707033519166066
1131.899155747693,228.0,1.0,2.5420235490933902,4.365225953097416,98.07431065932393,15.030254746389499,0.0008070981600159934,0.08056137578725574,0.9186315260527281
316.8936973506241,228.0,1.0,2.5420235490933902,4.365225953097416,14.733369885931731,105.52345880967906,0.0008070981600159934,0.08056137578725574,0.9186315260527281
230.78118901698042,228.0,1.0,2.5477429190956884,4.418890386375166,30.557614729183456,10.370053058105913,0.000805334060258436,0.02849131402313477,0.9707033519166066
226.74253536038904,240.0,1.0,3.16540460134091,6.483063560194323,22.07255131595873,10.370053058105913,0.0008080356755135877,0.11919936206803022,0.879992602256456
228.15460440743658,228.0,1.0,2.5420235490933902,4.365225953097416,30.512049337027698,10.370053058105913,0.0008070981600159934,0.08056137578725574,0.9186315260527281
986.2928943310064,239.0,1.0,2.8837942928907117,4.815506764975675,1610.9787931626665,1247.3319382505606,0.0008073656590016572,0.0861346407128493,0.9130579936281491
2042.6251938737423,239.0,1.0,2.8837942928907117,4.815506764975675,3326.8282443331404,2680.083848417079,0.0008073656590016572,0.0861346407128493,0.9130579936281491
219.32998772117273,239.0,1.0,2.8837942928907117,4.815506764975675,1427.0508907098372,507.05978641084175,0.0008073656590016572,0.0861346407128493,0.9130579936281491
985.719723247505,239.0,1.0,2.8875009851067936,4.8470414307400995,1612.1726432870453,1247.3319382505606,0.0008064780912492566,0.061504307874235616,0.9376892140345152
985.5568570312781,214.0,1.0,2.0742358788895596,3.5263579207141196,1646.5232698790478,1247.3319382505606,0.0008061763070992929,0.05434279987492091,0.9448510238179799
218.60325175757978,214.0,1.0,2.0761265898923855,3.5388854155835454,1555.070376367688,507.05978641084175,0.0008056477813954998,0.03839023014156603,0.9608041220770386
2038.4105412661638,214.0,1.0,2.0761265898923855,3.5388854155835454,3452.176859144254,2680.083848417079,0.0008056477813954998,0.03839023014156603,0.9608041220770386
429.11437532931666,214.0,1.0,2.0742358788895596,3.5263579207141196,3092.392649418363,1133.7786550352043,0.0008061763070992929,0.05434279987492091,0.9448510238179799
429.48836415091864,239.0,1.0,2.8875009851067936,4.8470414307400995,2700.49368357978,1133.7786550352043,0.0008064780912492566,0.061504307874235616,0.9376892140345152
428.25825988605004,214.0,1.0,2.0761265898923855,3.5388854155835454,3094.3439724802347,1133.7786550352043,0.0008056477813954998,0.03839023014156603,0.9608041220770386
436.8989423914208,231.0,1.0,2.821281077374941,5.328825475351852,119.20338847778484,234.54990230427975,0.0008076368095710612,0.09933871788508392,0.8998536453053451
878.5166583894107,231.0,1.0,2.821281077374941,5.328825475351852,232.07038473592294,437.12353912788643,0.0008076368095710612,0.09933871788508392,0.8998536453053451
100.62379995842618,231.0,1.0,2.821281077374941,5.328825475351852,2633.492746606104,376.88692901595005,0.0008076368095710612,0.09933871788508392,0.8998536453053451
436.7195904762458,231.0,1.0,2.8205125170292513,5.319758002048928,119.42275135902179,234.54990230427975,0.0008078897256031158,0.10645311632375508,0.8927389939506417
437.26669753360403,217.0,1.0,2.2647419750269218,3.6187173437688456,127.35945397016592,234.54990230427975,0.0008073537633968326,0.06611535590321505,0.933077290333388
100.60056337880098,217.0,1.0,2.2641243882763358,3.615451604899242,2369.6500892615486,376.88692901595005,0.0008075846269879936,0.07109418537668272,0.9280982299963291
880.1557047987367,217.0,1.0,2.2641243882763358,3.615451604899242,235.97031092316143,437.12353912788643,0.0008075846269879936,0.07109418537668272,0.9280982299963291
175.5848482770929,217.0,1.0,2.2647419750269218,3.6187173437688456,4272.521921015371,764.8784769065343,0.0008073537633968326,0.06611535590321505,0.933077290333388
176.1810595297145,231.0,1.0,2.8205125170292513,5.319758002048928,4365.383732861197,764.8784769065343,0.0008078897256031158,0.10645311632375508,0.8927389939506417
175.71321917417052,217.0,1.0,2.2641243882763358,3.615451604899242,4271.56674226991,764.8784769065343,0.0008075846269879936,0.07109418537668272,0.9280982299963291
659.7453315588853,245.0,1.0,3.0418549471712173,6.040196845300934,6297.124044295123,2966.2231538131778,0.000806625423144084,0.0769930483697654,0.9222003262070906
151.81527296042836,245.0,1.0,3.0418549471712173,6.040196845300934,2047.7778765647001,460.01099934938645,0.000806625423144084,0.0769930483697654,0.9222003262070906
2283.6389693804076,245.0,1.0,3.0418549471712173,6.040196845300934,444.8019440965059,408.36145624703965,0.000806625423144084,0.0769930483697654,0.9222003262070906
657.60254587241,245.0,1.0,3.043633126922145,6.061086631099145,6299.492204444939,2966.2231538131778,0.000806188331360251,0.06249539338664324,0.9366984182819965
656.1030102665784,226.0,1.0,2.4865433454852814,4.030118228619557,8321.113291895597,2966.2231538131778,0.0008061923423460345,0.04994895075634555,0.9492448569013086
2312.24876688762,226.0,1.0,2.487649734745252,4.039321340845168,65.85339987867741,408.36145624703965,0.000805841046000103,0.04029830973293233,0.9588958492210675
151.52906464415435,226.0,1.0,2.487649734745252,4.039321340845168,2127.354684037539,460.01099934938645,0.000805841046000103,0.04029830973293233,0.9588958492210675
345.3463993777544,226.0,1.0,2.4865433454852814,4.030118228619557,4.1951132633155215,95.5816150553014,0.0008061923423460345,0.04994895075634555,0.9492448569013086
345.2223618634263,245.0,1.0,3.043633126922145,6.061086631099145,6.375514489643734,95.5816150553014,0.000806188331360251,0.06249539338664324,0.9366984182819965
345.80713012162414,226.0,1.0,2.487649734745252,4.039321340845168,4.003411264323455,95.5816150553014,0.000805841046000103,0.04029830973293233,0.9588958492210675
781.1055472111525,245.0,1.0,3.161539704212553,6.229762578140104,74.4153580134602,49.006302324387974,0.0008074800619074183,0.08959559301365273,0.9095969269244398
292.9675851432794,245.0,1.0,3.161539704212553,6.229762578140104,41.55843900029105,22.630122369278588,0.0008074800619074183,0.08959559301365273,0.9095969269244398
833.1806241865938,245.0,1.0,3.161539704212553,6.229762578140104,76.44737530969135,58.71489178294861,0.0008074800619074183,0.08959559301365273,0.9095969269244398
771.6476627703755,245.0,1.0,3.159086781135291,6.204105842310501,74.96282812999499,49.006302324387974,0.0008080907266712743,0.10587177614249235,0.8933201331308364
777.7770488355961,247.0,1.0,3.326200297644771,6.275802375659081,66.68294042202079,49.006302324387974,0.0008077209703114987,0.09508864426650729,0.9041036347631811
817.204578505922,247.0,1.0,3.32336990596153,6.248173052302908,69.59621969005778,58.71489178294861,0.0008083804606679726,0.11227871246198734,0.8869129070773446
289.7476092643483,247.0,1.0,3.32336990596153,6.248173052302908,42.39438036131668,22.630122369278588,0.0008083804606679726,0.11227871246198734,0.8869129070773446
302.3872592138064,247.0,1.0,3.326200297644771,6.275802375659081,43.277711610849934,27.89254385519534,0.0008077209703114987,0.09508864426650729,0.9041036347631811
300.7421795364864,245.0,1.0,3.159086781135291,6.204105842310501,42.45262551421441,27.89254385519534,0.0008080907266712743,0.10587177614249235,0.8933201331308364
299.58840194497793,247.0,1.0,3.32336990596153,6.248173052302908,43.27064159983364,27.89254385519534,0.0008083804606679726,0.11227871246198734,0.8869129070773446
112.3318172313593,227.0,1.0,2.3243022212641544,3.828464893431753,4506.29807205766,480.9541146966595,0.0008053490743787907,0.030736830589045663,0.9684578203365756
434.0401279684331,227.0,1.0,2.3243022212641544,3.828464893431753,15835.60995909206,3020.620583830865,0.0008053490743787907,0.030736830589045663,0.9684578203365756
373.22945473536754,227.0,1.0,2.3243022212641544,3.828464893431753,1309.5897049921837,664.743117008211,0.0008053490743787907,0.030736830589045663,0.9684578203365756
112.22212131143219,227.0,1.0,2.3257727677226154,3.8388483002304223,4514.472157427681,480.9541146966595,0.0008049848546339676,0.01863669613665793,0.9805583190087082
112.35598161000316,219.0,1.0,2.2564608594632536,4.0714303767765205,3981.7943933171155,480.9541146966595,0.0008055014928018277,0.0331793157026748,0.9660151828045235
373.0264986496819,219.0,1.0,2.257705202451172,4.0849510837501875,1304.085854250613,664.743117008211,0.0008050780914831562,0.020220258664253712,0.978974663244263
433.054440258995,219.0,1.0,2.257705202451172,4.0849510837501875,12715.465044162016,3020.620583830865,0.0008050780914831562,0.020220258664253712,0.978974663244263
1575.2515501953635,219.0,1.0,2.2564608594632536,4.0714303767765205,5436.310906393439,3417.2691638454917,0.0008055014928018277,0.0331793157026748,0.9660151828045235
1572.1668961643286,227.0,1.0,2.3257727677226154,3.8388483002304223,5802.398049854697,3417.2691638454917,0.0008049848546339676,0.01863669613665793,0.9805583190087082
1572.4352210310483,219.0,1.0,2.257705202451172,4.0849510837501875,5438.595513280347,3417.2691638454917,0.0008050780914831562,0.020220258664253712,0.978974663244263
291.6964559019394,237.0,1.0,2.7461047803860654,4.9448508402901235,44.395339137000214,22.575547432554632,0.0008067000867826253,0.0571683310873433,0.942024968825874
642.2868249712408,237.0,1.0,2.7461047803860654,4.9448508402901235,75.39776633255718,41.29716486201711,0.0008067000867826253,0.0571683310873433,0.942024968825874
483.726147512725,237.0,1.0,2.7461047803860654,4.9448508402901235,80.34088368437264,218.5287988407873,0.0008067000867826253,0.0571683310873433,0.942024968825874
288.75997053612036,237.0,1.0,2.742684894676132,4.918961210970597,44.40332962033973,22.575547432554632,0.0008075942213496848,0.07823969060373552,0.9209527151749148
294.787507851894,218.0,1.0,2.2719129527636452,3.6937807415556416,44.59439477343849,22.575547432554632,0.0008055006009703493,0.03663941754550748,0.962555081853522
484.2527611936313,218.0,1.0,2.2704862061005073,3.680888675731963,76.39762990052473,218.5287988407873,0.0008059193653443419,0.050405421418958235,0.9487886592156973
645.507044676648,218.0,1.0,2.2704862061005073,3.680888675731963,75.81867206122195,41.29716486201711,0.0008059193653443419,0.050405421418958235,0.9487886592156973
882.4034864162638,218.0,1.0,2.2719129527636452,3.6937807415556416,142.75054284557362,364.48053038982016,0.0008055006009703493,0.03663941754550748,0.962555081853522
877.0653631637645,237.0,1.0,2.742684894676132,4.918961210970597,149.8293951793023,364.48053038982016,0.0008075942213496848,0.07823969060373552,0.9209527151749148
880.79167864647,218.0,1.0,2.2704862061005073,3.680888675731963,142.71706020566853,364.48053038982016,0.0008059193653443419,0.050405421418958235,0.9487886592156973
207.77840218985938,242.0,1.0,2.77070815293571,4.3487179604390915,6506.894398965402,1074.1153895264601,0.0008080113869940318,0.08811466377580641,0.9110773248371996
102.28715835734273,242.0,1.0,2.77070815293571,4.3487179604390915,3596.6802295156876,421.5532702215781,0.0008080113869940318,0.08811466377580641,0.9110773248371996
140.49285518868587,242.0,1.0,2.77070815293571,4.3487179604390915,25215.154527831604,1361.0566361381857,0.0008080113869940318,0.08811466377580641,0.9110773248371996
206.1304875765552,242.0,1.0,2.777711465045409,4.399080593349928,6518.350570476455,1074.1153895264601,0.0008059089294335003,0.03798331290149182,0.9612107781690749
208.7747761859071,250.0,1.0,3.259786387924848,6.639470724707335,6002.883538126972,1074.1153895264601,0.0008083353612388734,0.13414802926202782,0.8650436353767333
139.77970184405538,250.0,1.0,3.269522723718389,6.753844938254697,26043.43140282288,1361.0566361381857,0.000806039371089452,0.059462222532405656,0.9397317380965049
101.85326554852547,250.0,1.0,3.269522723718389,6.753844938254697,3870.8297278728724,421.5532702215781,0.000806039371089452,0.059462222532405656,0.9397317380965049
68.64013727753479,250.0,1.0,3.259786387924848,6.639470724707335,19266.555802441813,488.0890919915625,0.0008083353612388734,0.13414802926202782,0.8650436353767333
68.2949663851295,242.0,1.0,2.777711465045409,4.399080593349928,16210.5608472203,488.0890919915625,0.0008059089294335003,0.03798331290149182,0.9612107781690749
68.31462354596754,250.0,1.0,3.269522723718389,6.753844938254697,19494.088269620006,488.0890919915625,0.000806039371089452,0.059462222532405656,0.9397317380965049
3133.6036538372655,234.0,1.0,2.490093980625503,4.510546067450961,763.7728286026522,1284.0040042640385,0.0008053339094118481,0.025810092927264813,0.9733845731633233
603.8836500306894,234.0,1.0,2.490093980625503,4.510546067450961,145.548490258578,307.06735899821564,0.0008053339094118481,0.025810092927264813,0.9733845731633233
993.5950968561915,234.0,1.0,2.490093980625503,4.510546067450961,6064.439974477,3096.3406130965077,0.0008053339094118481,0.025810092927264813,0.9733845731633233
3100.8753854778975,234.0,1.0,2.4826270083541138,4.4425889799673834,763.5173684598966,1284.0040042640385,0.0008073979238739653,0.08101138684377207,0.9181812152323539
3132.271513127767,238.0,1.0,2.8660361731438155,4.493080625928948,770.7643462055621,1284.0040042640385,0.0008055728351943148,0.02797616755637859,0.9712182596084269
1006.0897205078109,238.0,1.0,2.857338364407299,4.421715879776097,6107.14935964783,3096.3406130965077,0.0008081919909398682,0.08780603951923494,0.9113857684898253
600.5107243807154,238.0,1.0,2.857338364407299,4.421715879776097,153.25999291374475,307.06735899821564,0.0008081919909398682,0.08780603951923494,0.9113857684898253
251.29968342116854,238.0,1.0,2.8660361731438155,4.493080625928948,1544.8130959458986,589.0145784303593,0.0008055728351943148,0.02797616755637859,0.9712182596084269
252.29866424361944,234.0,1.0,2.4826270083541138,4.4425889799673834,1580.889946582439,589.0145784303593,0.0008073979238739653,0.08101138684377207,0.9181812152323539
252.6227258459587,238.0,1.0,2.857338364407299,4.421715879776097,1540.0111709187304,589.0145784303593,0.0008081919909398682,0.08780603951923494,0.9113857684898253
131.52538010110018,220.0,1.0,2.4141878873339087,3.6334551808757567,2194.229040422441,385.3317086406666,0.0008056423409349918,0.04850894267331118,0.9506854149857537
520.0351723580492,220.0,1.0,2.4141878873339087,3.6334551808757567,7939.770061189245,2184.320987645184,0.0008056423409349918,0.04850894267331118,0.9506854149857537
218.7901694049074,220.0,1.0,2.4141878873339087,3.6334551808757567,26.41821364163269,11.109805853867572,0.0008056423409349918,0.04850894267331118,0.9506854149857537
131.43012951500603,220.0,1.0,2.4153958170755248,3.6442480128618526,2199.824619371092,385.3317086406666,0.0008052960109600437,0.03505831006657083,0.964136393922469
131.90178503368745,227.0,1.0,2.480208164657694,4.550397938650913,1698.6073928929934,385.3317086406666,0.000807312620436135,0.07732196472214135,0.9218707226574225
218.1605441970306,227.0,1.0,2.482703757598944,4.573306740926513,29.26858175498946,11.109805853867572,0.0008065015354814766,0.056600937408264405,0.9425925610562542
520.8996784070871,227.0,1.0,2.482703757598944,4.573306740926513,6238.703231888152,2184.320987645184,0.0008065015354814766,0.056600937408264405,0.9425925610562542
1552.5691587500955,227.0,1.0,2.480208164657694,4.550397938650913,124.87939191798999,16.231970108233032,0.000807312620436135,0.07732196472214135,0.9218707226574225
1589.518982601905,220.0,1.0,2.4153958170755248,3.6442480128618526,113.38929291009762,16.231970108233032,0.0008052960109600437,0.03505831006657083,0.964136393922469
1571.1997319998914,227.0,1.0,2.482703757598944,4.573306740926513,124.90260456307344,16.231970108233032,0.0008065015354814766,0.056600937408264405,0.9425925610562542
364.12146731673516,220.0,1.0,2.529600255097613,4.891332280766907,17.424744313888937,116.24987750554192,0.0008072576071003914,0.08932852813292551,0.9098642142599741
1080.396889766344,220.0,1.0,2.529600255097613,4.891332280766907,60.9526626746524,276.5231439602553,0.0008072576071003914,0.08932852813292551,0.9098642142599741
343.25063952251617,220.0,1.0,2.529600255097613,4.891332280766907,4.909424026434143,94.96813955460853,0.0008072576071003914,0.08932852813292551,0.9098642142599741
363.7087323548305,220.0,1.0,2.52851963625486,4.8798766676919305,17.481794522899616,116.24987750554192,0.0008075921920342923,0.09899093267981586,0.9002014751281497
363.2075767900126,240.0,1.0,2.901690376294658,5.936753343468724,20.04273071964041,116.24987750554192,0.0008078504989634003,0.11220279869045313,0.8869893508105834
341.74208507520615,240.0,1.0,2.899912237861086,5.918843799325719,7.311898667961407,94.96813955460853,0.0008082556187196138,0.12402629237068274,0.8751654520105977
1070.9726623690885,240.0,1.0,2.899912237861086,5.918843799325719,76.47905217024359,276.5231439602553,0.0008082556187196138,0.12402629237068274,0.8751654520105977
1026.703698770492,240.0,1.0,2.901690376294658,5.936753343468724,40.55353029802824,223.00261799928995,0.0008078504989634003,0.11220279869045313,0.8869893508105834
1030.440184559474,220.0,1.0,2.52851963625486,4.8798766676919305,26.41832723007158,223.00261799928995,0.0008075921920342923,0.09899093267981586,0.9002014751281497
1023.2048304707964,240.0,1.0,2.899912237861086,5.918843799325719,40.5599025590374,223.00261799928995,0.0008082556187196138,0.12402629237068274,0.8751654520105977
3107.7053066011695,222.0,1.0,2.5866674964198535,4.795691170357259,5004.421101549868,4111.899291938686,0.0008060615231335109,0.055167392474238006,0.9440265460026284
1378.5779987196368,222.0,1.0,2.5866674964198535,4.795691170357259,2218.1678903611646,1747.4982175345913,0.0008060615231335109,0.055167392474238006,0.9440265460026284
308.7716969035481,222.0,1.0,2.5866674964198535,4.795691170357259,7688.036215587175,1668.0565748271367,0.0008060615231335109,0.055167392474238006,0.9440265460026284
3107.0613034000817,222.0,1.0,2.587076374068765,4.80029461955089,5004.70900400808,4111.899291938686,0.0008059317476657338,0.05096176710868739,0.9482323011436469
3109.400986819963,237.0,1.0,2.664670125858493,5.5272994154468735,4964.732039602644,4111.899291938686,0.0008067456327657067,0.06580815312578987,0.9333851012414446
309.13755780581243,237.0,1.0,2.66532989207099,5.533576357082648,7195.074846249383,1668.0565748271367,0.0008065614620907143,0.060835896716050254,0.9383575418218589
1378.8853064623793,237.0,1.0,2.66532989207099,5.533576357082648,2202.3903942859165,1747.4982175345913,0.0008065614620907143,0.060835896716050254,0.9383575418218589
149.36995859861582,237.0,1.0,2.664670125858493,5.5272994154468735,3832.0010302394267,623.0524115803086,0.0008067456327657067,0.06580815312578987,0.9333851012414446
149.0812691421209,222.0,1.0,2.587076374068765,4.80029461955089,4112.557247954291,623.0524115803086,0.0008059317476657338,0.05096176710868739,0.9482323011436469
149.28983260572,237.0,1.0,2.66532989207099,5.533576357082648,3832.648357223811,623.0524115803086,0.0008065614620907143,0.060835896716050254,0.9383575418218589
490.2366688639099,227.0,1.0,2.5829824514293023,4.238005561092566,39.641519555420416,38.971507809686386,0.0008066100149903012,0.05550131110865234,0.9436920788763573
222.43181108102544,227.0,1.0,2.5829824514293023,4.238005561092566,22.232422635440646,23.068117314724493,0.0008066100149903012,0.05550131110865234,0.9436920788763573
538.2509101260149,227.0,1.0,2.5829824514293023,4.238005561092566,1818.452678928968,992.334010022716,0.0008066100149903012,0.05550131110865234,0.9436920788763573
488.33815465006415,227.0,1.0,2.5811878083739748,4.226149769123822,39.41162366707781,38.971507809686386,0.0008071024605402363,0.06735689780663413,0.9318359997328255
490.16766246917683,227.0,1.0,2.507528912915971,3.7282899189489145,26.119292922161243,38.971507809686386,0.0008068284173735305,0.051839733104098715,0.9473534384785278
538.8534753270087,227.0,1.0,2.5058807319854197,3.716262131898233,1773.9942592277803,992.334010022716,0.0008073753782346044,0.06316885901337942,0.9360237656083858
221.72767436584417,227.0,1.0,2.5058807319854197,3.716262131898233,13.317602651964197,23.068117314724493,0.0008073753782346044,0.06316885901337942,0.9360237656083858
301.6229429965211,227.0,1.0,2.507528912915971,3.7282899189489145,966.0337463078001,521.030492790851,0.0008068284173735305,0.051839733104098715,0.9473534384785278
301.7213267469239,227.0,1.0,2.5811878083739748,4.226149769123822,1014.3593745337138,521.030492790851,0.0008071024605402363,0.06735689780663413,0.9318359997328255
301.8078706386225,227.0,1.0,2.5058807319854197,3.716262131898233,964.3549398968805,521.030492790851,0.0008073753782346044,0.06316885901337942,0.9360237656083858
112.967567107789,225.0,1.0,2.2688152551117944,4.01889574457671,9067.950061400063,641.8655650749092,0.0008052434502682981,0.02772955114639043,0.9714652054033414
192.710427549418,225.0,1.0,2.2688152551117944,4.01889574457671,13633.01612509012,1372.9989904512354,0.0008052434502682981,0.02772955114639043,0.9714652054033414
431.3961210319953,225.0,1.0,2.2688152551117944,4.01889574457671,54.20339974202322,34.80530618640069,0.0008052434502682981,0.02772955114639043,0.9714652054033414
112.90798873508221,225.0,1.0,2.269366886734048,4.024990733789515,9070.875706172152,641.8655650749092,0.0008050671056542194,0.02178809707731648,0.9774068358170293
112.87582321276456,171.0,0.0,1.7284322815680107,2.855842949085168,10896.016896624766,641.8655650749092,0.0008049396614388447,0.018094472787661964,0.9811005875508991
434.540094254152,171.0,0.0,1.7287358892654987,2.8585531390792642,56.23877401533075,34.80530618640069,0.0008048298627996279,0.014193828568335641,0.9850013415688647
192.37300420331343,171.0,0.0,1.7287358892654987,2.8585531390792642,16818.247362690316,1372.9989904512354,0.0008048298627996279,0.014193828568335641,0.9850013415688647
1081.8323547026712,171.0,0.0,1.7284322815680107,2.855842949085168,104.4134455231991,68.93331956784624,0.0008049396614388447,0.018094472787661964,0.9811005875508991
1078.9537519203168,225.0,1.0,2.269366886734048,4.024990733789515,100.59145448292321,68.93331956784624,0.0008050671056542194,0.02178809707731648,0.9774068358170293
1085.280394810836,171.0,0.0,1.7287358892654987,2.8585531390792642,104.49104828470001,68.93331956784624,0.0008048298627996279,0.014193828568335641,0.9850013415688647
1397.7077191949072,194.0,0.0,1.7775796555731935,3.3799172438232308,748.5457654815916,1024.6149311275224,0.0008060126466710495,0.04285549838486352,0.9563384889684653
948.8684502110998,194.0,0.0,1.7775796555731935,3.3799172438232308,512.9957711878038,710.2466998522899,0.0008060126466710495,0.04285549838486352,0.9563384889684653
416.4383329056003,194.0,0.0,1.7775796555731935,3.3799172438232308,53.098303449963815,10.701548483248725,0.0008060126466710495,0.04285549838486352,0.9563384889684653
1397.0162709755664,194.0,0.0,1.7763694666658234,3.370352547684587,748.9589860761675,1024.6149311275224,0.0008064634247548821,0.05459184132370166,0.9446016952515435
1396.0382361787297,233.0,1.0,2.630704349834238,4.283665968655598,751.6112629937063,1024.6149311275224,0.0008074956966187434,0.0663511063835774,0.9328413979198039
408.1380070008355,233.0,1.0,2.627845992134311,4.265479822349154,54.40325139226694,10.701548483248725,0.0008083682877024897,0.08399340595655394,0.9151982257557435
947.3697383711367,233.0,1.0,2.627845992134311,4.265479822349154,510.9260090446774,710.2466998522899,0.0008083682877024897,0.08399340595655394,0.9151982257557435
246.3930139521285,233.0,1.0,2.630704349834238,4.283665968655598,37.89555283834099,6.320571375128703,0.0008074956966187434,0.0663511063835774,0.9328413979198039
247.79030012233295,194.0,0.0,1.7763694666658234,3.370352547684587,36.53810973721955,6.320571375128703,0.0008064634247548821,0.05459184132370166,0.9446016952515435
244.81021135204853,233.0,1.0,2.627845992134311,4.265479822349154,37.90065093899744,6.320571375128703,0.0008083682877024897,0.08399340595655394,0.9151982257557435
343.5527376077049,249.0,1.0,3.3031945320407194,5.982645380156975,2352.962851733403,945.8323452183095,0.0008062239116255173,0.04979111564473429,0.9494026604436403
284.705236048362,249.0,1.0,3.3031945320407194,5.982645380156975,1969.271173179731,751.169104195902,0.0008062239116255173,0.04979111564473429,0.9494026604436403
262.25394978334543,249.0,1.0,3.3031945320407194,5.982645380156975,2908.1106721729248,899.5038559678909,0.0008062239116255173,0.04979111564473429,0.9494026604436403
344.16985799054737,249.0,1.0,3.3007821435704403,5.961388986823743,2351.0044252558578,945.8323452183095,0.0008068017669639788,0.06497498946270654,0.9342182087703297
342.42543844528035,215.0,1.0,2.0471844978248774,3.3524495576197584,2789.8649996666527,945.8323452183095,0.0008050452187458373,0.020294154708613437,0.9789008000726407
261.51764538630783,215.0,1.0,2.0465118265073126,3.3474336512172855,3619.822837269548,899.5038559678909,0.0008052429241102868,0.026768676076311844,0.9724260809995778
284.0771242967037,215.0,1.0,2.0465118265073126,3.3474336512172855,2296.1885240828665,751.169104195902,0.0008052429241102868,0.026768676076311844,0.9724260809995778
217.33082649216226,215.0,1.0,2.0471844978248774,3.3524495576197584,3012.233057803177,710.2984259591525,0.0008050452187458373,0.020294154708613437,0.9789008000726407
218.38512848388976,249.0,1.0,3.3007821435704403,5.961388986823743,2454.715660651628,710.2984259591525,0.0008068017669639788,0.06497498946270654,0.9342182087703297
217.4802500157302,215.0,1.0,2.0465118265073126,3.3474336512172855,3006.8193252136084,710.2984259591525,0.0008052429241102868,0.026768676076311844,0.9724260809995778
1100.8649139186132,219.0,1.0,2.2920341243019493,4.0025474154858705,110.96254686599197,52.32542579971345,0.0008070830234929138,0.07112741567243361,0.9280655013040735
2473.7411066090217,219.0,1.0,2.2920341243019493,4.0025474154858705,212.12741116877993,117.51867259041306,0.0008070830234929138,0.07112741567243361,0.9280655013040735
202.15284642623482,219.0,1.0,2.2920341243019493,4.0025474154858705,18680.933567014286,1758.2768932516499,0.0008070830234929138,0.07112741567243361,0.9280655013040735
1108.6457565351643,219.0,1.0,2.293097102226908,4.010521288137701,111.1256922354807,52.32542579971345,0.0008067114720120635,0.06164520908252997,0.9375480794454579
1092.9872121133708,227.0,1.0,2.584802109795279,4.499124493313201,113.19570605220314,52.32542579971345,0.0008073034751249768,0.08196437099863653,0.9172283255262382
202.07547294083957,227.0,1.0,2.586112427277218,4.511135636856067,17080.607623827404,1758.2768932516499,0.0008069021332909445,0.07118957430500177,0.9280035235617073
2474.1754902469706,227.0,1.0,2.586112427277218,4.511135636856067,214.26502547885866,117.51867259041306,0.0008069021332909445,0.07118957430500177,0.9280035235617073
364.1009346685553,227.0,1.0,2.584802109795279,4.499124493313201,26623.42880512119,4078.8102087144625,0.0008073034751249768,0.08196437099863653,0.9172283255262382
362.69735783588726,219.0,1.0,2.293097102226908,4.010521288137701,29761.76409961762,4078.8102087144625,0.0008067114720120635,0.06164520908252997,0.9375480794454579
363.3058526381029,227.0,1.0,2.586112427277218,4.511135636856067,26637.46810353743,4078.8102087144625,0.0008069021332909445,0.07118957430500177,0.9280035235617073
113.75394080817924,247.0,1.0,3.181810828430176,4.536226831764709,2441.818447776173,403.5951849187044,0.000806961889710712,0.061956234637764646,0.9372368034725245
135.57517632328316,247.0,1.0,3.181810828430176,4.536226831764709,2820.2336246601553,500.26956652917045,0.000806961889710712,0.061956234637764646,0.9372368034725245
822.4414182590264,247.0,1.0,3.181810828430176,4.536226831764709,438.87038736954014,600.9386905383063,0.000806961889710712,0.061956234637764646,0.9372368034725245
113.42600299357902,247.0,1.0,3.1867787467862523,4.558635065261687,2469.7859319267345,403.5951849187044,0.0008056407425286654,0.030282805990740614,0.9689115532667306
113.51365380838746,222.0,1.0,2.3469583022002802,4.315798339024939,2363.2941014634516,403.5951849187044,0.0008059956492510781,0.050425295703069015,0.9487687086476799
823.6707933490669,222.0,1.0,2.349402270387999,4.344455032052491,426.49355396757073,600.9386905383063,0.0008051820429789744,0.02466270209930612,0.9745321158577148
134.95902512945017,222.0,1.0,2.349402270387999,4.344455032052491,2803.408051213785,500.26956652917045,0.0008051820429789744,0.02466270209930612,0.9745321158577148
1015.3501443870847,222.0,1.0,2.3469583022002802,4.315798339024939,525.0135339633765,733.0040794409922,0.0008059956492510781,0.050425295703069015,0.9487687086476799
1015.7747091959235,247.0,1.0,3.1867787467862523,4.558635065261687,537.5584045893797,733.0040794409922,0.0008056407425286654,0.030282805990740614,0.9689115532667306
1016.2210464285047,222.0,1.0,2.349402270387999,4.344455032052491,523.6450205437271,733.0040794409922,0.0008051820429789744,0.02466270209930612,0.9745321158577148
204.8099613885143,205.0,1.0,2.028419349417836,3.1616205108999718,30.230208304630168,0.18156448153811594,0.0008050624398246247,0.018133011932593424,0.9810619256275819
383.44391718000986,205.0,1.0,2.028419349417836,3.1616205108999718,47.65986753112738,1.336737834022815,0.0008050624398246247,0.018133011932593424,0.9810619256275819
202.25085047688157,205.0,1.0,2.028419349417836,3.1616205108999718,33.52805596084384,15.139957402862645,0.0008050624398246247,0.018133011932593424,0.9810619256275819
203.85806637753194,205.0,1.0,2.026474721241255,3.1468838130212857,29.775738225282005,0.18156448153811594,0.0008057185886784526,0.03658180228839193,0.9626124791229297
204.46754688480857,226.0,1.0,2.4578706614899275,3.5099666481865515,25.85722029855261,0.18156448153811594,0.0008054941027113671,0.02051481195555902,0.9786796939417298
200.06494162746318,226.0,1.0,2.4544992474760976,3.4951838603507013,29.387766090188936,15.139957402862645,0.0008065980309975791,0.041358687652933615,0.957834714316069
379.4006079347834,226.0,1.0,2.4544992474760976,3.4951838603507013,39.33543812351295,1.336737834022815,0.0008065980309975791,0.041358687652933615,0.957834714316069
398.1883944732552,226.0,1.0,2.4578706614899275,3.5099666481865515,48.73674137269044,25.146669077781493,0.0008054941027113671,0.02051481195555902,0.9786796939417298
395.190812036149,205.0,1.0,2.026474721241255,3.1468838130212857,52.46618255284135,25.146669077781493,0.0008057185886784526,0.03658180228839193,0.9626124791229297
393.4397892797239,226.0,1.0,2.4544992474760976,3.4951838603507013,46.95414946676236,25.146669077781493,0.0008065980309975791,0.041358687652933615,0.957834714316069
244.02940692869228,240.0,1.0,2.4387700141102835,4.728621553528253,30221.318191568713,2767.753133240699,0.0008082163370326693,0.07713641541946097,0.9220553682435064
222.79782315946898,240.0,1.0,2.4387700141102835,4.728621553528253,27593.11579723701,2419.3777650292946,0.0008082163370326693,0.07713641541946097,0.9220553682435064
3262.1207519078953,240.0,1.0,2.4387700141102835,4.728621553528253,5572.851760697015,4518.187031814627,0.0008082163370326693,0.07713641541946097,0.9220553682435064
242.43739080350676,240.0,1.0,2.4446235297866283,4.767272586542775,30140.614123668453,2767.753133240699,0.000806308799057724,0.03935045908380648,0.9598432321171358
246.23722950019507,253.0,1.0,3.7116004355738825,7.736126700396233,17347.183393344807,2767.753133240699,0.0008092927191090574,0.13852456790637693,0.8606661393745141
3260.275720903871,253.0,1.0,3.722866661326106,7.857925616770471,4805.917886542879,4518.187031814627,0.0008068544520320613,0.07354516211307575,0.9256479834348923
222.306449107231,253.0,1.0,3.722866661326106,7.857925616770471,16734.53015059265,2419.3777650292946,0.0008068544520320613,0.07354516211307575,0.9256479834348923
2966.5994705370467,253.0,1.0,3.7116004355738825,7.736126700396233,4391.2323312693015,4071.3776125894346,0.0008092927191090574,0.13852456790637693,0.8606661393745141
2949.2860147239307,240.0,1.0,2.4446235297866283,4.767272586542775,5042.179070410108,4071.3776125894346,0.000806308799057724,0.03935045908380648,0.9598432321171358
2954.5480152000373,253.0,1.0,3.722866661326106,7.857925616770471,4404.89730313672,4071.3776125894346,0.0008068544520320613,0.07354516211307575,0.9256479834348923
813.6599892547521,191.0,0.0,1.7912156455350785,3.1725427338450793,32.521075298776815,72.30321498452652,0.0008054941056245288,0.024620147580650138,0.9745743583137254
700.1083190753297,191.0,0.0,1.7912156455350785,3.1725427338450793,27.93902233811586,66.09232151012556,0.0008054941056245288,0.024620147580650138,0.9745743583137254
193.77374319765468,191.0,0.0,1.7912156455350785,3.1725427338450793,10623.712002531973,1214.8241989933638,0.0008054941056245288,0.024620147580650138,0.9745743583137254
807.2282581527152,191.0,0.0,1.7885089006866273,3.1579262885245147,27.508282568706587,72.30321498452652,0.0008064242006434949,0.04560719065975178,0.9535863851396048
810.8260571970836,232.0,1.0,2.4109926008143785,3.9828555667529604,48.13952381548212,72.30321498452652,0.0008057948083270007,0.03488711950529296,0.96430708568638
194.91543072931688,232.0,1.0,2.4069644306455724,3.956351246387039,9988.683252880846,1214.8241989933638,0.0008069673759917674,0.06338635345740615,0.9358066791666021
690.8800227902623,232.0,1.0,2.4069644306455724,3.956351246387039,42.35295595005191,66.09232151012556,0.0008069673759917674,0.06338635345740615,0.9358066791666021
174.48824985122081,232.0,1.0,2.4109926008143785,3.9828555667529604,9067.436827462589,1044.1050426409804,0.0008057948083270007,0.03488711950529296,0.96430708568638
174.8133442772894,191.0,0.0,1.7885089006866273,3.1579262885245147,9465.155638569424,1044.1050426409804,0.0008064242006434949,0.04560719065975178,0.9535863851396048
175.2238424679411,232.0,1.0,2.4069644306455724,3.956351246387039,9106.903880404609,1044.1050426409804,0.0008069673759917674,0.06338635345740615,0.9358066791666021
363.20722523062204,241.0,1.0,2.9185139708309196,5.758750475673627,1460.4606983432545,702.7725862778362,0.0008088445792465735,0.12926129527788677,0.8699298601428667
266.749201227449,241.0,1.0,2.9185139708309196,5.758750475673627,1084.1906432942676,498.31472165277506,0.0008088445792465735,0.12926129527788677,0.8699298601428667
361.2269522164755,241.0,1.0,2.9185139708309196,5.758750475673627,26.787047703347994,46.52734037087504,0.0008088445792465735,0.12926129527788677,0.8699298601428667
361.8927766556976,241.0,1.0,2.926164752106372,5.834436779448082,1461.2260623478542,702.7725862778362,0.0008069108668347407,0.07645749397314715,0.922735595160018
362.44144517666615,240.0,1.0,2.664453924951,4.699308379515034,1484.7858199981226,702.7725862778362,0.000807664612468093,0.0965303697489032,0.9026619656386285
367.258983395062,240.0,1.0,2.66916653762808,4.747529204505866,26.87195381610885,46.52734037087504,0.000806246792841114,0.056203054423322865,0.942990698783836
265.8230788018933,240.0,1.0,2.66916653762808,4.747529204505866,1107.4471460845912,498.31472165277506,0.000806246792841114,0.056203054423322865,0.942990698783836
241.1819625918177,240.0,1.0,2.664453924951,4.699308379515034,20.09405354036145,34.40201669743396,0.000807664612468093,0.0965303697489032,0.9026619656386285
242.08982059828932,241.0,1.0,2.926164752106372,5.834436779448082,20.282550621094632,34.40201669743396,0.0008069108668347407,0.07645749397314715,0.922735595160018
242.799917097553,240.0,1.0,2.66916653762808,4.747529204505866,20.260753337407106,34.40201669743396,0.000806246792841114,0.056203054423322865,0.942990698783836
389.03815557305495,219.0,1.0,2.2539349328590967,3.6284308321270182,5.5772063374647685,89.5544434224352,0.0008055990772496192,0.02840987373037763,0.9707845271923726
1866.8913428996843,219.0,1.0,2.2539349328590967,3.6284308321270182,9.356146795815452,282.97130235278007,0.0008055990772496192,0.02840987373037763,0.9707845271923726
1789.3254811319457,219.0,1.0,2.2539349328590967,3.6284308321270182,2480.234163083918,2094.6613446810643,0.0008055990772496192,0.02840987373037763,0.9707845271923726
388.87741141450596,219.0,1.0,2.2535941624001037,3.6261683212354225,5.506244296751282,89.5544434224352,0.000805696749758875,0.03073570927366097,0.9684585939765802
388.2094714228841,257.0,1.0,3.058797586831187,5.119474366605369,0.6521197155279531,89.5544434224352,0.0008059779966318624,0.043286376786947175,0.9559076452164209
1789.8112351306384,257.0,1.0,3.0582551289909015,5.1150959681776085,2449.6763763215304,2094.6613446810643,0.0008061076865003372,0.04678138584797788,0.9524125064655217
1855.0681036611413,257.0,1.0,3.0582551289909015,5.1150959681776085,36.506881053379345,282.97130235278007,0.0008061076865003372,0.04678138584797788,0.9524125064655217
6688.800566361618,257.0,1.0,3.058797586831187,5.119474366605369,9130.58275578588,8198.195267399435,0.0008059779966318624,0.043286376786947175,0.9559076452164209
6685.614792295633,219.0,1.0,2.2535941624001037,3.6261683212354225,9390.579360008509,8198.195267399435,0.000805696749758875,0.03073570927366097,0.9684585939765802
6689.744001831867,257.0,1.0,3.0582551289909015,5.1150959681776085,9130.316581175663,8198.195267399435,0.0008061076865003372,0.04678138584797788,0.9524125064655217
1272.1969116040093,207.0,1.0,2.0083808662256435,3.106853950623427,3117.5093851360257,2049.9152132792738,0.0008066814784291591,0.040205592892754646,0.958987725628816
649.8610496503153,207.0,1.0,2.0083808662256435,3.106853950623427,1544.395674591648,982.1726960781393,0.0008066814784291591,0.040205592892754646,0.958987725628816
948.6073530490994,207.0,1.0,2.0083808662256435,3.106853950623427,101.97465533646638,46.70470701314722,0.0008066814784291591,0.040205592892754646,0.958987725628816
1272.155452008487,207.0,1.0,2.0084302993282717,3.1071589499983534,3117.529149710962,2049.9152132792738,0.0008066588321037927,0.039812722645419144,0.959380618522477
1273.880015526779,234.0,1.0,2.7516963008650364,3.9979338360880066,2972.614688683987,2049.9152132792738,0.0008067356687445898,0.058463578487459505,0.9407296858437959
936.7285695507247,234.0,1.0,2.7517763157654485,3.998371692202824,92.78893431771175,46.70470701314722,0.0008067123360943636,0.05789774187507982,0.9412955457888258
650.2338721650518,234.0,1.0,2.7517763157654485,3.998371692202824,1512.8550752897422,982.1726960781393,0.0008067123360943636,0.05789774187507982,0.9412955457888258
347.29337641869813,234.0,1.0,2.7516963008650364,3.9979338360880066,46.636727684661714,19.653186409428454,0.0008067356687445898,0.058463578487459505,0.9407296858437959
350.1161957501365,207.0,1.0,2.0084302993282717,3.1071589499983534,50.13074899067373,19.653186409428454,0.0008066588321037927,0.039812722645419144,0.959380618522477
347.39149327547875,234.0,1.0,2.7517763157654485,3.998371692202824,46.64912263740558,19.653186409428454,0.0008067123360943636,0.05789774187507982,0.9412955457888258
1745.1364114398277,191.0,1.0,2.0163522229715385,3.209645352005762,147.82553809181925,51.52159876602969,0.0008057114063396325,0.03576261449823923,0.9634316740954211
229.86407725236378,191.0,1.0,2.0163522229715385,3.209645352005762,34.62816580348035,4.599215396711925,0.0008057114063396325,0.03576261449823923,0.9634316740954211
1737.3429149717958,191.0,1.0,2.0163522229715385,3.209645352005762,12.980327064081896,252.99704225804678,0.0008057114063396325,0.03576261449823923,0.9634316740954211
1745.7234558875602,191.0,1.0,2.0163973353284366,3.2099678373120515,147.89816457193626,51.52159876602969,0.0008056939655029904,0.03528380920267725,0.9639104968318197
1699.1961909694692,239.0,1.0,2.781844688912676,5.5983109423314925,116.98172348919827,51.52159876602969,0.0008074843009843805,0.07463084295072095,0.9245616727482946
1714.1584050393235,239.0,1.0,2.7819920642788976,5.599798645378355,48.63357013122481,252.99704225804678,0.0008074424556929892,0.0736682322916363,0.9255243252526708
227.38958197781434,239.0,1.0,2.7819920642788976,5.599798645378355,29.621247819031005,4.599215396711925,0.0008074424556929892,0.0736682322916363,0.9255243252526708
285.7812864276974,239.0,1.0,2.781844688912676,5.5983109423314925,2.750242952413548,67.2505777360275,0.0008074843009843805,0.07463084295072095,0.9245616727482946
287.3437811465787,191.0,1.0,2.0163973353284366,3.2099678373120515,6.773316925506676,67.2505777360275,0.0008056939655029904,0.03528380920267725,0.9639104968318197
285.8215068509104,239.0,1.0,2.7819920642788976,5.599798645378355,2.722351210335594,67.2505777360275,0.0008074424556929892,0.0736682322916363,0.9255243252526708
60.00942120595511,214.0,1.0,2.3093763834442322,3.660273201612124,16864.67527401906,403.44775351643733,0.0008060759457924476,0.05277578111267128,0.9464181429415364
117.21327788019765,214.0,1.0,2.3093763834442322,3.660273201612124,26083.809239602095,1006.3248260363537,0.0008060759457924476,0.05277578111267128,0.9464181429415364
89.34358221053351,214.0,1.0,2.3093763834442322,3.660273201612124,3467.6113449663276,354.30884126328476,0.0008060759457924476,0.05277578111267128,0.9464181429415364
60.01725763843785,214.0,1.0,2.3091789946076555,3.6581974754105926,16862.624299030704,403.44775351643733,0.0008061467796441723,0.0549671693197147,0.9442266839006411
60.21324231225915,240.0,1.0,3.1726511256455723,5.688802955822343,12482.534428914578,403.44775351643733,0.0008079161275687931,0.1083603560113919,0.8908317278610394
89.69689633016242,240.0,1.0,3.172070739877883,5.682686175531538,2831.0538493017825,354.30884126328476,0.0008080658055163656,0.11255388231933224,0.8866380518751513
117.9555154748872,240.0,1.0,3.172070739877883,5.682686175531538,18608.463451165473,1006.3248260363537,0.0008080658055163656,0.11255388231933224,0.8866380518751513
174.68113050983337,240.0,1.0,3.1726511256455723,5.688802955822343,4886.825190501068,828.8727615901096,0.0008079161275687931,0.1083603560113919,0.8908317278610394
173.50892579391018,214.0,1.0,2.3091789946076555,3.6581974754105926,6141.420838319289,828.8727615901096,0.0008061467796441723,0.0549671693197147,0.9442266839006411
174.7830162773628,240.0,1.0,3.172070739877883,5.682686175531538,4885.954902885611,828.8727615901096,0.0008080658055163656,0.11255388231933224,0.8866380518751513
240.28636186246044,222.0,1.0,2.288723251505048,3.626041293165256,34.08218565898454,15.41585706224402,0.0008064212964274934,0.04994677483755366,0.9492468038660189
855.4093346586906,222.0,1.0,2.288723251505048,3.626041293165256,81.2662380980525,44.225862652034564,0.0008064212964274934,0.04994677483755366,0.9492468038660189
153.9702336508475,222.0,1.0,2.288723251505048,3.626041293165256,1632.273697600888,433.6660163666443,0.0008064212964274934,0.04994677483755366,0.9492468038660189
241.58613677101306,222.0,1.0,2.2905566341711014,3.6384144512536207,34.669126229433715,15.41585706224402,0.0008058715674558324,0.03649493466965434,0.9626991937628898
241.81376784963933,210.0,1.0,2.0622003248426553,2.630454186640072,38.94869238875276,15.41585706224402,0.0008058954539149494,0.03050686096140658,0.9686872435846784
153.6693377162679,210.0,1.0,2.063004474360132,2.6339541980622063,1802.5611868120466,433.6660163666443,0.0008054955196237234,0.022299313679731918,0.9768951908006442
871.4833818515971,210.0,1.0,2.063004474360132,2.6339541980622063,95.05739427370864,44.225862652034564,0.0008054955196237234,0.022299313679731918,0.9768951908006442
336.98952457168144,210.0,1.0,2.0622003248426553,2.630454186640072,4115.686386152755,1151.8827117171645,0.0008058954539149494,0.03050686096140658,0.9686872435846784
337.17281267793567,222.0,1.0,2.2905566341711014,3.6384144512536207,3799.7511285363544,1151.8827117171645,0.0008058715674558324,0.03649493466965434,0.9626991937628898
336.53826732577244,210.0,1.0,2.063004474360132,2.6339541980622063,4116.531842969952,1151.8827117171645,0.0008054955196237234,0.022299313679731918,0.9768951908006442
270.64778420023276,220.0,1.0,2.193865782396178,3.5653242434705072,6863.777599084781,1337.2049240440674,0.000805304255917378,0.01992233539729529,0.9792723603467874
97.77285161171623,220.0,1.0,2.193865782396178,3.5653242434705072,2501.852013940549,355.3708100692653,0.000805304255917378,0.01992233539729529,0.9792723603467874
966.7140900369575,220.0,1.0,2.193865782396178,3.5653242434705072,85.88262739685558,21.203828271435803,0.000805304255917378,0.01992233539729529,0.9792723603467874
272.53106646688127,220.0,1.0,2.1881468180125183,3.528062052041454,6839.135323699884,1337.2049240440674,0.0008070912576868223,0.05893111431244378,0.9402617944298692
271.07867419701466,220.0,1.0,2.318648674679951,4.2438570553972506,6634.642929955309,1337.2049240440674,0.0008056493814808399,0.029983496281474814,0.9692108543370443
929.0013056369163,220.0,1.0,2.310773168776089,4.179783474714537,96.62297752259393,21.203828271435803,0.0008080909958257671,0.08613942701020995,0.9130524819939642
98.30658150596516,220.0,1.0,2.310773168776089,4.179783474714537,2538.868270631097,355.3708100692653,0.0008080909958257671,0.08613942701020995,0.9130524819939642
195.86223950846158,220.0,1.0,2.318648674679951,4.2438570553972506,30.971746945987896,2.762783146139597,0.0008056493814808399,0.029983496281474814,0.9692108543370443
194.18243358839015,220.0,1.0,2.1881468180125183,3.528062052041454,24.938916484125148,2.762783146139597,0.0008070912576868223,0.05893111431244378,0.9402617944298692
192.8061374387948,220.0,1.0,2.310773168776089,4.179783474714537,30.899064751246883,2.762783146139597,0.0008080909958257671,0.08613942701020995,0.9130524819939642
19468.286375541677,242.0,1.0,2.8475749357079767,4.827046758468729,18575.664820169695,18980.275122392683,0.0008080279806586319,0.09852528146629591,0.9006666905530454
15985.507998467518,242.0,1.0,2.8475749357079767,4.827046758468729,15251.92580397038,15599.920708497679,0.0008080279806586319,0.09852528146629591,0.9006666905530454
62733.63098634887,242.0,1.0,2.8475749357079767,4.827046758468729,61833.284198985435,62245.199361638,0.0008080279806586319,0.09852528146629591,0.9006666905530454
19472.912284682752,243.0,1.0,2.856874810778713,4.903537792004501,18573.07649776213,18980.275122392683,0.0008056972591201862,0.0366109094241302,0.9625833933167497
19470.847237262562,211.0,1.0,2.16551490101957,3.6326541349358346,18517.23330245295,18980.275122392683,0.0008063652524094463,0.06551788573838382,0.9336757490092069
62739.11368126585,212.0,1.0,2.1702859991677284,3.67248498263825,61771.63536502508,62245.199361638,0.0008051104150324284,0.023833748875387608,0.9753611407095799
15989.41783573773,212.0,1.0,2.1702859991677284,3.67248498263825,15206.989728948589,15599.920708497679,0.0008051104150324284,0.023833748875387608,0.9753611407095799
51535.13685916462,211.0,1.0,2.16551490101957,3.6326541349358346,50749.00526902439,51147.36197551011,0.0008063652524094463,0.06551788573838382,0.9336757490092069
51536.53896846677,243.0,1.0,2.856874810778713,4.903537792004501,50790.58143495493,51147.36197551011,0.0008056972591201862,0.0366109094241302,0.9625833933167497
51537.18719194334,212.0,1.0,2.1702859991677284,3.67248498263825,50746.89894703534,51147.36197551011,0.0008051104150324284,0.023833748875387608,0.9753611407095799
377.9908920789641,216.0,1.0,2.2542922842201576,4.185003619023505,1924.2224378663336,814.8439195714137,0.0008054370070177106,0.037009334092083866,0.9621852289008985
679.3385023744349,216.0,1.0,2.2542922842201576,4.185003619023505,3508.202657259202,1630.4458056819235,0.0008054370070177106,0.037009334092083866,0.9621852289008985
127.1144367524623,216.0,1.0,2.2542922842201576,4.185003619023505,9966.242996944085,719.1447460409447,0.0008054370070177106,0.037009334092083866,0.9621852289008985
378.73212724754114,216.0,1.0,2.251568600937147,4.160927786791233,1920.160330433159,814.8439195714137,0.0008061323956047796,0.06132276254253702,0.9378711050618582
377.43513111779464,200.0,0.0,1.9862829862026212,2.8186972883196098,2169.0843218768564,814.8439195714137,0.0008047255987317395,0.018727258513322853,0.9804680158879452
127.0059072443473,200.0,0.0,1.985402576878418,2.8125593190977036,13555.750954718089,719.1447460409447,0.0008049331451014711,0.031548956171664984,0.9676461106832335
678.9066294302675,200.0,0.0,1.985402576878418,2.8125593190977036,3838.072568083875,1630.4458056819235,0.0008049331451014711,0.031548956171664984,0.9676461106832335
221.5886279024632,200.0,0.0,1.9862829862026212,2.8186972883196098,20375.595911722317,1595.013380997782,0.0008047255987317395,0.018727258513322853,0.9804680158879452
223.05231385563067,216.0,1.0,2.251568600937147,4.160927786791233,15718.952907652043,1595.013380997782,0.0008061323956047796,0.06132276254253702,0.9378711050618582
222.00489213315726,200.0,0.0,1.985402576878418,2.8125593190977036,20319.09695632956,1595.013380997782,0.0008049331451014711,0.031548956171664984,0.9676461106832335
352.12438593327994,248.0,1.0,3.3117462722144766,7.479894235101126,25.699951615551363,10.287211773730446,0.0008098149729425595,0.15967565126758357,0.8395145337594738
281.3184681297904,248.0,1.0,3.3117462722144766,7.479894235101126,28.253777695586734,9.324693036607075,0.0008098149729425595,0.15967565126758357,0.8395145337594738
167.514608754407,248.0,1.0,3.3117462722144766,7.479894235101126,2544.3709932701845,578.204236790059,0.0008098149729425595,0.15967565126758357,0.8395145337594738
360.79464073277404,248.0,1.0,3.3222841192062664,7.6163602414771345,27.53323372415173,10.287211773730446,0.0008071041479003704,0.08532734979342599,0.9138655460586738
360.69180895270625,225.0,1.0,2.3286395734912384,3.6750064500662143,43.48941435128732,10.287211773730446,0.0008073283510913698,0.07084813792538373,0.928344533723525
165.647901589046,225.0,1.0,2.33376367168648,3.699990825957694,2868.9930060512947,578.204236790059,0.0008058697597757155,0.036181875591304,0.9630122546489203
290.07545530967934,225.0,1.0,2.33376367168648,3.699990825957694,36.79554122349264,9.324693036607075,0.0008058697597757155,0.036181875591304,0.9630122546489203
142.888470010902,225.0,1.0,2.3286395734912384,3.6750064500662143,2439.2382735905717,478.9508509235381,0.0008073283510913698,0.07084813792538373,0.928344533723525
142.81041922798664,248.0,1.0,3.3222841192062664,7.6163602414771345,2247.4646605598605,478.9508509235381,0.0008071041479003704,0.08532734979342599,0.9138655460586738
142.3870593905188,225.0,1.0,2.33376367168648,3.699990825957694,2465.2159584733076,478.9508509235381,0.0008058697597757155,0.036181875591304,0.9630122546489203
124.14443939595178,234.0,1.0,2.607770041955951,4.668077948647696,11948.425112014042,877.7828876375423,0.0008063294137556387,0.052688056630401645,0.9465056139558428
326.8039484140412,234.0,1.0,2.607770041955951,4.668077948647696,24568.017104539656,3611.3799700159666,0.0008063294137556387,0.052688056630401645,0.9465056139558428
722.4645622894363,234.0,1.0,2.607770041955951,4.668077948647696,88.41651756945782,264.78899080087376,0.0008063294137556387,0.052688056630401645,0.9465056139558428
124.72239063080296,234.0,1.0,2.6023984779072,4.622999018734099,11918.725662688836,877.7828876375423,0.0008078353890315124,0.09134477443158107,0.9078473901793875
124.10261476955975,233.0,1.0,2.6975181481470383,4.096457717470104,11927.686389357561,877.7828876375423,0.0008063299633033366,0.043701175107646026,0.9554924949290506
719.1103179730941,233.0,1.0,2.692711091872628,4.0621387037888175,100.39697912169608,264.78899080087376,0.0008078499945962973,0.07665093247639738,0.9225412175290062
328.5315016122305,233.0,1.0,2.692711091872628,4.0621387037888175,31508.9033425347,3611.3799700159666,0.0008078499945962973,0.07665093247639738,0.9225412175290062
2422.6796639165195,233.0,1.0,2.6975181481470383,4.096457717470104,281.40663493115017,714.3366874395037,0.0008063299633033366,0.043701175107646026,0.9554924949290506
2393.416655816687,234.0,1.0,2.6023984779072,4.622999018734099,311.2795418473288,714.3366874395037,0.0008078353890315124,0.09134477443158107,0.9078473901793875
2401.900166837626,233.0,1.0,2.692711091872628,4.0621387037888175,283.12819223381337,714.3366874395037,0.0008078499945962973,0.07665093247639738,0.9225412175290062
1518.119712447825,248.0,1.0,3.2808051539069463,7.368738050102048,352.9860687702825,416.93586471320884,0.000808544649270917,0.12600354411897485,0.8731879112317543
636.4317926614776,248.0,1.0,3.2808051539069463,7.368738050102048,89.02406514356713,207.25443756056836,0.000808544649270917,0.12600354411897485,0.8731879112317543
1487.7592323563658,248.0,1.0,3.2808051539069463,7.368738050102048,70.38496120830837,93.99429631915834,0.000808544649270917,0.12600354411897485,0.8731879112317543
1549.3428680570134,248.0,1.0,3.2919172712096194,7.502739565614831,339.59315516537515,416.93586471320884,0.0008058317188952303,0.04619112360533612,0.9530030446757686
1524.0651177810191,240.0,1.0,3.1401696057594743,5.614835475749335,152.56105332850723,416.93586471320884,0.0008084137318391002,0.10754332033201397,0.891648265936147
1610.1295686416317,240.0,1.0,3.1512502770869695,5.7158757934212945,137.45137643532308,93.99429631915834,0.0008057918121181778,0.039036589434037074,0.9601576187538446
644.7071248208244,240.0,1.0,3.1512502770869695,5.7158757934212945,57.51216815061636,207.25443756056836,0.0008057918121181778,0.039036589434037074,0.9601576187538446
519.2600237504114,240.0,1.0,3.1401696057594743,5.614835475749335,64.10239442349395,38.966240911122625,0.0008084137318391002,0.10754332033201397,0.891648265936147
542.6177930505216,248.0,1.0,3.2919172712096194,7.502739565614831,46.3032580625442,38.966240911122625,0.0008058317188952303,0.04619112360533612,0.9530030446757686
543.7545548760546,240.0,1.0,3.1512502770869695,5.7158757934212945,64.71818261690697,38.966240911122625,0.0008057918121181778,0.039036589434037074,0.9601576187538446
1444.5028819749139,205.0,1.0,2.0491033858027654,3.698285680770442,2026.5779388308815,1693.684307847992,0.0008049654741522607,0.01911761198454583,0.9800774225413018
1491.1858328645437,205.0,1.0,2.0491033858027654,3.698285680770442,2092.7021561466413,1750.0027644655167,0.0008049654741522607,0.01911761198454583,0.9800774225413018
435.70013284485543,205.0,1.0,2.0491033858027654,3.698285680770442,1205.3314460785984,694.0547815567145,0.0008049654741522607,0.01911761198454583,0.9800774225413018
1445.0769765102057,204.0,1.0,2.0466225981183084,3.673645910239476,2023.2657562640052,1693.684307847992,0.0008058470319493078,0.04962789314182908,0.9495662598262217
1444.6315664321633,220.0,1.0,2.315611732459216,3.864739659913195,2025.3387707376955,1693.684307847992,0.0008052404540092469,0.021979544947726953,0.9772152145982638
436.45790138032424,220.0,1.0,2.311834886166423,3.831146259467725,1196.0317804706176,694.0547815567145,0.0008065721677731669,0.056607656882949046,0.9425857709492776
1492.1530432447576,220.0,1.0,2.311834886166423,3.831146259467725,2088.9926945855395,1750.0027644655167,0.0008065721677731669,0.056607656882949046,0.9425857709492776
449.31664403904455,220.0,1.0,2.315611732459216,3.864739659913195,1237.1683566206495,717.4227513209096,0.0008052404540092469,0.021979544947726953,0.9772152145982638
449.7073004208022,204.0,1.0,2.0466225981183084,3.673645910239476,1238.6343467102195,717.4227513209096,0.0008058470319493078,0.04962789314182908,0.9495662598262217
450.0059381117746,220.0,1.0,2.311834886166423,3.831146259467725,1233.5464732254668,717.4227513209096,0.0008065721677731669,0.056607656882949046,0.9425857709492776
533.7509432965229,231.0,1.0,2.3881370617299167,3.1453886058148024,190.51944872153467,322.34017261734357,0.0008065602713430242,0.03483595969226466,0.9643574800363925
547.1765354986984,231.0,1.0,2.3881370617299167,3.1453886058148024,194.99336347782594,329.8139176364054,0.0008065602713430242,0.03483595969226466,0.9643574800363925
70.49549338998986,231.0,1.0,2.3881370617299167,3.1453886058148024,8450.566648265189,424.009788220931,0.0008065602713430242,0.03483595969226466,0.9643574800363925
534.2239769514613,231.0,1.0,2.390043216492924,3.152321262829581,189.2271344287925,322.34017261734357,0.0008057790442448287,0.022182044621512135,0.977012176334243
533.403130603482,244.0,1.0,2.9284638473570337,5.843583569685384,183.80214456219917,322.34017261734357,0.0008068270695111321,0.07082544244643697,0.9283677304840519
70.41254681405432,244.0,1.0,2.93191545882716,5.881513206678674,8697.85385850322,424.009788220931,0.000805950808099939,0.04592804150727205,0.9532660076846282
547.4269103816625,244.0,1.0,2.93191545882716,5.881513206678674,188.1435696203955,329.8139176364054,0.000805950808099939,0.04592804150727205,0.9532660076846282
71.98579124796008,244.0,1.0,2.9284638473570337,5.843583569685384,8799.970233525391,434.8823506753301,0.0008068270695111321,0.07082544244643697,0.9283677304840519
71.82747163103133,231.0,1.0,2.390043216492924,3.152321262829581,8623.603924260158,434.8823506753301,0.0008057790442448287,0.022182044621512135,0.977012176334243
71.85638046065903,244.0,1.0,2.93191545882716,5.881513206678674,8810.696475587676,434.8823506753301,0.000805950808099939,0.04592804150727205,0.9532660076846282
669.2177190362124,228.0,1.0,2.4038070597492687,4.016694761958881,7366.46074078078,2616.118087654571,0.0008076207457206987,0.0721036936536477,0.9270886856006317
331.1942004140365,228.0,1.0,2.4038070597492687,4.016694761958881,3439.413494167101,1077.5929723086351,0.0008076207457206987,0.0721036936536477,0.9270886856006317
3788.0933605422724,228.0,1.0,2.4038070597492687,4.016694761958881,1555.5622986796561,2205.1761312421377,0.0008076207457206987,0.0721036936536477,0.9270886856006317
666.6724386785322,228.0,1.0,2.406185492273914,4.033094776391122,7337.031428909008,2616.118087654571,0.0008068263252187856,0.0548497541574684,0.9443434195173127
664.7468065675693,189.0,0.0,1.893795914589104,2.78125480345237,7976.487826373009,2616.118087654571,0.0008059825085373015,0.04156745226985384,0.9576265652216088
3806.0984904866077,189.0,0.0,1.894739557711659,2.7869823190777367,1466.1196638032495,2205.1761312421377,0.0008056008640487227,0.03158320563833764,0.9676111934976135
329.13133482541247,189.0,0.0,1.894739557711659,2.7869823190777367,3705.085976820661,1077.5929723086351,0.0008056008640487227,0.03158320563833764,0.9676111934976135
1672.9693850588146,189.0,0.0,1.893795914589104,2.78125480345237,668.1058221080657,1040.9454863431886,0.0008059825085373015,0.04156745226985384,0.9576265652216088
1671.0876762987473,228.0,1.0,2.406185492273914,4.033094776391122,714.1438449904347,1040.9454863431886,0.0008068263252187856,0.0548497541574684,0.9443434195173127
1674.3347683240127,189.0,0.0,1.894739557711659,2.7869823190777367,667.9496269075536,1040.9454863431886,0.0008056008640487227,0.03158320563833764,0.9676111934976135
801.2702892293116,223.0,1.0,2.3462103104499707,4.167882522362966,82.60920460518047,55.98909196557048,0.000805503616273108,0.03607699120588461,0.9631175051778423
1516.9931447915856,223.0,1.0,2.3462103104499707,4.167882522362966,130.6597012189607,92.87545830090315,0.000805503616273108,0.03607699120588461,0.9631175051778423
667.0982120782901,223.0,1.0,2.3462103104499707,4.167882522362966,59.78167993070484,26.426588752101882,0.000805503616273108,0.03607699120588461,0.9631175051778423
795.2870741702061,223.0,1.0,2.345305488608139,4.158842912325001,82.36197673388857,55.98909196557048,0.0008057978987048598,0.04562664404290277,0.9535675580583924
794.4611242902437,250.0,1.0,2.932664072073555,4.827625547419296,82.59671692281374,55.98909196557048,0.0008061229948452163,0.04626091124477491,0.95293296576038
660.7900381689092,250.0,1.0,2.9308005560754733,4.815708200792483,56.053225240667246,26.426588752101882,0.0008065853351910345,0.058317334120991424,0.9408760805438174
1485.4931996207706,250.0,1.0,2.9308005560754733,4.815708200792483,130.0858815956198,92.87545830090315,0.0008065853351910345,0.058317334120991424,0.9408760805438174
1168.5296204054966,250.0,1.0,2.932664072073555,4.827625547419296,86.36382497233464,30.774963171876365,0.0008061229948452163,0.04626091124477491,0.95293296576038
1169.0413318474166,223.0,1.0,2.345305488608139,4.158842912325001,92.65322008358658,30.774963171876365,0.0008057978987048598,0.04562664404290277,0.9535675580583924
1161.424283333874,250.0,1.0,2.9308005560754733,4.815708200792483,86.05845029665473,30.774963171876365,0.0008065853351910345,0.058317334120991424,0.9408760805438174
101.1890046379042,241.0,1.0,2.9245611413563677,5.356014378407754,5159.47895947181,515.4068042176426,0.0008069185239295193,0.07262649854906243,0.9265665829270078
111.77452342802785,241.0,1.0,2.9245611413563677,5.356014378407754,5559.50714736234,587.3560258770942,0.0008069185239295193,0.07262649854906243,0.9265665829270078
262.37025553701557,241.0,1.0,2.9245611413563677,5.356014378407754,1389.6136040729368,578.1675853906611,0.0008069185239295193,0.07262649854906243,0.9265665829270078
101.41193696550708,241.0,1.0,2.921247989813305,5.322026922373521,5133.022043512242,515.4068042176426,0.0008077763251423851,0.09555307454356451,0.9036391491312931
101.6100989443889,254.0,1.0,3.7889884732148245,7.194895454944413,4456.812555095464,515.4068042176426,0.0008086128609960972,0.11346415565141232,0.8857272314875917
263.9380407601438,254.0,1.0,3.7826053835457785,7.133434873364881,1251.3589212712704,578.1675853906611,0.0008100679874361962,0.1479026326438431,0.8512872993687206
112.7322784435727,254.0,1.0,3.7826053835457785,7.133434873364881,4768.977809011783,587.3560258770942,0.0008100679874361962,0.1479026326438431,0.8512872993687206
292.1618699544563,254.0,1.0,3.7889884732148245,7.194895454944413,1377.2070677340084,652.3110694670281,0.0008086128609960972,0.11346415565141232,0.8857272314875917
291.6963831565089,241.0,1.0,2.921247989813305,5.322026922373521,1534.1472249056578,652.3110694670281,0.0008077763251423851,0.09555307454356451,0.9036391491312931
293.0711241848678,254.0,1.0,3.7826053835457785,7.133434873364881,1376.1759448401297,652.3110694670281,0.0008100679874361962,0.1479026326438431,0.8512872993687206
522.617602256358,218.0,1.0,2.1581427109144764,3.7604138999317893,109.12460110044863,245.79689113228918,0.0008060291640150176,0.05655544923098739,0.9426385216049975
1213.685397611465,218.0,1.0,2.1581427109144764,3.7604138999317893,241.1097683636247,506.3124030933923,0.0008060291640150176,0.05655544923098739,0.9426385216049975
574.1404019493347,218.0,1.0,2.1581427109144764,3.7604138999317893,1408.7783674503198,869.1161200377869,0.0008060291640150176,0.05655544923098739,0.9426385216049975
523.2446633251883,218.0,1.0,2.159727608757576,3.771705260088199,107.8357672681612,245.79689113228918,0.0008055978850521843,0.04182336272651048,0.9573710393884374
520.4038168828507,248.0,1.0,2.8943899218535254,5.2718831474723435,105.69934616870576,245.79689113228918,0.0008084077449828101,0.09812445527766415,0.9010671369773531
574.7348780680121,248.0,1.0,2.898689277181799,5.305631398113197,1348.0907168212043,869.1161200377869,0.0008073476266582688,0.07359902906300574,0.9255936233103359
1210.415133885539,248.0,1.0,2.898689277181799,5.305631398113197,250.78502057855349,506.3124030933923,0.0008073476266582688,0.07359902906300574,0.9255936233103359
1185.6654534554355,248.0,1.0,2.8943899218535254,5.2718831474723435,2764.805991763385,1914.3757571658407,0.0008084077449828101,0.09812445527766415,0.9010671369773531
1180.3423792556782,218.0,1.0,2.159727608757576,3.771705260088199,2931.109224313561,1914.3757571658407,0.0008055978850521843,0.04182336272651048,0.9573710393884374
1183.3136392035403,248.0,1.0,2.898689277181799,5.305631398113197,2761.43193881219,1914.3757571658407,0.0008073476266582688,0.07359902906300574,0.9255936233103359
254.2029693504979,206.0,1.0,2.1526506791005624,3.6650794835106364,3956.854294032526,946.9221988791041,0.0008060631796686264,0.04042737834490165,0.9587665584754296
119.1885627356271,206.0,1.0,2.1526506791005624,3.6650794835106364,1772.9311553695786,367.86803940294476,0.0008060631796686264,0.04042737834490165,0.9587665584754296
728.9130297976924,206.0,1.0,2.1526506791005624,3.6650794835106364,80.7394666262936,47.07813767181112,0.0008060631796686264,0.04042737834490165,0.9587665584754296
254.9148631870598,205.0,1.0,2.1506217825398104,3.647919220636058,3957.223219712276,946.9221988791041,0.000806875276008501,0.059656598313005904,0.9395365264109855
253.80503552173946,199.0,0.0,1.8397728337158707,3.3277175067796416,4644.114127637291,946.9221988791041,0.000805197451228546,0.03351759999231245,0.965677202556459
724.5638516022634,198.0,0.0,1.8383387375113145,3.313869084449378,78.97910700822405,47.07813767181112,0.0008055818493775602,0.049663781013333706,0.9495306371372886
119.11120146183563,198.0,0.0,1.8383387375113145,3.313869084449378,2391.388879788135,367.86803940294476,0.0008055818493775602,0.049663781013333706,0.9495306371372886
202.107222510188,199.0,0.0,1.8397728337158707,3.3277175067796416,33.55549205599357,18.156245177147113,0.000805197451228546,0.03351759999231245,0.965677202556459
199.60754930167985,205.0,1.0,2.1506217825398104,3.647919220636058,33.964732130364816,18.156245177147113,0.000806875276008501,0.059656598313005904,0.9395365264109855
201.06658889501034,198.0,0.0,1.8383387375113145,3.313869084449378,33.30709809184367,18.156245177147113,0.0008055818493775602,0.049663781013333706,0.9495306371372886
2398.1793726989463,230.0,1.0,2.4170679122727035,4.439182174582838,182.40922618213443,136.1492805526586,0.000806569836357097,0.06217075350380629,0.9370226766598366
441.29065222215917,230.0,1.0,2.4170679122727035,4.439182174582838,53.64165337834491,33.38330826836319,0.000806569836357097,0.06217075350380629,0.9370226766598366
2250.840618699047,230.0,1.0,2.4170679122727035,4.439182174582838,241.3932222850474,587.2252052702861,0.000806569836357097,0.06217075350380629,0.9370226766598366
2454.541273071133,230.0,1.0,2.419668107399655,4.462295108709152,185.60550897814247,136.1492805526586,0.0008057299425845559,0.038514491287417414,0.960679778769998
2461.0704977292257,199.0,0.0,1.9000937702135867,2.910480746453613,198.6560858116042,136.1492805526586,0.0008059031982406896,0.035307997031147814,0.9638860997706115
2275.4959867207863,199.0,0.0,1.901568599927228,2.918223238772933,157.27014115145107,587.2252052702861,0.0008053281807008441,0.0216860908033651,0.9775085810159339
451.25997208012933,199.0,0.0,1.901568599927228,2.918223238772933,57.62937000028456,33.38330826836319,0.0008053281807008441,0.0216860908033651,0.9775085810159339
563.9604164140916,199.0,0.0,1.9000937702135867,2.910480746453613,46.56842759075472,191.98397554259137,0.0008059031982406896,0.035307997031147814,0.9638860997706115
564.065250491748,230.0,1.0,2.419668107399655,4.462295108709152,62.321441927944505,191.98397554259137,0.0008057299425845559,0.038514491287417414,0.960679778769998
565.1518947949507,199.0,0.0,1.901568599927228,2.918223238772933,45.901134470396244,191.98397554259137,0.0008053281807008441,0.0216860908033651,0.9775085810159339
89.66862771707059,219.0,1.0,2.2554773608920122,3.753956811055656,4729.407584789971,397.2593600327123,0.0008050913395161667,0.02299238722672625,0.9762025214337577
235.1301261659542,219.0,1.0,2.2554773608920122,3.753956811055656,10127.502315862346,1462.382037998248,0.0008050913395161667,0.02299238722672625,0.9762025214337577
115.65450418231508,219.0,1.0,2.2554773608920122,3.753956811055656,2582.3627210925574,393.83015520521684,0.0008050913395161667,0.02299238722672625,0.9762025214337577
89.79652086467449,219.0,1.0,2.253404039209064,3.733368549372765,4676.406783922567,397.2593600327123,0.0008057422794075067,0.0449617280482903,0.9542325296723021
89.83287455005991,242.0,1.0,2.803730015465967,6.041363909246806,3950.5739499493625,397.2593600327123,0.0008059717208809639,0.047507492744398416,0.9516865355347207
116.22673150859693,242.0,1.0,2.7976814936208436,5.980199952849187,2235.0877449998534,393.83015520521684,0.0008075058281227055,0.0913275611299723,0.9078649330419051
237.73562213820338,242.0,1.0,2.7976814936208436,5.980199952849187,8438.751059546563,1462.382037998248,0.0008075058281227055,0.0913275611299723,0.9078649330419051
306.2761468260376,242.0,1.0,2.803730015465967,6.041363909246806,5245.315857790815,1381.7125452217927,0.0008059717208809639,0.047507492744398416,0.9516865355347207
306.1523223823345,219.0,1.0,2.253404039209064,3.733368549372765,6024.901631548269,1381.7125452217927,0.0008057422794075067,0.0449617280482903,0.9542325296723021
308.5571060287348,242.0,1.0,2.7976814936208436,5.980199952849187,5242.599726754228,1381.7125452217927,0.0008075058281227055,0.0913275611299723,0.9078649330419051
272.13165045201015,211.0,1.0,2.0401386241907153,3.561829957203764,30.54119809962099,21.88684726642661,0.0008054788136067817,0.030578451039082234,0.968616070147311
1482.715101197358,211.0,1.0,2.0401386241907153,3.561829957203764,114.4460952032804,50.15349490880927,0.0008054788136067817,0.030578451039082234,0.968616070147311
273.6952822039338,211.0,1.0,2.0401386241907153,3.561829957203764,1336.1044795715975,545.4571681283398,0.0008054788136067817,0.030578451039082234,0.968616070147311
272.63997746483733,212.0,1.0,2.0410620139040128,3.5692587861898617,30.636661392585346,21.88684726642661,0.0008051776928931698,0.021894823524930954,0.9772999987821758
270.47851468952837,239.0,1.0,3.07236314605051,6.363798124792854,28.52524346127462,21.88684726642661,0.0008064241225549757,0.06507567585607782,0.9341179000213672
273.8652051209566,239.0,1.0,3.0743960691725496,6.390522175907689,1229.8224225224317,545.4571681283398,0.0008058497880389847,0.04705441612906994,0.9521397340828912
1471.5912298891787,239.0,1.0,3.0743960691725496,6.390522175907689,33.42922075542515,50.15349490880927,0.0008058497880389847,0.04705441612906994,0.9521397340828912
948.3517331723551,239.0,1.0,3.07236314605051,6.363798124792854,3760.8477565893636,2314.6224354729557,0.0008064241225549757,0.06507567585607782,0.9341179000213672
942.6519409191365,212.0,1.0,2.0410620139040128,3.5692587861898617,4719.51461213956,2314.6224354729557,0.0008051776928931698,0.021894823524930954,0.9772999987821758
945.8574612225606,239.0,1.0,3.0743960691725496,6.390522175907689,3761.434826844171,2314.6224354729557,0.0008058497880389847,0.04705441612906994,0.9521397340828912
260.02655243579,251.0,1.0,3.0370955924651417,6.056217746051982,13191.796310399519,2213.4899095021447,0.000809244715318698,0.13054561690632993,0.8686451383783513
96.63481582389163,251.0,1.0,3.0370955924651417,6.056217746051982,6957.252363967405,544.4573875820695,0.000809244715318698,0.13054561690632993,0.8686451383783513
1281.2014670242584,251.0,1.0,3.0370955924651417,6.056217746051982,10.154873683547521,60.350358416339574,0.000809244715318698,0.13054561690632993,0.8686451383783513
258.6677924368666,251.0,1.0,3.0415030247534105,6.0992485348274,13128.592539001329,2213.4899095021447,0.0008081547500753231,0.10369676823660823,0.8954950770133163
257.8553579343473,245.0,1.0,2.7683969880829786,3.875002844616507,16577.140283561217,2213.4899095021447,0.0008079541084538831,0.07819532542016212,0.9209967204713841
1324.4574661944116,245.0,1.0,2.771282049275219,3.8895504430329697,83.07897330503192,60.350358416339574,0.0008071572101122008,0.06137375873501894,0.9378190840548687
96.12266795112563,245.0,1.0,2.771282049275219,3.8895504430329697,8668.06429588938,544.4573875820695,0.0008071572101122008,0.06137375873501894,0.9378190840548687
325.31115732880704,245.0,1.0,2.7683969880829786,3.875002844616507,30.58165448700091,28.763453360213205,0.0008079541084538831,0.07819532542016212,0.9209967204713841
324.5115425531329,251.0,1.0,3.0415030247534105,6.0992485348274,28.236857592783956,28.763453360213205,0.0008081547500753231,0.10369676823660823,0.8954950770133163
326.9072982391575,245.0,1.0,2.771282049275219,3.8895504430329697,30.77525325694717,28.763453360213205,0.0008071572101122008,0.06137375873501894,0.9378190840548687
594.7501006564423,253.0,1.0,3.254890076452451,6.091860009050971,21.82763951279866,141.0320456856337,0.0008059938097834138,0.04595080173603905,0.9532432044541777
323.17823772317007,253.0,1.0,3.254890076452451,6.091860009050971,4.826052001371859,87.38826076215547,0.0008059938097834138,0.04595080173603905,0.9532432044541777
987.9608859183534,253.0,1.0,3.254890076452451,6.091860009050971,330.74003806310157,543.9818555684719,0.0008059938097834138,0.04595080173603905,0.9532432044541777
591.4940582820409,253.0,1.0,3.250499516950716,6.049537152303594,21.47057997895509,141.0320456856337,0.000806971650553556,0.07296345064261617,0.9262295777068303
597.4687815361434,222.0,1.0,2.3848473881364747,3.8533057217943414,6.578507295777035,141.0320456856337,0.0008052301373476104,0.022250560016527168,0.9769442098461251
988.7571458303075,222.0,1.0,2.3832382017501024,3.8389779371574364,305.84835108551147,543.9818555684719,0.0008057270609472155,0.03575106329077985,0.9634432096482728
323.5587825838488,222.0,1.0,2.3832382017501024,3.8389779371574364,1.3929286632023,87.38826076215547,0.0008057270609472155,0.03575106329077985,0.9634432096482728
565.7434809863148,222.0,1.0,2.3848473881364747,3.8533057217943414,175.02847308021194,328.9762052798097,0.0008052301373476104,0.022250560016527168,0.9769442098461251
564.2375250091843,253.0,1.0,3.250499516950716,6.049537152303594,182.57053560682894,328.9762052798097,0.000806971650553556,0.07296345064261617,0.9262295777068303
565.3397729082402,222.0,1.0,2.3832382017501024,3.8389779371574364,175.35519461465805,328.9762052798097,0.0008057270609472155,0.03575106329077985,0.9634432096482728
799.3138872682542,218.0,1.0,2.1658276764524262,3.065296255080589,1642.3825110018183,1139.3578982286097,0.0008062730902827646,0.04123369835876159,0.9579600285509556
1177.7212043196719,218.0,1.0,2.1658276764524262,3.065296255080589,2454.3416551927658,1730.5589564712968,0.0008062730902827646,0.04123369835876159,0.9579600285509556
92.32963502638316,218.0,1.0,2.1658276764524262,3.065296255080589,14993.477261549273,649.8658352487657,0.0008062730902827646,0.04123369835876159,0.9579600285509556
799.7270086255423,218.0,1.0,2.164381675598317,3.059729191252211,1641.1177296165224,1139.3578982286097,0.000806761344510703,0.05187957361530778,0.9473136650401816
799.3961986864994,227.0,1.0,2.3213997773503454,3.808152338086322,1654.6514427754216,1139.3578982286097,0.0008060714860704342,0.05401949068220256,0.9451744378317267
92.43214324648787,227.0,1.0,2.3196483170089635,3.796008896835696,17503.903947006005,649.8658352487657,0.0008065097504347395,0.06769760259851429,0.931495887651051
1179.0376460410237,227.0,1.0,2.3196483170089635,3.796008896835696,2457.231927591041,1730.5589564712968,0.0008065097504347395,0.06769760259851429,0.931495887651051
131.50745702223924,227.0,1.0,2.3213997773503454,3.808152338086322,22327.81188985031,1083.4493475674956,0.0008060714860704342,0.05401949068220256,0.9451744378317267
131.66189888321435,218.0,1.0,2.164381675598317,3.059729191252211,19946.53736508758,1083.4493475674956,0.000806761344510703,0.05187957361530778,0.9473136650401816
131.71965968673157,227.0,1.0,2.3196483170089635,3.796008896835696,22335.81278465725,1083.4493475674956,0.0008065097504347395,0.06769760259851429,0.931495887651051
446.22290775259745,217.0,1.0,2.2079945279812745,3.871688616409185,54.99373554895605,18.319015053507652,0.0008051412576015987,0.018882759892006787,0.9803120988503918
210.27335290257295,217.0,1.0,2.2079945279812745,3.871688616409185,32.0323067583867,9.665766125629014,0.0008051412576015987,0.018882759892006787,0.9803120988503918
143.12430355096095,217.0,1.0,2.2079945279812745,3.871688616409185,5239.532653166134,679.5856787775261,0.0008051412576015987,0.018882759892006787,0.9803120988503918
446.29311254960146,217.0,1.0,2.2080358058993403,3.8720193242752092,55.01822228850117,18.319015053507652,0.0008051282937997683,0.018540318873584725,0.9806545528326155
447.4668923875739,192.0,0.0,1.9431675210236652,3.2172635085795673,57.403519027774344,18.319015053507652,0.0008047900548853329,0.013324085735215685,0.985871124209899
143.0035088617719,192.0,0.0,1.9431842717823893,3.2174410832812494,6117.020190137088,679.5856787775261,0.0008047835659480608,0.013081383044371165,0.986113833389681
210.73223397037123,192.0,0.0,1.9431842717823893,3.2174410832812494,33.88093290392728,9.665766125629014,0.0008047835659480608,0.013081383044371165,0.986113833389681
90.56528127230291,192.0,0.0,1.9431675210236652,3.2172635085795673,4153.154298804819,378.78594634349014,0.0008047900548853329,0.013324085735215685,0.985871124209899
90.6232115239133,217.0,1.0,2.2080358058993403,3.8720193242752092,3416.0077725331844,378.78594634349014,0.0008051282937997683,0.018540318873584725,0.9806545528326155
90.56403105311489,192.0,0.0,1.9431842717823893,3.2174410832812494,4153.532339252767,378.78594634349014,0.0008047835659480608,0.013081383044371165,0.986113833389681
214.33804008240637,220.0,1.0,2.2382683289534056,3.8445266819179893,4170.699903213441,816.3516651721059,0.0008060822084396039,0.057201971045909156,0.9419919467456512
240.48689865242443,220.0,1.0,2.2382683289534056,3.8445266819179893,4636.638277042956,949.8484630993332,0.0008060822084396039,0.057201971045909156,0.9419919467456512
598.7282927707143,220.0,1.0,2.2382683289534056,3.8445266819179893,16.281805676052862,101.8145194195956,0.0008060822084396039,0.057201971045909156,0.9419919467456512
214.2566389358281,220.0,1.0,2.2385833064429166,3.847395120275647,4163.868951871337,816.3516651721059,0.000805987142883251,0.054062418017477604,0.945131594839639
217.2402837930978,250.0,1.0,4.081663017538835,9.549142701453592,2663.97512465218,816.3516651721059,0.00080958368552811,0.17283251219450146,0.8263579041199705
583.904317361236,250.0,1.0,4.082849281454975,9.567563801479457,95.88367171166999,101.8145194195956,0.0008092852596901767,0.16426826421931284,0.834922450520997
243.81154159693324,250.0,1.0,4.082849281454975,9.567563801479457,2878.069522249036,949.8484630993332,0.0008092852596901767,0.16426826421931284,0.834922450520997
680.3370662770658,250.0,1.0,4.081663017538835,9.549142701453592,136.0874062541331,113.85174220952759,0.00080958368552811,0.17283251219450146,0.8263579041199705
702.0036784535389,220.0,1.0,2.2385833064429166,3.847395120275647,17.874496700209487,113.85174220952759,0.000805987142883251,0.054062418017477604,0.945131594839639
682.0992260041321,250.0,1.0,4.082849281454975,9.567563801479457,134.82590665738746,113.85174220952759,0.0008092852596901767,0.16426826421931284,0.834922450520997
3283.4737820585074,201.0,0.0,1.93744026351154,3.228621400085084,1995.8023163601747,2458.060673484073,0.0008053326953307928,0.02677585173293393,0.9724188155717352
4439.558888646092,201.0,0.0,1.93744026351154,3.228621400085084,2679.8903944658177,3271.594402284166,0.0008053326953307928,0.02677585173293393,0.9724188155717352
1049.1184506717036,201.0,0.0,1.93744026351154,3.228621400085084,85.6938208662511,46.716589166890955,0.0008053326953307928,0.02677585173293393,0.9724188155717352
3283.8701042498656,201.0,0.0,1.937667140727737,3.2302917192488367,1994.823066751741,2458.060673484073,0.0008052539791497059,0.024452069014693257,0.9747426770061569
3280.7940396271993,235.0,1.0,2.4947542842782497,4.348773927522991,1995.111062571229,2458.060673484073,0.0008059549348151591,0.043015238076410785,0.9561788069887741
1040.6081363853573,235.0,1.0,2.49526262519108,4.352644180026111,99.51844838374895,46.716589166890955,0.0008058221921788567,0.03937222880590821,0.9598219490019128
4436.38256892623,235.0,1.0,2.49526262519108,4.352644180026111,2694.3965599998096,3271.594402284166,0.0008058221921788567,0.03937222880590821,0.9598219490019128
1512.9428769860576,235.0,1.0,2.4947542842782497,4.348773927522991,132.27707776028427,67.85099140107661,0.0008059549348151591,0.043015238076410785,0.9561788069887741
1533.470710174928,201.0,0.0,1.937667140727737,3.2302917192488367,113.55171514627027,67.85099140107661,0.0008052539791497059,0.024452069014693257,0.9747426770061569
1517.113291966721,235.0,1.0,2.49526262519108,4.352644180026111,132.60944998794736,67.85099140107661,0.0008058221921788567,0.03937222880590821,0.9598219490019128
204.41845143983065,237.0,1.0,2.916599160956925,5.099033792029618,1302.0858033379102,472.2050227565942,0.0008081695820022693,0.10497281237990083,0.8942190180380969
279.29365649890156,237.0,1.0,2.916599160956925,5.099033792029618,1762.9896233141187,679.2540519722277,0.0008081695820022693,0.10497281237990083,0.8942190180380969
2649.479936977507,237.0,1.0,2.916599160956925,5.099033792029618,3156.167220344894,2887.8823012242883,0.0008081695820022693,0.10497281237990083,0.8942190180380969
204.40669081950966,237.0,1.0,2.916704591346385,5.099904875862316,1302.1394947468434,472.2050227565942,0.0008081378049371323,0.10415954112435419,0.8950323210707087
203.8201449880242,215.0,1.0,2.2145501935864322,3.8978706554536475,1536.554438363677,472.2050227565942,0.0008063964982536942,0.0687803749785416,0.9304132285232048
2648.519968671267,215.0,1.0,2.214600257544338,3.8983909737605065,3209.113440874524,2887.8823012242883,0.0008063799906228744,0.06823624012891795,0.9309573798804591
278.22440798756924,215.0,1.0,2.214600257544338,3.8983909737605065,2048.9896891454114,679.2540519722277,0.0008063799906228744,0.06823624012891795,0.9309573798804591
3730.312923180446,215.0,1.0,2.2145501935864322,3.8978706554536475,4516.7853575431855,4090.432070597496,0.0008063964982536942,0.0687803749785416,0.9304132285232048
3732.0346668068146,237.0,1.0,2.916704591346385,5.099904875862316,4448.696708868574,4090.432070597496,0.0008081378049371323,0.10415954112435419,0.8950323210707087
3730.290813800534,215.0,1.0,2.214600257544338,3.8983909737605065,4516.786423577996,4090.432070597496,0.0008063799906228744,0.06823624012891795,0.9309573798804591
227.82576417707915,253.0,1.0,3.0646297318285534,6.054830829309061,13.706925136466609,39.350796776930025,0.0008073453369578093,0.08783502819132653,0.9113576264717156
327.92091975711946,253.0,1.0,3.0646297318285534,6.054830829309061,16.0125716580419,52.0765812114612,0.0008073453369578093,0.08783502819132653,0.9113576264717156
72.11534196379901,253.0,1.0,3.0646297318285534,6.054830829309061,6162.675756462169,371.02028951950894,0.0008073453369578093,0.08783502819132653,0.9113576264717156
228.31036982591547,253.0,1.0,3.0668123848190163,6.077707054035791,13.834975339547997,39.350796776930025,0.000806810451280288,0.07273874321547763,0.9264544463332421
227.6321078583737,242.0,1.0,3.081539186677154,5.781547472403993,15.333020589483702,39.350796776930025,0.0008076693310113491,0.09009742186412283,0.9090949088048657
72.0820603701146,242.0,1.0,3.0841642696921205,5.8048389835574685,5168.988222242028,371.02028951950894,0.0008070762848320746,0.07466359413568201,0.9245293295794857
328.6384732930341,242.0,1.0,3.0841642696921205,5.8048389835574685,19.548665423477274,52.0765812114612,0.0008070762848320746,0.07466359413568201,0.9245293295794857
93.7683008214312,242.0,1.0,3.081539186677154,5.781547472403993,6281.676406274124,514.707312299638,0.0008076693310113491,0.09009742186412283,0.9090949088048657
93.58020847081772,253.0,1.0,3.0668123848190163,6.077707054035791,7204.975225026207,514.707312299638,0.000806810451280288,0.07273874321547763,0.9264544463332421
93.63183263319118,242.0,1.0,3.0841642696921205,5.8048389835574685,6284.226426287507,514.707312299638,0.0008070762848320746,0.07466359413568201,0.9245293295794857
1460.045333842253,235.0,1.0,2.8997391365693916,5.391949943484609,4631.011653798644,3000.53864515722,0.0008058712586759832,0.04713103842348228,0.9520630903178418
1722.0676984742895,235.0,1.0,2.8997391365693916,5.391949943484609,5451.233055000188,3610.491290952199,0.0008058712586759832,0.04713103842348228,0.9520630903178418
9555.962211354452,235.0,1.0,2.8997391365693916,5.391949943484609,7397.678595628913,8112.1241232446455,0.0008058712586759832,0.04713103842348228,0.9520630903178418
1469.59494982316,235.0,1.0,2.893233587253593,5.328768421975995,4632.44605564943,3000.53864515722,0.000807478491689035,0.09540412903085578,0.9037883924774551
1456.6377598601769,219.0,1.0,2.2576062659075014,3.616011790894779,5029.585640810945,3000.53864515722,0.0008055311886379973,0.027753784591085504,0.9714406842202764
9552.090114980223,219.0,1.0,2.25437606664796,3.591540045465305,7266.171762185093,8112.1241232446455,0.0008067607723224341,0.05753870227681038,0.9416545369508672
1724.9814889754543,219.0,1.0,2.25437606664796,3.591540045465305,5988.512381260291,3610.491290952199,0.0008067607723224341,0.05753870227681038,0.9416545369508672
11405.329196580944,219.0,1.0,2.2576062659075014,3.616011790894779,8640.879678724014,9633.416257949906,0.0008055311886379973,0.027753784591085504,0.9714406842202764
11377.751774875596,235.0,1.0,2.893233587253593,5.328768421975995,8824.803846409588,9633.416257949906,0.000807478491689035,0.09540412903085578,0.9037883924774551
11393.153072677058,219.0,1.0,2.25437606664796,3.591540045465305,8643.94728535253,9633.416257949906,0.0008067607723224341,0.05753870227681038,0.9416545369508672
857.0140950049255,209.0,1.0,2.1853281904594484,3.6580078888952494,83.77800286073321,4.421802326645618,0.0008070190455873162,0.06512920690412123,0.9340637740502914
472.35209897821414,209.0,1.0,2.1853281904594484,3.6580078888952494,53.42045635089807,1.3221259668840073,0.0008070190455873162,0.06512920690412123,0.9340637740502914
858.3704692971689,209.0,1.0,2.1853281904594484,3.6580078888952494,84.54746788410563,6.937173861772088,0.0008070190455873162,0.06512920690412123,0.9340637740502914
874.7047868354159,209.0,1.0,2.1898540390338095,3.6969891426641666,85.62048631456821,4.421802326645618,0.0008054692829856174,0.026869197239165164,0.9723253334778493
820.8721294478042,243.0,1.0,3.5856326371247595,6.958346641566708,18.01768747064321,4.421802326645618,0.000809549525694698,0.14606290254835552,0.8531275479259497
860.6705356038982,243.0,1.0,3.5994503043614645,7.112585994873367,3.0256199138532196,6.937173861772088,0.0008064865826415716,0.0635597418537164,0.9356337715636419
473.6783937447805,243.0,1.0,3.5994503043614645,7.112585994873367,32.73543450948522,1.3221259668840073,0.0008064865826415716,0.0635597418537164,0.9356337715636419
457.26502204686136,243.0,1.0,3.5856326371247595,6.958346641566708,30.388245753080238,0.3323436837592979,0.000809549525694698,0.14606290254835552,0.8531275479259497
480.0729616413339,209.0,1.0,2.1898540390338095,3.6969891426641666,55.060923577878874,0.3323436837592979,0.0008054692829856174,0.026869197239165164,0.9723253334778493
473.69117387912854,243.0,1.0,3.5994503043614645,7.112585994873367,33.28742530819309,0.3323436837592979,0.0008064865826415716,0.0635597418537164,0.9356337715636419
87.03685483859633,232.0,1.0,2.8142553370866423,4.975404445017472,10729.345977126983,578.3129458204953,0.0008066768875069898,0.058887524234097356,0.9403057988783955
76.11870961626266,232.0,1.0,2.8142553370866423,4.975404445017472,9703.188030864832,484.82100870551494,0.0008066768875069898,0.058887524234097356,0.9403057988783955
203.37697720546564,232.0,1.0,2.8142553370866423,4.975404445017472,1772.9749660017428,546.1308311993553,0.0008066768875069898,0.058887524234097356,0.9403057988783955
87.13035004049725,232.0,1.0,2.8128936622524257,4.961471761985663,10739.641253586733,578.3129458204953,0.0008071300975904642,0.07009062635874329,0.9291022435436663
87.04014231796948,226.0,1.0,2.4779363162388965,5.124193711426501,11182.340429294234,578.3129458204953,0.0008066798750408513,0.061816764370667215,0.937376555754292
203.59620045512304,226.0,1.0,2.476411384343631,5.109490739520647,1815.7744677464505,546.1308311993553,0.0008071329945893784,0.07351259285169925,0.9256802741537116
76.19423140092078,226.0,1.0,2.476411384343631,5.109490739520647,10074.343471901975,484.82100870551494,0.0008071329945893784,0.07351259285169925,0.9256802741537116
177.35632159059824,226.0,1.0,2.4779363162388965,5.124193711426501,1588.132706560589,464.4317416610804,0.0008066798750408513,0.061816764370667215,0.937376555754292
177.50614375629286,232.0,1.0,2.8128936622524257,4.961471761985663,1549.2344452156135,464.4317416610804,0.0008071300975904642,0.07009062635874329,0.9291022435436663
177.5139768748629,226.0,1.0,2.476411384343631,5.109490739520647,1585.9763622217138,464.4317416610804,0.0008071329945893784,0.07351259285169925,0.9256802741537116
332.26540926182724,233.0,1.0,2.811061034473918,5.1747499809641555,40.20030993005773,10.646870805263148,0.0008062718166456268,0.07657919133693461,0.9226145368464197
1098.9511164451144,233.0,1.0,2.811061034473918,5.1747499809641555,85.24460482320605,38.089058878261994,0.0008062718166456268,0.07657919133693461,0.9226145368464197
1701.3531989141425,233.0,1.0,2.811061034473918,5.1747499809641555,1144.173503680698,1392.521522233158,0.0008062718166456268,0.07657919133693461,0.9226145368464197
330.7641297553778,233.0,1.0,2.8097591551561485,5.158074776112468,39.78623208011375,10.646870805263148,0.0008065988743845481,0.08900886154025701,0.9101845395853584
333.4131080789283,219.0,1.0,2.342787874830175,4.194139668763063,44.45001365452358,10.646870805263148,0.0008061908458518671,0.062304551359620305,0.9368892577945279
1701.237366580453,218.0,1.0,2.3419045690599907,4.184356481699968,1130.1136419932127,1392.521522233158,0.0008064998637911303,0.07253976830400535,0.9266537318322035
1101.1456420023055,218.0,1.0,2.3419045690599907,4.184356481699968,107.96467499790668,38.089058878261994,0.0008064998637911303,0.07253976830400535,0.9266537318322035
4266.039754572421,219.0,1.0,2.342787874830175,4.194139668763063,2813.4506080547317,3359.8630150687245,0.0008061908458518671,0.062304551359620305,0.9368892577945279
4261.325674215335,233.0,1.0,2.8097591551561485,5.158074776112468,2891.403839531235,3359.8630150687245,0.0008065988743845481,0.08900886154025701,0.9101845395853584
4264.077989433451,218.0,1.0,2.3419045690599907,4.184356481699968,2812.3594988619157,3359.8630150687245,0.0008064998637911303,0.07253976830400535,0.9266537318322035
146.43316102144124,249.0,1.0,3.687836798731347,5.332524276634492,24147.33435807006,1477.3425053321184,0.0008058480457966271,0.03482581284817793,0.9643683391060255
100.40897412503583,249.0,1.0,3.687836798731347,5.332524276634492,20074.77725257203,835.5361003295882,0.0008058480457966271,0.03482581284817793,0.9643683391060255
171.84923413561344,249.0,1.0,3.687836798731347,5.332524276634492,11444.141355210957,1271.625596225317,0.0008058480457966271,0.03482581284817793,0.9643683391060255
147.18640214805333,249.0,1.0,3.680045941023802,5.281481550147544,24113.0821178653,1477.3425053321184,0.0008075114626437241,0.07343307134257694,0.9257594171947793
146.03414177874464,210.0,1.0,2.024754456029562,3.204151802368335,46997.872789490255,1477.3425053321184,0.0008048608107416114,0.013946186867481421,0.985248952321777
171.6826435627039,210.0,1.0,2.023000697438333,3.1926720362028553,20252.510485699917,1271.625596225317,0.0008053610050207474,0.030073045900055106,0.9691215930949242
100.31571578245475,210.0,1.0,2.023000697438333,3.1926720362028553,37746.15999208756,835.5361003295882,0.0008053610050207474,0.030073045900055106,0.9691215930949242
118.10571582732409,210.0,1.0,2.024754456029562,3.204151802368335,15676.458781888738,742.6483211682682,0.0008048608107416114,0.013946186867481421,0.985248952321777
118.98619428155838,249.0,1.0,3.680045941023802,5.281481550147544,9075.481697371555,742.6483211682682,0.0008075114626437241,0.07343307134257694,0.9257594171947793
118.30071808849866,210.0,1.0,2.023000697438333,3.1926720362028553,15642.91789509116,742.6483211682682,0.0008053610050207474,0.030073045900055106,0.9691215930949242
1506.0223527480503,243.0,1.0,3.191353907704796,6.349248117507324,31.460774976668013,178.80304875599433,0.000808428078642147,0.12081392658568137,0.8783776453356765
230.53032278686163,243.0,1.0,3.191353907704796,6.349248117507324,10.715099316224407,46.29253303124583,0.000808428078642147,0.12081392658568137,0.8783776453356765
466.3697769428677,243.0,1.0,3.191353907704796,6.349248117507324,6052.525067895972,2101.0238790867093,0.000808428078642147,0.12081392658568137,0.8783776453356765
1521.2091879145485,243.0,1.0,3.19489786220146,6.385310504686317,38.11911627929247,178.80304875599433,0.0008075692181760385,0.09703317540182013,0.9021592553800037
1531.2742792805418,219.0,1.0,2.393567990562253,4.169670069163146,45.358157068290126,178.80304875599433,0.0008073790427905722,0.07886076439617203,0.9203318565610373
460.95789761561457,219.0,1.0,2.3956349425134067,4.186521031348559,7059.265923849696,2101.0238790867093,0.0008067494714099237,0.06287042544695559,0.9363228250816344
232.0017672290244,219.0,1.0,2.3956349425134067,4.186521031348559,13.699765632907287,46.29253303124583,0.0008067494714099237,0.06287042544695559,0.9363228250816344
114.10698657762563,219.0,1.0,2.393567990562253,4.169670069163146,1868.8239344236283,354.56027594629614,0.0008073790427905722,0.07886076439617203,0.9203318565610373
114.14371461180947,243.0,1.0,3.19489786220146,6.385310504686317,1809.2175305772062,354.56027594629614,0.0008075692181760385,0.09703317540182013,0.9021592553800037
113.97482732433568,219.0,1.0,2.3956349425134067,4.186521031348559,1869.3251865266632,354.56027594629614,0.0008067494714099237,0.06287042544695559,0.9363228250816344
355.3606172383127,166.0,0.0,1.6502940190717108,2.6569228299779146,988.0462726478492,571.6646894371144,0.0008051402105384369,0.019549409040764982,0.9796454507486966
886.931407146556,166.0,0.0,1.6502940190717108,2.6569228299779146,2635.9997409304146,1573.5542376440508,0.0008051402105384369,0.019549409040764982,0.9796454507486966
202.81729830242182,166.0,0.0,1.6502940190717108,2.6569228299779146,29.791921695293023,8.68283112374378,0.0008051402105384369,0.019549409040764982,0.9796454507486966
355.30840193161964,166.0,0.0,1.6506070204673418,2.6596222776204113,993.7215846140836,571.6646894371144,0.0008049966864739663,0.015601598576762434,0.9835934047367634
356.1494880780575,251.0,1.0,3.130357795374834,6.115680416674287,940.2542329822131,571.6646894371144,0.0008074523198481033,0.07482982416854818,0.9243627235116036
200.3818622381618,251.0,1.0,3.132621164759958,6.136059537408414,26.937258328871845,8.68283112374378,0.000806842443148876,0.060440050789939886,0.9387531067669114
889.9670572292949,251.0,1.0,3.132621164759958,6.136059537408414,2356.5522132614633,1573.5542376440508,0.000806842443148876,0.060440050789939886,0.9387531067669114
772.4551672631843,251.0,1.0,3.130357795374834,6.115680416674287,61.57332581405724,30.284278708516574,0.0008074523198481033,0.07482982416854818,0.9243627235116036
800.1384579065818,166.0,0.0,1.6506070204673418,2.6596222776204113,82.70692455227822,30.284278708516574,0.0008049966864739663,0.015601598576762434,0.9835934047367634
779.37988139587,251.0,1.0,3.132621164759958,6.136059537408414,63.383807818533185,30.284278708516574,0.000806842443148876,0.060440050789939886,0.9387531067669114
2136.464883852573,230.0,1.0,2.605943673638347,4.01353546680696,1668.443834656158,1909.551860753866,0.000805428525535539,0.034605832603985844,0.9645887388704786
4192.355804409062,230.0,1.0,2.605943673638347,4.01353546680696,3282.491985964185,3690.5029910118164,0.000805428525535539,0.034605832603985844,0.9645887388704786
267.35677607762574,230.0,1.0,2.605943673638347,4.01353546680696,19.88716601759798,43.4308145627877,0.000805428525535539,0.034605832603985844,0.9645887388704786
2135.8782853470534,230.0,1.0,2.602741934679389,3.9848658354133484,1668.7458275111364,1909.551860753866,0.0008062733761526435,0.062459081480413556,0.9367346451434339
2136.5112121030434,207.0,1.0,2.1966647016327068,3.1030704423125366,1687.5658423375899,1909.551860753866,0.0008055625844491269,0.02450946169472393,0.974684975720827
266.47501168373645,207.0,1.0,2.1943096805597557,3.090419140555846,17.594301336514558,43.4308145627877,0.0008065217734651918,0.04463607644507251,0.9545574017814624
4191.152117055336,207.0,1.0,2.1943096805597557,3.090419140555846,3279.3173398393237,3690.5029910118164,0.0008065217734651918,0.04463607644507251,0.9545574017814624
605.8299834534944,207.0,1.0,2.1966647016327068,3.1030704423125366,35.739202259732366,77.51044275526516,0.0008055625844491269,0.02450946169472393,0.974684975720827
599.6240957225594,230.0,1.0,2.602741934679389,3.9848658354133484,33.181308330953435,77.51044275526516,0.0008062733761526435,0.062459081480413556,0.9367346451434339
602.080812700171,207.0,1.0,2.1943096805597557,3.090419140555846,35.33788467001426,77.51044275526516,0.0008065217734651918,0.04463607644507251,0.9545574017814624
645.5003584517699,245.0,1.0,2.5498931738834725,3.7999905166278847,3602.2606745225885,1657.5958792827955,0.0008060518450508588,0.046123180046445646,0.9530707681085034
227.566075525674,245.0,1.0,2.5498931738834725,3.7999905166278847,1242.0308553294146,484.1183417216953,0.0008060518450508588,0.046123180046445646,0.9530707681085034
248.6046268790382,245.0,1.0,2.5498931738834725,3.7999905166278847,10925.457655268921,1622.257001332795,0.0008060518450508588,0.046123180046445646,0.9530707681085034
643.2786084875327,245.0,1.0,2.5528618526994076,3.8214851357003874,3599.9504721031817,1657.5958792827955,0.0008052023108199432,0.022265242147021202,0.9769295555421589
645.6032557219364,225.0,1.0,2.0539552358693496,4.291790603142645,3563.744471364421,1657.5958792827955,0.0008060866655945053,0.0493500706597071,0.9498438426746982
247.59259218565455,225.0,1.0,2.0573053298790316,4.318276742091339,11026.747184352538,1622.257001332795,0.0008052142145519216,0.023750119167696655,0.9754446666177514
227.23068911012874,225.0,1.0,2.0573053298790316,4.318276742091339,1173.4865735698322,484.1183417216953,0.0008052142145519216,0.023750119167696655,0.9754446666177514
91.73980708285019,225.0,1.0,2.0539552358693496,4.291790603142645,4208.07979621543,417.28747311217194,0.0008060866655945053,0.0493500706597071,0.9498438426746982
91.56053845674518,245.0,1.0,2.5528618526994076,3.8214851357003874,4551.521281600409,417.28747311217194,0.0008052023108199432,0.022265242147021202,0.9769295555421589
91.55980080530935,225.0,1.0,2.0573053298790316,4.318276742091339,4241.861364657151,417.28747311217194,0.0008052142145519216,0.023750119167696655,0.9754446666177514
635.7667733928733,233.0,1.0,3.0811558997539232,5.661921506699142,70.62284107240471,39.329571501375824,0.0008063454816143511,0.07142409749274035,0.9277695570256455
342.2569893809373,233.0,1.0,3.0811558997539232,5.661921506699142,46.49078350952878,24.063074916776383,0.0008063454816143511,0.07142409749274035,0.9277695570256455
1258.7704308204177,233.0,1.0,3.0811558997539232,5.661921506699142,2423.8141553436185,1793.0976210577314,0.0008063454816143511,0.07142409749274035,0.9277695570256455
615.8838084394761,233.0,1.0,3.074743210032389,5.596373240722346,69.44297012965811,39.329571501375824,0.000807769073369161,0.11903824404066808,0.8801539868859628
641.6145468527177,240.0,1.0,2.633184717165355,4.566045760929472,75.38895143837352,39.329571501375824,0.0008063733864852718,0.05472246491016799,0.9444711617033469
1260.516654250924,240.0,1.0,2.6279990194583407,4.522200706175147,2470.5753988313336,1793.0976210577314,0.0008078041990088354,0.09192970874651343,0.9072624870544779
337.73123127299453,240.0,1.0,2.6279990194583407,4.522200706175147,49.46755976436666,24.063074916776383,0.0008078041990088354,0.09192970874651343,0.9072624870544779
834.4330707604254,240.0,1.0,2.633184717165355,4.566045760929472,1648.2605025788282,1155.1999802019131,0.0008063733864852718,0.05472246491016799,0.9444711617033469
836.004098496276,233.0,1.0,3.074743210032389,5.596373240722346,1613.1311534495585,1155.1999802019131,0.000807769073369161,0.11903824404066808,0.8801539868859628
835.5928977372631,240.0,1.0,2.6279990194583407,4.522200706175147,1648.2155576379057,1155.1999802019131,0.0008078041990088354,0.09192970874651343,0.9072624870544779
147.36504128213946,249.0,1.0,3.6239111688624632,9.031800550636406,4009.0034874328594,635.6784065854257,0.0008091144628600788,0.1753577282093799,0.8238331573277601
396.10031817306196,249.0,1.0,3.6239111688624632,9.031800550636406,6728.984395510132,2394.028305947721,0.0008091144628600788,0.1753577282093799,0.8238331573277601
400.901487829475,249.0,1.0,3.6239111688624632,9.031800550636406,10.764724177140053,28.69870181441178,0.0008091144628600788,0.1753577282093799,0.8238331573277601
146.32168154242441,249.0,1.0,3.6331171029024127,9.176276683962099,4014.5593515634423,635.6784065854257,0.0008070525593374485,0.10573825730213647,0.8934546901385261
146.45470265345102,239.0,1.0,2.838610871375035,5.264888404651744,4458.659362781291,635.6784065854257,0.0008074367627017904,0.09750939167861687,0.9016831715586814
424.39836980133714,239.0,1.0,2.8434104423546582,5.318432185159881,54.48896098314636,28.69870181441178,0.0008061156645468427,0.056682814744191935,0.9425110695912612
386.2102938200526,239.0,1.0,2.8434104423546582,5.318432185159881,9533.553902388932,2394.028305947721,0.0008061156645468427,0.056682814744191935,0.9425110695912612
1862.3809322637971,239.0,1.0,2.838610871375035,5.264888404651744,152.6354386363036,105.22075829292712,0.0008074367627017904,0.09750939167861687,0.9016831715586814
1852.8824222807002,249.0,1.0,3.6331171029024127,9.176276683962099,396.2863160710971,105.22075829292712,0.0008070525593374485,0.10573825730213647,0.8934546901385261
1933.7666700817565,239.0,1.0,2.8434104423546582,5.318432185159881,155.62473131479865,105.22075829292712,0.0008061156645468427,0.056682814744191935,0.9425110695912612
576.8419476012518,236.0,1.0,2.671976531123608,4.64358649358386,78.39131131276646,232.9099475327902,0.0008062645608733224,0.05828280083972605,0.9409109345994006
556.2911497130559,236.0,1.0,2.671976531123608,4.64358649358386,75.35882379432599,225.86342908330576,0.0008062645608733224,0.05828280083972605,0.9409109345994006
380.3097350323705,236.0,1.0,2.671976531123608,4.64358649358386,46.46918365016292,6.355505333211206,0.0008062645608733224,0.05828280083972605,0.9409109345994006
576.107937466535,236.0,1.0,2.6705836278784214,4.6304301078484595,78.43487288802118,232.9099475327902,0.0008066400228404369,0.06951043520344982,0.9296829247737098
576.5652445245992,216.0,1.0,2.133894049525212,4.327845241869058,96.90141790721677,232.9099475327902,0.0008068877444315758,0.055974427485484944,0.9432186847700835
378.40607179912746,215.0,1.0,2.1325484807158333,4.316012291421623,35.529232416830375,6.355505333211206,0.0008073964752202054,0.06701471147758109,0.9321778920471987
555.2532367917931,215.0,1.0,2.1325484807158333,4.316012291421623,94.53953894967508,225.86342908330576,0.0008073964752202054,0.06701471147758109,0.9321778920471987
363.9583972708088,216.0,1.0,2.133894049525212,4.327845241869058,35.117684732390316,6.3251200257900235,0.0008068877444315758,0.055974427485484944,0.9432186847700835
362.9847109511381,236.0,1.0,2.6705836278784214,4.6304301078484595,45.08504457797914,6.3251200257900235,0.0008066400228404369,0.06951043520344982,0.9296829247737098
362.5126015236498,215.0,1.0,2.1325484807158333,4.316012291421623,34.45544621527122,6.3251200257900235,0.0008073964752202054,0.06701471147758109,0.9321778920471987
5918.3990597742395,189.0,0.0,1.8324447443686944,3.2382653710973637,6728.3374928813455,6338.860094160598,0.0008067053796978193,0.05111471249377566,0.9480785821265264
12746.962846845698,189.0,0.0,1.8324447443686944,3.2382653710973637,14598.494007232845,13807.348931920813,0.0008067053796978193,0.05111471249377566,0.9480785821265264
283.4384643237713,189.0,0.0,1.8324447443686944,3.2382653710973637,2158.5155594362436,759.0242963246073,0.0008067053796978193,0.05111471249377566,0.9480785821265264
5916.406504315051,190.0,0.0,1.8363476042344913,3.2658580085823115,6735.213336061213,6338.860094160598,0.0008052075839986972,0.017643132266612654,0.9815516601493888
5919.564573414359,227.0,1.0,2.6567367787900356,4.769081386661637,6730.265358663955,6338.860094160598,0.000807309799270678,0.0780265362774367,0.9211661539232925
282.56066559609974,227.0,1.0,2.6630698402925708,4.825739411647884,2156.0193165906076,759.0242963246073,0.0008054162547770318,0.02760559904167582,0.9715889847035469
12741.98191098911,227.0,1.0,2.6630698402925708,4.825739411647884,14531.825844407931,13807.348931920813,0.0008054162547770318,0.02760559904167582,0.9715889847035469
567.8547703467123,227.0,1.0,2.6567367787900356,4.769081386661637,4337.955320706585,1785.188070160385,0.000807309799270678,0.0780265362774367,0.9211661539232925
562.2183690851737,190.0,0.0,1.8363476042344913,3.2658580085823115,4696.75381761383,1785.188070160385,0.0008052075839986972,0.017643132266612654,0.9815516601493888
563.0078844481711,227.0,1.0,2.6630698402925708,4.825739411647884,4316.059558785118,1785.188070160385,0.0008054162547770318,0.02760559904167582,0.9715889847035469
1199.763011119952,227.0,1.0,2.4211666054844923,3.9084543110610155,95.25898207864131,22.0476013504872,0.0008056142300853067,0.02890923863940906,0.9702851471305056
707.4727912249751,227.0,1.0,2.4211666054844923,3.9084543110610155,60.276016238741335,21.015757919695243,0.0008056142300853067,0.02890923863940906,0.9702851471305056
204.9827327969463,227.0,1.0,2.4211666054844923,3.9084543110610155,29381.81545752193,2243.989996049684,0.0008056142300853067,0.02890923863940906,0.9702851471305056
1174.5801863855652,226.0,1.0,2.416038265602196,3.8700353124237146,91.6661767260981,22.0476013504872,0.0008073361621578254,0.0688513813262336,0.9303412825116086
1202.8625063402792,215.0,1.0,2.148247805487469,3.8171514717077537,102.54719403307197,22.0476013504872,0.000805138398590144,0.02463179021812231,0.9745630713832876
205.7248529649586,215.0,1.0,2.1452247045035353,3.787567256358811,34528.61861555655,2243.989996049684,0.0008061555365454743,0.05846762021962048,0.9407262242438339
699.3837427336259,215.0,1.0,2.1452247045035353,3.787567256358811,69.23301446496637,21.015757919695243,0.0008061555365454743,0.05846762021962048,0.9407262242438339
140.7430516922412,215.0,1.0,2.148247805487469,3.8171514717077537,27409.1779618396,1270.7731033215946,0.000805138398590144,0.02463179021812231,0.9745630713832876
141.63723500729353,226.0,1.0,2.416038265602196,3.8700353124237146,19976.113203607358,1270.7731033215946,0.0008073361621578254,0.0688513813262336,0.9303412825116086
141.27146720303656,215.0,1.0,2.1452247045035353,3.787567256358811,27265.714901023457,1270.7731033215946,0.0008061555365454743,0.05846762021962048,0.9407262242438339
83.73841301244309,219.0,1.0,2.153100718693844,3.8034665712240994,8159.494985561955,491.80897620834844,0.000806514248939585,0.05195931760538057,0.9472341681456797
73.73710287058803,219.0,1.0,2.153100718693844,3.8034665712240994,7357.495507760076,418.6733774963737,0.000806514248939585,0.05195931760538057,0.9472341681456797
535.3857418181329,219.0,1.0,2.153100718693844,3.8034665712240994,132.47844503157808,282.32687400719175,0.000806514248939585,0.05195931760538057,0.9472341681456797
83.62018689979169,219.0,1.0,2.1549073119440516,3.8179897114424155,8215.902346991972,491.80897620834844,0.0008058901935357015,0.036843623024120566,0.9623504867823438
83.9310052666123,252.0,1.0,3.4760009944114203,7.004686343749646,10776.63370958637,491.80897620834844,0.0008073172877253689,0.10721293809810163,0.891979744614173
535.0186219344893,252.0,1.0,3.480343813464986,7.056605948317316,148.33696458856028,282.32687400719175,0.0008064481686490432,0.07714195009797067,0.9220516017333803
73.73117758595112,252.0,1.0,3.480343813464986,7.056605948317316,10178.20764639629,418.6733774963737,0.0008064481686490432,0.07714195009797067,0.9220516017333803
455.8566591082996,252.0,1.0,3.4760009944114203,7.004686343749646,123.2205688613809,244.65040767001125,0.0008073172877253689,0.10721293809810163,0.891979744614173
457.20035836918885,219.0,1.0,2.1549073119440516,3.8179897114424155,113.43790184010508,244.65040767001125,0.0008058901935357015,0.036843623024120566,0.9623504867823438
456.5657511176668,252.0,1.0,3.480343813464986,7.056605948317316,122.47242222364483,244.65040767001125,0.0008064481686490432,0.07714195009797067,0.9220516017333803
214.3495955224838,220.0,1.0,2.3102207654097264,3.8169885169888254,35.699438050534624,20.95389765990046,0.0008071453382654352,0.07084231981515192,0.9283505348465827
279.5780247795427,220.0,1.0,2.3102207654097264,3.8169885169888254,42.56830968074729,25.196451774258687,0.0008071453382654352,0.07084231981515192,0.9283505348465827
217.70117825328998,220.0,1.0,2.3102207654097264,3.8169885169888254,35.94469813196422,22.88222194435567,0.0008071453382654352,0.07084231981515192,0.9283505348465827
215.19969931704674,220.0,1.0,2.3112687547155946,3.8261672552265518,35.737369189921885,20.95389765990046,0.0008067729222515469,0.06163760371393549,0.937555623363813
215.93326942731773,201.0,0.0,1.9348243511704715,3.2093785666064267,31.69866395742594,20.95389765990046,0.0008062435409116499,0.05320858689965886,0.9459851695594295
220.11434928019042,201.0,0.0,1.935544888738226,3.214675441272581,32.43674219563745,22.88222194435567,0.0008059920485456474,0.04599421060437808,0.9531997973470763
282.92527681844285,201.0,0.0,1.935544888738226,3.214675441272581,37.380789716478716,25.196451774258687,0.0008059920485456474,0.04599421060437808,0.9531997973470763
287.88890413668173,201.0,0.0,1.9348243511704715,3.2093785666064267,37.46190575734664,27.476328265962703,0.0008062435409116499,0.05320858689965886,0.9459851695594295
286.78192644144593,220.0,1.0,2.3112687547155946,3.8261672552265518,42.904500170089094,27.476328265962703,0.0008067729222515469,0.06163760371393549,0.937555623363813
288.99538140957674,201.0,0.0,1.935544888738226,3.214675441272581,37.884540327505555,27.476328265962703,0.0008059920485456474,0.04599421060437808,0.9531997973470763
424.4358215401305,240.0,1.0,2.814588321951799,5.027859149799297,14687.261630297116,3493.167531726993,0.0008067415535146631,0.058737596793014026,0.9404556616534713
147.37349636219693,240.0,1.0,2.814588321951799,5.027859149799297,6083.5302496665345,797.1639299512279,0.0008067415535146631,0.058737596793014026,0.9404556616534713
1524.0330029835413,240.0,1.0,2.814588321951799,5.027859149799297,5603.80665427567,3552.958822172965,0.0008067415535146631,0.058737596793014026,0.9404556616534713
425.47806410510316,240.0,1.0,2.8126644861367875,5.015296025364689,14728.081994674307,3493.167531726993,0.0008071948796258533,0.06961242493134749,0.9295803801890267
424.4375779250337,241.0,1.0,3.194788000164451,5.432173907573693,14588.032127126538,3493.167531726993,0.0008062988809769786,0.06004821413072735,0.9391454869882956
1526.9720376434311,241.0,1.0,3.193156427742539,5.417957662232614,5498.742497779842,3552.958822172965,0.0008066665227855638,0.07115429018984253,0.9280390432873719
147.48688962765624,241.0,1.0,3.193156427742539,5.417957662232614,6465.595370491221,797.1639299512279,0.0008066665227855638,0.07115429018984253,0.9280390432873719
499.32614646851306,241.0,1.0,3.194788000164451,5.432173907573693,1830.9822926017664,983.6442956187807,0.0008062988809769786,0.06004821413072735,0.9391454869882956
499.94266621995575,240.0,1.0,2.8126644861367875,5.015296025364689,1849.3078649595777,983.6442956187807,0.0008071948796258533,0.06961242493134749,0.9295803801890267
499.79088436232576,241.0,1.0,3.193156427742539,5.417957662232614,1829.3132630981995,983.6442956187807,0.0008066665227855638,0.07115429018984253,0.9280390432873719
1555.5573749950388,200.0,0.0,1.966185719341166,3.1674083925633663,589.0072759317377,945.9019850243096,0.0008059728462285501,0.04534009191019167,0.9538539352435801
3600.8596358485493,200.0,0.0,1.966185719341166,3.1674083925633663,1318.1090514816353,2030.433752477355,0.0008059728462285501,0.04534009191019167,0.9538539352435801
227.00514734519126,200.0,0.0,1.966185719341166,3.1674083925633663,6055.561639979548,1029.3997716415493,0.0008059728462285501,0.04534009191019167,0.9538539352435801
1556.3021289079868,200.0,0.0,1.966688956601975,3.171486078914957,588.8403177566323,945.9019850243096,0.0008057718419407754,0.039608232548825034,0.9595859956092343
1553.850815526031,223.0,1.0,2.4304175694543546,4.245803187996064,617.5854489358995,945.9019850243096,0.000806504965928984,0.06101354607776105,0.93817994895631
227.19395514698212,223.0,1.0,2.43124062121123,4.253514463898807,5173.609733372944,1029.3997716415493,0.000806234742544673,0.053406896114446066,0.9457868691430092
3597.7641858742218,223.0,1.0,2.43124062121123,4.253514463898807,1434.0525426409256,2030.433752477355,0.000806234742544673,0.053406896114446066,0.9457868691430092
460.9375860956966,223.0,1.0,2.4304175694543546,4.245803187996064,9839.841625304798,2655.6814283701087,0.000806504965928984,0.06101354607776105,0.93817994895631
458.9228123788988,200.0,0.0,1.966688956601975,3.171486078914957,12594.29856775882,2655.6814283701087,0.0008057718419407754,0.039608232548825034,0.9595859956092343
460.1751482876532,223.0,1.0,2.43124062121123,4.253514463898807,9803.794864500196,2655.6814283701087,0.000806234742544673,0.053406896114446066,0.9457868691430092
183.46298684104892,181.0,0.0,1.7698218996991903,2.8632865565092107,2083.082090868096,498.50186262037437,0.0008049344783878404,0.01599399129701249,0.9832010742245998
180.796352678438,181.0,0.0,1.7698218996991903,2.8632865565092107,2055.075436896965,489.89863093652156,0.0008049344783878404,0.01599399129701249,0.9832010742245998
382.0594552630315,181.0,0.0,1.7698218996991903,2.8632865565092107,9.10622683435302,116.07667879671963,0.0008049344783878404,0.01599399129701249,0.9832010742245998
183.5003221264023,181.0,0.0,1.7696051717516352,2.8615419839386496,2081.1309398818194,498.50186262037437,0.000805021411247842,0.018748096671816667,0.9804468819169354
183.60500631550678,223.0,1.0,2.5203078400985106,3.773635274104056,1793.9690562290282,498.50186262037437,0.0008053118307689197,0.02496774161343192,0.9742269465557992
381.387885820179,223.0,1.0,2.5198277707908803,3.7699348885917634,15.448218766256543,116.07667879671963,0.0008054644697899332,0.0292209691247552,0.969973566405455
180.99494974634425,223.0,1.0,2.5198277707908803,3.7699348885917634,1766.6256170682857,489.89863093652156,0.0008054644697899332,0.0292209691247552,0.969973566405455
374.33072969508567,223.0,1.0,2.5203078400985106,3.773635274104056,14.936035018714733,114.26238184527364,0.0008053118307689197,0.02496774161343192,0.9742269465557992
374.6506917578381,181.0,0.0,1.7696051717516352,2.8615419839386496,9.002409435335647,114.26238184527364,0.000805021411247842,0.018748096671816667,0.9804468819169354
374.12750926630576,223.0,1.0,2.5198277707908803,3.7699348885917634,15.152404178317283,114.26238184527364,0.0008054644697899332,0.0292209691247552,0.969973566405455
346.02336050208856,199.0,1.0,2.0039926013892977,3.5112057202316556,4.297440011981783,86.203562086398,0.0008064890694474119,0.05232942024935056,0.9468640906812019
263.6994428387299,199.0,1.0,2.0039926013892977,3.5112057202316556,3.652561741810422,69.11942600540343,0.0008064890694474119,0.05232942024935056,0.9468640906812019
278.1884258760735,199.0,1.0,2.0039926013892977,3.5112057202316556,42.86712674695539,17.53946125153143,0.0008064890694474119,0.05232942024935056,0.9468640906812019
347.51176727183713,199.0,1.0,2.006918789382478,3.5365118697436233,4.394525666675148,86.203562086398,0.0008053448307819809,0.023725312707036497,0.9754693424621815
346.61815118956446,203.0,1.0,2.127051124133313,3.320944786399995,6.107096715047253,86.203562086398,0.0008057354768676535,0.044825294972711274,0.9543689695504212
281.95214551241014,203.0,1.0,2.1289777765359106,3.3360283683833147,43.07943377126255,17.53946125153143,0.0008050109432855296,0.020248115576600587,0.9789468734801139
264.80593888590977,203.0,1.0,2.1289777765359106,3.3360283683833147,5.5820362256008105,69.11942600540343,0.0008050109432855296,0.020248115576600587,0.9789468734801139
200.12450499582616,203.0,1.0,2.127051124133313,3.320944786399995,34.171315071577155,13.636089091052073,0.0008057354768676535,0.044825294972711274,0.9543689695504212
201.2283733658243,199.0,1.0,2.006918789382478,3.5365118697436233,34.039024529941976,13.636089091052073,0.0008053448307819809,0.023725312707036497,0.9754693424621815
201.57757459027962,203.0,1.0,2.1289777765359106,3.3360283683833147,34.227203743391684,13.636089091052073,0.0008050109432855296,0.020248115576600587,0.9789468734801139
1665.103622526201,255.0,1.0,3.826191563579157,9.486484415468887,2677.900924580817,2269.1694200872394,0.000805931926926913,0.06638310992260175,0.9328109581504713
1991.4114865521813,255.0,1.0,3.826191563579157,9.486484415468887,3132.642029049257,2745.6264568551524,0.000805931926926913,0.06638310992260175,0.9328109581504713
2431.1413891862367,255.0,1.0,3.826191563579157,9.486484415468887,3392.3183951223764,3031.1007922952117,0.000805931926926913,0.06638310992260175,0.9328109581504713
1671.754423623428,255.0,1.0,3.816310515402311,9.297609272476647,2663.034495480216,2269.1694200872394,0.0008083378807483753,0.15734711563944082,0.8418445464798108
1662.935073238869,222.0,1.0,2.4696912663396366,4.422950952588538,2942.0426230654302,2269.1694200872394,0.0008054136549846902,0.027050860769494978,0.9721437255755204
2432.236121856326,222.0,1.0,2.4641478295201162,4.377893502848232,3642.777287561691,3031.1007922952117,0.0008069839669382132,0.06810981662704335,0.9310831994060185
1992.6135111612246,222.0,1.0,2.4641478295201162,4.377893502848232,3532.4083344899395,2745.6264568551524,0.0008069839669382132,0.06810981662704335,0.9310831994060185
2909.714418661277,222.0,1.0,2.4696912663396366,4.422950952588538,4370.690788914709,3662.061022358574,0.0008054136549846902,0.027050860769494978,0.9721437255755204
2922.816271200185,255.0,1.0,3.816310515402311,9.297609272476647,3977.3870484546433,3662.061022358574,0.0008083378807483753,0.15734711563944082,0.8418445464798108
2914.2829282166094,222.0,1.0,2.4641478295201162,4.377893502848232,4375.037445657235,3662.061022358574,0.0008069839669382132,0.06810981662704335,0.9310831994060185
2234.011428230857,243.0,1.0,3.051754435855454,5.9059717391547455,112.02682066152741,25.414966912324726,0.0008082431644117903,0.12278185394654585,0.8764099028890424
946.9771053281725,243.0,1.0,3.051754435855454,5.9059717391547455,64.08212469854104,27.843870177235498,0.0008082431644117903,0.12278185394654585,0.8764099028890424
430.78453058122784,243.0,1.0,3.051754435855454,5.9059717391547455,15875.079397343974,3829.288103221449,0.0008082431644117903,0.12278185394654585,0.8764099028890424
2313.289242687189,243.0,1.0,3.059168388327585,5.987765118530165,104.03989184630764,25.414966912324726,0.0008064478163548818,0.06849059304791098,0.9307029591357341
2311.5221251482603,215.0,1.0,2.261781512449156,3.8741717481574405,169.5401763771077,25.414966912324726,0.0008061009617970799,0.06849967005674248,0.9306942289814603
422.64910201675684,215.0,1.0,2.264732743677321,3.9016438050954667,26035.81628968571,3829.288103221449,0.000805314829002074,0.03720483010319754,0.9619898550678003
986.2626085843123,215.0,1.0,2.264732743677321,3.9016438050954667,83.37817034382132,27.843870177235498,0.000805314829002074,0.03720483010319754,0.9619898550678003
220.2955821577856,215.0,1.0,2.261781512449156,3.8741717481574405,14668.448255326763,1530.6083783858421,0.0008061009617970799,0.06849967005674248,0.9306942289814603
220.28054498186353,243.0,1.0,3.059168388327585,5.987765118530165,9147.06070694425,1530.6083783858421,0.0008064478163548818,0.06849059304791098,0.9307029591357341
219.25451485935437,215.0,1.0,2.264732743677321,3.9016438050954667,14605.214471565863,1530.6083783858421,0.000805314829002074,0.03720483010319754,0.9619898550678003
76.8922347162852,234.0,1.0,2.777388331496385,4.669357854943934,6486.784344327332,402.7566838276515,0.000806122061459579,0.047786592920634294,0.9514072850179062
116.85856820953549,234.0,1.0,2.777388331496385,4.669357854943934,8738.446599943834,696.48370603963,0.000806122061459579,0.047786592920634294,0.9514072850179062
238.49322203309356,234.0,1.0,2.777388331496385,4.669357854943934,21.537081562579008,28.140840345487668,0.000806122061459579,0.047786592920634294,0.9514072850179062
77.21052405001188,234.0,1.0,2.770296150056117,4.610877390860193,6433.3574976448035,402.7566838276515,0.0008081038688387782,0.09908156948483415,0.9001103266463272
76.9766819227059,250.0,1.0,3.526881314037245,6.393019729898608,7176.777077742047,402.7566838276515,0.0008066113045070156,0.0710763264911856,0.9281170622043073
234.57262834180236,250.0,1.0,3.5141023963225804,6.278030925885515,17.46184357140514,28.140840345487668,0.0008091725049565627,0.1438566716461889,0.8553341558488545
118.04853351731823,250.0,1.0,3.5141023963225804,6.278030925885515,8847.667423395369,696.48370603963,0.0008091725049565627,0.1438566716461889,0.8553341558488545
435.49610163315026,250.0,1.0,3.526881314037245,6.393019729898608,11.402462424027881,42.796195338717816,0.0008066113045070156,0.0710763264911856,0.9281170622043073
431.46958753960007,234.0,1.0,2.770296150056117,4.610877390860193,32.85215806415708,42.796195338717816,0.0008081038688387782,0.09908156948483415,0.9001103266463272
426.2361431670146,250.0,1.0,3.5141023963225804,6.278030925885515,11.563674804100206,42.796195338717816,0.0008091725049565627,0.1438566716461889,0.8553341558488545
287.13882545755376,241.0,1.0,3.0149741709052296,4.7066770873361365,42.71295237890828,24.81837093866187,0.0008059548009478267,0.040863303077893105,0.9583307421211592
329.40506346284315,241.0,1.0,3.0149741709052296,4.7066770873361365,46.67272961258298,27.335151342606963,0.0008059548009478267,0.040863303077893105,0.9583307421211592
274.5329584462402,241.0,1.0,3.0149741709052296,4.7066770873361365,38.76559454274304,6.162853973832906,0.0008059548009478267,0.040863303077893105,0.9583307421211592
283.48151080850437,241.0,1.0,3.0113481861836444,4.68787337434816,42.52628551729467,24.81837093866187,0.0008069416043154891,0.0660677140429818,0.9331253443527027
289.10856559180223,245.0,1.0,2.5523060236015405,3.8174454222414096,41.89304375197997,24.81837093866187,0.000805360863963571,0.026788191076447747,0.9724064480595886
274.2324577451761,245.0,1.0,2.550203206100655,3.802225964242835,37.28926206426465,6.162853973832906,0.0008059628116485659,0.04366566075569267,0.9555283764326588
328.8104030236708,245.0,1.0,2.550203206100655,3.802225964242835,45.267490278802654,27.335151342606963,0.0008059628116485659,0.04366566075569267,0.9555283764326588
312.68011554848914,245.0,1.0,2.5523060236015405,3.8174454222414096,41.268520503456074,7.015774362088985,0.000805360863963571,0.026788191076447747,0.9724064480595886
308.0689861129865,241.0,1.0,3.0113481861836444,4.68787337434816,42.022522825851894,7.015774362088985,0.0008069416043154891,0.0660677140429818,0.9331253443527027
310.68744938238615,245.0,1.0,2.550203206100655,3.802225964242835,40.68573329168153,7.015774362088985,0.0008059628116485659,0.04366566075569267,0.9555283764326588
291.74503360752504,186.0,0.0,1.8697863343238377,2.6977245887081684,11259.459203166592,1830.2037252063956,0.0008060843258697361,0.03219078437839652,0.9670031312957336
324.0570823886356,186.0,0.0,1.8697863343238377,2.6977245887081684,12628.372465176208,2115.9284715776257,0.0008060843258697361,0.03219078437839652,0.9670031312957336
443.29366433506607,186.0,0.0,1.8697863343238377,2.6977245887081684,5880.832823045607,1728.8985864839246,0.0008060843258697361,0.03219078437839652,0.9670031312957336
292.14640917840075,186.0,0.0,1.8690364014208107,2.693582049193854,11252.976422300928,1830.2037252063956,0.0008064465215899067,0.039059217423557065,0.9601343360548531
295.3846367754407,252.0,1.0,3.5047938219611785,6.032826088601893,7415.423551442778,1830.2037252063956,0.0008081574163381654,0.10192909743604198,0.8972627451476197
450.5921427862641,252.0,1.0,3.5008655999524247,5.999605731895785,4276.7341119286375,1728.8985864839246,0.0008089695073256555,0.12175384380604301,0.8774371866866313
329.7684181886849,252.0,1.0,3.5008655999524247,5.999605731895785,8072.281071084198,2115.9284715776257,0.0008089695073256555,0.12175384380604301,0.8774371866866313
499.48574613296205,252.0,1.0,3.5047938219611785,6.032826088601893,4635.058428194708,1980.787314118322,0.0008081574163381654,0.10192909743604198,0.8972627451476197
493.67759678833374,186.0,0.0,1.8690364014208107,2.693582049193854,6611.668420064582,1980.787314118322,0.0008064465215899067,0.039059217423557065,0.9601343360548531
501.61039917375206,252.0,1.0,3.5008655999524247,5.999605731895785,4679.801766308045,1980.787314118322,0.0008089695073256555,0.12175384380604301,0.8774371866866313
677.4866807662415,221.0,1.0,2.489959366053367,4.391022606347497,102.18715005706001,271.4310294064904,0.0008062990595345145,0.05394732956762492,0.9452463713728406
862.3561933935108,221.0,1.0,2.489959366053367,4.391022606347497,129.38594670451516,332.05085775282276,0.0008062990595345145,0.05394732956762492,0.9452463713728406
114.36140883904127,221.0,1.0,2.489959366053367,4.391022606347497,10966.28380818428,780.2554278150308,0.0008062990595345145,0.05394732956762492,0.9452463713728406
678.8121219544194,221.0,1.0,2.4917421665852855,4.409226102703401,101.57848852783115,271.4310294064904,0.0008057461518088675,0.03844399358602685,0.9607502602621644
677.2683240400034,228.0,1.0,2.544685010724945,4.389982746643431,97.42268711561147,271.4310294064904,0.0008062733233201628,0.05684893889101427,0.9423447877856655
114.18853496666621,228.0,1.0,2.546449871880137,4.406605282015874,11554.083389385256,780.2554278150308,0.0008057301371479388,0.04063183728620974,0.9585624325766422
864.0851073626948,228.0,1.0,2.546449871880137,4.406605282015874,125.39863199638668,332.05085775282276,0.0008057301371479388,0.04063183728620974,0.9585624325766422
137.88846013177653,228.0,1.0,2.544685010724945,4.389982746643431,13180.599205436174,1022.5819687408537,0.0008062733233201628,0.05684893889101427,0.9423447877856655
137.60184849590667,221.0,1.0,2.4917421665852855,4.409226102703401,12802.903101158938,1022.5819687408537,0.0008057461518088675,0.03844399358602685,0.9607502602621644
137.62516974348983,228.0,1.0,2.546449871880137,4.406605282015874,13185.7406257198,1022.5819687408537,0.0008057301371479388,0.04063183728620974,0.9585624325766422
182.54270168637592,220.0,1.0,2.1992742137917825,3.6192766964843175,2755.6487729253886,596.6210875267853,0.0008060809215355988,0.054305041506146436,0.9448888775723179
139.04839313995964,220.0,1.0,2.1992742137917825,3.6192766964843175,2133.326320351794,427.9735422358024,0.0008060809215355988,0.054305041506146436,0.9448888775723179
1118.1753484040853,220.0,1.0,2.1992742137917825,3.6192766964843175,552.0394947765349,780.2226707206361,0.0008060809215355988,0.054305041506146436,0.9448888775723179
182.34511713836918,220.0,1.0,2.2005923990843925,3.6282915049119593,2760.320074608743,596.6210875267853,0.0008057186250382065,0.04278877335783164,0.9564055080171302
184.25077189878326,258.0,1.0,3.529854114279742,6.798845039767657,2232.449696908752,596.6210875267853,0.0008097693480577529,0.13960637522344368,0.8595838554284985
1115.1780509760838,258.0,1.0,3.535163325918154,6.848625794549755,581.8449560766663,780.2226707206361,0.0008086088059072201,0.11229308312977743,0.8868983080643152
139.74153584528744,258.0,1.0,3.535163325918154,6.848625794549755,1781.0346542622465,427.9735422358024,0.0008086088059072201,0.11229308312977743,0.8868983080643152
804.8400226975149,258.0,1.0,3.529854114279742,6.798845039767657,410.87582253763605,574.5906401385901,0.0008097693480577529,0.13960637522344368,0.8595838554284985
807.6241284043489,220.0,1.0,2.2005923990843925,3.6282915049119593,401.2014814081869,574.5906401385901,0.0008057186250382065,0.04278877335783164,0.9564055080171302
805.6613542041581,258.0,1.0,3.535163325918154,6.848625794549755,410.55311566323127,574.5906401385901,0.0008086088059072201,0.11229308312977743,0.8868983080643152
392.1546597109251,252.0,1.0,3.141760119394516,5.322543197270415,47.94891748981091,0.9725104386908432,0.0008072684037836933,0.06890065948332547,0.9302920721128909
618.3245569721419,252.0,1.0,3.141760119394516,5.322543197270415,66.44511830820116,1.9132795032199201,0.0008072684037836933,0.06890065948332547,0.9302920721128909
466.16255990535313,252.0,1.0,3.141760119394516,5.322543197270415,0.21871167274994097,105.52299983752998,0.0008072684037836933,0.06890065948332547,0.9302920721128909
392.19096772018713,252.0,1.0,3.141797277521628,5.32289122800276,47.94938447303609,0.9725104386908432,0.0008072581900084736,0.06866737111110065,0.9305253706988911
392.78656925095163,237.0,1.0,3.1543224832181918,5.710152808721084,45.61795862206607,0.9725104386908432,0.0008066472897526818,0.06990497157708932,0.9292883811331579
466.64597171007495,237.0,1.0,3.1543582031097963,5.7105005925714725,2.467837923344417,105.52299983752998,0.0008066392982153346,0.06966791464340462,0.9295254460583801
619.0082160821593,237.0,1.0,3.1543582031097963,5.7105005925714725,62.23567578123522,1.9132795032199201,0.0008066392982153346,0.06966791464340462,0.9295254460583801
700.0899585335226,237.0,1.0,3.1543224832181918,5.710152808721084,8.524374101007869,143.01462031214527,0.0008066472897526818,0.06990497157708932,0.9292883811331579
699.6524932222268,252.0,1.0,3.141797277521628,5.32289122800276,4.311286609750136,143.01462031214527,0.0008072581900084736,0.06866737111110065,0.9305253706988911
700.1303214353351,237.0,1.0,3.1543582031097963,5.7105005925714725,8.520155678667386,143.01462031214527,0.0008066392982153346,0.06966791464340462,0.9295254460583801
131.78102127843465,244.0,1.0,2.94980265617918,5.82868878533895,12190.929386081512,991.9720789628371,0.00080838937076875,0.11608472923437947,0.8831068813948518
68.48767957495663,244.0,1.0,2.94980265617918,5.82868878533895,7809.523671270716,408.49762641868745,0.00080838937076875,0.11608472923437947,0.8831068813948518
184.5960193134357,244.0,1.0,2.94980265617918,5.82868878533895,4643.54678413608,866.0354702635707,0.00080838937076875,0.11608472923437947,0.8831068813948518
131.6740470043607,244.0,1.0,2.9507659460060793,5.837325205551124,12200.906247875177,991.9720789628371,0.0008081492061607452,0.1097115964857821,0.8894802543080571
131.80332047212602,238.0,1.0,3.1488956240552666,6.218496490485262,13284.828356399656,991.9720789628371,0.0008082197768275697,0.12366355531828316,0.8755282249048892
184.47846152478925,238.0,1.0,3.1496221130019784,6.227338628813394,4917.506459135489,866.0354702635707,0.0008079904396108153,0.11693959075092401,0.8822524188094651
68.43717830648521,238.0,1.0,3.1496221130019784,6.227338628813394,8943.44061953458,408.49762641868745,0.0008079904396108153,0.11693959075092401,0.8822524188094651
96.06580051171174,238.0,1.0,3.1488956240552666,6.218496490485262,2987.9957761942783,375.15183285160117,0.0008082197768275697,0.12366355531828316,0.8755282249048892
96.0408614324879,244.0,1.0,2.9507659460060793,5.837325205551124,2693.118153340198,375.15183285160117,0.0008081492061607452,0.1097115964857821,0.8894802543080571
96.01988892956373,238.0,1.0,3.1496221130019784,6.227338628813394,2989.572001358494,375.15183285160117,0.0008079904396108153,0.11693959075092401,0.8822524188094651
1127.3474733907929,240.0,1.0,2.9177319421772507,5.6126299207772385,51.96561364888153,100.47410429530461,0.0008061132174970806,0.05342994241136205,0.9457639443711409
413.034674305307,240.0,1.0,2.9177319421772507,5.6126299207772385,28.184683220806548,53.042598720023804,0.0008061132174970806,0.05342994241136205,0.9457639443711409
1134.349246921712,240.0,1.0,2.9177319421772507,5.6126299207772385,3302.2722053977836,2132.5806637493456,0.0008061132174970806,0.05342994241136205,0.9457639443711409
1130.2359263460207,240.0,1.0,2.91856224211275,5.622240949143601,51.804220307882375,100.47410429530461,0.0008058979807054495,0.046856472166891185,0.9523376298524033
1137.6138605214978,215.0,1.0,2.10664141278245,3.463688772960267,70.22591108903728,100.47410429530461,0.0008056118226969878,0.028173009113777486,0.9710213790635254
1131.332594556982,215.0,1.0,2.107066901998939,3.46620797421179,3598.7222120378865,2132.5806637493456,0.0008054610527090337,0.02462524622842057,0.9745692927188704
415.3577662434635,215.0,1.0,2.107066901998939,3.46620797421179,31.575936575713868,53.042598720023804,0.0008054610527090337,0.02462524622842057,0.9745692927188704
524.0387805344495,215.0,1.0,2.10664141278245,3.463688772960267,1600.8019448644889,895.784319344114,0.0008056118226969878,0.028173009113777486,0.9710213790635254
524.4030872401611,240.0,1.0,2.91856224211275,5.622240949143601,1551.589874124916,895.784319344114,0.0008058979807054495,0.046856472166891185,0.9523376298524033
523.9184847700238,215.0,1.0,2.107066901998939,3.46620797421179,1601.0995352504458,895.784319344114,0.0008054610527090337,0.02462524622842057,0.9745692927188704
351.9072473101546,227.0,1.0,2.3711597206645467,3.4959864467930326,1152.5284720287054,598.2727866504491,0.0008063680944840897,0.04640261359558527,0.9527910183099308
1234.8264632486348,227.0,1.0,2.3711597206645467,3.4959864467930326,3998.653514656384,2458.494905330661,0.0008063680944840897,0.04640261359558527,0.9527910183099308
242.72442938887357,227.0,1.0,2.3711597206645467,3.4959864467930326,39.18401659913318,22.6539822839436,0.0008063680944840897,0.04640261359558527,0.9527910183099308
351.90152897160505,227.0,1.0,2.371201317136561,3.4962610087070036,1152.5291707217168,598.2727866504491,0.0008063545233086747,0.046089884382682564,0.9531037610940089
352.4957164020734,244.0,1.0,2.979314572943228,5.663725569104743,1109.3434253398893,598.2727866504491,0.0008078247960734504,0.08611752213875225,0.9130746530651743
239.0693920140704,244.0,1.0,2.9794135865723743,5.664517807258066,38.99589259672125,22.6539822839436,0.0008078009433542584,0.08555656174345104,0.9136356373131946
1240.4238010684699,244.0,1.0,2.9794135865723743,5.664517807258066,3837.5594113699167,2458.494905330661,0.0008078009433542584,0.08555656174345104,0.9136356373131946
1642.467797259286,244.0,1.0,2.979314572943228,5.663725569104743,147.8354222839825,100.70961323899374,0.0008078247960734504,0.08611752213875225,0.9130746530651743
1703.5843250701992,227.0,1.0,2.371201317136561,3.4962610087070036,148.92943421157705,100.70961323899374,0.0008063545233086747,0.046089884382682564,0.9531037610940089
1643.3611329730413,244.0,1.0,2.9794135865723743,5.664517807258066,147.8354929587429,100.70961323899374,0.0008078009433542584,0.08555656174345104,0.9136356373131946
955.6253375142485,208.0,1.0,2.0068701933302844,3.5260594238806195,567.959047811325,752.5472045343557,0.0008067252332542944,0.06289348233809183,0.936299792428654
6420.588263138323,208.0,1.0,2.0068701933302844,3.5260594238806195,3707.557653079022,4599.926830900195,0.0008067252332542944,0.06289348233809183,0.936299792428654
364.2951860233793,208.0,1.0,2.0068701933302844,3.5260594238806195,55.31587410527921,165.21022989053546,0.0008067252332542944,0.06289348233809183,0.936299792428654
956.529614565916,208.0,1.0,2.0112272286960446,3.5696970906358154,567.8059531328768,752.5472045343557,0.0008050722226436019,0.018148848712924565,0.981046079064432
955.8089734163353,190.0,0.0,1.8925159719737645,3.1101559762308066,605.8343175793276,752.5472045343557,0.0008064657659365192,0.04919448028058911,0.9499990539534743
365.5367849865281,190.0,0.0,1.8961629737608021,3.135989752536436,73.4207860883986,165.21022989053546,0.0008049890772833618,0.013686189121178265,0.9855088218015383
6442.836414267595,190.0,0.0,1.8961629737608021,3.135989752536436,3749.770076276743,4599.926830900195,0.0008049890772833618,0.013686189121178265,0.9855088218015383
2781.0790074884917,190.0,0.0,1.8925159719737645,3.1101559762308066,457.8564986304907,925.4127362131189,0.0008064657659365192,0.04919448028058911,0.9499990539534743
2801.4795325980904,208.0,1.0,2.0112272286960446,3.5696970906358154,407.5226028999967,925.4127362131189,0.0008050722226436019,0.018148848712924565,0.981046079064432
2804.1071235898153,190.0,0.0,1.8961629737608021,3.135989752536436,439.211143982871,925.4127362131189,0.0008049890772833618,0.013686189121178265,0.9855088218015383
816.1687909039542,248.0,1.0,3.1685880528740022,6.150242688986806,4052.3190776728065,2332.5125209675443,0.0008069134781991602,0.07282941030917571,0.9263636762126249
247.65903140753608,248.0,1.0,3.1685880528740022,6.150242688986806,1449.6266304680987,559.8208482106659,0.0008069134781991602,0.07282941030917571,0.9263636762126249
247.58647814429125,248.0,1.0,3.1685880528740022,6.150242688986806,28949.577510144885,3291.8424016825406,0.0008069134781991602,0.07282941030917571,0.9263636762126249
821.0120363197141,248.0,1.0,3.163817725455849,6.104109025038264,4064.681804387622,2332.5125209675443,0.0008081434200305303,0.10561623701318969,0.8935756195667798
813.321818749873,234.0,1.0,2.7203612539997515,4.362443730029646,4748.277698877372,2332.5125209675443,0.0008061340639065298,0.05094327805633042,0.9482505878797631
247.74536307697542,234.0,1.0,2.717140919533595,4.335924671634077,39584.27523237464,3291.8424016825406,0.0008069759419782768,0.07455095438390363,0.9246420696741181
247.76222428937768,234.0,1.0,2.717140919533595,4.335924671634077,1566.4020829887297,559.8208482106659,0.0008069759419782768,0.07455095438390363,0.9246420696741181
77.0192523899844,234.0,1.0,2.7203612539997515,4.362443730029646,21352.93727965433,579.8654746088199,0.0008061340639065298,0.05094327805633042,0.9482505878797631
77.35409604253199,248.0,1.0,3.163817725455849,6.104109025038264,15857.553536741083,579.8654746088199,0.0008081434200305303,0.10561623701318969,0.8935756195667798
77.16821784039196,234.0,1.0,2.717140919533595,4.335924671634077,21274.82064718349,579.8654746088199,0.0008069759419782768,0.07455095438390363,0.9246420696741181
767.8436762804623,233.0,1.0,2.8127905335563126,5.1108706932981915,85.1155637460167,35.43019597575902,0.000807720306357225,0.09255888422514738,0.9066333954684954
256.79848259949745,233.0,1.0,2.8127905335563126,5.1108706932981915,39.548634314039376,13.344861906745328,0.000807720306357225,0.09255888422514738,0.9066333954684954
463.16991005983357,233.0,1.0,2.8127905335563126,5.1108706932981915,2726.2357247261734,1182.2032601416051,0.000807720306357225,0.09255888422514738,0.9066333954684954
787.4725989047331,233.0,1.0,2.8170793931313667,5.155428799897595,85.47863405628698,35.43019597575902,0.0008062668557918,0.05343652372878416,0.945757209415424
794.0531463029724,179.0,0.0,1.7680158187026893,2.84881887778977,89.01187309217526,35.43019597575902,0.0008056610198294917,0.03859146851346249,0.960602870466708
459.1400380832645,181.0,0.0,1.769363553100522,2.8595998011038284,3172.2842776754233,1182.2032601416051,0.0008051184078371561,0.02180465692474285,0.97739022466742
263.36013575504245,181.0,0.0,1.769363553100522,2.8595998011038284,40.45510566074653,13.344861906745328,0.0008051184078371561,0.02180465692474285,0.97739022466742
226.50387135362064,179.0,0.0,1.7680158187026893,2.84881887778977,1557.2960267909036,508.9270879953471,0.0008056610198294917,0.03859146851346249,0.960602870466708
226.7186156081609,233.0,1.0,2.8170793931313667,5.155428799897595,1370.8620370907943,508.9270879953471,0.0008062668557918,0.05343652372878416,0.945757209415424
226.26265005640872,181.0,0.0,1.769363553100522,2.8595998011038284,1565.6748225831936,508.9270879953471,0.0008051184078371561,0.02180465692474285,0.97739022466742
155.09753272498864,249.0,1.0,2.9901463809669426,5.183530252730395,2383.6562124743245,533.1504672289376,0.0008057076414285324,0.03303646929338353,0.9661578230651879
199.14131292069723,249.0,1.0,2.9901463809669426,5.183530252730395,3005.621933669323,733.3190211236333,0.0008057076414285324,0.03303646929338353,0.9661578230651879
334.45194139629297,249.0,1.0,2.9901463809669426,5.183530252730395,35.39859895225364,15.723478743355365,0.0008057076414285324,0.03303646929338353,0.9661578230651879
156.37701600577606,248.0,1.0,2.9780218720781613,5.09427828938718,2361.7322901120483,533.1504672289376,0.0008089830307231182,0.11009893450593702,0.8890920824633398
155.01089529602916,245.0,1.0,2.7015832951810967,4.592535458585767,2447.5181626928597,533.1504672289376,0.0008055286760142157,0.02601413549662355,0.9731803358273623
328.69262381323097,245.0,1.0,2.6927253898810752,4.526736053194803,31.183061685524024,15.723478743355365,0.0008083458697486451,0.08826617122401938,0.910925482906232
200.63499901499628,245.0,1.0,2.6927253898810752,4.526736053194803,3100.323620360387,733.3190211236333,0.0008083458697486451,0.08826617122401938,0.910925482906232
488.67673678786605,245.0,1.0,2.7015832951810967,4.592535458585767,44.24976212572834,18.778080386815102,0.0008055286760142157,0.02601413549662355,0.9731803358273623
473.3778299499131,248.0,1.0,2.9780218720781613,5.09427828938718,45.24429761556157,18.778080386815102,0.0008089830307231182,0.11009893450593702,0.8890920824633398
477.31154324876536,245.0,1.0,2.6927253898810752,4.526736053194803,41.01217638778561,18.778080386815102,0.0008083458697486451,0.08826617122401938,0.910925482906232
312.4091338373588,243.0,1.0,2.505135850439527,4.687094813442376,45.51722502112357,22.696820766843945,0.0008071018594774795,0.07632508421245902,0.9228678139280636
465.4688022809517,243.0,1.0,2.505135850439527,4.687094813442376,59.292262868203395,30.852462776492587,0.0008071018594774795,0.07632508421245902,0.9228678139280636
85.61565503069842,243.0,1.0,2.505135850439527,4.687094813442376,13738.064083123234,566.8386814030738,0.0008071018594774795,0.07632508421245902,0.9228678139280636
313.0339164913016,243.0,1.0,2.505658077919824,4.692021336109574,45.54583543436026,22.696820766843945,0.000806941499075692,0.07201639202236956,0.9271766664785547
312.73188245250793,219.0,1.0,2.4060635405187556,4.024496409624292,44.814835935599795,22.696820766843945,0.0008067158568842088,0.07095692020084765,0.928236363942268
85.53579221819524,219.0,1.0,2.4064804547811156,4.028075303810992,14334.859456574395,566.8386814030738,0.0008065774811337695,0.0668961673363889,0.9322972551824774
467.1931003254512,219.0,1.0,2.4064804547811156,4.028075303810992,58.88266873107517,30.852462776492587,0.0008065774811337695,0.0668961673363889,0.9322972551824774
108.47086806996195,219.0,1.0,2.4060635405187556,4.024496409624292,16877.376510806946,787.4516798880388,0.0008067158568842088,0.07095692020084765,0.928236363942268
108.48034424487315,243.0,1.0,2.505658077919824,4.692021336109574,15759.32297398124,787.4516798880388,0.000806941499075692,0.07201639202236956,0.9271766664785547
108.42453235098648,219.0,1.0,2.4064804547811156,4.028075303810992,16876.492809910393,787.4516798880388,0.0008065774811337695,0.0668961673363889,0.9322972551824774
243.74746692301557,255.0,1.0,3.805393424459014,8.514405272478646,4258.15305263741,1196.987729445956,0.0008077494853585274,0.1140898012193033,0.8851024492953381
301.2694762282512,255.0,1.0,3.805393424459014,8.514405272478646,4807.840575239876,1595.739150032005,0.0008077494853585274,0.1140898012193033,0.8851024492953381
1593.7930500285827,255.0,1.0,3.805393424459014,8.514405272478646,805.3296831339204,896.3480235439986,0.0008077494853585274,0.1140898012193033,0.8851024492953381
241.98944855702794,255.0,1.0,3.812215890328085,8.607839477827774,4271.2158590181225,1196.987729445956,0.0008062789756282192,0.06653808536779635,0.9326556356565755
240.91759231066345,203.0,1.0,2.1168861189365993,3.1181885403015537,6466.706645114402,1196.987729445956,0.0008057103749100735,0.028301146940634642,0.9708931426844554
1608.4219774483881,203.0,1.0,2.118454467822045,3.1290543794358743,544.1495848506395,896.3480235439986,0.0008051463183509285,0.015905172724110902,0.9832896809575382
296.47023579228824,203.0,1.0,2.118454467822045,3.1290543794358743,8136.932007335916,1595.739150032005,0.0008051463183509285,0.015905172724110902,0.9832896809575382
2073.818574541084,203.0,1.0,2.1168861189365993,3.1181885403015537,692.7338398465163,1126.4398280289834,0.0008057103749100735,0.028301146940634642,0.9708931426844554
2066.026228671333,255.0,1.0,3.812215890328085,8.607839477827774,1088.6951190914172,1126.4398280289834,0.0008062789756282192,0.06653808536779635,0.9326556356565755
2076.7509093259005,203.0,1.0,2.118454467822045,3.1290543794358743,692.0214872941548,1126.4398280289834,0.0008051463183509285,0.015905172724110902,0.9832896809575382
7418.3875066912005,245.0,1.0,2.826356846065152,5.212857412637594,5204.089848891899,5902.323185144765,0.0008068317438061824,0.07207822107678506,0.9271149471794089
3615.728528804118,245.0,1.0,2.826356846065152,5.212857412637594,2532.309264980733,2954.533457114068,0.0008068317438061824,0.07207822107678506,0.9271149471794089
1777.912952826208,245.0,1.0,2.826356846065152,5.212857412637594,114.93491703562417,53.574274668918605,0.0008068317438061824,0.07207822107678506,0.9271149471794089
7404.6284812734875,245.0,1.0,2.821276472257441,5.162360437705575,5201.621052656925,5902.323185144765,0.0008081953481881786,0.10909521054463892,0.890096594107173
7428.220180816273,218.0,1.0,2.2660895248801323,3.7072744772083617,5143.790892713801,5902.323185144765,0.0008059313606851504,0.04362790643473984,0.9555661622045751
1782.2920031047765,218.0,1.0,2.263718493225583,3.685320636481694,122.90494351824715,53.574274668918605,0.0008067801989118798,0.06691719442322007,0.932276025377868
3616.129658831639,218.0,1.0,2.263718493225583,3.685320636481694,2504.570041523121,2954.533457114068,0.0008067801989118798,0.06691719442322007,0.932276025377868
775.2619817738499,218.0,1.0,2.2660895248801323,3.7072744772083617,65.35521730075125,39.59139195151266,0.0008059313606851504,0.04362790643473984,0.9555661622045751
754.8531819688689,245.0,1.0,2.821276472257441,5.162360437705575,61.7589109281113,39.59139195151266,0.0008081953481881786,0.10909521054463892,0.890096594107173
767.8899903222518,218.0,1.0,2.263718493225583,3.685320636481694,65.33044428196246,39.59139195151266,0.0008067801989118798,0.06691719442322007,0.932276025377868
206.80746386287998,246.0,1.0,2.6971286951037667,4.397555710206529,1086.918835079915,428.93608354662246,0.0008062527568639507,0.04104246750115041,0.9581512797419857
204.14317805224192,246.0,1.0,2.6971286951037667,4.397555710206529,1073.308413285055,422.79778378060735,0.0008062527568639507,0.04104246750115041,0.9581512797419857
215.39416036313207,246.0,1.0,2.6971286951037667,4.397555710206529,1068.5018193638662,436.42617351393363,0.0008062527568639507,0.04104246750115041,0.9581512797419857
206.91569657530536,246.0,1.0,2.6956937878152543,4.387793467894232,1086.3021062927405,428.93608354662246,0.0008066339001820008,0.04929288349967108,0.9499004826001469
206.73631277205925,222.0,1.0,2.223214564909363,3.894396976309892,1057.7497995418184,428.93608354662246,0.0008060114635891296,0.034035119462731314,0.9651588690736795
215.4169996540916,222.0,1.0,2.222221644503199,3.8878371568254764,1039.5076294006788,436.42617351393363,0.0008063430637471256,0.040983884863871646,0.9582097720723811
204.16563701647615,222.0,1.0,2.222221644503199,3.8878371568254764,1042.836832052244,422.79778378060735,0.0008063430637471256,0.040983884863871646,0.9582097720723811
212.54243380098063,222.0,1.0,2.223214564909363,3.894396976309892,1026.6373073362463,430.18494315982247,0.0008060114635891296,0.034035119462731314,0.9651588690736795
212.7199143609792,246.0,1.0,2.6956937878152543,4.387793467894232,1054.4695756662359,430.18494315982247,0.0008066339001820008,0.04929288349967108,0.9499004826001469
212.6353741258822,222.0,1.0,2.222221644503199,3.8878371568254764,1025.7268958685538,430.18494315982247,0.0008063430637471256,0.040983884863871646,0.9582097720723811
289.5441183122182,229.0,1.0,2.8313273836778334,4.811770295433,9.910942857413163,53.320347326472415,0.0008057457004797997,0.05360447553475924,0.9455897787647609
274.78678754444167,229.0,1.0,2.8313273836778334,4.811770295433,9.71664965888897,51.19474665425172,0.0008057457004797997,0.05360447553475924,0.9455897787647609
127.8468966782201,229.0,1.0,2.8313273836778334,4.811770295433,2852.050967772497,428.97667754189973,0.0008057457004797997,0.05360447553475924,0.9455897787647609
288.0152758665021,229.0,1.0,2.8275290724245647,4.772415242717591,8.422727484277983,53.320347326472415,0.0008066895396997236,0.08902326791093566,0.9101700425493645
290.7912810033961,166.0,0.0,1.4703702873508633,2.5111603232233564,12.088124210390296,53.320347326472415,0.00080502359441721,0.01921129449630998,0.979983681909273
127.74675459688328,165.0,0.0,1.469111513443382,2.5044119766684494,3025.1139848756775,428.97667754189973,0.0008054549320810702,0.033031169651080376,0.9661633754168386
275.29710482552696,165.0,0.0,1.469111513443382,2.5044119766684494,10.2137203685619,51.19474665425172,0.0008054549320810702,0.033031169651080376,0.9661633754168386
122.86591103346284,166.0,0.0,1.4703702873508633,2.5111603232233564,2939.3344020046557,409.8543476891112,0.00080502359441721,0.01921129449630998,0.979983681909273
123.35470124924895,229.0,1.0,2.8275290724245647,4.772415242717591,2757.7895653945525,409.8543476891112,0.0008066895396997236,0.08902326791093566,0.9101700425493645
122.9889083079715,165.0,0.0,1.469111513443382,2.5044119766684494,2930.78874130339,409.8543476891112,0.0008054549320810702,0.033031169651080376,0.9661633754168386
1262.3146990385974,252.0,1.0,4.219693188067548,8.60866143993131,2542.679356419812,2133.272352991349,0.0008106891851650015,0.201492019394821,0.797697291420014
809.5650125228918,252.0,1.0,4.219693188067548,8.60866143993131,1800.599683966312,1309.0088236503925,0.0008106891851650015,0.201492019394821,0.797697291420014
1227.6814289053657,252.0,1.0,4.219693188067548,8.60866143993131,516.1148033724592,405.0139305258551,0.0008106891851650015,0.201492019394821,0.797697291420014
1253.8141671112912,252.0,1.0,4.231328730785372,8.757182883253252,2554.0314255859485,2133.272352991349,0.0008083630747505268,0.1358356568176952,0.8633559801075542
1245.8529187860295,214.0,1.0,2.1655380787260547,3.6133961328492896,3251.259122701531,2133.272352991349,0.0008067803073887259,0.06077337989084925,0.9384198398017619
1271.9991534507728,214.0,1.0,2.1678658076145623,3.6319265247307793,135.84629168768438,405.0139305258551,0.0008059134066467324,0.039089048456115154,0.9601050381372381
801.0751003567426,214.0,1.0,2.1678658076145623,3.6319265247307793,2099.36068507601,1309.0088236503925,0.0008059134066467324,0.039089048456115154,0.9601050381372381
750.7548535723694,214.0,1.0,2.1655380787260547,3.6133961328492896,76.97996841930168,264.6494080092265,0.0008067803073887259,0.06077337989084925,0.9384198398017619
742.7160322773104,252.0,1.0,4.231328730785372,8.757182883253252,209.84092064535068,264.6494080092265,0.0008083630747505268,0.1358356568176952,0.8633559801075542
753.3357366013038,214.0,1.0,2.1678658076145623,3.6319265247307793,76.97040464370245,264.6494080092265,0.0008059134066467324,0.039089048456115154,0.9601050381372381
545.4371524351001,248.0,1.0,3.177312481901966,6.516361859111914,43.30895255445196,20.58114338595425,0.0008057373193917031,0.04467210657388298,0.9545221561067254
1772.238649102078,248.0,1.0,3.177312481901966,6.516361859111914,68.71321701149543,70.07670673323562,0.0008057373193917031,0.04467210657388298,0.9545221561067254
594.7744166349878,248.0,1.0,3.177312481901966,6.516361859111914,48.41519705078424,41.284793896249546,0.0008057373193917031,0.04467210657388298,0.9545221561067254
530.0687850432222,248.0,1.0,3.170164884407056,6.4325334316240355,37.0253648958611,20.58114338595425,0.0008075454134359784,0.10119936936072109,0.8979930852258429
548.816160977919,239.0,1.0,2.637975033342989,4.5918874789637245,66.04832482850529,20.58114338595425,0.0008055305521369435,0.02976574103240801,0.9694287284154549
584.1732691556554,239.0,1.0,2.6328917377839773,4.549663951730062,70.28300695841905,41.284793896249546,0.0008070495585656904,0.0686922584183215,0.9305006920231127
1739.301632861851,239.0,1.0,2.6328917377839773,4.549663951730062,159.2810218514785,70.07670673323562,0.0008070495585656904,0.0686922584183215,0.9305006920231127
2066.1034419306325,239.0,1.0,2.637975033342989,4.5918874789637245,171.94696769528144,115.52808978476597,0.0008055305521369435,0.02976574103240801,0.9694287284154549
1931.1703153090507,248.0,1.0,3.170164884407056,6.4325334316240355,138.16951682397234,115.52808978476597,0.0008075454134359784,0.10119936936072109,0.8979930852258429
1991.9619020599084,239.0,1.0,2.6328917377839773,4.549663951730062,171.9492165032691,115.52808978476597,0.0008070495585656904,0.0686922584183215,0.9305006920231127
98.09465239093798,243.0,1.0,2.9339552722089843,5.750806511272478,17254.81474130045,796.6706758220814,0.0008082274722588782,0.09870844405744417,0.9004833284702969
83.09413502077595,243.0,1.0,2.9339552722089843,5.750806511272478,15493.70338390236,630.5089484837227,0.0008082274722588782,0.09870844405744417,0.9004833284702969
660.49052923192,243.0,1.0,2.9339552722089843,5.750806511272478,1686.1795329043202,1059.6233588007115,0.0008082274722588782,0.09870844405744417,0.9004833284702969
97.63548758760079,243.0,1.0,2.9400613444389267,5.8127169161766465,17317.547508496085,796.6706758220814,0.0008063723657857126,0.05256308875529046,0.9466305388789238
98.01519247926535,236.0,1.0,2.6762557492500494,4.694961868892052,17533.33079778964,796.6706758220814,0.000807990781018242,0.08265666325498919,0.9165353459639927
658.5354991837545,237.0,1.0,2.6812472973377464,4.738587891398553,1693.7025840042047,1059.6233588007115,0.0008062498243468073,0.04365841133605569,0.9555353388395974
82.71496097164112,237.0,1.0,2.6812472973377464,4.738587891398553,15628.424095658052,630.5089484837227,0.0008062498243468073,0.04365841133605569,0.9555353388395974
552.207443381536,236.0,1.0,2.6762557492500494,4.694961868892052,1413.3050355384885,871.556352393584,0.000807990781018242,0.08265666325498919,0.9165353459639927
551.1785063615857,243.0,1.0,2.9400613444389267,5.8127169161766465,1413.7172840034655,871.556352393584,0.0008063723657857126,0.05256308875529046,0.9466305388789238
551.0577515161367,237.0,1.0,2.6812472973377464,4.738587891398553,1414.7115799378203,871.556352393584,0.0008062498243468073,0.04365841133605569,0.9555353388395974
831.0057111869816,220.0,1.0,2.4642102857757613,4.1444221388804925,325.43345900914727,511.14276753186044,0.0008055190297777434,0.027468907260042197,0.9717255737101802
2296.651356144366,220.0,1.0,2.4642102857757613,4.1444221388804925,838.1002764458342,1278.8638766619883,0.0008055190297777434,0.027468907260042197,0.9717255737101802
206.75789094643625,220.0,1.0,2.4642102857757613,4.1444221388804925,2025.2859152151711,584.5272211246779,0.0008055190297777434,0.027468907260042197,0.9717255737101802
828.9645793883908,220.0,1.0,2.4591272524985603,4.103788793392124,330.17233080675754,511.14276753186044,0.0008071601758765058,0.06672824927076443,0.932464590553359
831.51760739926,211.0,1.0,2.2379295060629265,3.701569551728317,317.69059181142256,511.14276753186044,0.0008050025061695486,0.01965035668118885,0.9795446408126416
207.02131088976424,211.0,1.0,2.235186977407815,3.679975539066381,2282.6188091525228,584.5272211246779,0.0008058712792416179,0.048420889552145255,0.9507732391686132
2291.5413712481595,211.0,1.0,2.235186977407815,3.679975539066381,845.2811753208492,1278.8638766619883,0.0008058712792416179,0.048420889552145255,0.9507732391686132
479.4215592641593,211.0,1.0,2.2379295060629265,3.701569551728317,5349.5904868731295,1687.4402515446443,0.0008050025061695486,0.01965035668118885,0.9795446408126416
483.505253406451,220.0,1.0,2.4591272524985603,4.103788793392124,4985.439614977631,1687.4402515446443,0.0008071601758765058,0.06672824927076443,0.932464590553359
481.7094789729672,211.0,1.0,2.235186977407815,3.679975539066381,5305.347849157311,1687.4402515446443,0.0008058712792416179,0.048420889552145255,0.9507732391686132
285.5259901225703,216.0,1.0,2.3685122871928566,4.601921733884897,2443.588641847709,785.5660827016507,0.000806503383326411,0.06651406192103562,0.932679434695638
234.19875536592085,216.0,1.0,2.3685122871928566,4.601921733884897,2029.733331416183,617.3339650980283,0.000806503383326411,0.06651406192103562,0.932679434695638
487.61975151544857,216.0,1.0,2.3685122871928566,4.601921733884897,56.65737736818721,3.653863869268334,0.000806503383326411,0.06651406192103562,0.932679434695638
285.12020303033637,216.0,1.0,2.370017991070872,4.618860689129031,2443.8632469286763,785.5660827016507,0.0008060465080158242,0.05249711434796765,0.9466968391440165
285.1886779984212,212.0,1.0,2.135008668735448,3.199059793812664,2256.9352798437326,785.5660827016507,0.0008064898493268968,0.042607825182309225,0.956585684968364
493.07047737618916,212.0,1.0,2.1362512504773896,3.205588826354277,50.490720725138615,3.653863869268334,0.0008060334650382262,0.033354568600066525,0.965839397934895
233.78888094373548,212.0,1.0,2.1362512504773896,3.205588826354277,1813.6043227854507,617.3339650980283,0.0008060334650382262,0.033354568600066525,0.965839397934895
362.7981216792715,212.0,1.0,2.135008668735448,3.199059793812664,39.587273299582854,1.7013739890603317,0.0008064898493268968,0.042607825182309225,0.956585684968364
362.81968852863673,216.0,1.0,2.370017991070872,4.618860689129031,45.69017608700591,1.7013739890603317,0.0008060465080158242,0.05249711434796765,0.9466968391440165
364.1991848257239,212.0,1.0,2.1362512504773896,3.205588826354277,40.27504179590115,1.7013739890603317,0.0008060334650382262,0.033354568600066525,0.965839397934895
1784.211027164168,240.0,1.0,2.9153045623802747,4.727143488774161,142.4526829091389,106.87470513822802,0.0008064699320566041,0.04914558348425121,0.9500479465836922
222.99214587172335,240.0,1.0,2.9153045623802747,4.727143488774161,35.10779147476957,22.45421441576119,0.0008064699320566041,0.04914558348425121,0.9500479465836922
12260.246614067499,240.0,1.0,2.9153045623802747,4.727143488774161,10466.071387582791,11084.699455481128,0.0008064699320566041,0.04914558348425121,0.9500479465836922
1754.7138051261186,240.0,1.0,2.9123059565846665,4.7082780976777165,141.1020379639187,106.87470513822802,0.0008072049014351314,0.06598309115445679,0.9332097039441081
1802.8588000705013,222.0,1.0,2.308195543321854,4.291403613777616,151.6726116835785,106.87470513822802,0.000805970271732294,0.039208456636923926,0.9599855730913438
12259.848704005806,222.0,1.0,2.3065514441652333,4.2765203900722115,10369.747397619232,11084.699455481128,0.0008065229503075326,0.05269749509378583,0.9464959819559066
223.23988993017585,222.0,1.0,2.3065514441652333,4.2765203900722115,36.37319501966053,22.45421441576119,0.0008065229503075326,0.05269749509378583,0.9464959819559066
2896.4750207360476,222.0,1.0,2.308195543321854,4.291403613777616,2457.7005688717823,2681.9569265411387,0.000805970271732294,0.039208456636923926,0.9599855730913438
2895.7558883950355,240.0,1.0,2.9123059565846665,4.7082780976777165,2478.913525954767,2681.9569265411387,0.0008072049014351314,0.06598309115445679,0.9332097039441081
2896.19161972831,222.0,1.0,2.3065514441652333,4.2765203900722115,2458.1529710915256,2681.9569265411387,0.0008065229503075326,0.05269749509378583,0.9464959819559066
98.21219371672643,213.0,1.0,2.0702717977828766,3.303730136958969,4265.924338555996,451.96755702044544,0.0008070449257707365,0.059350826052564684,0.9398421290216646
183.46996920282476,213.0,1.0,2.0702717977828766,3.303730136958969,8083.718171494008,1048.6935502128176,0.0008070449257707365,0.059350826052564684,0.9398421290216646
88.54157718707346,213.0,1.0,2.0702717977828766,3.303730136958969,5819.417137785532,463.9835287685655,0.0008070449257707365,0.059350826052564684,0.9398421290216646
97.85569598804858,214.0,1.0,2.0744968399883574,3.3327391179065655,4278.386696335769,451.96755702044544,0.0008054533066975863,0.023791779081133137,0.9754027676121692
98.30208996949887,215.0,1.0,2.1673757205116857,3.9818212973815204,4609.922610146763,451.96755702044544,0.0008073774269249047,0.07957111439192265,0.9196215081811525
88.25403830787405,215.0,1.0,2.1731689836194534,4.029882302280791,6354.463376061121,463.9835287685655,0.0008055857482474662,0.03248100875403817,0.9667134054977143
182.62524817378494,215.0,1.0,2.1731689836194534,4.029882302280791,7860.287826437824,1048.6935502128176,0.0008055857482474662,0.03248100875403817,0.9667134054977143
165.86918636923428,215.0,1.0,2.1673757205116857,3.9818212973815204,10596.654873880949,1095.5295095780511,0.0008073774269249047,0.07957111439192265,0.9196215081811525
164.65253652964807,214.0,1.0,2.0744968399883574,3.3327391179065655,10838.669072108043,1095.5295095780511,0.0008054533066975863,0.023791779081133137,0.9754027676121692
164.78694939237673,215.0,1.0,2.1731689836194534,4.029882302280791,10556.86505861556,1095.5295095780511,0.0008055857482474662,0.03248100875403817,0.9667134054977143
232.98801911861005,214.0,1.0,2.1655812016510114,4.697264162053509,31.282702996664018,10.44347186626247,0.0008068018300510768,0.06798647980514788,0.9312067183648012
523.2193981502264,214.0,1.0,2.1655812016510114,4.697264162053509,56.72506673501844,15.168218150650805,0.0008068018300510768,0.06798647980514788,0.9312067183648012
1670.2651022138962,214.0,1.0,2.1655812016510114,4.697264162053509,2193.116251423257,1896.017559319017,0.0008068018300510768,0.06798647980514788,0.9312067183648012
232.76099677604302,214.0,1.0,2.1651014828658606,4.691615038568114,31.27843391949785,10.44347186626247,0.0008069635113850832,0.07233303104051156,0.9268600054481033
231.3132636075369,232.0,1.0,2.9215072635758945,5.43215825628358,24.429006831441335,10.44347186626247,0.000808279610072174,0.08805514102262683,0.911136579367301
1671.0598026671194,232.0,1.0,2.9205843099020643,5.424126812744814,2158.804474399507,1896.017559319017,0.0008085442241194575,0.09367601426357676,0.9055154415123038
516.8505017492625,232.0,1.0,2.9205843099020643,5.424126812744814,40.88210406489168,15.168218150650805,0.0008085442241194575,0.09367601426357676,0.9055154415123038
3074.1559202125027,232.0,1.0,2.9215072635758945,5.43215825628358,3984.282580259264,3542.6183340592424,0.000808279610072174,0.08805514102262683,0.911136579367301
3072.711892828638,214.0,1.0,2.1651014828658606,4.691615038568114,4048.8072738383735,3542.6183340592424,0.0008069635113850832,0.07233303104051156,0.9268600054481033
3074.5426930965095,232.0,1.0,2.9205843099020643,5.424126812744814,3983.965128535288,3542.6183340592424,0.0008085442241194575,0.09367601426357676,0.9055154415123038
349.175901864519,224.0,1.0,2.306053450803051,4.045672320492806,22947.545826214395,3553.6768184839807,0.0008055584615811592,0.03142080840251215,0.9677736331359066
86.77042949294854,224.0,1.0,2.306053450803051,4.045672320492806,7603.665986856995,490.4591456375835,0.0008055584615811592,0.03142080840251215,0.9677736331359066
2348.1426468273407,224.0,1.0,2.306053450803051,4.045672320492806,198.92774681317454,109.5292674167509,0.0008055584615811592,0.03142080840251215,0.9677736331359066
348.7046443623051,224.0,1.0,2.306816094613582,4.053469414553957,22910.573713094982,3553.6768184839807,0.0008052920106286219,0.02410895320604293,0.9750857547833284
348.5227326898995,195.0,0.0,1.875424119583801,3.189859188665597,30838.187785303402,3553.6768184839807,0.0008051052595084785,0.021387629420425967,0.9778072653200656
2376.8516228055237,195.0,0.0,1.8758341776250553,3.1934556589250684,206.76951155478943,109.5292674167509,0.0008049464279237838,0.016365779491226726,0.9828292740808495
86.65321435487081,195.0,0.0,1.8758341776250553,3.1934556589250684,8293.660845196915,490.4591456375835,0.0008049464279237838,0.016365779491226726,0.9828292740808495
277.13718083151554,195.0,0.0,1.875424119583801,3.189859188665597,42.182342630451394,15.631106398513431,0.0008051052595084785,0.021387629420425967,0.9778072653200656
276.80555028497963,224.0,1.0,2.306816094613582,4.053469414553957,41.55009894682687,15.631106398513431,0.0008052920106286219,0.02410895320604293,0.9750857547833284
277.639333014096,195.0,0.0,1.8758341776250553,3.1934556589250684,42.21892509883503,15.631106398513431,0.0008049464279237838,0.016365779491226726,0.9828292740808495
809.6430637995572,254.0,1.0,3.3330326881260923,6.459709282480976,156.79735003871556,271.1925399282782,0.0008081069523651678,0.11902513461094384,0.8801667584366909
416.0167255233861,254.0,1.0,3.3330326881260923,6.459709282480976,61.956900166766715,156.02607847913328,0.0008081069523651678,0.11902513461094384,0.8801667584366909
675.4294209189751,254.0,1.0,3.3330326881260923,6.459709282480976,54.52187352913262,125.27246337878398,0.0008081069523651678,0.11902513461094384,0.8801667584366909
807.7844174366352,254.0,1.0,3.330691273172118,6.438377424802772,156.7304243525254,271.1925399282782,0.0008085329328509682,0.13118912354799997,0.8680023435191492
815.1410565930869,236.0,1.0,2.53541482027902,4.333731064778938,87.47832919601767,271.1925399282782,0.0008078146103522,0.07368242716740687,0.9255097582222409
680.7866343115179,236.0,1.0,2.5341526871433038,4.325874860218454,4.676726407913098,125.27246337878398,0.0008082044578840236,0.08165220456956696,0.917539590972549
416.85464112790413,236.0,1.0,2.5341526871433038,4.325874860218454,45.98268007020907,156.02607847913328,0.0008082044578840236,0.08165220456956696,0.917539590972549
337.2796454463505,236.0,1.0,2.53541482027902,4.333731064778938,4.1886967779232185,73.99800276939854,0.0008078146103522,0.07368242716740687,0.9255097582222409
335.0140335552142,254.0,1.0,3.330691273172118,6.438377424802772,8.887459141311101,73.99800276939854,0.0008085329328509682,0.13118912354799997,0.8680023435191492
336.76845121327074,236.0,1.0,2.5341526871433038,4.325874860218454,4.044679160960904,73.99800276939854,0.0008082044578840236,0.08165220456956696,0.917539590972549
8086.27032909798,226.0,1.0,2.4859043692751994,4.024825914695783,8677.166216430915,8364.535267874018,0.0008063957511248497,0.055460012461278074,0.943733591787597
34754.78921452324,226.0,1.0,2.4859043692751994,4.024825914695783,37322.286749841754,36338.66219184165,0.0008063957511248497,0.055460012461278074,0.943733591787597
114.42633999671241,226.0,1.0,2.4859043692751994,4.024825914695783,4228.5360558571365,488.5598725680748,0.0008063957511248497,0.055460012461278074,0.943733591787597
8085.908357682316,226.0,1.0,2.487287061099579,4.036299046007451,8677.746785100902,8364.535267874018,0.0008059560739280367,0.043477017148539,0.955717026777533
8087.221686679988,249.0,1.0,3.175893477327655,6.1599285644714135,8646.76791502082,8364.535267874018,0.0008078485365145448,0.08932513847232237,0.9098670129911629
114.58154096229667,249.0,1.0,3.178861719085945,6.191217307554236,3431.4584782923143,488.5598725680748,0.0008070849760701712,0.07060149446830187,0.9285914205556279
34759.19761382585,249.0,1.0,3.178861719085945,6.191217307554236,36919.553224808275,36338.66219184165,0.0008070849760701712,0.07060149446830187,0.9285914205556279
413.72371819044594,249.0,1.0,3.175893477327655,6.1599285644714135,9130.726860464376,2770.3401849714724,0.0008078485365145448,0.08932513847232237,0.9098670129911629
409.7240416758734,226.0,1.0,2.487287061099579,4.036299046007451,12522.304500289094,2770.3401849714724,0.0008059560739280367,0.043477017148539,0.955717026777533
411.9966712068459,249.0,1.0,3.178861719085945,6.191217307554236,9127.551888177342,2770.3401849714724,0.0008070849760701712,0.07060149446830187,0.9285914205556279
321.4993099051482,229.0,1.0,2.624313419305423,4.6290754452548155,28.50839107668491,29.174353492199955,0.0008056092848394807,0.03938904718887785,0.9598053435262827
256.0760656654176,229.0,1.0,2.624313419305423,4.6290754452548155,24.338575509077504,24.951716806184898,0.0008056092848394807,0.03938904718887785,0.9598053435262827
94.4977513076176,229.0,1.0,2.624313419305423,4.6290754452548155,7113.949481256355,530.7166863730131,0.0008056092848394807,0.03938904718887785,0.9598053435262827
317.6294054592637,229.0,1.0,2.6170931922068372,4.566316331922344,27.614194339631524,29.174353492199955,0.0008072579232050842,0.09024770771751577,0.9089450343592791
321.2811514379507,236.0,1.0,2.660793621418175,4.680772399818595,31.710364829704666,29.174353492199955,0.0008058041835482533,0.04180745529048767,0.9573867405259638
94.9975198125073,236.0,1.0,2.6537331464051293,4.615013885449414,7942.415409919885,530.7166863730131,0.0008077123566371189,0.09527302434069816,0.9039192633026647
253.14844993907212,236.0,1.0,2.6537331464051293,4.615013885449414,26.68400494794292,24.951716806184898,0.0008077123566371189,0.09527302434069816,0.9039192633026647
80.92988400770246,236.0,1.0,2.660793621418175,4.680772399818595,7161.367893593615,434.7822624569561,0.0008058041835482533,0.04180745529048767,0.9573867405259638
81.20435116343789,229.0,1.0,2.6170931922068372,4.566316331922344,6288.973030767842,434.7822624569561,0.0008072579232050842,0.09024770771751577,0.9089450343592791
81.27424687252741,236.0,1.0,2.6537331464051293,4.615013885449414,7133.292643748913,434.7822624569561,0.0008077123566371189,0.09527302434069816,0.9039192633026647
166.50368894440714,219.0,1.0,2.228461838318525,3.7150149618316073,10599.38442639529,1053.0002604159279,0.0008065311487405106,0.049804670185083055,0.9493887986661765
150.92710975186043,219.0,1.0,2.228461838318525,3.7150149618316073,9654.018388377539,915.2258416029416,0.0008065311487405106,0.049804670185083055,0.9493887986661765
3678.81921840105,219.0,1.0,2.228461838318525,3.7150149618316073,2649.0901957515453,3097.5022040053145,0.0008065311487405106,0.049804670185083055,0.9493887986661765
166.1930109271315,219.0,1.0,2.230178246814166,3.7289356467513786,10600.5220733048,1053.0002604159279,0.0008059792197162651,0.037086527661273815,0.9621074931190099
166.56180950674985,224.0,1.0,2.5162692276093424,4.43208152190641,9135.993672771672,1053.0002604159279,0.0008064270831382348,0.05780959711649086,0.9413839758003708
3679.8523152083026,224.0,1.0,2.5179001182171756,4.447249536246107,2691.4384387259643,3097.5022040053145,0.0008059009145251129,0.043063768194060915,0.9561303308914143
150.68755948301853,224.0,1.0,2.5179001182171756,4.447249536246107,8392.140258003405,915.2258416029416,0.0008059009145251129,0.043063768194060915,0.9561303308914143
3274.801956604982,224.0,1.0,2.5162692276093424,4.43208152190641,2398.760801586566,2768.40298586584,0.0008064270831382348,0.05780959711649086,0.9413839758003708
3276.2311425951984,219.0,1.0,2.230178246814166,3.7289356467513786,2362.535765564259,2768.40298586584,0.0008059792197162651,0.037086527661273815,0.9621074931190099
3276.004868765621,224.0,1.0,2.5179001182171756,4.447249536246107,2398.1862213037593,2768.40298586584,0.0008059009145251129,0.043063768194060915,0.9561303308914143
2042.1357719089456,212.0,1.0,2.060717473223385,3.4907267087772254,44.54759882245267,397.85293876031415,0.0008054757821334789,0.03321813539240229,0.9659763888254642
1676.6692916204368,212.0,1.0,2.060717473223385,3.4907267087772254,35.82370543867245,341.91198664136596,0.0008054757821334789,0.03321813539240229,0.9659763888254642
1918.0129017066783,212.0,1.0,2.060717473223385,3.4907267087772254,164.4233483531648,27.24970198347865,0.0008054757821334789,0.03321813539240229,0.9659763888254642
2032.4090979930143,212.0,1.0,2.0591093532171287,3.4773992804901224,45.27141210534832,397.85293876031415,0.0008059590511325658,0.04807277559199289,0.9511212653568744
2027.397374095337,227.0,1.0,2.6394404977988217,4.854116887288176,105.46411170821793,397.85293876031415,0.0008062738250404973,0.055928082599333594,0.9432656435756259
1859.1854102215023,227.0,1.0,2.6361318593621164,4.824185366923751,137.9820532516837,27.24970198347865,0.000807135443891888,0.08032804192047575,0.9188648226356325
1652.4822718745954,227.0,1.0,2.6361318593621164,4.824185366923751,87.3803167609116,341.91198664136596,0.000807135443891888,0.08032804192047575,0.9188648226356325
1528.9233790669718,227.0,1.0,2.6394404977988217,4.854116887288176,118.39005105073457,18.196435457782883,0.0008062738250404973,0.055928082599333594,0.9432656435756259
1536.2080293950185,212.0,1.0,2.0591093532171287,3.4773992804901224,137.63677672692913,18.196435457782883,0.0008059590511325658,0.04807277559199289,0.9511212653568744
1505.0885563120414,227.0,1.0,2.6361318593621164,4.824185366923751,116.14379637406763,18.196435457782883,0.000807135443891888,0.08032804192047575,0.9188648226356325
973.419757287719,249.0,1.0,2.52254450821117,4.1263175320047285,1518.2914188568889,1193.6068261301555,0.0008075312067072199,0.07403647694873924,0.9251559918445535
1280.9606915763695,249.0,1.0,2.52254450821117,4.1263175320047285,1993.0657395689566,1586.665051942345,0.0008075312067072199,0.07403647694873924,0.9251559918445535
163.25358281508278,249.0,1.0,2.52254450821117,4.1263175320047285,1495.079862737493,414.177344365744,0.0008075312067072199,0.07403647694873924,0.9251559918445535
972.4749411264456,250.0,1.0,2.529718575781409,4.169725082339602,1520.4994464166655,1193.6068261301555,0.0008054545506641592,0.025405528815740843,0.9737890166335949
972.8778549078091,219.0,1.0,2.252087671720086,3.720443213764825,1526.6078855195226,1193.6068261301555,0.0008061575528545155,0.05851008405413751,0.9406837583930081
162.54665074225892,219.0,1.0,2.2557608361252726,3.756794011470098,1559.8216258647408,414.177344365744,0.0008050026349369435,0.01992684969619437,0.9792681476688686
1279.095067240991,219.0,1.0,2.2557608361252726,3.756794011470098,2013.037264603794,1586.665051942345,0.0008050026349369435,0.01992684969619437,0.9792681476688686
209.52959805423376,219.0,1.0,2.252087671720086,3.720443213764825,1956.1572029659449,556.3211710937867,0.0008061575528545155,0.05851008405413751,0.9406837583930081
209.09091492111648,250.0,1.0,2.529718575781409,4.169725082339602,1882.0296792072645,556.3211710937867,0.0008054545506641592,0.025405528815740843,0.9737890166335949
208.92143536672629,219.0,1.0,2.2557608361252726,3.756794011470098,1971.4050889377697,556.3211710937867,0.0008050026349369435,0.01992684969619437,0.9792681476688686
482.50906859273283,237.0,1.0,2.6608098788360928,5.490876356464404,113.1153526510125,246.73038972267287,0.0008078288044692927,0.09414432567400931,0.9050478455215213
709.0150041794155,237.0,1.0,2.6608098788360928,5.490876356464404,165.9648130081658,346.908486065915,0.0008078288044692927,0.09414432567400931,0.9050478455215213
98.23479746973761,237.0,1.0,2.6608098788360928,5.490876356464404,4069.4675253281916,436.61245425180607,0.0008078288044692927,0.09414432567400931,0.9050478455215213
482.8366067372959,237.0,1.0,2.6621313767554344,5.50328743221108,112.99785631078663,246.73038972267287,0.000807456916052596,0.08458680437144778,0.9146057387124996
482.8798540087869,235.0,1.0,2.869497912639295,4.881316354560721,108.2507104634437,246.73038972267287,0.0008071398114444012,0.08488264545494,0.9143102147336156
98.04243494191878,235.0,1.0,2.8706639673622134,4.89166155631039,4482.431830569897,436.61245425180607,0.0008068444668303485,0.07624417642654624,0.9229489791066234
710.2271980267919,235.0,1.0,2.8706639673622134,4.89166155631039,162.5761255194586,346.908486065915,0.0008068444668303485,0.07624417642654624,0.9229489791066234
133.0721414120345,235.0,1.0,2.869497912639295,4.881316354560721,5552.332697423559,646.8850970918996,0.0008071398114444012,0.08488264545494,0.9143102147336156
133.10199292489273,237.0,1.0,2.6621313767554344,5.50328743221108,5227.357078307495,646.8850970918996,0.000807456916052596,0.08458680437144778,0.9146057387124996
132.94584270830197,235.0,1.0,2.8706639673622134,4.89166155631039,5555.401033997692,646.8850970918996,0.0008068444668303485,0.07624417642654624,0.9229489791066234
465.64313532610737,242.0,1.0,2.6690207631645695,3.924158617909476,5479.2475419137045,1796.6472986804579,0.0008051176063982043,0.019938166293707968,0.9792567160998937
367.9668335573402,242.0,1.0,2.6690207631645695,3.924158617909476,4363.664304461551,1327.6748759364054,0.0008051176063982043,0.019938166293707968,0.9792567160998937
1333.0300299429005,242.0,1.0,2.6690207631645695,3.924158617909476,34.04123796136917,147.9535399992389,0.0008051176063982043,0.019938166293707968,0.9792567160998937
466.6565772922514,242.0,1.0,2.6673525491995247,3.916213674315516,5482.318697347415,1796.6472986804579,0.0008055336674672131,0.03183503151012783,0.9673594348224048
465.6481472376788,224.0,1.0,2.307150403225288,4.056897725101233,5284.842252891082,1796.6472986804579,0.0008051753586895855,0.02087670131883957,0.9783181233224708
1326.856337122059,224.0,1.0,2.305864107376415,4.043741610285622,43.33274821299309,147.9535399992389,0.0008056246873224263,0.033222971951505025,0.9659714033611726
368.65249359007277,224.0,1.0,2.305864107376415,4.043741610285622,4226.839404681363,1327.6748759364054,0.0008056246873224263,0.033222971951505025,0.9659714033611726
976.9263817579792,224.0,1.0,2.307150403225288,4.056897725101233,36.10328191659334,120.6919351686974,0.0008051753586895855,0.02087670131883957,0.9783181233224708
972.8818701656206,242.0,1.0,2.6673525491995247,3.916213674315516,26.934434862600288,120.6919351686974,0.0008055336674672131,0.03183503151012783,0.9673594348224048
972.9542036298601,224.0,1.0,2.305864107376415,4.043741610285622,35.88317174861218,120.6919351686974,0.0008056246873224263,0.033222971951505025,0.9659714033611726
574.993416970598,154.0,0.0,1.4979224116732244,2.6925305879638284,70.04019075842466,39.0565169806156,0.000805484786699557,0.040508017939056375,0.958686497274244
1052.0661958138703,154.0,0.0,1.4979224116732244,2.6925305879638284,107.31450173034357,63.668077201709565,0.000805484786699557,0.040508017939056375,0.958686497274244
535.5169147348074,154.0,0.0,1.4979224116732244,2.6925305879638284,67.56904643305775,21.920557189015632,0.000805484786699557,0.040508017939056375,0.958686497274244
575.4825492163975,154.0,0.0,1.498023606613615,2.6933540058049212,70.04148050865892,39.0565169806156,0.0008054493467252236,0.03919053718164761,0.9600040134716271
568.2934994148361,217.0,1.0,2.0997248787481597,3.1163226342442814,69.72204158798912,39.0565169806156,0.0008068225177249242,0.054808702303180745,0.9443844751790943
530.8741740719023,217.0,1.0,2.0999191721102806,3.117469316919345,66.90155541856446,21.920557189015632,0.0008067427336023742,0.053056225927097043,0.9461370313393005
1040.4657488540693,217.0,1.0,2.0999191721102806,3.117469316919345,106.7531810161171,63.668077201709565,0.0008067427336023742,0.053056225927097043,0.9461370313393005
944.80505164561,217.0,1.0,2.0997248787481597,3.1163226342442814,102.26539229381113,38.688420542774224,0.0008068225177249242,0.054808702303180745,0.9443844751790943
955.5775201753864,154.0,0.0,1.498023606613615,2.6933540058049212,103.38867113391173,38.688420542774224,0.0008054493467252236,0.03919053718164761,0.9600040134716271
945.9418526828827,217.0,1.0,2.0999191721102806,3.117469316919345,102.26543669340951,38.688420542774224,0.0008067427336023742,0.053056225927097043,0.9461370313393005
132.069052503668,219.0,1.0,2.4090644743903424,4.050452255823904,4864.404641828214,583.6862969849872,0.0008057239471854218,0.04115750803480155,0.9580367680180129
92.16901743533751,219.0,1.0,2.4090644743903424,4.050452255823904,3617.238229144709,371.90577378828647,0.0008057239471854218,0.04115750803480155,0.9580367680180129
17751.71683182749,219.0,1.0,2.4090644743903424,4.050452255823904,18441.59454917964,18088.79242624053,0.0008057239471854218,0.04115750803480155,0.9580367680180129
132.17517936483804,219.0,1.0,2.4082681591056967,4.043520230619028,4864.629990433005,583.6862969849872,0.0008059862283353557,0.04919569044745598,0.9499983233242086
132.06211847803235,207.0,0.0,1.8265466285063159,3.503400037331326,4002.2916824825784,583.6862969849872,0.0008059832232953037,0.031667486581935814,0.967526530194769
17751.86257199113,207.0,0.0,1.825679427915183,3.498477813493223,18403.76009696481,18088.79242624053,0.0008062982118179335,0.03796258104615667,0.9612311207420253
92.25980548651404,207.0,0.0,1.825679427915183,3.498477813493223,2800.109752624466,371.90577378828647,0.0008062982118179335,0.03796258104615667,0.9612311207420253
11734.265593995766,207.0,0.0,1.8265466285063159,3.503400037331326,12155.344945406188,11941.165274668485,0.0008059832232953037,0.031667486581935814,0.967526530194769
11734.380165969893,219.0,1.0,2.4082681591056967,4.043520230619028,12186.520934163027,11941.165274668485,0.0008059862283353557,0.04919569044745598,0.9499983233242086
11734.405169616151,207.0,0.0,1.825679427915183,3.498477813493223,12154.62512784186,11941.165274668485,0.0008062982118179335,0.03796258104615667,0.9612311207420253
464.28870048443446,222.0,1.0,2.343901838032343,4.280522258830304,34.870033563008725,47.409640075490394,0.0008070210935210997,0.08121657585976741,0.9179764030467114
480.5369700084601,222.0,1.0,2.343901838032343,4.280522258830304,35.79640778995898,48.463643794175454,0.0008070210935210997,0.08121657585976741,0.9179764030467114
409.8455225036225,222.0,1.0,2.343901838032343,4.280522258830304,1772.0409460010062,845.5969365002877,0.0008070210935210997,0.08121657585976741,0.9179764030467114
467.8921601781385,222.0,1.0,2.3466551209733493,4.312271549732364,35.226322812174516,47.409640075490394,0.0008060969700338334,0.053548942038955695,0.9456449609910107
460.0557423857392,244.0,1.0,2.7606403486340363,5.599847572314004,23.9374530245779,47.409640075490394,0.0008083895616576678,0.11354802468392508,0.8856435857544174
409.65891464180675,244.0,1.0,2.7650526986357233,5.6515491840207295,1696.631114950345,845.5969365002877,0.0008069741691626983,0.07556247146876598,0.9236305543620712
481.4428456627831,244.0,1.0,2.7650526986357233,5.6515491840207295,25.839221131341038,48.463643794175454,0.0008069741691626983,0.07556247146876598,0.9236305543620712
421.5023756120044,244.0,1.0,2.7606403486340363,5.599847572314004,1736.641702081779,870.6648595219069,0.0008083895616576678,0.11354802468392508,0.8856435857544174
419.3661599148503,222.0,1.0,2.3466551209733493,4.312271549732364,1818.996295883928,870.6648595219069,0.0008060969700338334,0.053548942038955695,0.9456449609910107
420.1207672519533,244.0,1.0,2.7650526986357233,5.6515491840207295,1739.1718438829207,870.6648595219069,0.0008069741691626983,0.07556247146876598,0.9236305543620712
582.8610760342287,235.0,1.0,2.478928986918625,4.675200007720296,2033.370962289224,1109.913912470923,0.0008057394990974981,0.043540799328777996,0.9556534611721246
339.3772591878447,235.0,1.0,2.478928986918625,4.675200007720296,1189.478238087359,603.6001105763424,0.0008057394990974981,0.043540799328777996,0.9556534611721246
574.7485021071086,235.0,1.0,2.478928986918625,4.675200007720296,43.4772291648544,44.080578108511965,0.0008057394990974981,0.043540799328777996,0.9556534611721246
582.552190405692,235.0,1.0,2.4796736644978337,4.682644152784436,2034.266677317888,1109.913912470923,0.0008055267792510302,0.0366573263255872,0.9625371468951617
582.4273547877558,220.0,1.0,2.240588290483385,3.865790266268838,2128.051087064139,1109.913912470923,0.0008053836545415575,0.03366585025572808,0.9655287660897304
577.4573415244237,220.0,1.0,2.2411038204205287,3.8705587126502263,45.24099964475637,44.080578108511965,0.000805228937911046,0.028303333345708316,0.9708914377163806
339.14329737821953,220.0,1.0,2.2411038204205287,3.8705587126502263,1243.2137989363832,603.6001105763424,0.000805228937911046,0.028303333345708316,0.9708914377163806
274.2756447982836,220.0,1.0,2.240588290483385,3.865790266268838,26.038100020680087,27.55014515728778,0.0008053836545415575,0.03366585025572808,0.9655287660897304
274.12496743539987,235.0,1.0,2.4796736644978337,4.682644152784436,25.602809078733653,27.55014515728778,0.0008055267792510302,0.0366573263255872,0.9625371468951617
274.55060181988614,220.0,1.0,2.2411038204205287,3.8705587126502263,26.224955730425137,27.55014515728778,0.000805228937911046,0.028303333345708316,0.9708914377163806
910.4723691537151,247.0,1.0,3.1668018479856572,5.67984991869498,92.6653811512751,20.497349961440186,0.0008086001289419315,0.10035281631902271,0.8988385835520354
297.41764592910005,247.0,1.0,3.1668018479856572,5.67984991869498,41.47834604387768,4.394992724568679,0.0008086001289419315,0.10035281631902271,0.8988385835520354
1566.7528146857485,247.0,1.0,3.1668018479856572,5.67984991869498,475.8783849796462,790.1439774301596,0.0008086001289419315,0.10035281631902271,0.8988385835520354
905.9014853402864,247.0,1.0,3.165383221966093,5.66791927869325,92.62310532595971,20.497349961440186,0.0008089658914958038,0.10833162005783596,0.8908594140506682
938.3969127398839,210.0,0.0,1.9413194098392241,3.058298111887626,100.10575876628286,20.497349961440186,0.0008069179470685242,0.04671846786981837,0.9524746141831132
1575.8294024550355,209.0,0.0,1.940869450092651,3.0564333767758955,419.12970319621184,790.1439774301596,0.0008071361436165404,0.05068420487313518,0.9485086589832481
301.6712403721785,209.0,0.0,1.940869450092651,3.0564333767758955,43.09666889039584,4.394992724568679,0.0008071361436165404,0.05068420487313518,0.9485086589832481
633.2041890521102,210.0,0.0,1.9413194098392241,3.058298111887626,178.0440048902039,352.5352399886716,0.0008069179470685242,0.04671846786981837,0.9524746141831132
630.8865148020838,247.0,1.0,3.165383221966093,5.66791927869325,190.0990225441496,352.5352399886716,0.0008089658914958038,0.10833162005783596,0.8908594140506682
632.9863947117881,209.0,0.0,1.940869450092651,3.0564333767758955,178.08346032632318,352.5352399886716,0.0008071361436165404,0.05068420487313518,0.9485086589832481
72.04033653250694,250.0,1.0,3.004681635485938,4.764835722394224,13700.623895176397,464.0288163466426,0.0008055117083641793,0.03259634799591419,0.9665981402957217
354.278539076721,250.0,1.0,3.004681635485938,4.764835722394224,32511.61955356697,4633.621760186007,0.0008055117083641793,0.03259634799591419,0.9665981402957217
71.221194870207,250.0,1.0,3.004681635485938,4.764835722394224,14563.29388834836,467.33982555816493,0.0008055117083641793,0.03259634799591419,0.9665981402957217
72.17787988509221,250.0,1.0,3.000596359996641,4.736108128665226,13572.865915820666,464.0288163466426,0.000806414458595925,0.058583468914283,0.9406101166271211
72.04477947499723,233.0,1.0,2.9236472713137824,5.614257075973463,13379.406336497734,464.0288163466426,0.0008055233758653424,0.039706980418808546,0.959487496205326
71.36461431496997,233.0,1.0,2.920162103329964,5.57831377968,14161.78811017599,467.33982555816493,0.0008064373281085701,0.07104957712956968,0.9281439855423218
356.60640769308736,233.0,1.0,2.920162103329964,5.57831377968,34001.44921312865,4633.621760186007,0.0008064373281085701,0.07104957712956968,0.9281439855423218
351.1139963032073,233.0,1.0,2.9236472713137824,5.614257075973463,35713.67461088035,4706.53987399401,0.0008055233758653424,0.039706980418808546,0.959487496205326
352.3694541953797,250.0,1.0,3.000596359996641,4.736108128665226,34038.71547713784,4706.53987399401,0.000806414458595925,0.058583468914283,0.9406101166271211
353.03502623838096,233.0,1.0,2.920162103329964,5.57831377968,35657.74536013542,4706.53987399401,0.0008064373281085701,0.07104957712956968,0.9281439855423218
191.02901671325853,191.0,0.0,1.8988377379579429,2.84715860112934,30.959684835337526,12.216842676424696,0.0008056375534125969,0.029759625236949968,0.9694347372096374
1447.307981367106,191.0,0.0,1.8988377379579429,2.84715860112934,132.9367139259715,69.08134046042485,0.0008056375534125969,0.029759625236949968,0.9694347372096374
510.3342064682141,191.0,0.0,1.8988377379579429,2.84715860112934,1056.3762348523946,712.9351936390055,0.0008056375534125969,0.029759625236949968,0.9694347372096374
189.94066980748215,191.0,0.0,1.896976129713479,2.836517393690836,30.58463261238635,12.216842676424696,0.0008063251676014778,0.0463172728995095,0.9528764019328888
188.69102855248764,236.0,1.0,2.8499023398242502,5.7814354773660295,30.61835540846027,12.216842676424696,0.0008072325415251279,0.07600910476607106,0.9231836626924038
511.4603710441795,236.0,1.0,2.8446812151062826,5.726574649985734,1026.1795596533696,712.9351936390055,0.0008088311091651287,0.11508428401200069,0.8841068848788342
1354.3113668458177,236.0,1.0,2.8446812151062826,5.726574649985734,119.59498007405858,69.08134046042485,0.0008088311091651287,0.11508428401200069,0.8841068848788342
2045.7998423041674,236.0,1.0,2.8499023398242502,5.7814354773660295,4170.448377491975,3168.7879330362503,0.0008072325415251279,0.07600910476607106,0.9231836626924038
2041.5087613417086,191.0,0.0,1.896976129713479,2.836517393690836,4439.529516108167,3168.7879330362503,0.0008063251676014778,0.0463172728995095,0.9528764019328888
2052.6031541516345,236.0,1.0,2.8446812151062826,5.726574649985734,4169.656438704921,3168.7879330362503,0.0008088311091651287,0.11508428401200069,0.8841068848788342
451.87844216916096,200.0,0.0,1.9244624639898575,3.4129991068330416,9254.679149693877,2271.99150388936,0.0008070720603396644,0.056273819760019717,0.9429191081796408
162.54048882239107,200.0,0.0,1.9244624639898575,3.4129991068330416,3105.606034426767,589.8164044592954,0.0008070720603396644,0.056273819760019717,0.9429191081796408
1924.9782593759605,200.0,0.0,1.9244624639898575,3.4129991068330416,159.97836018074133,106.48058705933519,0.0008070720603396644,0.056273819760019717,0.9429191081796408
449.4763954472362,200.0,0.0,1.9273778836805764,3.433079575045409,9273.200529129452,2271.99150388936,0.0008058878999560435,0.031543369788171585,0.9676507423118725
460.5982410081506,244.0,1.0,3.5239991783383724,8.050254896489086,5486.317109706662,2271.99150388936,0.0008093604758473512,0.14957452581528027,0.8496161137088724
1875.2090537114732,244.0,1.0,3.5326202914697933,8.170321806966315,224.94983211976168,106.48058705933519,0.0008071366934560032,0.08752981116358599,0.911663052142958
162.68940138025977,244.0,1.0,3.5326202914697933,8.170321806966315,2592.69917101344,589.8164044592954,0.0008071366934560032,0.08752981116358599,0.911663052142958
371.56739080889065,244.0,1.0,3.5239991783383724,8.050254896489086,29.459073094431727,27.67582207833918,0.0008093604758473512,0.14957452581528027,0.8496161137088724
392.6863454301432,200.0,0.0,1.9273778836805764,3.433079575045409,51.13846737526828,27.67582207833918,0.0008058878999560435,0.031543369788171585,0.9676507423118725
383.76900841968717,244.0,1.0,3.5326202914697933,8.170321806966315,32.97434747604633,27.67582207833918,0.0008071366934560032,0.08752981116358599,0.911663052142958
2057.49212478594,225.0,1.0,2.5138816945376252,4.387590956960951,908.8410291843795,1298.2668413211354,0.0008056326836727773,0.03237909393156405,0.9668152733847633
664.5672838631274,225.0,1.0,2.5138816945376252,4.387590956960951,297.84454406935646,456.8054179309181,0.0008056326836727773,0.03237909393156405,0.9668152733847633
1061.2911342514408,225.0,1.0,2.5138816945376252,4.387590956960951,64.47931350642179,281.450327919338,0.0008056326836727773,0.03237909393156405,0.9668152733847633
2051.988472280519,225.0,1.0,2.509455647098819,4.3530532443095185,908.7709725638607,1298.2668413211354,0.0008069145317754895,0.06520160177607251,0.9339914836921519
2060.2370951474777,182.0,0.0,1.7068432771905626,3.0261823452584924,887.508754413139,1298.2668413211354,0.0008048574447943468,0.01517485027255934,0.9840202922826463
1061.3501861422928,182.0,0.0,1.7054051797679373,3.014769524510872,67.36758752053257,281.450327919338,0.0008053205336553242,0.031460493578236534,0.9677341858881082
664.6603678032616,182.0,0.0,1.7054051797679373,3.014769524510872,298.16420958914443,456.8054179309181,0.0008053205336553242,0.031460493578236534,0.9677341858881082
310.20474827445923,182.0,0.0,1.7068432771905626,3.0261823452584924,19.093098422883973,104.56072196465601,0.0008048574447943468,0.01517485027255934,0.9840202922826463
308.6071773438279,225.0,1.0,2.509455647098819,4.3530532443095185,17.156331859805817,104.56072196465601,0.0008069145317754895,0.06520160177607251,0.9339914836921519
309.7511729597405,182.0,0.0,1.7054051797679373,3.014769524510872,21.010480570448017,104.56072196465601,0.0008053205336553242,0.031460493578236534,0.9677341858881082
233.64054098690704,210.0,1.0,2.1770950632398622,3.590240942319416,2069.9123976678816,576.6660169376512,0.0008052054930847962,0.04095958770952576,0.9582352067973893
373.5283914374976,210.0,1.0,2.1770950632398622,3.590240942319416,3214.2190639959927,1017.753298008854,0.0008052054930847962,0.04095958770952576,0.9582352067973893
140.05687768810316,210.0,1.0,2.1770950632398622,3.590240942319416,4385.768187615968,526.6316565226074,0.0008052054930847962,0.04095958770952576,0.9582352067973893
233.30021112991957,210.0,1.0,2.1789306582183645,3.607552478760107,2080.7811856307217,576.6660169376512,0.0008047362532985738,0.01638047697695544,0.982814786769746
234.1487220558617,223.0,1.0,2.558007624090701,4.611441088862888,1632.1816401458038,576.6660169376512,0.0008064077575069502,0.06385827770847353,0.9353353145340195
139.97191202114996,223.0,1.0,2.5612661372947243,4.650553670555323,2930.5138891297934,526.6316565226074,0.0008052109127942051,0.025923917414736472,0.9732708716724693
373.0107395159045,223.0,1.0,2.5612661372947243,4.650553670555323,2620.7418151995143,1017.753298008854,0.0008052109127942051,0.025923917414736472,0.9732708716724693
221.6492808900896,223.0,1.0,2.558007624090701,4.611441088862888,4457.371628588742,956.5765961617401,0.0008064077575069502,0.06385827770847353,0.9353353145340195
220.24834764148815,210.0,1.0,2.1789306582183645,3.607552478760107,6428.436698122897,956.5765961617401,0.0008047362532985738,0.01638047697695544,0.982814786769746
220.5498105794116,223.0,1.0,2.5612661372947243,4.650553670555323,4484.060461030108,956.5765961617401,0.0008052109127942051,0.025923917414736472,0.9732708716724693
5064.744487469,235.0,1.0,2.7011337131098077,5.2050098366222635,4460.395622117414,4746.2790310419405,0.0008063545631783953,0.054982878159392234,0.9442107672774293
5007.994733796072,235.0,1.0,2.7011337131098077,5.2050098366222635,4410.575818884442,4693.74499143307,0.0008063545631783953,0.054982878159392234,0.9442107672774293
375.8451965457685,235.0,1.0,2.7011337131098077,5.2050098366222635,50.58909309887608,32.59771442178038,0.0008063545631783953,0.054982878159392234,0.9442107672774293
5064.567327141656,235.0,1.0,2.7004211673136544,5.198904152933634,4460.619801606963,4746.2790310419405,0.0008065238071075278,0.059577549069229525,0.9396159271236628
5065.63707704354,220.0,1.0,2.123123138598278,3.4209868996262225,4443.830729957792,4746.2790310419405,0.0008055202370616649,0.02851595597400094,0.9706785237889373
380.4833023199084,220.0,1.0,2.1228204583982047,3.4188851538901317,50.93868554280128,32.59771442178038,0.0008056161441567326,0.030976014154216153,0.9682183697016271
5008.7704873716075,220.0,1.0,2.1228204583982047,3.4188851538901317,4394.623233248227,4693.74499143307,0.0008056161441567326,0.030976014154216153,0.9682183697016271
374.4936897248742,220.0,1.0,2.123123138598278,3.4209868996262225,50.40150663090234,32.210936287626,0.0008055202370616649,0.02851595597400094,0.9706785237889373
368.4609303919542,235.0,1.0,2.7004211673136544,5.198904152933634,49.986325488573286,32.210936287626,0.0008065238071075278,0.059577549069229525,0.9396159271236628
373.9471803292465,220.0,1.0,2.1228204583982047,3.4188851538901317,50.37237995349827,32.210936287626,0.0008056161441567326,0.030976014154216153,0.9682183697016271
644.8225828363458,216.0,1.0,2.1495631618010664,3.8890170218901194,2760.766930031188,1389.2800140615514,0.0008069244663881973,0.06801889853005984,0.931174177003552
1166.299794501858,216.0,1.0,2.1495631618010664,3.8890170218901194,5112.51289979053,2764.7550076506413,0.0008069244663881973,0.06801889853005984,0.931174177003552
716.2180911823885,216.0,1.0,2.1495631618010664,3.8890170218901194,2715.845577543236,1453.7584417468615,0.0008069244663881973,0.06801889853005984,0.931174177003552
644.7704061257307,216.0,1.0,2.1496537081475884,3.8896650403413204,2761.0552141682415,1389.2800140615514,0.0008068979882863656,0.06732858929368102,0.9318645127180327
645.0467021257032,216.0,1.0,2.124006299437035,3.669974039912889,2758.1241852969442,1389.2800140615514,0.0008072687150228702,0.06960795318074706,0.92958477810423
716.3936567749872,216.0,1.0,2.12409026370617,3.670594625668062,2719.8083183000676,1453.7584417468615,0.0008072389209645188,0.06891610205817292,0.9302766590208624
1166.5000708927794,216.0,1.0,2.12409026370617,3.670594625668062,5226.0093125037065,2764.7550076506413,0.0008072389209645188,0.06891610205817292,0.9302766590208624
1299.9623819181484,216.0,1.0,2.124006299437035,3.669974039912889,5154.9873837749055,2880.512265023146,0.0008072687150228702,0.06960795318074706,0.92958477810423
1299.4821728113893,216.0,1.0,2.1496537081475884,3.8896650403413204,5041.303144854264,2880.512265023146,0.0008068979882863656,0.06732858929368102,0.9318645127180327
1299.8250561720622,216.0,1.0,2.12409026370617,3.670594625668062,5155.034244177321,2880.512265023146,0.0008072389209645188,0.06891610205817292,0.9302766590208624
1660.077017746795,253.0,1.0,3.023039581076168,5.401383502385711,130.01723966958554,86.67170411728384,0.000805714090068256,0.040077509079058556,0.9591167768308732
564.0879785541147,253.0,1.0,3.023039581076168,5.401383502385711,60.61235102049498,33.427227263174785,0.000805714090068256,0.040077509079058556,0.9591167768308732
371.09424801058395,253.0,1.0,3.023039581076168,5.401383502385711,7409.033733538426,2044.0047134135627,0.000805714090068256,0.040077509079058556,0.9591167768308732
1661.842467900423,253.0,1.0,3.023215032320772,5.403174039932302,130.28321791274564,86.67170411728384,0.0008056713645317646,0.038780730866818325,0.9604135977686499
1670.855592432873,226.0,1.0,2.6975796523288107,3.9111754415792284,151.61692728487918,86.67170411728384,0.0008058864186340533,0.03146782788199541,0.9677262856993705
370.6013715625032,226.0,1.0,2.697746843779432,3.912073067779955,8597.798954494783,2044.0047134135627,0.0008058381428818757,0.030445415552604986,0.9687487463045131
566.2911106192873,226.0,1.0,2.697746843779432,3.912073067779955,69.1951616912016,33.427227263174785,0.0008058381428818757,0.030445415552604986,0.9687487463045131
184.53431788173856,226.0,1.0,2.6975796523288107,3.9111754415792284,4689.325371766366,793.7976514011234,0.0008058864186340533,0.03146782788199541,0.9677262856993705
184.54903505928752,253.0,1.0,3.023215032320772,5.403174039932302,4234.2303992581055,793.7976514011234,0.0008056713645317646,0.038780730866818325,0.9604135977686499
184.50705234286852,226.0,1.0,2.697746843779432,3.912073067779955,4690.366413095046,793.7976514011234,0.0008058381428818757,0.030445415552604986,0.9687487463045131
101.63940374883128,202.0,0.0,1.8871324647278278,3.3361470704790217,2303.3249954439543,363.174694164026,0.0008064270201425085,0.04640065715832327,0.9527929158215344
110.39152576202967,202.0,0.0,1.8871324647278278,3.3361470704790217,2500.9038427053642,400.78991977610247,0.0008064270201425085,0.04640065715832327,0.9527929158215344
279.44782770724584,202.0,0.0,1.8871324647278278,3.3361470704790217,7.93500211650282,85.85799968083305,0.0008064270201425085,0.04640065715832327,0.9527929158215344
101.66312465680511,202.0,0.0,1.886837319635593,3.3341899588274844,2302.461231296829,363.174694164026,0.0008065473119031938,0.04909157356282803,0.9501018791252689
101.8685816415458,241.0,1.0,2.6135171656627345,4.93800545944978,2246.1191223249302,363.174694164026,0.0008075782462727288,0.0792058105025961,0.9199866112511313
278.3703308115812,241.0,1.0,2.6128603623896667,4.932994235006358,10.344086429916912,85.85799968083305,0.0008077688719019283,0.08366795686559853,0.9155242742624996
110.70931295082755,241.0,1.0,2.6128603623896667,4.932994235006358,2422.622187269348,400.78991977610247,0.0008077688719019283,0.08366795686559853,0.9155242742624996
310.3711596904496,241.0,1.0,2.6135171656627345,4.93800545944978,11.488054783996139,94.06203120893007,0.0008075782462727288,0.0792058105025961,0.9199866112511313
311.4217775450277,202.0,0.0,1.886837319635593,3.3341899588274844,8.721087948980184,94.06203120893007,0.0008065473119031938,0.04909157356282803,0.9501018791252689
310.19544798827684,241.0,1.0,2.6128603623896667,4.932994235006358,11.542241635379689,94.06203120893007,0.0008077688719019283,0.08366795686559853,0.9155242742624996
227.43246260389594,222.0,1.0,2.380770382138614,3.817260417762452,35.05270409480552,5.657219267959796,0.00080649191152207,0.05587133553566788,0.94332217255281
197.5300976044573,222.0,1.0,2.380770382138614,3.817260417762452,31.661234352329142,4.9762205619682245,0.00080649191152207,0.05587133553566788,0.94332217255281
234.7595896601002,222.0,1.0,2.380770382138614,3.817260417762452,31.176148076736478,8.885324598561839,0.00080649191152207,0.05587133553566788,0.94332217255281
229.10042048518415,222.0,1.0,2.383864003188934,3.844534138397768,35.15572324592012,5.657219267959796,0.0008055336409834614,0.030537274561893438,0.968657191797123
225.89915527462222,217.0,1.0,2.3277412400290793,5.233370576123173,35.75604821334486,5.657219267959796,0.0008070169711014272,0.09044080343271216,0.9087521795961865
235.46377606673127,217.0,1.0,2.331335173716338,5.282272455631013,32.228188771611336,8.885324598561839,0.0008058133224744834,0.05012813643649796,0.9490660502410274
198.21833805856616,217.0,1.0,2.331335173716338,5.282272455631013,32.33254723423131,4.9762205619682245,0.0008058133224744834,0.05012813643649796,0.9490660502410274
204.3754201615416,217.0,1.0,2.3277412400290793,5.233370576123173,29.205491517563896,8.172791756899976,0.0008070169711014272,0.09044080343271216,0.9087521795961865
206.38573171987346,222.0,1.0,2.383864003188934,3.844534138397768,28.34038432496158,8.172791756899976,0.0008055336409834614,0.030537274561893438,0.968657191797123
205.88459454087223,217.0,1.0,2.331335173716338,5.282272455631013,29.207863078369282,8.172791756899976,0.0008058133224744834,0.05012813643649796,0.9490660502410274
185.63683211372282,252.0,1.0,3.3839024711038026,6.447669986053839,19854.105839385644,1885.7504813898408,0.0008074813044089529,0.08748901851694131,0.9117035001786498
156.7669593970982,252.0,1.0,3.3839024711038026,6.447669986053839,18202.985726275914,1460.68442920107,0.0008074813044089529,0.08748901851694131,0.9117035001786498
533.4530269669237,252.0,1.0,3.3839024711038026,6.447669986053839,3109.1866917936586,1518.9669074981896,0.0008074813044089529,0.08748901851694131,0.9117035001786498
185.9370535828,252.0,1.0,3.3822293543310655,6.430297751730886,19844.551023842585,1885.7504813898408,0.0008078941859751605,0.09831903300912871,0.9008730728048963
184.79904982465098,222.0,1.0,2.362801218407753,4.0630818411463965,26736.733959171295,1885.7504813898408,0.0008065769514425886,0.05040535461925203,0.9487880684293053
531.3138139991628,222.0,1.0,2.3619029371929914,4.05667528082712,3750.5351734182696,1518.9669074981896,0.0008068676891788912,0.05695504508338261,0.9422380872274385
156.27980318682225,222.0,1.0,2.3619029371929914,4.05667528082712,22776.870867986832,1460.68442920107,0.0008068676891788912,0.05695504508338261,0.9422380872274385
447.0344998129516,222.0,1.0,2.362801218407753,4.0630818411463965,3113.4108558431335,1230.2907647484271,0.0008065769514425886,0.05040535461925203,0.9487880684293053
449.6963097798474,252.0,1.0,3.3822293543310655,6.430297751730886,2686.6212389642055,1230.2907647484271,0.0008078941859751605,0.09831903300912871,0.9008730728048963
447.4544497880728,222.0,1.0,2.3619029371929914,4.05667528082712,3111.507083385297,1230.2907647484271,0.0008068676891788912,0.05695504508338261,0.9422380872274385
668.5649476373324,206.0,1.0,2.074222250801123,3.349764530853478,23.856664484984652,113.63817352940124,0.0008057294572334156,0.03931896406996714,0.9598753064727993
1108.6193548627396,206.0,1.0,2.074222250801123,3.349764530853478,35.989010684674874,161.7639278653701,0.0008057294572334156,0.03931896406996714,0.9598753064727993
125.61025792333494,206.0,1.0,2.074222250801123,3.349764530853478,27193.38246532626,1123.3721595429372,0.0008057294572334156,0.03931896406996714,0.9598753064727993
669.1535871401072,206.0,1.0,2.0745195813481936,3.3523763271951217,23.919661126601405,113.63817352940124,0.00080561328712633,0.03589897473177043,0.9632954119811031
659.4447081195059,240.0,1.0,3.168080418261401,6.517713684401554,11.061557019176833,113.63817352940124,0.0008072752164052453,0.09617674520328735,0.9030159795803074
126.18101700432871,240.0,1.0,3.168988789008622,6.529574493701805,22577.636677277485,1123.3721595429372,0.0008070183592241531,0.08815678236611993,0.9110361992746561
1091.698056184068,240.0,1.0,3.168988789008622,6.529574493701805,32.08886484995748,161.7639278653701,0.0008070183592241531,0.08815678236611993,0.9110361992746561
184.6479852706016,240.0,1.0,3.168080418261401,6.517713684401554,27660.933435008366,2000.2285946464833,0.0008072752164052453,0.09617674520328735,0.9030159795803074
183.27880640542273,206.0,1.0,2.0745195813481936,3.3523763271951217,37139.574771459345,2000.2285946464833,0.00080561328712633,0.03589897473177043,0.9632954119811031
184.44380739378252,240.0,1.0,3.168988789008622,6.529574493701805,27648.24849053922,2000.2285946464833,0.0008070183592241531,0.08815678236611993,0.9110361992746561
824.7083576856298,241.0,1.0,2.6189718875503933,4.9801255650983025,1766.6099337330713,1216.555024301297,0.0008060070078085829,0.04096716665397874,0.9582268263382128
844.401369956754,241.0,1.0,2.6189718875503933,4.9801255650983025,1809.1319922275027,1248.0282110058176,0.0008060070078085829,0.04096716665397874,0.9582268263382128
697.4677092216139,241.0,1.0,2.6189718875503933,4.9801255650983025,147.11044692462315,322.56304565589,0.0008060070078085829,0.04096716665397874,0.9582268263382128
826.9150844973246,241.0,1.0,2.6112734854344803,4.920939300270731,1765.0340345923953,1216.555024301297,0.0008082307175660169,0.09432714471040746,0.9048646245720264
824.5135623982618,246.0,1.0,2.728837604356079,4.941034632615127,1774.7437469863185,1216.555024301297,0.0008057498436064201,0.03818575764349997,0.9610084925128936
694.2152653967632,246.0,1.0,2.7214269849366852,4.876094693936982,146.58786923875226,322.56304565589,0.0008076060725400051,0.08778321427545983,0.9114091796520002
846.2112716715905,246.0,1.0,2.7214269849366852,4.876094693936982,1814.6922403858532,1248.0282110058176,0.0008076060725400051,0.08778321427545983,0.9114091796520002
717.2640426434051,246.0,1.0,2.728837604356079,4.941034632615127,150.0757100158317,330.30276124152726,0.0008057498436064201,0.03818575764349997,0.9610084925128936
712.6328444696943,241.0,1.0,2.6112734854344803,4.920939300270731,152.12164399386694,330.30276124152726,0.0008082307175660169,0.09432714471040746,0.9048646245720264
713.494023210098,246.0,1.0,2.7214269849366852,4.876094693936982,150.69752986193652,330.30276124152726,0.0008076060725400051,0.08778321427545983,0.9114091796520002
439.3001046940799,192.0,0.0,1.94178402574965,3.2027190460408814,55.63730017300305,36.31835019492482,0.0008053262846631193,0.03300207794466756,0.9661925957706692
2762.2921120154074,192.0,0.0,1.94178402574965,3.2027190460408814,209.71075538870855,154.96669196167085,0.0008053262846631193,0.03300207794466756,0.9661925957706692
421.3490046855829,192.0,0.0,1.94178402574965,3.2027190460408814,28.195710477399135,56.74350534363974,0.0008053262846631193,0.03300207794466756,0.9661925957706692
442.96335551852053,192.0,0.0,1.9427806763182416,3.213172659182318,55.92170757245219,36.31835019492482,0.0008049399290213983,0.018898869042971354,0.9802961910280072
430.5306975343731,233.0,1.0,2.648342770502793,4.2595004866191735,54.989296227247486,36.31835019492482,0.0008072995545006382,0.059577261275612366,0.939615439169887
420.65784466770816,233.0,1.0,2.6521924874455975,4.285814082458301,25.594881884408526,56.74350534363974,0.0008060601430805682,0.034466638798731235,0.9647273010581883
2760.0323111680336,233.0,1.0,2.6521924874455975,4.285814082458301,203.25505347728404,154.96669196167085,0.0008060601430805682,0.034466638798731235,0.9647273010581883
2001.6420037045725,233.0,1.0,2.648342770502793,4.2595004866191735,73.72174941956449,152.96500047833047,0.0008072995545006382,0.059577261275612366,0.939615439169887
2039.1251618801261,192.0,0.0,1.9427806763182416,3.213172659182318,108.55609707870833,152.96500047833047,0.0008049399290213983,0.018898869042971354,0.9802961910280072
2025.0168170066304,233.0,1.0,2.6521924874455975,4.285814082458301,74.66838725717315,152.96500047833047,0.0008060601430805682,0.034466638798731235,0.9647273010581883
139.40100086929465,235.0,1.0,2.814338344899294,5.622305911481186,7132.591387326543,763.4209655113025,0.0008059018601119206,0.051516059432939625,0.9476780387069483
100.77576686611584,235.0,1.0,2.814338344899294,5.622305911481186,5639.26935801658,494.64137818875446,0.0008059018601119206,0.051516059432939625,0.9476780387069483
143.02354273792926,235.0,1.0,2.814338344899294,5.622305911481186,6617.102937029875,757.5717433923814,0.0008059018601119206,0.051516059432939625,0.9476780387069483
139.80848757376756,235.0,1.0,2.8113207553187967,5.58605711066693,7095.815213345398,763.4209655113025,0.0008067374751751716,0.07881071445591474,0.92038254806891
139.71348921333842,248.0,1.0,3.303932168705555,7.856055038186939,5748.021525897249,763.4209655113025,0.0008065463991776847,0.07718844127215618,0.9220050123286663
143.9485069021089,248.0,1.0,3.299500194642358,7.789243076513731,5365.13670314778,757.5717433923814,0.0008077349446808427,0.11608069237876238,0.8831115726765568
101.24178043219607,248.0,1.0,3.299500194642358,7.789243076513731,4629.253363095493,494.64137818875446,0.0008077349446808427,0.11608069237876238,0.8831115726765568
103.56280361319253,248.0,1.0,3.303932168705555,7.856055038186939,4316.625777669201,491.7918016472219,0.0008065463991776847,0.07718844127215618,0.9220050123286663
103.61985375286677,235.0,1.0,2.8113207553187967,5.58605711066693,5178.473670420264,491.7918016472219,0.0008067374751751716,0.07881071445591474,0.92038254806891
103.87707114753643,248.0,1.0,3.299500194642358,7.789243076513731,4309.877811990001,491.7918016472219,0.0008077349446808427,0.11608069237876238,0.8831115726765568
1886.358626190393,219.0,1.0,2.194664017148418,3.19152575005016,503.0752051487492,908.9768514048903,0.0008061247007670216,0.04607471250901967,0.9531191627902132
561.6954086346008,219.0,1.0,2.194664017148418,3.19152575005016,162.40986138418162,311.69298514406535,0.0008061247007670216,0.04607471250901967,0.9531191627902132
2232.453844577548,219.0,1.0,2.194664017148418,3.19152575005016,4324.60308251963,3233.66294315814,0.0008061247007670216,0.04607471250901967,0.9531191627902132
1890.8755709933143,219.0,1.0,2.196708383618096,3.2029651380608284,501.46351274213254,908.9768514048903,0.0008054954726022296,0.029278748827895346,0.9699157556995023
1880.646559344256,234.0,1.0,2.5927486398124127,4.062928395597797,534.6798846861078,908.9768514048903,0.0008066954815145037,0.06896977979773092,0.9302235247207545
2231.9393926599087,234.0,1.0,2.595722682731747,4.0884349246485545,4195.377733743942,3233.66294315814,0.0008058563021252711,0.044364036176425384,0.9548301075214494
561.9074941074788,234.0,1.0,2.595722682731747,4.0884349246485545,155.81473981891003,311.69298514406535,0.0008058563021252711,0.044364036176425384,0.9548301075214494
761.6040295723654,234.0,1.0,2.5927486398124127,4.062928395597797,1443.7756614024006,1024.7663245468245,0.0008066954815145037,0.06896977979773092,0.9302235247207545
760.8199212019368,219.0,1.0,2.196708383618096,3.2029651380608284,1432.2575335325841,1024.7663245468245,0.0008054954726022296,0.029278748827895346,0.9699157556995023
761.070938777143,234.0,1.0,2.595722682731747,4.0884349246485545,1444.269274770941,1024.7663245468245,0.0008058563021252711,0.044364036176425384,0.9548301075214494
169.92240515973035,247.0,1.0,3.7908830936562854,6.585764187773104,1649.465264778115,468.4647826035079,0.0008078623294528564,0.09941894339215959,0.8997731942783876
259.8777620524955,247.0,1.0,3.7908830936562854,6.585764187773104,2340.774407872227,785.573643514841,0.0008078623294528564,0.09941894339215959,0.8997731942783876
261.9080816700106,247.0,1.0,3.7908830936562854,6.585764187773104,37.10805749070975,19.71725213789618,0.0008078623294528564,0.09941894339215959,0.8997731942783876
170.55919505990977,247.0,1.0,3.7825968267806847,6.50903879726976,1650.4004173934675,468.4647826035079,0.0008095780341909745,0.14287895340165363,0.8563114685641553
169.30486221237524,226.0,1.0,2.597695301509155,4.178832121785471,1828.7235320706498,468.4647826035079,0.0008062398945572658,0.04947636480212423,0.9497173953033186
264.5705399788223,226.0,1.0,2.594333594389573,4.1532853830000285,40.56895837763331,19.71725213789618,0.0008071452418527595,0.07275011503700636,0.9264427397211407
259.1538798057638,226.0,1.0,2.594333594389573,4.1532853830000285,2733.2526507489524,785.573643514841,0.0008071452418527595,0.07275011503700636,0.9264427397211407
540.2114223632354,226.0,1.0,2.597695301509155,4.178832121785471,65.27098542511581,33.84952959119329,0.0008062398945572658,0.04947636480212423,0.9497173953033186
509.3341649300172,247.0,1.0,3.7825968267806847,6.50903879726976,32.96328648177681,33.84952959119329,0.0008095780341909745,0.14287895340165363,0.8563114685641553
532.424018907652,226.0,1.0,2.594333594389573,4.1532853830000285,64.92811062575494,33.84952959119329,0.0008071452418527595,0.07275011503700636,0.9264427397211407
313.4562616506523,254.0,1.0,3.7567327150203633,8.619980907577352,31.837917808222365,112.82164204970096,0.0008062363667201154,0.06055122602464135,0.9386425376086384
901.4347736529547,254.0,1.0,3.7567327150203633,8.619980907577352,210.96066567281565,268.2551292392766,0.0008062363667201154,0.06055122602464135,0.9386425376086384
896.2179496524105,254.0,1.0,3.7567327150203633,8.619980907577352,532.0686088008405,691.4860506860792,0.0008062363667201154,0.06055122602464135,0.9386425376086384
312.59290115204215,254.0,1.0,3.751125583772455,8.55715067832188,32.37833895692333,112.82164204970096,0.0008073081351748959,0.09358485513120436,0.9056078367336207
313.66486808397434,248.0,1.0,3.3736939067446015,7.37421771076507,29.8228924153301,112.82164204970096,0.0008060680848589395,0.048564232258099665,0.9506296996570412
895.822730965467,248.0,1.0,3.37017627408276,7.331409712617384,531.5060219441863,691.4860506860792,0.0008070401995272879,0.07559749685791155,0.9235954629425611
898.6325317653411,248.0,1.0,3.37017627408276,7.331409712617384,144.91538894496824,268.2551292392766,0.0008070401995272879,0.07559749685791155,0.9235954629425611
2343.149677856807,248.0,1.0,3.3736939067446015,7.37421771076507,1442.2918583635083,1719.5561112903,0.0008060680848589395,0.048564232258099665,0.9506296996570412
2338.102342558922,254.0,1.0,3.751125583772455,8.55715067832188,1534.8846361005321,1719.5561112903,0.0008073081351748959,0.09358485513120436,0.9056078367336207
2340.03360297101,248.0,1.0,3.37017627408276,7.331409712617384,1445.6020513934602,1719.5561112903,0.0008070401995272879,0.07559749685791155,0.9235954629425611
12023.382820664981,200.0,1.0,2.082867971444365,3.47178974141567,15212.976003769103,13831.95667151752,0.0008065388166546459,0.052924871335055614,0.9462685898482898
2082.731278658426,200.0,1.0,2.082867971444365,3.47178974141567,2589.199386833841,2304.022023236885,0.0008065388166546459,0.052924871335055614,0.9462685898482898
353.0045591203676,200.0,1.0,2.082867971444365,3.47178974141567,32953.92017786243,3792.572031245899,0.0008065388166546459,0.052924871335055614,0.9462685898482898
12027.39197775356,200.0,1.0,2.0817051570026748,3.4616336471222198,15217.89897643216,13831.95667151752,0.0008070069066092286,0.06406879388497745,0.9351241992084134
12051.429457644688,247.0,1.0,3.7852305731090423,6.533215050794265,14083.010856643006,13831.95667151752,0.0008090296843349808,0.12939991916148996,0.8697910511541751
360.63787786424547,247.0,1.0,3.780315807115099,6.488255998824276,16336.536068296267,3792.572031245899,0.0008100552439284023,0.154311058506537,0.8448788862495344
2084.6492210517335,247.0,1.0,3.780315807115099,6.488255998824276,2571.7328212420416,2304.022023236885,0.0008100552439284023,0.154311058506537,0.8448788862495344
74.64371567712176,247.0,1.0,3.7852305731090423,6.533215050794265,6738.3552898005355,418.5107976315837,0.0008090296843349808,0.12939991916148996,0.8697910511541751
74.31585309327448,200.0,1.0,2.0817051570026748,3.4616336471222198,7187.864925302255,418.5107976315837,0.0008070069066092286,0.06406879388497745,0.9351241992084134
74.80814386514443,247.0,1.0,3.780315807115099,6.488255998824276,6724.643610233606,418.5107976315837,0.0008100552439284023,0.154311058506537,0.8448788862495344
724.2819968128043,247.0,1.0,3.092124018326027,7.0536555791406395,3.3443455236953596,4.489666269565329,0.0008069797172959405,0.08281532480290066,0.9163776954798034
349.92433546402077,247.0,1.0,3.092124018326027,7.0536555791406395,32.279104590249325,6.258907348600023,0.0008069797172959405,0.08281532480290066,0.9163776954798034
290.1316780859186,247.0,1.0,3.092124018326027,7.0536555791406395,3323.7689499230164,1064.1608945746775,0.0008069797172959405,0.08281532480290066,0.9163776954798034
737.3688381580137,247.0,1.0,3.0974139077863767,7.118678968323679,15.012056496397783,4.489666269565329,0.0008057219455185177,0.04346540948719693,0.9557288685672846
717.1161101456113,243.0,1.0,3.488721360034157,8.62187636573461,44.63516208627322,4.489666269565329,0.0008074224049038604,0.10582565572463354,0.8933669218704624
288.99007739370995,243.0,1.0,3.4951469948875755,8.714002503705471,3254.4462589842574,1064.1608945746775,0.000805945600438091,0.056129834708185194,0.9430642196913765
353.013448886594,243.0,1.0,3.4951469948875755,8.714002503705471,26.294078181894108,6.258907348600023,0.000805945600438091,0.056129834708185194,0.9430642196913765
178.27271663027506,243.0,1.0,3.488721360034157,8.62187636573461,2294.7329245594997,570.6520328079786,0.0008074224049038604,0.10582565572463354,0.8933669218704624
177.3970123256332,247.0,1.0,3.0974139077863767,7.118678968323679,2251.576788494305,570.6520328079786,0.0008057219455185177,0.04346540948719693,0.9557288685672846
177.53231346527846,243.0,1.0,3.4951469948875755,8.714002503705471,2296.1329383056586,570.6520328079786,0.000805945600438091,0.056129834708185194,0.9430642196913765
86.24684030804363,244.0,1.0,2.9195377667066795,5.599986518688236,9071.267755449531,521.3755710828989,0.0008079561455789559,0.10913333735548185,0.8900587064989391
216.7045312127397,244.0,1.0,2.9195377667066795,5.599986518688236,16668.501354893568,1945.8890463456335,0.0008079561455789559,0.10913333735548185,0.8900587064989391
281.0295120364376,244.0,1.0,2.9195377667066795,5.599986518688236,39.92496387325199,9.243986580662305,0.0008079561455789559,0.10913333735548185,0.8900587064989391
86.11250555590318,244.0,1.0,2.9223957909019593,5.6259904572490855,9074.836106798532,521.3755710828989,0.0008073257935992789,0.09114365343453276,0.9080490207718681
86.01999922610729,229.0,1.0,2.34373684466093,4.367175738149711,10438.302326242449,521.3755710828989,0.0008069443201020696,0.07658077532619549,0.9226122803537024
285.6940937160225,229.0,1.0,2.345175678764471,4.380875604104021,42.333835872314594,9.243986580662305,0.0008064985363882618,0.06374575040312153,0.93544775106049
215.09893008920878,229.0,1.0,2.345175678764471,4.380875604104021,18941.910418059193,1945.8890463456335,0.0008064985363882618,0.06374575040312153,0.93544775106049
1167.8283590586198,229.0,1.0,2.34373684466093,4.367175738149711,116.88433511948581,40.87193944427844,0.0008069443201020696,0.07658077532619549,0.9226122803537024
1155.7300014393884,244.0,1.0,2.9223957909019593,5.6259904572490855,108.26401919824387,40.87193944427844,0.0008073257935992789,0.09114365343453276,0.9080490207718681
1178.0020456600787,229.0,1.0,2.345175678764471,4.380875604104021,116.88866277741542,40.87193944427844,0.0008064985363882618,0.06374575040312153,0.93544775106049
1412.9891399375347,236.0,1.0,2.629316218192316,3.9960854736684897,910.4221174417864,1138.649333731824,0.0008050607176830057,0.02137390717306064,0.9778210321092563
1858.9795913294604,236.0,1.0,2.629316218192316,3.9960854736684897,1196.2124140768378,1481.0830817820975,0.0008050607176830057,0.02137390717306064,0.9778210321092563
136.66161961162945,236.0,1.0,2.629316218192316,3.9960854736684897,2946.8879159576836,484.96209265131995,0.0008050607176830057,0.02137390717306064,0.9778210321092563
1412.4385783403773,236.0,1.0,2.6271638648818727,3.983532906359661,911.9362925092857,1138.649333731824,0.0008056040794042035,0.039353374860918666,0.9598410210596772
1412.5758766242284,243.0,1.0,2.7180809571841484,5.080656438248732,924.6760834210174,1138.649333731824,0.0008056590221172984,0.03166823837940628,0.9675261025984764
137.1739612140728,243.0,1.0,2.7141614968148886,5.048310465205107,2438.786499527624,484.96209265131995,0.0008067212711187287,0.0578677579535076,0.9413255207753736
1856.858937174418,243.0,1.0,2.7141614968148886,5.048310465205107,1213.5537239792677,1481.0830817820975,0.0008067212711187287,0.0578677579535076,0.9413255207753736
172.25172266489542,243.0,1.0,2.7180809571841484,5.080656438248732,3044.6713480561734,649.2136886995049,0.0008056590221172984,0.03166823837940628,0.9675261025984764
172.32607149692086,236.0,1.0,2.6271638648818727,3.983532906359661,3579.246441020842,649.2136886995049,0.0008056040794042035,0.039353374860918666,0.9598410210596772
172.77477420563054,243.0,1.0,2.7141614968148886,5.048310465205107,3040.879766497987,649.2136886995049,0.0008067212711187287,0.0578677579535076,0.9413255207753736
439.2074793560774,198.0,1.0,2.0038371012326825,3.427239097867408,3012.7976981455363,1155.4578995909173,0.0008057598388247225,0.04582716464838444,0.9533670755127909
545.3100568067862,198.0,1.0,2.0038371012326825,3.427239097867408,3790.42828480272,1504.487489218103,0.0008057598388247225,0.04582716464838444,0.9533670755127909
934.4360176888943,198.0,1.0,2.0038371012326825,3.427239097867408,78.78406316983973,285.9941509437598,0.0008057598388247225,0.04582716464838444,0.9533670755127909
439.43270934313074,198.0,1.0,2.00346146675708,3.424239514741809,3011.581425407936,1155.4578995909173,0.0008058866528374675,0.05001873441775535,0.9491753789294072
439.7269622585397,236.0,1.0,2.5211590092256446,3.408154502516641,2922.095825635398,1155.4578995909173,0.0008063874878206353,0.04910871415415039,0.9500848983580289
932.1231175983596,236.0,1.0,2.5205382337743867,3.404975389783805,75.4593609975762,285.9941509437598,0.000806570571872959,0.0535122110986362,0.9456812183294908
546.3110848258442,236.0,1.0,2.5205382337743867,3.404975389783805,3600.26210269863,1504.487489218103,0.000806570571872959,0.0535122110986362,0.9456812183294908
1222.0715483227189,236.0,1.0,2.5211590092256446,3.408154502516641,101.80887349805772,354.6722564385703,0.0008063874878206353,0.04910871415415039,0.9500848983580289
1222.667026528381,198.0,1.0,2.00346146675708,3.424239514741809,99.87348789357716,354.6722564385703,0.0008058866528374675,0.05001873441775535,0.9491753789294072
1220.7907529945946,236.0,1.0,2.5205382337743867,3.404975389783805,101.66054826661801,354.6722564385703,0.000806570571872959,0.0535122110986362,0.9456812183294908
2260.683069047356,243.0,1.0,2.965681024868479,5.20819081812675,194.12591895571825,99.15054665929762,0.0008066782052714596,0.06236273628845401,0.9368305855062745
878.2509598339261,243.0,1.0,2.965681024868479,5.20819081812675,92.73181974198356,37.57311451069707,0.0008066782052714596,0.06236273628845401,0.9368305855062745
2529.482390207995,243.0,1.0,2.965681024868479,5.20819081812675,207.146788104186,140.69775192404074,0.0008066782052714596,0.06236273628845401,0.9368305855062745
2295.856827578564,243.0,1.0,2.968664299315437,5.234459538667835,194.35697088180297,99.15054665929762,0.0008059689443073805,0.043369116766126,0.9558249142895667
2272.581059005705,241.0,1.0,2.7859254126859088,4.869737980806464,189.7122590713055,99.15054665929762,0.0008062522740684195,0.055645261939445516,0.9435484857864862
2587.259598849439,241.0,1.0,2.7883762085030064,4.892168085591496,204.26713620292625,140.69775192404074,0.0008056764775631955,0.038594208281441285,0.9606001152409954
891.7513119989657,241.0,1.0,2.7883762085030064,4.892168085591496,89.89225288092905,37.57311451069707,0.0008056764775631955,0.038594208281441285,0.9606001152409954
961.4517470622774,241.0,1.0,2.7859254126859088,4.869737980806464,95.29441612522588,59.38722827083911,0.0008062522740684195,0.055645261939445516,0.9435484857864862
970.764207220814,243.0,1.0,2.968664299315437,5.234459538667835,98.36778083396553,59.38722827083911,0.0008059689443073805,0.043369116766126,0.9558249142895667
974.2181875693656,241.0,1.0,2.7883762085030064,4.892168085591496,95.9392731743272,59.38722827083911,0.0008056764775631955,0.038594208281441285,0.9606001152409954
113.55744877552455,214.0,1.0,2.112895886475713,3.1771057860564347,2230.2191717331157,375.3107002071954,0.0008066984406618502,0.052831666345972195,0.9463616352133658
111.53448737408489,214.0,1.0,2.112895886475713,3.1771057860564347,2193.767008617348,367.46050571563507,0.0008066984406618502,0.052831666345972195,0.9463616352133658
452.45312338410366,214.0,1.0,2.112895886475713,3.1771057860564347,1081.771709702664,669.7568749466561,0.0008066984406618502,0.052831666345972195,0.9463616352133658
113.41405622333654,214.0,1.0,2.114525998962088,3.183491697190356,2235.2935042517956,375.3107002071954,0.0008060550588877722,0.03821608993918684,0.9609778550019252
113.59672786924438,208.0,1.0,2.2599520153010246,3.0162705436785955,2069.010690384893,375.3107002071954,0.0008067852399989937,0.05684574327470007,0.9423474714853007
452.25870681659467,208.0,1.0,2.2618193111808735,3.02423783624374,1058.6894079732124,669.7568749466561,0.0008061164518072257,0.041115652903384224,0.9580782306448087
111.42229385027849,208.0,1.0,2.2618193111808735,3.02423783624374,2048.1282780107913,367.46050571563507,0.0008061164518072257,0.041115652903384224,0.9580782306448087
443.850722914288,208.0,1.0,2.2599520153010246,3.0162705436785955,1036.0056076722756,656.1298158303176,0.0008067852399989937,0.05684574327470007,0.9423474714853007
443.5368683785103,214.0,1.0,2.114525998962088,3.183491697190356,1061.5700665393192,656.1298158303176,0.0008060550588877722,0.03821608993918684,0.9609778550019252
443.58915076193847,208.0,1.0,2.2618193111808735,3.02423783624374,1037.883846751776,656.1298158303176,0.0008061164518072257,0.041115652903384224,0.9580782306448087
266.14467461848403,204.0,1.0,2.0533636757552207,3.11606151534052,34.29747034789695,3.6648234806669158,0.0008059298408122119,0.036511007718807234,0.9626830624403805
249.05217762771198,204.0,1.0,2.0533636757552207,3.11606151534052,32.624590558750086,3.6040403305602924,0.0008059298408122119,0.036511007718807234,0.9626830624403805
76.83107680023566,204.0,1.0,2.0533636757552207,3.11606151534052,12823.879019109005,499.5222367459629,0.0008059298408122119,0.036511007718807234,0.9626830624403805
267.92893960870276,204.0,1.0,2.055646361110167,3.1285252043504492,35.2280204946944,3.6648234806669158,0.0008050330031484854,0.014811506363096392,0.9843834606337551
266.10754354712424,197.0,0.0,1.9883409781294556,3.0340882733846755,35.617202995417024,3.6648234806669158,0.0008059543633794362,0.03803598413496919,0.9611580615016514
76.68178557727968,197.0,0.0,1.9910826291653683,3.0514921433101927,11789.576787463735,499.5222367459629,0.0008050457176144384,0.015567016360345685,0.9836279379220398
250.6301946280028,197.0,0.0,1.9910826291653683,3.0514921433101927,34.38681943396068,3.6040403305602924,0.0008050457176144384,0.015567016360345685,0.9836279379220398
73.58241682734575,197.0,0.0,1.9883409781294556,3.0340882733846755,11142.80590803112,472.4697068216254,0.0008059543633794362,0.03803598413496919,0.9611580615016514
73.4385344645512,204.0,1.0,2.055646361110167,3.1285252043504492,12663.951771833332,472.4697068216254,0.0008050330031484854,0.014811506363096392,0.9843834606337551
73.44052957526102,197.0,0.0,1.9910826291653683,3.0514921433101927,11398.572959494983,472.4697068216254,0.0008050457176144384,0.015567016360345685,0.9836279379220398
205.43522298036328,216.0,1.0,2.298011637993773,3.9441112740582738,23195.886591788614,2002.2576231803037,0.0008054187818422354,0.030400046380487124,0.9687945348376708
132.59568886195856,216.0,1.0,2.298011637993773,3.9441112740582738,15049.687954680985,1040.358327722774,0.0008054187818422354,0.030400046380487124,0.9687945348376708
2050.1443201942807,216.0,1.0,2.298011637993773,3.9441112740582738,675.7327725493766,1089.3841272367158,0.0008054187818422354,0.030400046380487124,0.9687945348376708
206.13448424033487,216.0,1.0,2.295576024007607,3.924301579531805,23235.154576132205,2002.2576231803037,0.0008062046453030671,0.05363178146759967,0.9455620138870972
205.61167151329192,241.0,1.0,2.4215521489484444,3.6860667807191403,25185.57303649329,2002.2576231803037,0.0008060506378751003,0.03124463936927148,0.9679493099928536
2043.2868642113456,241.0,1.0,2.4177896435207376,3.6684885392591227,671.5194104239898,1089.3841272367158,0.0008073337021636377,0.05503263170402405,0.9441600345938124
133.20227621827485,241.0,1.0,2.4177896435207376,3.6684885392591227,17347.167744379796,1040.358327722774,0.0008073337021636377,0.05503263170402405,0.9441600345938124
1202.4628285648844,241.0,1.0,2.4215521489484444,3.6860667807191403,404.54408230694514,677.3389268953003,0.0008060506378751003,0.03124463936927148,0.9679493099928536
1200.5728314232958,216.0,1.0,2.295576024007607,3.924301579531805,413.8071920721001,677.3389268953003,0.0008062046453030671,0.05363178146759967,0.9455620138870972
1199.573645167722,241.0,1.0,2.4177896435207376,3.6684885392591227,405.5879359694827,677.3389268953003,0.0008073337021636377,0.05503263170402405,0.9441600345938124
507.253795470823,245.0,1.0,3.1202905440819295,5.646544966606006,26.369929267793975,67.61030532326535,0.000808339813277729,0.11139650963870566,0.8877951505480167
1412.5276131312683,245.0,1.0,3.1202905440819295,5.646544966606006,50.44792787409837,130.82430800282353,0.000808339813277729,0.11139650963870566,0.8877951505480167
483.5498674672512,245.0,1.0,3.1202905440819295,5.646544966606006,42.11875144179089,33.42988568784921,0.000808339813277729,0.11139650963870566,0.8877951505480167
514.6325133784005,245.0,1.0,3.12881358152539,5.726440921322753,26.814894110946256,67.61030532326535,0.0008064132526612661,0.059335862215480734,0.939857724531858
513.6881264559916,213.0,1.0,2.042865593245397,3.969264416943207,28.43609827778511,67.61030532326535,0.0008066258320784231,0.06620210869280065,0.932991265475121
495.9631302645828,213.0,1.0,2.046007429965105,3.9984843924574607,43.94444343225389,33.42988568784921,0.0008055421481247636,0.03437847801116518,0.96481597984071
1459.727276994779,213.0,1.0,2.046007429965105,3.9984843924574607,67.84191966576807,130.82430800282353,0.0008055421481247636,0.03437847801116518,0.96481597984071
1416.1109596742663,213.0,1.0,2.042865593245397,3.969264416943207,103.75251483308188,54.088491630792056,0.0008066258320784231,0.06620210869280065,0.932991265475121
1421.5213875841007,245.0,1.0,3.12881358152539,5.726440921322753,91.66692466842315,54.088491630792056,0.0008064132526612661,0.059335862215480734,0.939857724531858
1438.789216060139,213.0,1.0,2.046007429965105,3.9984843924574607,103.79299057844474,54.088491630792056,0.0008055421481247636,0.03437847801116518,0.96481597984071
469.29518473037797,202.0,1.0,2.139749063863729,3.205859453270447,1593.4450497499618,851.2121441646223,0.0008057291998037474,0.03332662356117231,0.965867647239024
398.4423266713814,202.0,1.0,2.139749063863729,3.205859453270447,1338.486578039211,708.6059558324966,0.0008057291998037474,0.03332662356117231,0.965867647239024
348.66296545177426,202.0,1.0,2.139749063863729,3.205859453270447,1679.50071563152,740.5338722961036,0.0008057291998037474,0.03332662356117231,0.965867647239024
470.01046930161607,202.0,1.0,2.137553823552946,3.190759928147087,1591.1354437972943,851.2121441646223,0.0008066021230807414,0.05488909755245445,0.9443043003244647
469.26252088115865,220.0,1.0,2.121193932853798,3.6402233680237686,1687.2276132425297,851.2121441646223,0.0008054501706313213,0.037717993709182704,0.9614765561201859
349.24181866254634,220.0,1.0,2.1187644530813468,3.6179666955668677,1815.2796416854774,740.5338722961036,0.000806134407525387,0.06172802504777147,0.9374658405447032
398.8761752641669,220.0,1.0,2.1187644530813468,3.6179666955668677,1439.1222526846325,708.6059558324966,0.000806134407525387,0.06172802504777147,0.9374658405447032
296.86556297122564,220.0,1.0,2.121193932853798,3.6402233680237686,1560.4917394310562,615.2620557664723,0.0008054501706313213,0.037717993709182704,0.9614765561201859
297.39087035241613,202.0,1.0,2.137553823552946,3.190759928147087,1410.4043848266786,615.2620557664723,0.0008066021230807414,0.05488909755245445,0.9443043003244647
297.3008988232252,220.0,1.0,2.1187644530813468,3.6179666955668677,1559.1213614447045,615.2620557664723,0.000806134407525387,0.06172802504777147,0.9374658405447032
428.571709687305,242.0,1.0,3.2781092214474103,6.870438047537358,49.1373753515636,33.32935898975978,0.0008099771826867417,0.13878583442966255,0.8604041883876508
1488.3170568654552,242.0,1.0,3.2781092214474103,6.870438047537358,7.954910771882524,93.96384094263773,0.0008099771826867417,0.13878583442966255,0.8604041883876508
7105.321413239193,242.0,1.0,3.2781092214474103,6.870438047537358,7849.617891327273,7482.939208294401,0.0008099771826867417,0.13878583442966255,0.8604041883876508
450.2586969553919,242.0,1.0,3.2905188981266904,7.003541860063269,50.27929540440503,33.32935898975978,0.0008066075268317895,0.058685618530827946,0.9405077739423402
444.92714542405474,233.0,1.0,2.750708533020505,4.0289328236004724,55.553155499110645,33.32935898975978,0.0008074762164749607,0.07213410989061868,0.9270584138929062
7100.049158831117,233.0,1.0,2.75685237364138,4.074563217439186,7854.231794115642,7482.939208294401,0.000805626799570263,0.029308994592023893,0.9698853786084057
1645.688306984512,233.0,1.0,2.75685237364138,4.074563217439186,139.797023158219,93.96384094263773,0.000805626799570263,0.029308994592023893,0.9698853786084057
17591.168375992194,233.0,1.0,2.750708533020505,4.0289328236004724,19500.43490400263,18722.65678595512,0.0008074762164749607,0.07213410989061868,0.9270584138929062
17587.561754984545,242.0,1.0,3.2905188981266904,7.003541860063269,19258.092820643735,18722.65678595512,0.0008066075268317895,0.058685618530827946,0.9405077739423402
17581.856474095566,233.0,1.0,2.75685237364138,4.074563217439186,19500.169504313024,18722.65678595512,0.000805626799570263,0.029308994592023893,0.9698853786084057
175.20427278624797,215.0,1.0,2.100380845499443,4.058035185152288,6934.68975648294,941.6027165505051,0.0008061425219769047,0.04968164460550767,0.9495122128725154
128.64350650715323,215.0,1.0,2.100380845499443,4.058035185152288,5225.302365351759,617.2528575957181,0.0008061425219769047,0.04968164460550767,0.9495122128725154
642.1005213621484,215.0,1.0,2.100380845499443,4.058035185152288,75.50746659817455,27.58255116555148,0.0008061425219769047,0.04968164460550767,0.9495122128725154
175.46844570269184,215.0,1.0,2.099103052467648,4.045915155053221,6943.010862984967,941.6027165505051,0.0008065467616445392,0.06082450879860132,0.9383689444397542
175.12131447011888,212.0,1.0,2.314377636375584,4.000568225974929,7471.968662634938,941.6027165505051,0.0008059812046893558,0.04642828394690777,0.9527657348484029
639.1848289748314,212.0,1.0,2.3132813104000625,3.989778483625553,65.9076188114502,27.58255116555148,0.0008063540909982783,0.057049507507918526,0.9421441384010834
128.73182733281337,212.0,1.0,2.3132813104000625,3.989778483625553,5560.946694812477,617.2528575957181,0.0008063540909982783,0.057049507507918526,0.9421441384010834
389.5889187038473,212.0,1.0,2.314377636375584,4.000568225974929,46.7801226798719,17.42227055951993,0.0008059812046893558,0.04642828394690777,0.9527657348484029
387.1197098259632,215.0,1.0,2.099103052467648,4.045915155053221,52.89742864949735,17.42227055951993,0.0008065467616445392,0.06082450879860132,0.9383689444397542
387.7215562742602,212.0,1.0,2.3132813104000625,3.989778483625553,46.16823712488829,17.42227055951993,0.0008063540909982783,0.057049507507918526,0.9421441384010834
1429.5681797416476,235.0,1.0,2.492251235466144,4.32980531294527,269.62417050107695,560.0228675259104,0.0008066107952687723,0.06068835123978388,0.9385050379649474
379.99893596807453,235.0,1.0,2.492251235466144,4.32980531294527,72.75033703647267,179.64542277558087,0.0008066107952687723,0.06068835123978388,0.9385050379649474
1053.581623017538,235.0,1.0,2.492251235466144,4.32980531294527,21.53635271959271,136.89945968983127,0.0008066107952687723,0.06068835123978388,0.9385050379649474
1433.477315634659,235.0,1.0,2.4944453622301084,4.346424928761696,268.47379790591435,560.0228675259104,0.0008060356781088429,0.0452201552846085,0.9539738090372827
1436.0802531256825,203.0,1.0,2.2483795350934104,3.375698374079889,251.68894379249713,560.0228675259104,0.0008054741226529578,0.034806174011376305,0.9643883518659707
1066.4602737954426,203.0,1.0,2.249294384432624,3.382147330113887,28.391573025505007,136.89945968983127,0.0008051959319946327,0.025696739055793064,0.9734980650122124
380.9990961671261,203.0,1.0,2.249294384432624,3.382147330113887,71.91064107324512,179.64542277558087,0.0008051959319946327,0.025696739055793064,0.9734980650122124
250.15881773938776,203.0,1.0,2.2483795350934104,3.375698374079889,8.583044075611562,48.583168429502244,0.0008054741226529578,0.034806174011376305,0.9643883518659707
249.67176167965187,235.0,1.0,2.4944453622301084,4.346424928761696,10.31600469546581,48.583168429502244,0.0008060356781088429,0.0452201552846085,0.9539738090372827
250.4573640516046,203.0,1.0,2.249294384432624,3.382147330113887,9.260313094678294,48.583168429502244,0.0008051959319946327,0.025696739055793064,0.9734980650122124
126.77096068651578,227.0,1.0,2.3405672565361355,4.174560195614814,2386.8407507477577,403.49598787101047,0.0008052822202443045,0.030492769571881684,0.9687019482078741
246.26950244968214,227.0,1.0,2.3405672565361355,4.174560195614814,4278.204012509123,931.4909647602553,0.0008052822202443045,0.030492769571881684,0.9687019482078741
93.14759258529217,227.0,1.0,2.3405672565361355,4.174560195614814,4972.59224224194,402.671892235202,0.0008052822202443045,0.030492769571881684,0.9687019482078741
127.14720060934114,227.0,1.0,2.3353086051280494,4.131995256202006,2365.1021419254134,403.49598787101047,0.0008066132309925455,0.07567723864007167,0.9235161481289359
126.76272229315066,202.0,1.0,2.1408103098598947,3.2132171380728365,1948.1802883537948,403.49598787101047,0.0008053082528593045,0.022653001518156347,0.9765416902289844
93.42158295884352,202.0,1.0,2.1374294593343675,3.189909303376199,3540.138130962235,402.671892235202,0.0008066516659717189,0.05609030756338053,0.9431030407706474
247.2732439240392,202.0,1.0,2.1374294593343675,3.189909303376199,3966.038420205128,931.4909647602553,0.0008066516659717189,0.05609030756338053,0.9431030407706474
179.5948371756763,202.0,1.0,2.1408103098598947,3.2132171380728365,6986.753458262072,959.7370334179434,0.0008053082528593045,0.022653001518156347,0.9765416902289844
180.81235434872517,227.0,1.0,2.3353086051280494,4.131995256202006,8193.190537948954,959.7370334179434,0.0008066132309925455,0.07567723864007167,0.9235161481289359
180.46579594893683,202.0,1.0,2.1374294593343675,3.189909303376199,6973.112152789964,959.7370334179434,0.0008066516659717189,0.05609030756338053,0.9431030407706474
270.3196593598306,243.0,1.0,3.596783413224935,7.082179892332549,5.354584627894447,78.7667315380694,0.0008070709937980511,0.08038168448712539,0.9188112445190766
580.6153997762256,243.0,1.0,3.596783413224935,7.082179892332549,42.553383822878985,145.6372930672342,0.0008070709937980511,0.08038168448712539,0.9188112445190766
148.2464608976615,243.0,1.0,3.596783413224935,7.082179892332549,1326.6199149754536,382.83921889980104,0.0008070709937980511,0.08038168448712539,0.9188112445190766
269.61830997310744,243.0,1.0,3.5927636522070006,7.036933911336279,5.384261030768247,78.7667315380694,0.0008079579271973411,0.10489867342877468,0.894293368644028
271.6658533994379,215.0,1.0,2.152800833427757,3.8718448479306438,1.2083098230518319,78.7667315380694,0.0008053490996509478,0.03184671484510057,0.9673479360552484
147.89017770090138,215.0,1.0,2.1518294565049043,3.862828144255961,1568.9794301970421,382.83921889980104,0.0008056564301578261,0.04216680454907055,0.9570275390207716
584.833847826372,215.0,1.0,2.1518294565049043,3.862828144255961,8.202490376311953,145.6372930672342,0.0008056564301578261,0.04216680454907055,0.9570275390207716
264.12823029113815,215.0,1.0,2.152800833427757,3.8718448479306438,2658.791899813578,767.1204957764465,0.0008053490996509478,0.03184671484510057,0.9673479360552484
266.21593438367364,243.0,1.0,3.5927636522070006,7.036933911336279,2212.687326762955,767.1204957764465,0.0008079579271973411,0.10489867342877468,0.894293368644028
264.3961400353207,215.0,1.0,2.1518294565049043,3.862828144255961,2656.638949132883,767.1204957764465,0.0008056564301578261,0.04216680454907055,0.9570275390207716
2435.2669438524536,242.0,1.0,3.075244081640103,5.726557005111357,4695.938084283822,3659.105164850194,0.0008091036144057994,0.12559443288874125,0.8735964634968529
686.0881272089014,242.0,1.0,3.075244081640103,5.726557005111357,1329.2603722007138,942.7537273713217,0.0008091036144057994,0.12559443288874125,0.8735964634968529
1380.3989366768303,242.0,1.0,3.075244081640103,5.726557005111357,126.96920381312667,23.12024571394865,0.0008091036144057994,0.12559443288874125,0.8735964634968529
2433.1116398609897,242.0,1.0,3.0771171023453032,5.742793146682045,4696.079761889704,3659.105164850194,0.0008086750621621985,0.11524933328461792,0.8839419916532198
2422.6986909646616,202.0,0.0,1.8856126490073317,3.3260904813316037,5008.28966750078,3659.105164850194,0.0008070475437160878,0.06014708853343182,0.939045863922852
1445.7077933687042,202.0,0.0,1.8861978596299729,3.329956538694251,138.12317513280595,23.12024571394865,0.0008068082873158524,0.05488622592346719,0.944306965789217
684.7248990764949,202.0,0.0,1.8861978596299729,3.329956538694251,1346.1118969615802,942.7537273713217,0.0008068082873158524,0.05488622592346719,0.944306965789217
258.6816718958097,202.0,0.0,1.8856126490073317,3.3260904813316037,36.43443510477185,0.6417551730734196,0.0008070475437160878,0.06014708853343182,0.939045863922852
254.94609210643847,242.0,1.0,3.0771171023453032,5.742793146682045,36.14943782840977,0.6417551730734196,0.0008086750621621985,0.11524933328461792,0.8839419916532198
259.11277742600186,202.0,0.0,1.8861978596299729,3.329956538694251,36.466538668996044,0.6417551730734196,0.0008068082873158524,0.05488622592346719,0.944306965789217
820.8091023039302,239.0,1.0,2.979971649582268,5.817946125016506,63.92060765947096,36.20670278346358,0.0008059895802100627,0.044833728120782394,0.9543602822990077
310.7407621919457,239.0,1.0,2.979971649582268,5.817946125016506,31.884815117520493,21.980894607231843,0.0008059895802100627,0.044833728120782394,0.9543602822990077
5997.964494214074,239.0,1.0,2.979971649582268,5.817946125016506,4830.519397100635,5293.5478924455165,0.0008059895802100627,0.044833728120782394,0.9543602822990077
816.3782855382711,239.0,1.0,2.978013921110498,5.799263302884014,63.76171061856593,36.20670278346358,0.0008064643550330764,0.05784343737837876,0.9413500982665881
825.4243198989104,230.0,1.0,2.267534826529398,4.770880303380092,49.74331888231956,36.20670278346358,0.0008053272642241864,0.03071607982346453,0.9684785929123113
5998.561085457732,230.0,1.0,2.266388530468311,4.759867597195626,4827.165757129985,5293.5478924455165,0.0008056022334099714,0.03988792742073282,0.9593064703458571
311.1830012894582,230.0,1.0,2.266388530468311,4.759867597195626,25.24224347145443,21.980894607231843,0.0008056022334099714,0.03988792742073282,0.9593064703458571
2763.9232329113142,230.0,1.0,2.267534826529398,4.770880303380092,2233.3741979889246,2482.1270501373465,0.0008053272642241864,0.03071607982346453,0.9684785929123113
2763.028549535151,239.0,1.0,2.978013921110498,5.799263302884014,2228.4594380035933,2482.1270501373465,0.0008064643550330764,0.05784343737837876,0.9413500982665881
2763.6557044850306,230.0,1.0,2.266388530468311,4.759867597195626,2234.923209732643,2482.1270501373465,0.0008056022334099714,0.03988792742073282,0.9593064703458571
101.3073895819033,226.0,1.0,2.595943824938876,4.165480447947479,9174.029903080813,593.6270024975884,0.000806710810592088,0.061707827428388984,0.937485461761019
369.80585671690346,226.0,1.0,2.595943824938876,4.165480447947479,24480.51877657586,3769.10514809671,0.000806710810592088,0.061707827428388984,0.937485461761019
104.20629943830441,226.0,1.0,2.595943824938876,4.165480447947479,8256.52165825275,586.7743671593392,0.000806710810592088,0.061707827428388984,0.937485461761019
101.2791876896605,226.0,1.0,2.5963332068195126,4.168440876490726,9177.909434284717,593.6270024975884,0.0008066059726265913,0.05900865120434933,0.940184742823024
101.35189941241266,225.0,1.0,2.463775696978766,4.701388499472515,8920.84331093536,593.6270024975884,0.0008068014930298694,0.07406151071884509,0.925131687788125
104.2216516705493,225.0,1.0,2.4641123809157306,4.705232272335316,8048.87646499689,586.7743671593392,0.0008066929476220328,0.07087451565915398,0.928318791393224
370.3506923665273,225.0,1.0,2.4641123809157306,4.705232272335316,22965.898525687557,3769.10514809671,0.0008066929476220328,0.07087451565915398,0.928318791393224
380.66838454189696,225.0,1.0,2.463775696978766,4.701388499472515,21081.43966183695,3674.38344443916,0.0008068014930298694,0.07406151071884509,0.925131687788125
379.62531261965427,226.0,1.0,2.5963332068195126,4.168440876490726,22421.566052882543,3674.38344443916,0.0008066059726265913,0.05900865120434933,0.940184742823024
380.4150345766095,225.0,1.0,2.4641123809157306,4.705232272335316,21082.862718420944,3674.38344443916,0.0008066929476220328,0.07087451565915398,0.928318791393224
334.01748424620996,195.0,0.0,1.9280670335210206,3.177332372950803,36.62379037039019,17.446668960637478,0.0008056384026760242,0.03373466749948502,0.9654596940978389
204.35444762499148,195.0,0.0,1.9280670335210206,3.177332372950803,24.815387311367264,12.774922309767957,0.0008056384026760242,0.03373466749948502,0.9654596940978389
326.8301454895204,195.0,0.0,1.9280670335210206,3.177332372950803,44.864416997273025,11.457994195795234,0.0008056384026760242,0.03373466749948502,0.9654596940978389
332.74987700162546,195.0,0.0,1.9267139700341978,3.1661062913892666,36.24681359201347,17.446668960637478,0.0008061351101321517,0.047074832307097345,0.9521190325827705
331.9661150668829,227.0,1.0,2.5783841365339186,4.279630472486019,39.10393371962172,17.446668960637478,0.0008065092539221328,0.05493852415520793,0.9442549665908699
321.25376648088786,227.0,1.0,2.5754067655061696,4.255241351480045,46.64741329274476,11.457994195795234,0.0008073572816148017,0.07588699909955983,0.9233056436188252
202.56809242537685,227.0,1.0,2.5754067655061696,4.255241351480045,27.423433814108183,12.774922309767957,0.0008073572816148017,0.07588699909955983,0.9233056436188252
191.06838613464745,227.0,1.0,2.5783841365339186,4.279630472486019,32.21378725710029,7.244633917951484,0.0008065092539221328,0.05493852415520793,0.9442549665908699
191.53884460889526,195.0,0.0,1.9267139700341978,3.1661062913892666,30.1828663935413,7.244633917951484,0.0008061351101321517,0.047074832307097345,0.9521190325827705
189.90142141668926,227.0,1.0,2.5754067655061696,4.255241351480045,32.21341809840842,7.244633917951484,0.0008073572816148017,0.07588699909955983,0.9233056436188252
187.31794157007587,235.0,1.0,2.4795729725822167,4.335742132369505,14110.22908383376,1505.4072186178473,0.0008074457513424436,0.07595183155278264,0.9232407226958746
167.68304770195337,235.0,1.0,2.4795729725822167,4.335742132369505,12994.925926350348,1279.027519044499,0.0008074457513424436,0.07595183155278264,0.9232407226958746
327.43958219296763,235.0,1.0,2.4795729725822167,4.335742132369505,4460.038646576061,1285.5151454838958,0.0008074457513424436,0.07595183155278264,0.9232407226958746
186.63302062887834,235.0,1.0,2.482883997627425,4.361644140738038,14147.679518281864,1505.4072186178473,0.0008064611733027528,0.05224495199993754,0.9469485868267598
188.07569272745155,255.0,1.0,3.268098310151712,5.031531101420185,12523.256343444751,1505.4072186178473,0.0008086094155362536,0.0976276201477833,0.9015637704366806
327.06641939779627,255.0,1.0,3.2739023962817035,5.0727093391062965,4018.4512407492844,1285.5151454838958,0.0008072361379982613,0.0673686017086801,0.9318241621533216
167.52865918523196,255.0,1.0,3.2739023962817035,5.0727093391062965,11595.782658345626,1279.027519044499,0.0008072361379982613,0.0673686017086801,0.9318241621533216
294.15086121168974,255.0,1.0,3.268098310151712,5.031531101420185,3628.805039916946,1111.5192277535361,0.0008086094155362536,0.0976276201477833,0.9015637704366806
291.8674153321434,235.0,1.0,2.482883997627425,4.361644140738038,4034.919049856363,1111.5192277535361,0.0008064611733027528,0.05224495199993754,0.9469485868267598
292.65514656163646,255.0,1.0,3.2739023962817035,5.0727093391062965,3631.198253023805,1111.5192277535361,0.0008072361379982613,0.0673686017086801,0.9318241621533216
2020.6198485916952,156.0,0.0,1.5858378971955134,2.572679984154657,206.16961427911102,626.1805723883713,0.0008050677273347017,0.015992626748055117,0.9832023055246103
1425.498915458721,156.0,0.0,1.5858378971955134,2.572679984154657,149.8001814279922,469.88766902605175,0.0008050677273347017,0.015992626748055117,0.9832023055246103
285.0895993722234,156.0,0.0,1.5858378971955134,2.572679984154657,26232.682312567224,2758.068316474614,0.0008050677273347017,0.015992626748055117,0.9832023055246103
2014.855656486662,154.0,0.0,1.584834535531541,2.565937098714438,206.3827033519969,626.1805723883713,0.0008055685344995708,0.02844831000638296,0.9707461214591174
2018.4823261362615,208.0,1.0,2.0537024028590007,3.3097210849003975,224.16960425429605,626.1805723883713,0.0008052692246156646,0.02068985369572747,0.9785048770796569
286.14479445192296,208.0,1.0,2.0517640133669186,3.2961324255344024,26176.457767974633,2758.068316474614,0.0008059339505390678,0.036725818881733735,0.9624682471677272
1419.4590576222954,208.0,1.0,2.0517640133669186,3.2961324255344024,165.42762180283236,469.88766902605175,0.0008059339505390678,0.036725818881733735,0.9624682471677272
214.99517908772776,208.0,1.0,2.0537024028590007,3.3097210849003975,19767.43754136465,1830.6085924973431,0.0008052692246156646,0.02068985369572747,0.9785048770796569
215.25906750955644,154.0,0.0,1.584834535531541,2.565937098714438,19454.642722813274,1830.6085924973431,0.0008055685344995708,0.02844831000638296,0.9707461214591174
215.55038562113396,208.0,1.0,2.0517640133669186,3.2961324255344024,19723.950897684073,1830.6085924973431,0.0008059339505390678,0.036725818881733735,0.9624682471677272
2289.2458910751075,239.0,1.0,2.632805691022519,4.548956308132508,2728.1758880977254,2483.9153377186303,0.0008070754193445357,0.06933157137380278,0.9298613532068527
4277.6228815763,239.0,1.0,2.632805691022519,4.548956308132508,5102.631241491009,4686.732222181862,0.0008070754193445357,0.06933157137380278,0.9298613532068527
927.059813808476,239.0,1.0,2.632805691022519,4.548956308132508,567.2492865709625,737.3504871013855,0.0008070754193445357,0.06933157137380278,0.9298613532068527
2288.7524777615254,239.0,1.0,2.636845841967037,4.582436006643928,2728.768851821665,2483.9153377186303,0.0008058665105584019,0.03861421030918706,0.9605799231802545
2289.3364454092857,237.0,1.0,2.9196745427244473,5.126236192788299,2714.2005698805056,2483.9153377186303,0.0008072462015127206,0.08081293732490336,0.9183798164735838
927.5814027186811,237.0,1.0,2.9240201686101224,5.166530484243072,576.702791302695,737.3504871013855,0.0008059538310385277,0.04506560123408313,0.9541284449348784
4276.2475609149005,237.0,1.0,2.9240201686101224,5.166530484243072,5079.474855859938,4686.732222181862,0.0008059538310385277,0.04506560123408313,0.9541284449348784
1781.024082316499,237.0,1.0,2.9196745427244473,5.126236192788299,1106.0338758763085,1378.817772676749,0.0008072462015127206,0.08081293732490336,0.9183798164735838
1783.5913078885264,239.0,1.0,2.636845841967037,4.582436006643928,1086.4253318306776,1378.817772676749,0.0008058665105584019,0.03861421030918706,0.9605799231802545
1783.2782642504726,237.0,1.0,2.9240201686101224,5.166530484243072,1104.232586536854,1378.817772676749,0.0008059538310385277,0.04506560123408313,0.9541284449348784
690.0240375282464,229.0,1.0,2.511686717374713,4.4093634066326395,298.54508103591314,463.37593831442206,0.0008080210682632881,0.08872060710679883,0.910471371824938
886.7410745742825,229.0,1.0,2.511686717374713,4.4093634066326395,381.48166255314425,585.4640218785996,0.0008080210682632881,0.08872060710679883,0.910471371824938
235.95739101971503,229.0,1.0,2.511686717374713,4.4093634066326395,38.40614112764603,19.076976598714364,0.0008080210682632881,0.08872060710679883,0.910471371824938
690.6732101593411,229.0,1.0,2.5145739516359877,4.434682237758463,298.2795456443198,463.37593831442206,0.0008070946060646881,0.06710298950616025,0.9320899158877749
689.6464966606055,234.0,1.0,2.534658226061972,4.628014566694334,318.3217581292905,463.37593831442206,0.0008086592586567931,0.09848026278484044,0.9007110779565027
237.31686967825578,234.0,1.0,2.5382908993092674,4.657364306969231,33.338524477005734,19.076976598714364,0.0008075599443207895,0.07438812508347448,0.9248043149722048
887.3729337814351,234.0,1.0,2.5382908993092674,4.657364306969231,404.5174047950126,585.4640218785996,0.0008075599443207895,0.07438812508347448,0.9248043149722048
332.5839831779701,234.0,1.0,2.534658226061972,4.628014566694334,40.766195273211224,24.69418880362005,0.0008086592586567931,0.09848026278484044,0.9007110779565027
338.2326107809434,229.0,1.0,2.5145739516359877,4.434682237758463,48.74767643999808,24.69418880362005,0.0008070946060646881,0.06710298950616025,0.9320899158877749
336.8871971105175,234.0,1.0,2.5382908993092674,4.657364306969231,41.77460121701034,24.69418880362005,0.0008075599443207895,0.07438812508347448,0.9248043149722048
412.8018136833675,218.0,1.0,2.2673502591710664,3.7190683601732095,3751.1746919674342,1329.9148875616866,0.0008054825673006497,0.03088340242152895,0.9683111150111704
624.1897600215295,218.0,1.0,2.2673502591710664,3.7190683601732095,5571.695098081829,2232.7159297360104,0.0008054825673006497,0.03088340242152895,0.9683111150111704
1650.9200836584828,218.0,1.0,2.2673502591710664,3.7190683601732095,3362.4696933554046,2459.941148376303,0.0008054825673006497,0.03088340242152895,0.9683111150111704
412.1438043963024,218.0,1.0,2.268422955928988,3.729170159832433,3756.6769486257845,1329.9148875616866,0.0008051020991127639,0.01983542277085647,0.9793594751300307
414.5383688805226,250.0,1.0,3.073924951458561,5.654781669032206,3319.3439215130215,1329.9148875616866,0.0008068220454232848,0.0576123624687426,0.941580815485834
1651.6392942007592,250.0,1.0,3.0769086628435205,5.686006310276781,3212.1094647979853,2459.941148376303,0.0008059511529803044,0.03721573302668705,0.9619783158203326
624.960936186091,250.0,1.0,3.0769086628435205,5.686006310276781,4946.243142538426,2232.7159297360104,0.0008059511529803044,0.03721573302668705,0.9619783158203326
2575.0129753442416,250.0,1.0,3.073924951458561,5.654781669032206,4995.31983605124,3964.9405039200074,0.0008068220454232848,0.0576123624687426,0.941580815485834
2567.1646183442144,218.0,1.0,2.268422955928988,3.729170159832433,5227.733613116172,3964.9405039200074,0.0008051020991127639,0.01983542277085647,0.9793594751300307
2570.7182622872597,250.0,1.0,3.0769086628435205,5.686006310276781,4999.164794356093,3964.9405039200074,0.0008059511529803044,0.03721573302668705,0.9619783158203326
619.7434888417756,255.0,1.0,3.596213773010255,6.759399460679994,31.095927458078236,46.626277466914686,0.0008085221457503504,0.1196922206802446,0.879499257174005
607.092714845971,255.0,1.0,3.596213773010255,6.759399460679994,31.931030558161865,45.88888845879209,0.0008085221457503504,0.1196922206802446,0.879499257174005
163.86768963897237,255.0,1.0,3.596213773010255,6.759399460679994,5326.344704811558,875.9819545579127,0.0008085221457503504,0.1196922206802446,0.879499257174005
608.2422212128273,255.0,1.0,3.5915914553481305,6.716931351078255,30.46123064370353,46.626277466914686,0.0008094452926288917,0.1432674419631326,0.8559231127442385
645.5536575911784,229.0,1.0,2.5799182576739215,4.270197503430273,65.9891860821955,46.626277466914686,0.000807159136351791,0.062084238428787714,0.9371086024348605
163.090591244489,229.0,1.0,2.577910569945506,4.254985990702139,6877.580820880827,875.9819545579127,0.000807775401987352,0.07532530880552137,0.9238669157924914
625.8684940514979,229.0,1.0,2.577910569945506,4.254985990702139,64.24667901135015,45.88888845879209,0.000807775401987352,0.07532530880552137,0.9238669157924914
160.77188348630114,229.0,1.0,2.5799182576739215,4.270197503430273,6797.899679813107,861.0478535202193,0.000807159136351791,0.062084238428787714,0.9371086024348605
162.40339245777957,255.0,1.0,3.5915914553481305,6.716931351078255,5287.362398064948,861.0478535202193,0.0008094452926288917,0.1432674419631326,0.8559231127442385
161.08462845543886,229.0,1.0,2.577910569945506,4.254985990702139,6794.5518674168525,861.0478535202193,0.000807775401987352,0.07532530880552137,0.9238669157924914
134.0398583850425,243.0,1.0,2.561369738896463,4.978063995536791,5889.516726885808,715.8983298627461,0.0008056920877150376,0.03095371235939495,0.96824059555289
88.52105942177113,243.0,1.0,2.561369738896463,4.978063995536791,4109.886561803183,415.97468254437763,0.0008056920877150376,0.03095371235939495,0.96824059555289
487.99564798867345,243.0,1.0,2.561369738896463,4.978063995536791,20.635524963150836,69.81460775586422,0.0008056920877150376,0.03095371235939495,0.96824059555289
134.31696339725696,243.0,1.0,2.559122413715672,4.959061915480974,5885.331739895185,715.8983298627461,0.0008064087746673214,0.04794402821617757,0.951249563009155
133.99212173647635,243.0,1.0,2.835852970507631,5.0517593462897015,6981.501320811898,715.8983298627461,0.0008054166017288709,0.03217989639257199,0.967014687005699
486.013227281004,243.0,1.0,2.8335705720614497,5.0328904257668645,21.7912672955421,69.81460775586422,0.0008059765068668179,0.04979138518799016,0.949402638305143
88.58762759711719,243.0,1.0,2.8335705720614497,5.0328904257668645,5137.766160932575,415.97468254437763,0.0008059765068668179,0.04979138518799016,0.949402638305143
270.00392646103387,243.0,1.0,2.835852970507631,5.0517593462897015,15.713103985803722,45.39067139259063,0.0008054166017288709,0.03217989639257199,0.967014687005699
269.08827865085885,243.0,1.0,2.559122413715672,4.959061915480974,13.956063490438085,45.39067139259063,0.0008064087746673214,0.04794402821617757,0.951249563009155
269.28091669192236,243.0,1.0,2.8335705720614497,5.0328904257668645,14.94437412847731,45.39067139259063,0.0008059765068668179,0.04979138518799016,0.949402638305143
414.7763914378977,251.0,1.0,2.708614343772048,4.879357644918402,12.149162365357988,76.14409858076411,0.000807318974463194,0.0789973634465921,0.9201953175789446
729.608044719927,251.0,1.0,2.708614343772048,4.879357644918402,14.572466150902272,114.06535454497956,0.000807318974463194,0.0789973634465921,0.9201953175789446
677.1863569079857,251.0,1.0,2.708614343772048,4.879357644918402,174.26992619357262,345.3295823096048,0.000807318974463194,0.0789973634465921,0.9201953175789446
414.8651621262322,251.0,1.0,2.7087565930928954,4.880633800932853,12.159089109727862,76.14409858076411,0.0008072800885135636,0.07800529552164802,0.9211874243898386
416.71716470127495,204.0,1.0,2.1287958437964836,3.4776244170729305,19.225405579532886,76.14409858076411,0.0008065776683334356,0.05503757123300079,0.9441558510986657
678.5404733321656,204.0,1.0,2.128878748867804,3.478306591476209,160.17239191797842,345.3295823096048,0.0008065488744209747,0.05433173201281381,0.9448617191127651
734.6361838968943,204.0,1.0,2.128878748867804,3.478306591476209,30.14650071675068,114.06535454497956,0.0008065488744209747,0.05433173201281381,0.9448617191127651
1134.2097793320756,204.0,1.0,2.1287958437964836,3.4776244170729305,258.7996423937624,540.6011724900492,0.0008065776683334356,0.05503757123300079,0.9441558510986657
1131.157319029042,251.0,1.0,2.7087565930928954,4.880633800932853,292.7219083912403,540.6011724900492,0.0008072800885135636,0.07800529552164802,0.9211874243898386
1134.310394828835,204.0,1.0,2.128878748867804,3.478306591476209,258.7927591848191,540.6011724900492,0.0008065488744209747,0.05433173201281381,0.9448617191127651
716.3475916114062,232.0,1.0,2.929909844616798,5.506075334976933,1896.9020645492992,1202.121866690525,0.0008058923334251211,0.03481774085064854,0.9643763668159263
392.6017647327525,232.0,1.0,2.929909844616798,5.506075334976933,1031.5359386512314,621.4146349362804,0.0008058923334251211,0.03481774085064854,0.9643763668159263
115.43277796457319,232.0,1.0,2.929909844616798,5.506075334976933,15771.998938894527,944.6574498777928,0.0008058923334251211,0.03481774085064854,0.9643763668159263
716.6236099818701,232.0,1.0,2.929055189942817,5.4984904881876,1896.7070371290515,1202.121866690525,0.0008061333807551713,0.040408175522900644,0.958785691096344
715.5583069763819,206.0,1.0,2.154900333133786,3.684275744705883,2004.3787291528088,1202.121866690525,0.0008051678058498833,0.018483947032428102,0.9807108851617219
115.2567419243232,206.0,1.0,2.1545960630660583,3.681668932452622,18184.87823860586,944.6574498777928,0.000805288597620885,0.021491051810658725,0.9777036595917205
392.3792610010011,206.0,1.0,2.1545960630660583,3.681668932452622,1066.594037596011,621.4146349362804,0.000805288597620885,0.021491051810658725,0.9777036595917205
65.92740255050424,206.0,1.0,2.154900333133786,3.684275744705883,11202.042218241682,438.4715786519799,0.0008051678058498833,0.018483947032428102,0.9807108851617219
66.05175285986299,232.0,1.0,2.929055189942817,5.4984904881876,10522.951828653719,438.4715786519799,0.0008061333807551713,0.040408175522900644,0.958785691096344
65.94303038498937,206.0,1.0,2.1545960630660583,3.681668932452622,11195.85892531772,438.4715786519799,0.000805288597620885,0.021491051810658725,0.9777036595917205
1330.624026398159,215.0,1.0,2.0437889555987523,3.327214729256704,123.65312719562431,48.596713015564305,0.0008060465412369068,0.052424324380859894,0.9467696290779033
357.8878735492102,215.0,1.0,2.0437889555987523,3.327214729256704,45.83422445128722,12.353545351871224,0.0008060465412369068,0.052424324380859894,0.9467696290779033
576.0810107814816,215.0,1.0,2.0437889555987523,3.327214729256704,4885.463904373055,1813.1484138336893,0.0008060465412369068,0.052424324380859894,0.9467696290779033
1328.4215442271372,215.0,1.0,2.0435401858507074,3.3253743491518897,123.49900562019391,48.596713015564305,0.0008061202352359192,0.05472501454765434,0.9444688652171097
1255.2280690302323,251.0,1.0,3.515878689346492,7.21072343191429,143.2042630974459,48.596713015564305,0.0008078328572880094,0.13673391389622327,0.8624582532464887
584.4601453515592,251.0,1.0,3.515258300025434,7.200734868013865,3378.190070187275,1813.1484138336893,0.000807989605009361,0.14218928684571075,0.8570027235492799
347.3835292271794,251.0,1.0,3.515258300025434,7.200734868013865,21.938493799853084,12.353545351871224,0.000807989605009361,0.14218928684571075,0.8570027235492799
240.79050613625193,251.0,1.0,3.515878689346492,7.21072343191429,1696.036457669814,615.7353120328941,0.0008078328572880094,0.13673391389622327,0.8624582532464887
239.5857028584085,215.0,1.0,2.0435401858507074,3.3253743491518897,1957.855991431866,615.7353120328941,0.0008061202352359192,0.05472501454765434,0.9444688652171097
240.89800607901196,251.0,1.0,3.515258300025434,7.200734868013865,1695.4028701640211,615.7353120328941,0.000807989605009361,0.14218928684571075,0.8570027235492799
69.24113002095284,238.0,1.0,2.8552482891331263,4.656769289707428,14733.912300970132,505.538435117843,0.0008070839625260931,0.055777266783962276,0.9434156492535118
199.819838522387,238.0,1.0,2.8552482891331263,4.656769289707428,30099.870410482545,2410.136619984215,0.0008070839625260931,0.055777266783962276,0.9434156492535118
253.3102249072846,238.0,1.0,2.8552482891331263,4.656769289707428,33.18687261071603,5.953700111906392,0.0008070839625260931,0.055777266783962276,0.9434156492535118
69.23333989663146,238.0,1.0,2.8554394617858607,4.6579457278920655,14734.103963901893,505.538435117843,0.0008070283349930354,0.054657245836639425,0.9445357258283676
69.23450028617869,240.0,1.0,2.8586450864817072,5.03490127547579,13758.808078883047,505.538435117843,0.0008070440959051851,0.057902959720246304,0.9412899961838485
253.34670917954674,240.0,1.0,2.858847586098338,5.036409682312061,29.260550607912588,5.953700111906392,0.0008069891846595232,0.05673964488344749,0.942453365931893
199.81882754055357,240.0,1.0,2.858847586098338,5.036409682312061,28512.16261212443,2410.136619984215,0.0008069891846595232,0.05673964488344749,0.942453365931893
1205.9043928664885,240.0,1.0,2.8586450864817072,5.03490127547579,95.36808935724459,1.156906768429236,0.0008070440959051851,0.057902959720246304,0.9412899961838485
1207.9115605089462,238.0,1.0,2.8554394617858607,4.6579457278920655,105.87043352611609,1.156906768429236,0.0008070283349930354,0.054657245836639425,0.9445357258283676
1206.7141772096036,240.0,1.0,2.858847586098338,5.036409682312061,95.44945366300293,1.156906768429236,0.0008069891846595232,0.05673964488344749,0.942453365931893
217.33187449101212,233.0,1.0,2.4888292082037147,4.4740018181790315,33.44775515419569,16.620026772405456,0.0008061122780291775,0.03779108428569718,0.9614028034362738
2301.0780230815267,233.0,1.0,2.4888292082037147,4.4740018181790315,176.4721834851215,119.65136900419132,0.0008061122780291775,0.03779108428569718,0.9614028034362738
310.93272988219064,233.0,1.0,2.4888292082037147,4.4740018181790315,21.256334407535743,102.7325799863489,0.0008061122780291775,0.03779108428569718,0.9614028034362738
213.28378045590358,233.0,1.0,2.4815848558534372,4.4245804361288466,32.250350180562776,16.620026772405456,0.0008082624736464724,0.08324331268402656,0.9159484248423271
217.4192309958747,231.0,1.0,2.5133146568393117,4.679588518472099,35.83612646224344,16.620026772405456,0.0008059218048964011,0.04102000110692909,0.9581740770881746
309.3955421659068,231.0,1.0,2.5064609132092284,4.623683732796048,16.64663187630788,102.7325799863489,0.0008078129189644439,0.0891707833429083,0.9100214037381273
2195.4691423447657,231.0,1.0,2.5064609132092284,4.623683732796048,193.6873861107333,119.65136900419132,0.0008078129189644439,0.0891707833429083,0.9100214037381273
2167.2354129326404,231.0,1.0,2.5133146568393117,4.679588518472099,137.9004067226304,479.833972925877,0.0008059218048964011,0.04102000110692909,0.9581740770881746
2138.5223283600703,233.0,1.0,2.4815848558534372,4.4245804361288466,138.94193871433407,479.833972925877,0.0008082624736464724,0.08324331268402656,0.9159484248423271
2135.1245926636375,231.0,1.0,2.5064609132092284,4.623683732796048,138.06540539391574,479.833972925877,0.0008078129189644439,0.0891707833429083,0.9100214037381273
421.1600768724013,219.0,1.0,2.225198224565349,3.7404687646968946,12677.399790279207,2630.4881979857228,0.0008066697816353928,0.05237896383508281,0.9468143663832816
117.21731290179476,219.0,1.0,2.225198224565349,3.7404687646968946,3262.2629550120937,471.35631151716103,0.0008066697816353928,0.05237896383508281,0.9468143663832816
459.0079791882004,219.0,1.0,2.225198224565349,3.7404687646968946,10934.387704357709,2568.051805479025,0.0008066697816353928,0.05237896383508281,0.9468143663832816
420.809275860552,219.0,1.0,2.2257623648065405,3.744276129015951,12678.038442262949,2630.4881979857228,0.0008065022514918624,0.04860726784655052,0.9505862299019576
420.8818504931993,209.0,1.0,2.0924387941565037,4.000781180171391,12316.0853068639,2630.4881979857228,0.0008064255291462006,0.05014874475307666,0.9490448297177771
458.339018488189,209.0,1.0,2.092830875570165,4.004549618625386,10619.455851362736,2568.051805479025,0.0008062755053308744,0.04648870764008236,0.952705016854587
117.10813386975647,209.0,1.0,2.092830875570165,4.004549618625386,3184.5708234290105,471.35631151716103,0.0008062755053308744,0.04648870764008236,0.952705016854587
127.32234780638926,209.0,1.0,2.0924387941565037,4.000781180171391,2698.808290908567,470.68073424231187,0.0008064255291462006,0.05014874475307666,0.9490448297177771
127.34480800646297,219.0,1.0,2.2257623648065405,3.744276129015951,2774.8049082408056,470.68073424231187,0.0008065022514918624,0.04860726784655052,0.9505862299019576
127.27758730876482,209.0,1.0,2.092830875570165,4.004549618625386,2701.901058096003,470.68073424231187,0.0008062755053308744,0.04648870764008236,0.952705016854587
3988.2001283152827,236.0,1.0,2.705004612788474,4.522103513333426,3007.0807379944504,3402.32156455452,0.0008062017212151291,0.0502837468567482,0.9489100514220367
2007.2340528641148,236.0,1.0,2.705004612788474,4.522103513333426,1520.7878916230336,1746.3561184228415,0.0008062017212151291,0.0502837468567482,0.9489100514220367
581.577479945224,236.0,1.0,2.705004612788474,4.522103513333426,2284.289491633505,1212.7866559380095,0.0008062017212151291,0.0502837468567482,0.9489100514220367
3986.470341069279,236.0,1.0,2.7029597183821568,4.503548561316218,3008.4606864687203,3402.32156455452,0.0008068226714892524,0.06695717631783175,0.932236001010679
3987.6507270848456,228.0,1.0,2.5731422586142947,5.437550757043811,2964.1904553014997,3402.32156455452,0.0008059502553162252,0.06083730454492918,0.9383567451997546
582.9279157614405,228.0,1.0,2.571204989428523,5.414007281084443,2461.1179195066225,1212.7866559380095,0.0008064836020607725,0.08070837964843108,0.9184851367495083
2006.7402521019944,228.0,1.0,2.571204989428523,5.414007281084443,1486.5988905760653,1746.3561184228415,0.0008064836020607725,0.08070837964843108,0.9184851367495083
314.07497121080127,228.0,1.0,2.5731422586142947,5.437550757043811,1378.8553087624098,598.3372271070513,0.0008059502553162252,0.06083730454492918,0.9383567451997546
314.4136791374022,236.0,1.0,2.7029597183821568,4.503548561316218,1221.8615141875,598.3372271070513,0.0008068226714892524,0.06695717631783175,0.932236001010679
314.3778589608825,228.0,1.0,2.571204989428523,5.414007281084443,1377.7858040114131,598.3372271070513,0.0008064836020607725,0.08070837964843108,0.9184851367495083
264.16182234651296,221.0,1.0,2.346259411702183,4.088843307652984,1535.1247605660542,585.5255343496906,0.0008063922187448867,0.06787945809093682,0.9313141496903181
374.9657856262414,221.0,1.0,2.346259411702183,4.088843307652984,2171.2447820841417,883.840327615217,0.0008063922187448867,0.06787945809093682,0.9313141496903181
333.19048022937466,221.0,1.0,2.346259411702183,4.088843307652984,46.49489454995624,30.81906258742869,0.0008063922187448867,0.06787945809093682,0.9313141496903181
263.5529409109854,221.0,1.0,2.3499469522276746,4.124440291790252,1540.7359183559695,585.5255343496906,0.0008053309011166777,0.03203572168967982,0.9671589474092035
263.98574288991546,220.0,1.0,2.3869479124992146,3.573802532201087,1631.6657275640262,585.5255343496906,0.0008060275196648449,0.056358494695724654,0.9428354777846105
340.30195901224823,220.0,1.0,2.3898610026405893,3.6015377196251444,47.826951674458726,30.81906258742869,0.0008051657269245408,0.026553253866885073,0.9726415804061903
373.5631903088238,220.0,1.0,2.3898610026405893,3.6015377196251444,2272.8524151903566,883.840327615217,0.0008051657269245408,0.026553253866885073,0.9726415804061903
607.4241693261376,220.0,1.0,2.3869479124992146,3.573802532201087,70.34783544493024,46.79537802319865,0.0008060275196648449,0.056358494695724654,0.9428354777846105
618.6323421269666,221.0,1.0,2.3499469522276746,4.124440291790252,68.3500065178919,46.79537802319865,0.0008053309011166777,0.03203572168967982,0.9671589474092035
620.6290812054993,220.0,1.0,2.3898610026405893,3.6015377196251444,70.34488594267495,46.79537802319865,0.0008051657269245408,0.026553253866885073,0.9726415804061903
293.5418688637008,232.0,1.0,2.6142764609138736,4.105168901525203,44.012271318052285,15.236655758601096,0.0008062623709949791,0.05637724802781051,0.9428164896011947
318.33245572218027,232.0,1.0,2.6142764609138736,4.105168901525203,46.52336165512515,16.283625830884034,0.0008062623709949791,0.05637724802781051,0.9428164896011947
298.01747168603816,232.0,1.0,2.6142764609138736,4.105168901525203,37.67535338021788,10.684487397539568,0.0008062623709949791,0.05637724802781051,0.9428164896011947
294.02596262537566,232.0,1.0,2.6148066913563417,4.109027282728203,44.0144293873844,15.236655758601096,0.0008061211467620016,0.052220668565498105,0.94697321028774
295.94916367533017,210.0,1.0,2.177163892221967,3.59088387191004,43.81871226945919,15.236655758601096,0.0008051877859709432,0.04005749734166509,0.9591373148723641
299.98704488308385,210.0,1.0,2.177393464179118,3.5930317321136545,38.08676047317921,10.684487397539568,0.0008051287886179307,0.03703787696606401,0.9621569942453181
321.38191126540477,210.0,1.0,2.177393464179118,3.5930317321136545,46.39793539924007,16.283625830884034,0.0008051287886179307,0.03703787696606401,0.9621569942453181
323.0778045239401,210.0,1.0,2.177163892221967,3.59088387191004,40.19771342896927,11.080699774364716,0.0008051877859709432,0.04005749734166509,0.9591373148723641
321.5130791209035,232.0,1.0,2.6148066913563417,4.109027282728203,39.734167927244066,11.080699774364716,0.0008061211467620016,0.052220668565498105,0.94697321028774
323.3234245445874,210.0,1.0,2.177393464179118,3.5930317321136545,40.246966123615294,11.080699774364716,0.0008051287886179307,0.03703787696606401,0.9621569942453181
221.8429804868211,242.0,1.0,3.0495958449523926,6.7615666319230545,3749.52586419652,930.6755499169302,0.0008067897487420261,0.06223827742072888,0.9369549328305291
416.340465409917,242.0,1.0,3.0495958449523926,6.7615666319230545,6613.639417100469,2158.300028489425,0.0008067897487420261,0.06223827742072888,0.9369549328305291
379.24894638617843,242.0,1.0,3.0495958449523926,6.7615666319230545,2285.6766656962163,1001.6286372625773,0.0008067897487420261,0.06223827742072888,0.9369549328305291
221.82613119600376,242.0,1.0,3.0496746712386082,6.762408466646259,3748.873318606783,930.6755499169302,0.000806768222611282,0.06169893914712324,0.9374942926302654
221.0907443181514,228.0,1.0,2.6658779589264627,5.490020433319977,4461.159095423018,930.6755499169302,0.0008056472796001632,0.04160632444865304,0.9575880282717467
378.159628825165,228.0,1.0,2.6659138073339914,5.490465559241875,2568.036809783552,1001.6286372625773,0.0008056362188913382,0.04124022250135638,0.9579541412797525
414.45858567605615,228.0,1.0,2.6659138073339914,5.490465559241875,7705.607960718122,2158.300028489425,0.0008056362188913382,0.04124022250135638,0.9579541412797525
721.3687838019687,228.0,1.0,2.6658779589264627,5.490020433319977,4755.026838909458,2207.140893238825,0.0008056472796001632,0.04160632444865304,0.9575880282717467
724.0687827928492,242.0,1.0,3.0496746712386082,6.762408466646259,4275.122449094448,2207.140893238825,0.000806768222611282,0.06169893914712324,0.9374942926302654
721.3247643989048,228.0,1.0,2.6659138073339914,5.490465559241875,4755.0613994191335,2207.140893238825,0.0008056362188913382,0.04124022250135638,0.9579541412797525
4883.722172431655,248.0,1.0,3.1060660189811387,6.1479912854943155,2632.4764412439627,3210.025327278078,0.0008085029615317581,0.10947825427945551,0.8897132427590126
1687.597892217639,248.0,1.0,3.1060660189811387,6.1479912854943155,899.1315671056525,1188.4050305787443,0.0008085029615317581,0.10947825427945551,0.8897132427590126
305.9451949656048,248.0,1.0,3.1060660189811387,6.1479912854943155,31641.81047364419,4209.845481803677,0.0008085029615317581,0.10947825427945551,0.8897132427590126
4883.905297603398,248.0,1.0,3.106132555347815,6.14862997286489,2632.464156904909,3210.025327278078,0.0008084873056680639,0.10909717833437173,0.8900943343599602
4903.34795090242,219.0,1.0,2.2232353373338944,3.727277210492453,2399.3681571497477,3210.025327278078,0.0008072542161128132,0.06534342342184503,0.9338493223620422
303.761830885068,219.0,1.0,2.223271691431793,3.727520747678487,51270.78480877665,4209.845481803677,0.0008072433701217962,0.06510552510189026,0.9340872315279879
1691.1221811095895,219.0,1.0,2.223271691431793,3.727520747678487,858.4940722656297,1188.4050305787443,0.0008072433701217962,0.06510552510189026,0.9340872315279879
121.39538498064033,219.0,1.0,2.2232353373338944,3.727277210492453,20991.456467196604,1062.943213853067,0.0008072542161128132,0.06534342342184503,0.9338493223620422
121.88115601071024,248.0,1.0,3.106132555347815,6.14862997286489,17202.286241866324,1062.943213853067,0.0008084873056680639,0.10909717833437173,0.8900943343599602
121.39168781325994,219.0,1.0,2.223271691431793,3.727520747678487,20981.698711292498,1062.943213853067,0.0008072433701217962,0.06510552510189026,0.9340872315279879
174.33293315288572,242.0,1.0,2.8311321060552728,5.297082490254353,1491.4685019101178,429.243985322327,0.0008060501490642036,0.06539911432656555,0.9337948355243701
182.05508899289762,242.0,1.0,2.8311321060552728,5.297082490254353,1548.1331303621228,451.19411589708477,0.0008060501490642036,0.06539911432656555,0.9337948355243701
417.67268578857613,242.0,1.0,2.8311321060552728,5.297082490254353,79.83562592457363,203.1830345820939,0.0008060501490642036,0.06539911432656555,0.9337948355243701
174.28559906557484,242.0,1.0,2.831697641276661,5.303235721717204,1491.8245069260963,429.243985322327,0.0008059108872711472,0.06005754777678772,0.939136541335941
174.51538764277123,237.0,1.0,2.837961795061917,5.848700164014836,1508.8215865101665,429.243985322327,0.0008065931447509119,0.08211003642337016,0.917083370431879
417.3702755961728,237.0,1.0,2.838893766394235,5.8586998778868775,82.85227214616347,203.1830345820939,0.0008064066738740708,0.07550211713219021,0.9236914761939359
182.18549753398605,237.0,1.0,2.838893766394235,5.8586998778868775,1566.6423004008795,451.19411589708477,0.0008064066738740708,0.07550211713219021,0.9236914761939359
439.85290066847296,237.0,1.0,2.837961795061917,5.848700164014836,87.74698623358967,213.01282172177594,0.0008065931447509119,0.08211003642337016,0.917083370431879
440.51751145237785,242.0,1.0,2.831697641276661,5.303235721717204,84.51692180812657,213.01282172177594,0.0008059108872711472,0.06005754777678772,0.939136541335941
440.03991993378185,237.0,1.0,2.838893766394235,5.8586998778868775,87.61984107243939,213.01282172177594,0.0008064066738740708,0.07550211713219021,0.9236914761939359
288.0835823103704,216.0,1.0,2.290368616410307,4.287304364701743,24.935202442612255,39.08236649585072,0.0008052979980773901,0.0298345208086654,0.9693601811932574
234.8280883543455,216.0,1.0,2.290368616410307,4.287304364701743,21.55352891368814,33.524924446993836,0.0008052979980773901,0.0298345208086654,0.9693601811932574
273.9076793565906,216.0,1.0,2.290368616410307,4.287304364701743,41.96852698301531,25.223735855925664,0.0008052979980773901,0.0298345208086654,0.9693601811932574
285.7187296510426,216.0,1.0,2.285197397804068,4.236844714970415,24.912001648222866,39.08236649585072,0.0008067621882366381,0.07701822912215835,0.922175008689605
287.6711069184191,239.0,1.0,2.711387520495811,5.414905813182356,15.317168821757221,39.08236649585072,0.0008056109507827284,0.038035108256421535,0.9611592807927958
265.6704024217009,238.0,1.0,2.7043410731693833,5.332168443706918,37.27358020881837,25.223735855925664,0.0008076265033509616,0.09770585988781418,0.9014865136088347
232.43668553711828,238.0,1.0,2.7043410731693833,5.332168443706918,10.903685735561302,33.524924446993836,0.0008076265033509616,0.09770585988781418,0.9014865136088347
211.83239918471853,239.0,1.0,2.711387520495811,5.414905813182356,33.1584467379707,21.231546193562853,0.0008056109507827284,0.038035108256421535,0.9611592807927958
208.80445862076346,216.0,1.0,2.285197397804068,4.236844714970415,35.609445365776054,21.231546193562853,0.0008067621882366381,0.07701822912215835,0.922175008689605
207.07265389446619,238.0,1.0,2.7043410731693833,5.332168443706918,31.725927083378902,21.231546193562853,0.0008076265033509616,0.09770585988781418,0.9014865136088347
1024.588172741223,204.0,1.0,2.048431135430315,3.3139357313707696,4404.120906786577,2289.034833860147,0.0008057561875363804,0.04159421221366609,0.9576000315987975
730.2246355703314,204.0,1.0,2.048431135430315,3.3139357313707696,3078.8576987678725,1546.1451179247683,0.0008057561875363804,0.04159421221366609,0.9576000315987975
1216.7135892620743,204.0,1.0,2.048431135430315,3.3139357313707696,4341.1376654797,2462.8554323617727,0.0008057561875363804,0.04159421221366609,0.9576000315987975
1022.6234357913892,204.0,1.0,2.0497348028712503,3.3243462254604546,4406.279910654772,2289.034833860147,0.0008052856780190608,0.02710510456042982,0.9720896097615511
1026.292971157161,218.0,1.0,2.380543377944507,4.174994973422315,4272.927114326834,2289.034833860147,0.000805516023178623,0.05590965488895921,0.943284829087862
1215.761121762103,218.0,1.0,2.3822701789964738,4.195407611630449,4205.149750174651,2462.8554323617727,0.0008051261363388301,0.03646069497688972,0.9627341788867715
729.6103389811263,218.0,1.0,2.3822701789964738,4.195407611630449,3068.320688326964,1546.1451179247683,0.0008051261363388301,0.03646069497688972,0.9627341788867715
865.480792128991,218.0,1.0,2.380543377944507,4.174994973422315,3012.70080409967,1669.7223401866563,0.000805516023178623,0.05590965488895921,0.943284829087862
863.3360498693908,204.0,1.0,2.0497348028712503,3.3243462254604546,3032.7764887217786,1669.7223401866563,0.0008052856780190608,0.02710510456042982,0.9720896097615511
863.91063693893,218.0,1.0,2.3822701789964738,4.195407611630449,3010.046048026184,1669.7223401866563,0.0008051261363388301,0.03646069497688972,0.9627341788867715
497.6236657558892,244.0,1.0,2.789902257838692,4.410357962683613,59.21988298481355,4.765963982066968,0.0008061638521869734,0.04541875401990595,0.9537750821279071
966.9900607929651,244.0,1.0,2.789902257838692,4.410357962683613,95.84635789859871,15.501434740009142,0.0008061638521869734,0.04541875401990595,0.9537750821279071
170.6650528766184,244.0,1.0,2.789902257838692,4.410357962683613,4370.996942114488,755.4357793170774,0.0008061638521869734,0.04541875401990595,0.9537750821279071
492.41377158084816,244.0,1.0,2.7866265001440076,4.388762077945116,59.23903652088106,4.765963982066968,0.0008070957385881706,0.06851467013621634,0.9306782341251956
495.54056914470164,238.0,1.0,2.8557344159118445,4.659762121753291,57.830048363027785,4.765963982066968,0.0008069425511540473,0.052925796695243096,0.9462672607536028
171.61179418637,238.0,1.0,2.85109984352135,4.631403882595489,4346.784732355604,755.4357793170774,0.0008082963601320747,0.07966098189045039,0.9195307217494175
947.0278260940222,238.0,1.0,2.85109984352135,4.631403882595489,94.15152097289717,15.501434740009142,0.0008082963601320747,0.07966098189045039,0.9195307217494175
265.1388253213242,238.0,1.0,2.8557344159118445,4.659762121753291,6411.0785297985585,1374.7703315473366,0.0008069425511540473,0.052925796695243096,0.9462672607536028
265.74753589957504,244.0,1.0,2.7866265001440076,4.388762077945116,6390.105637524329,1374.7703315473366,0.0008070957385881706,0.06851467013621634,0.9306782341251956
266.4712407731531,238.0,1.0,2.85109984352135,4.631403882595489,6409.271499004706,1374.7703315473366,0.0008082963601320747,0.07966098189045039,0.9195307217494175
90.72341516999501,246.0,1.0,2.8337875935069445,6.077254415827707,12070.880238190726,646.5178890327493,0.0008094595056148338,0.13533483679159097,0.8638557037027942
99.30880204265183,246.0,1.0,2.8337875935069445,6.077254415827707,12836.597223026341,733.3460486319218,0.0008094595056148338,0.13533483679159097,0.8638557037027942
426.5978544112792,246.0,1.0,2.8337875935069445,6.077254415827707,14.084332729510786,110.21050645469849,0.0008094595056148338,0.13533483679159097,0.8638557037027942
89.92456047612275,246.0,1.0,2.8469751896368813,6.216815357361292,12089.879212125592,646.5178890327493,0.0008059098751460233,0.043235496811678875,0.955958593313175
90.57369746162205,236.0,1.0,3.008802990732656,4.794904996070147,15097.920132698257,646.5178890327493,0.0008087453862773117,0.11135841430790576,0.8878328403058168
433.65847134002314,236.0,1.0,3.0215197051462184,4.890474316121925,3.8631358277928474,110.21050645469849,0.0008057069387650436,0.03525150781084571,0.9639427852503891
98.33059102023326,236.0,1.0,3.0215197051462184,4.890474316121925,16182.04212086497,733.3460486319218,0.0008057069387650436,0.03525150781084571,0.9639427852503891
482.86048630285643,236.0,1.0,3.008802990732656,4.794904996070147,5.739016634563836,121.20532055424371,0.0008087453862773117,0.11135841430790576,0.8878328403058168
489.6119053241375,246.0,1.0,2.8469751896368813,6.216815357361292,13.806917202959186,121.20532055424371,0.0008059098751460233,0.043235496811678875,0.955958593313175
490.0540978910696,236.0,1.0,3.0215197051462184,4.890474316121925,5.287609634257302,121.20532055424371,0.0008057069387650436,0.03525150781084571,0.9639427852503891
785.61441836224,203.0,1.0,2.00332257445591,3.129987730029815,200.70509162568746,401.4083260948912,0.0008059044287662378,0.03366765721273714,0.9655264383584967
3423.9393262971016,203.0,1.0,2.00332257445591,3.129987730029815,774.8231868950832,1452.6185111908967,0.0008059044287662378,0.03366765721273714,0.9655264383584967
1346.5274194599397,203.0,1.0,2.00332257445591,3.129987730029815,693.0780560633518,961.6410488683736,0.0008059044287662378,0.03366765721273714,0.9655264383584967
783.1250283821854,202.0,0.0,1.9995962291004412,3.1125869150746146,202.059787034353,401.4083260948912,0.000807288709768927,0.06397682993872239,0.9352158813515087
781.6003840075916,262.0,1.0,3.994615674107631,6.743668068769239,260.10941276224406,401.4083260948912,0.0008081350429148544,0.09064039823766674,0.9085514667194183
1337.8887367069522,262.0,1.0,3.977388297519588,6.599238306702885,767.7570419165237,961.6410488683736,0.0008116176282380593,0.16345224775645983,0.8357361346153022
3338.4212046419507,262.0,1.0,3.977388297519588,6.599238306702885,1848.1329434554948,1452.6185111908967,0.0008116176282380593,0.16345224775645983,0.8357361346153022
5555.373698653375,262.0,1.0,3.994615674107631,6.743668068769239,3896.571510085618,3628.7784335484416,0.0008081350429148544,0.09064039823766674,0.9085514667194183
5568.507426177544,202.0,0.0,1.9995962291004412,3.1125869150746146,2711.7804070270167,3628.7784335484416,0.000807288709768927,0.06397682993872239,0.9352158813515087
5513.465812794421,262.0,1.0,3.977388297519588,6.599238306702885,3931.30444819753,3628.7784335484416,0.0008116176282380593,0.16345224775645983,0.8357361346153022
246.85989407445922,248.0,1.0,2.8262270713226214,4.554128850121115,2833.9218809881177,810.3443282397521,0.0008086293870088748,0.09216816175679074,0.9070232088562005
172.29593582783482,248.0,1.0,2.8262270713226214,4.554128850121115,1977.3961045877854,518.0285812131126,0.0008086293870088748,0.09216816175679074,0.9070232088562005
129.186022394211,248.0,1.0,2.8262270713226214,4.554128850121115,11970.913026236778,900.2336982118582,0.0008086293870088748,0.09216816175679074,0.9070232088562005
245.42078100214775,248.0,1.0,2.8338225535547896,4.599245147819079,2829.4442985964274,810.3443282397521,0.0008066908872130598,0.05133100952610299,0.9478622995866838
245.75257542962473,231.0,1.0,2.4907320794096868,3.923466007260516,3168.9259478712215,810.3443282397521,0.0008068008050256702,0.06760415208569298,0.9315890471092814
128.14044856287367,231.0,1.0,2.4945504341592324,3.956215901545093,14641.297182391356,900.2336982118582,0.0008057189621136527,0.0376950513973639,0.9614992296405225
171.20309424366621,231.0,1.0,2.4945504341592324,3.956215901545093,2329.400307498609,518.0285812131126,0.0008057189621136527,0.0376950513973639,0.9614992296405225
90.22167048806068,231.0,1.0,2.4907320794096868,3.923466007260516,11877.734213284795,549.8670731730281,0.0008068008050256702,0.06760415208569298,0.9315890471092814
90.1669975840165,248.0,1.0,2.8338225535547896,4.599245147819079,9077.439204870147,549.8670731730281,0.0008066908872130598,0.05133100952610299,0.9478622995866838
89.97881772248135,231.0,1.0,2.4945504341592324,3.956215901545093,11880.733829579878,549.8670731730281,0.0008057189621136527,0.0376950513973639,0.9614992296405225
1148.3941093339868,245.0,1.0,3.092638046475157,5.458796604154084,107.21737676832512,67.1086680233351,0.000805555157979827,0.035475987757356865,0.9637184570846633
258.9736953368999,245.0,1.0,3.092638046475157,5.458796604154084,39.35213378233679,21.004743157492456,0.000805555157979827,0.035475987757356865,0.9637184570846633
364.4462938350955,245.0,1.0,3.092638046475157,5.458796604154084,4123.222276563593,1388.6329406204413,0.000805555157979827,0.035475987757356865,0.9637184570846633
1093.2779880527587,245.0,1.0,3.08287979261958,5.368886341012548,104.9930660578159,67.1086680233351,0.0008076290791363169,0.0955385773345477,0.9036537935863158
1168.778743305444,204.0,1.0,2.236604360902259,2.992400505771415,105.95390766703451,67.1086680233351,0.0008048875506888287,0.011996760495571576,0.9871983519537394
364.53340950960967,204.0,1.0,2.234189453478799,2.974915227903237,5122.174043153299,1388.6329406204413,0.0008057462887203912,0.03425013595010506,0.9649441177611745
258.7085081525455,204.0,1.0,2.234189453478799,2.974915227903237,33.76727956893332,21.004743157492456,0.0008057462887203912,0.03425013595010506,0.9649441177611745
147.79558495494857,204.0,1.0,2.236604360902259,2.992400505771415,2042.9690647576786,443.5843969390655,0.0008048875506888287,0.011996760495571576,0.9871983519537394
148.70435822022122,245.0,1.0,3.08287979261958,5.368886341012548,1835.1451748557295,443.5843969390655,0.0008076290791363169,0.0955385773345477,0.9036537935863158
148.06562152671523,204.0,1.0,2.234189453478799,2.974915227903237,2021.2486877525764,443.5843969390655,0.0008057462887203912,0.03425013595010506,0.9649441177611745
102.23515535066802,244.0,1.0,3.075947034726721,5.560557189818113,3498.414181198233,428.4504090199638,0.0008075942865413542,0.09072058393417867,0.90847182177928
153.2106555731912,244.0,1.0,3.075947034726721,5.560557189818113,4789.060145661767,722.3343103422063,0.0008075942865413542,0.09072058393417867,0.90847182177928
242.89463191114095,244.0,1.0,3.075947034726721,5.560557189818113,34.43142521319681,6.504022086955666,0.0008075942865413542,0.09072058393417867,0.90847182177928
101.79557282010389,244.0,1.0,3.0836911749851073,5.630767933182858,3542.110488634905,428.4504090199638,0.0008057135887860224,0.0384930914495534,0.9607011949616606
102.04628187777672,196.0,0.0,1.9380252251217973,3.5113968520472,3437.9595849232287,428.4504090199638,0.0008069131780483486,0.055152424713573435,0.9440406621083782
247.7767995795494,196.0,0.0,1.9417637127294016,3.5385161097416753,35.8391332775431,6.504022086955666,0.0008054385555984288,0.022786215221438227,0.9764083462229632
152.06332556281072,196.0,0.0,1.9417637127294016,3.5385161097416753,5154.322898539454,722.3343103422063,0.0008054385555984288,0.022786215221438227,0.9764083462229632
467.7173775809115,196.0,0.0,1.9380252251217973,3.5113968520472,54.789524867025435,12.613524597578394,0.0008069131780483486,0.055152424713573435,0.9440406621083782
471.98277539711614,244.0,1.0,3.0836911749851073,5.630767933182858,55.871245922286825,12.613524597578394,0.0008057135887860224,0.0384930914495534,0.9607011949616606
474.91800783280047,196.0,0.0,1.9417637127294016,3.5385161097416753,56.19344432439499,12.613524597578394,0.0008054385555984288,0.022786215221438227,0.9764083462229632
215.83010520693074,248.0,1.0,3.117561951047103,6.198655074600628,21.239155023823358,24.163985837190356,0.0008078362005888372,0.10982704048308188,0.8893651233163292
657.816483188227,248.0,1.0,3.117561951047103,6.198655074600628,19.058562279168324,50.17406846018068,0.0008078362005888372,0.10982704048308188,0.8893651233163292
221.05745304520988,248.0,1.0,3.117561951047103,6.198655074600628,18.85935122062579,29.919589089999757,0.0008078362005888372,0.10982704048308188,0.8893651233163292
216.53208901847327,248.0,1.0,3.120029514612518,6.229235808274045,21.254501855630284,24.163985837190356,0.0008071471283796948,0.0893748684899261,0.9098179843816943
216.35497404070236,235.0,1.0,2.4793264903980297,4.33382757117389,23.646381888037652,24.163985837190356,0.0008075193736190721,0.07768224003263077,0.9215102405937501
222.13154491372157,235.0,1.0,2.481413780593138,4.350100334068405,21.497550864029485,29.919589089999757,0.0008068973538218548,0.06287897806899462,0.9363141245771837
667.6762307408748,235.0,1.0,2.481413780593138,4.350100334068405,51.95952120619626,50.17406846018068,0.0008068973538218548,0.06287897806899462,0.9363141245771837
671.6624482987596,235.0,1.0,2.4793264903980297,4.33382757117389,45.92931383446465,63.79592429216848,0.0008075193736190721,0.07768224003263077,0.9215102405937501
670.4531452732048,248.0,1.0,3.120029514612518,6.229235808274045,12.664612533457827,63.79592429216848,0.0008071471283796948,0.0893748684899261,0.9098179843816943
675.1711727666892,235.0,1.0,2.481413780593138,4.350100334068405,45.94601613211772,63.79592429216848,0.0008068973538218548,0.06287897806899462,0.9363141245771837
331.87978682251503,264.0,1.0,3.5879089669305007,6.805071396400859,11003.683741799183,2873.729171786109,0.0008076333810700028,0.09315280682527316,0.9060395597936569
78.76138397125317,264.0,1.0,3.5879089669305007,6.805071396400859,5323.728010887342,393.5273584431984,0.0008076333810700028,0.09315280682527316,0.9060395597936569
346.86848580999595,264.0,1.0,3.5879089669305007,6.805071396400859,9740.186171863728,2784.9714684307087,0.0008076333810700028,0.09315280682527316,0.9060395597936569
330.00564991579586,264.0,1.0,3.5917046844700695,6.847995983024478,10994.510891972586,2873.729171786109,0.0008066067576181995,0.06492385216716882,0.9342695410752129
329.24671374490856,221.0,1.0,2.4695842114678612,4.658725729465849,19820.04497810758,2873.729171786109,0.0008057896401225927,0.05379997226363634,0.9453942380962411
342.96270315214394,221.0,1.0,2.4712658386634185,4.676697780654765,17368.144251037633,2784.9714684307087,0.0008053525540233949,0.03704419000450924,0.9621504574414673
78.39882506985187,221.0,1.0,2.4712658386634185,4.676697780654765,7300.831176918563,393.5273584431984,0.0008053525540233949,0.03704419000450924,0.9621504574414673
82.10571023088812,221.0,1.0,2.4695842114678612,4.658725729465849,6169.687174102161,388.92174885920247,0.0008057896401225927,0.05379997226363634,0.9453942380962411
82.23479465496379,264.0,1.0,3.5917046844700695,6.847995983024478,4576.597149804922,388.92174885920247,0.0008066067576181995,0.06492385216716882,0.9342695410752129
82.02875136904528,221.0,1.0,2.4712658386634185,4.676697780654765,6183.989283155189,388.92174885920247,0.0008053525540233949,0.03704419000450924,0.9621504574414673
972.7649017266815,219.0,1.0,2.3469777441820705,4.3227427713527495,44.64145271564283,242.68070147556597,0.0008065060643236033,0.05830950720530357,0.9408839867303728
480.1061640580684,219.0,1.0,2.3469777441820705,4.3227427713527495,20.25126852692388,139.80874663640444,0.0008065060643236033,0.05830950720530357,0.9408839867303728
2362.1253887595194,219.0,1.0,2.3469777441820705,4.3227427713527495,3827.059738903374,3089.2415754952503,0.0008065060643236033,0.05830950720530357,0.9408839867303728
968.0876754964336,219.0,1.0,2.3446640419959373,4.3031230457192455,45.02220981419771,242.68070147556597,0.0008072659316444194,0.07826604540527109,0.9209266886630846
968.7621117790268,240.0,1.0,3.091485417265056,4.944153065243532,56.76590922636919,242.68070147556597,0.0008070784831439873,0.07336879401820098,0.9258241274986552
2366.7187853060636,240.0,1.0,3.087280487827024,4.911886307213003,3750.159836644214,3089.2415754952503,0.0008080469948857298,0.09796451845369514,0.9012274345514192
476.6960591342317,240.0,1.0,3.087280487827024,4.911886307213003,25.210358022771196,139.80874663640444,0.0008080469948857298,0.09796451845369514,0.9012274345514192
1306.392525555094,240.0,1.0,3.091485417265056,4.944153065243532,2072.4396070471844,1655.3087501427956,0.0008070784831439873,0.07336879401820098,0.9258241274986552
1306.4506838968143,219.0,1.0,2.3446640419959373,4.3031230457192455,2107.6573858333077,1655.3087501427956,0.0008072659316444194,0.07826604540527109,0.9209266886630846
1307.3778012574949,240.0,1.0,3.087280487827024,4.911886307213003,2072.273764173949,1655.3087501427956,0.0008080469948857298,0.09796451845369514,0.9012274345514192
1049.816009927871,243.0,1.0,3.4157723622242746,7.187005772371425,1723.8595711784997,1349.1871086458298,0.0008066615348983532,0.07543887608343179,0.9237544623816699
2983.69123000957,243.0,1.0,3.4157723622242746,7.187005772371425,4602.161908250862,4066.1546707494235,0.0008066615348983532,0.07543887608343179,0.9237544623816699
314.3122797031214,243.0,1.0,3.4157723622242746,7.187005772371425,39.21663838802389,20.574527379963307,0.0008066615348983532,0.07543887608343179,0.9237544623816699
1050.476164507213,243.0,1.0,3.4125110924908566,7.142867595702667,1723.245776140442,1349.1871086458298,0.0008074694844599988,0.1003689482016774,0.8988235823138626
1049.771927456804,247.0,1.0,3.293144197899264,5.984484315521052,1717.9605842646113,1349.1871086458298,0.000806886104648004,0.062341280967198986,0.936851832928153
311.9178136170324,247.0,1.0,3.2895155029509953,5.952481922194255,42.9273085883313,20.574527379963307,0.000807777067608767,0.08339171428142807,0.9158005086509632
2985.7116336496956,247.0,1.0,3.2895155029509953,5.952481922194255,4900.835584828514,4066.1546707494235,0.000807777067608767,0.08339171428142807,0.9158005086509632
1403.8916029004004,247.0,1.0,3.293144197899264,5.984484315521052,125.65630300428991,73.93072646303318,0.000806886104648004,0.062341280967198986,0.936851832928153
1362.4260253931643,243.0,1.0,3.4125110924908566,7.142867595702667,87.2554951790022,73.93072646303318,0.0008074694844599988,0.1003689482016774,0.8988235823138626
1379.8237939782437,247.0,1.0,3.2895155029509953,5.952481922194255,124.82354138877312,73.93072646303318,0.000807777067608767,0.08339171428142807,0.9158005086509632
470.19450580697674,221.0,1.0,2.350255714682077,3.3999395420765897,36.653039661153606,166.403941106635,0.0008056729264213056,0.047941206064001915,0.9512531210095768
345.0667955648624,221.0,1.0,2.350255714682077,3.3999395420765897,26.354198801638287,128.11968123264577,0.0008056729264213056,0.047941206064001915,0.9512531210095768
125.62471340801355,221.0,1.0,2.350255714682077,3.3999395420765897,5351.499211360562,538.3333977051801,0.0008056729264213056,0.047941206064001915,0.9512531210095768
471.76813435647483,222.0,1.0,2.3530079980634584,3.424356400579894,35.47079730679684,166.403941106635,0.0008048970399604118,0.018361511549320822,0.9808335914107187
470.40728342826884,181.0,0.0,1.6194511160417198,2.718341625682915,38.839782883945595,166.403941106635,0.0008058326762590564,0.03969332273253734,0.9595008445912037
125.31795681847157,181.0,0.0,1.6216417790490985,2.7350164269941226,4160.968985804033,538.3333977051801,0.0008049547949996647,0.014950184064556754,0.9842448611404436
345.92825837463414,181.0,0.0,1.6216417790490985,2.7350164269941226,28.514625081524617,128.11968123264577,0.0008049547949996647,0.014950184064556754,0.9842448611404436
99.22828138129648,181.0,0.0,1.6194511160417198,2.718341625682915,3311.6674412724665,400.71005701511973,0.0008058326762590564,0.03969332273253734,0.9595008445912037
99.02955773443453,222.0,1.0,2.3530079980634584,3.424356400579894,4489.1371309941815,400.71005701511973,0.0008048970399604118,0.018361511549320822,0.9808335914107187
99.03643777563856,181.0,0.0,1.6216417790490985,2.7350164269941226,3326.795210838656,400.71005701511973,0.0008049547949996647,0.014950184064556754,0.9842448611404436
3794.8355961961397,235.0,1.0,2.791670240551013,4.949881406881725,5057.462557076935,4453.440137627227,0.0008064871826199991,0.056748712406672064,0.9424448004107079
2934.0258267363365,235.0,1.0,2.791670240551013,4.949881406881725,3914.0937403096223,3414.7951959393963,0.0008064871826199991,0.056748712406672064,0.9424448004107079
826.4294666492857,235.0,1.0,2.791670240551013,4.949881406881725,4.969064207839637,151.53346527790023,0.0008064871826199991,0.056748712406672064,0.9424448004107079
3796.57521935107,235.0,1.0,2.789330268320173,4.927904131003779,5057.197528620715,4453.440137627227,0.0008071621459737097,0.07420068961224503,0.9249921482417813
3795.2321696703357,244.0,1.0,2.929543022687289,5.855382832091656,5020.160781691002,4453.440137627227,0.0008065523926534045,0.06314847704176049,0.9360449705655861
821.0906658999284,244.0,1.0,2.9268048510666635,5.825549388103755,4.462791219150138,151.53346527790023,0.0008072505847400443,0.08244173596521293,0.9167510134500471
2935.4384418756513,244.0,1.0,2.9268048510666635,5.825549388103755,3882.1656212681164,3414.7951959393963,0.0008072505847400443,0.08244173596521293,0.9167510134500471
606.044273477828,244.0,1.0,2.929543022687289,5.855382832091656,0.11077181096136135,121.01963604546768,0.0008065523926534045,0.06314847704176049,0.9360449705655861
604.0624272700011,235.0,1.0,2.789330268320173,4.927904131003779,7.0422396713985425,121.01963604546768,0.0008071621459737097,0.07420068961224503,0.9249921482417813
603.3578990846413,244.0,1.0,2.9268048510666635,5.825549388103755,0.396709205448297,121.01963604546768,0.0008072505847400443,0.08244173596521293,0.9167510134500471
1569.7723853784628,191.0,0.0,1.897174198496628,2.818530834372825,141.54225866824743,1.7066382551304393,0.0008057077006072931,0.04066526516998623,0.9585290271294064
1731.4032463647236,191.0,0.0,1.897174198496628,2.818530834372825,153.71909212390415,4.39477546214275,0.0008057077006072931,0.04066526516998623,0.9585290271294064
1752.502968460687,191.0,0.0,1.897174198496628,2.818530834372825,162.41883481306283,84.39746006276735,0.0008057077006072931,0.04066526516998623,0.9585290271294064
1581.8234579514176,191.0,0.0,1.8984486327686945,2.8259245037517564,141.8467676166066,1.7066382551304393,0.0008052947234044029,0.027750275840701027,0.9714444294358946
1521.299407031137,237.0,1.0,2.8527891554808775,5.237216768354813,127.74569458241108,1.7066382551304393,0.000807705230409704,0.0935769169678687,0.9056153778017215
1720.1551660629289,237.0,1.0,2.8564484003847053,5.273337604211125,157.58108733977008,84.39746006276735,0.0008066402769330257,0.06483117687926401,0.934362182843803
1707.2845809555938,237.0,1.0,2.8564484003847053,5.273337604211125,138.1056037050996,4.39477546214275,0.0008066402769330257,0.06483117687926401,0.934362182843803
1857.7092146179862,237.0,1.0,2.8527891554808775,5.237216768354813,170.8185890948665,93.29802318528485,0.000807705230409704,0.0935769169678687,0.9056153778017215
1961.7755035298032,191.0,0.0,1.8984486327686945,2.8259245037517564,176.73776141939902,93.29802318528485,0.0008052947234044029,0.027750275840701027,0.9714444294358946
1904.2443778885486,237.0,1.0,2.8564484003847053,5.273337604211125,170.83418712954764,93.29802318528485,0.0008066402769330257,0.06483117687926401,0.934362182843803
68.38233665415538,239.0,1.0,2.4468762576372294,4.379110506052395,8117.238835910168,401.3710772335699,0.0008053213325332724,0.021495412539980323,0.9776992661274864
93.7598395596467,239.0,1.0,2.4468762576372294,4.379110506052395,10101.356562731007,603.7022110767253,0.0008053213325332724,0.021495412539980323,0.9776992661274864
1252.0021057778483,239.0,1.0,2.4468762576372294,4.379110506052395,1718.428164129109,1461.894038310363,0.0008053213325332724,0.021495412539980323,0.9776992661274864
68.66204393102578,239.0,1.0,2.4400987932248066,4.325388876112921,7967.7545439045525,401.3710772335699,0.0008074079114451044,0.06935182416470405,0.929840767923851
68.28612472243309,199.0,0.0,1.9739321302913866,3.5211519578941637,16095.429877449658,401.3710772335699,0.0008045915182160389,0.0124044523020452,0.9867909561797387
1251.9645242041222,199.0,0.0,1.9724648692259656,3.498301958414049,1795.8946793948855,1461.894038310363,0.0008049660330788683,0.04072040173407343,0.9584746322328477
93.74424452029213,199.0,0.0,1.9724648692259656,3.498301958414049,19287.07648169994,603.7022110767253,0.0008049660330788683,0.04072040173407343,0.9584746322328477
1786.3031001255115,199.0,0.0,1.9739321302913866,3.5211519578941637,2563.298367333561,2107.729315605008,0.0008045915182160389,0.0124044523020452,0.9867909561797387
1788.5215661928269,239.0,1.0,2.4400987932248066,4.325388876112921,2452.775742787838,2107.729315605008,0.0008074079114451044,0.06935182416470405,0.929840767923851
1786.9331143146435,199.0,0.0,1.9724648692259656,3.498301958414049,2557.1039032572885,2107.729315605008,0.0008049660330788683,0.04072040173407343,0.9584746322328477
239.8048222832728,258.0,1.0,3.860066194427567,7.647481481021471,30.36868045292428,24.098330281921378,0.000807900624370574,0.10513352423076498,0.8940585751448646
474.380734875047,258.0,1.0,3.860066194427567,7.647481481021471,11.997228735977338,38.968707458157006,0.000807900624370574,0.10513352423076498,0.8940585751448646
84.44534841692115,258.0,1.0,3.860066194427567,7.647481481021471,4916.089374142467,425.4467979696773,0.000807900624370574,0.10513352423076498,0.8940585751448646
241.58463812264915,258.0,1.0,3.86267652052051,7.680987245412542,31.001818357988377,24.098330281921378,0.0008073142877850245,0.0887625877652582,0.910430097946957
245.99159395220707,227.0,1.0,2.478806648793187,3.7964028866499424,38.3719195172136,24.098330281921378,0.0008060216824884349,0.0403941713041205,0.9587998070133912
84.04891921233248,227.0,1.0,2.479716333952675,3.802892276571743,5471.530504075011,425.4467979696773,0.0008057532500650672,0.033753070727515155,0.9654411760224196
495.45606558867064,227.0,1.0,2.479716333952675,3.802892276571743,60.56251614170284,38.968707458157006,0.0008057532500650672,0.033753070727515155,0.9654411760224196
124.09806747228431,227.0,1.0,2.478806648793187,3.7964028866499424,7629.293593536515,710.1217914121124,0.0008060216824884349,0.0403941713041205,0.9587998070133912
124.63387478837588,258.0,1.0,3.86267652052051,7.680987245412542,6167.12946021945,710.1217914121124,0.0008073142877850245,0.0887625877652582,0.910430097946957
124.00047987820741,227.0,1.0,2.479716333952675,3.802892276571743,7627.067918006888,710.1217914121124,0.0008057532500650672,0.033753070727515155,0.9654411760224196
240.93301350927317,215.0,1.0,2.4456410480068684,4.258802239057152,12011.849510270476,1692.5055892981297,0.0008075895395591203,0.07929349070193245,0.9198989197585085
233.2217885580351,215.0,1.0,2.4456410480068684,4.258802239057152,11621.477994877561,1615.9776431788114,0.0008075895395591203,0.07929349070193245,0.9198989197585085
21833.270445868326,215.0,1.0,2.4456410480068684,4.258802239057152,20266.013902101146,20908.1762820396,0.0008075895395591203,0.07929349070193245,0.9198989197585085
241.11166416863497,215.0,1.0,2.445150985138625,4.254543504714378,12010.953676112922,1692.5055892981297,0.0008077609060998377,0.0832983568273552,0.915893882266545
246.6318995804113,261.0,1.0,4.280552711118559,9.73935947261082,7023.435120350278,1692.5055892981297,0.0008116717001017779,0.21012040275986668,0.7890679255400315
21807.402101693355,261.0,1.0,4.27891315907243,9.715693776243654,20862.53132305539,20908.1762820396,0.0008120619120295055,0.2191669311742777,0.7800210069136927
239.09112836645517,261.0,1.0,4.27891315907243,9.715693776243654,6929.441803705006,1615.9776431788114,0.0008120619120295055,0.2191669311742777,0.7800210069136927
21015.498052016803,261.0,1.0,4.280552711118559,9.73935947261082,20085.53815236646,20152.49028912426,0.0008116717001017779,0.21012040275986668,0.7890679255400315
21037.279185624942,215.0,1.0,2.445150985138625,4.254543504714378,19530.954426894095,20152.49028912426,0.0008077609060998377,0.0832983568273552,0.915893882266545
21013.63533046521,261.0,1.0,4.27891315907243,9.715693776243654,20087.099105955083,20152.49028912426,0.0008120619120295055,0.2191669311742777,0.7800210069136927
1109.4914214639632,243.0,1.0,3.0748450685858284,6.774419518748239,393.0098378805608,603.8583924188445,0.0008065129017071537,0.06404861510288509,0.9351448719954079
1470.497324346576,243.0,1.0,3.0748450685858284,6.774419518748239,526.0189603338407,775.1336812906177,0.0008065129017071537,0.06404861510288509,0.9351448719954079
579.5177398648535,243.0,1.0,3.0748450685858284,6.774419518748239,48.12584974672735,8.692260405521719,0.0008065129017071537,0.06404861510288509,0.9351448719954079
1111.5783931784258,243.0,1.0,3.0777220655995454,6.808176295737108,391.09575898942984,603.8583924188445,0.000805802901305172,0.04294781914260256,0.9562463779560925
1114.2304223591914,100.0,0.0,1.6965242705719739,2.3727927403773212,349.89823150875884,603.8583924188445,0.0008050555156570458,0.011945516919890164,0.9872494275644529
593.7503391471087,100.0,0.0,1.6969890726894679,2.374394162582153,61.179175157448206,8.692260405521719,0.0008048431363575328,0.007835487049194427,0.9913596698144481
1478.8612509958393,100.0,0.0,1.6969890726894679,2.374394162582153,449.11246776699875,775.1336812906177,0.0008048431363575328,0.007835487049194427,0.9913596698144481
838.979316609393,100.0,0.0,1.6965242705719739,2.3727927403773212,77.60834191164558,14.715211025332481,0.0008050555156570458,0.011945516919890164,0.9872494275644529
826.6008184849452,243.0,1.0,3.0777220655995454,6.808176295737108,56.75909392583559,14.715211025332481,0.000805802901305172,0.04294781914260256,0.9562463779560925
840.9663404385002,100.0,0.0,1.6969890726894679,2.374394162582153,79.59288018311426,14.715211025332481,0.0008048431363575328,0.007835487049194427,0.9913596698144481
216.59618761057197,248.0,1.0,2.9683645738881785,6.181230039457065,2142.850381656785,645.1114251957174,0.0008075242153599122,0.09078013446418128,0.9084123413204589
136.70134001902983,248.0,1.0,2.9683645738881785,6.181230039457065,1409.925030591222,372.9003763283374,0.0008075242153599122,0.09078013446418128,0.9084123413204589
219.49852541945106,248.0,1.0,2.9683645738881785,6.181230039457065,2115.990019566543,646.7844447894867,0.0008075242153599122,0.09078013446418128,0.9084123413204589
216.8655135448132,248.0,1.0,2.9668184033021685,6.162243362365558,2145.8798866913735,645.1114251957174,0.0008079733482355709,0.10277721609231831,0.896414810559446
216.5534900516402,245.0,1.0,3.0699656649535307,5.774564803296694,2158.1193115167252,645.1114251957174,0.0008074528701878163,0.08675444525050384,0.9124381018793084
219.72180606760287,245.0,1.0,3.0681312155509537,5.759003557890544,2130.338091402513,646.7844447894867,0.0008078933972335325,0.098319496923578,0.9008726096791884
136.79411976642692,245.0,1.0,3.0681312155509537,5.759003557890544,1389.2935090710268,372.9003763283374,0.0008078933972335325,0.098319496923578,0.9008726096791884
138.4703294216912,245.0,1.0,3.0699656649535307,5.774564803296694,1370.880127104833,374.013496011033,0.0008074528701878163,0.08675444525050384,0.9124381018793084
138.59109870199526,248.0,1.0,2.9668184033021685,6.162243362365558,1390.4920592991311,374.013496011033,0.0008079733482355709,0.10277721609231831,0.896414810559446
138.5767614607209,245.0,1.0,3.0681312155509537,5.759003557890544,1370.2640602364615,374.013496011033,0.0008078933972335325,0.098319496923578,0.9008726096791884
372.0070259980483,246.0,1.0,3.3222424241492563,7.791265966152742,31.495328685373668,6.544300645879457,0.0008061330263481665,0.06399016193587188,0.9352037050377799
498.4503159373983,246.0,1.0,3.3222424241492563,7.791265966152742,24.795654722785848,9.545023593854385,0.0008061330263481665,0.06399016193587188,0.9352037050377799
523.9502873269254,246.0,1.0,3.3222424241492563,7.791265966152742,1441.9322238735274,885.3033001788152,0.0008061330263481665,0.06399016193587188,0.9352037050377799
368.22648033301004,246.0,1.0,3.318639109799741,7.741230632463362,29.35950173483773,6.544300645879457,0.0008069664692432093,0.09278472301907806,0.9064083105116787
377.416590122485,195.0,0.0,1.7943446242383854,3.3781950758336956,41.86552306052404,6.544300645879457,0.0008049877533460763,0.018600136014146045,0.9805948762325077
523.1417935200778,195.0,0.0,1.7934338274638668,3.371298787035675,1541.258329227475,885.3033001788152,0.0008052632469701533,0.02772185894610844,0.9714728778069215
505.22082138551497,195.0,0.0,1.7934338274638668,3.371298787035675,49.419961886460044,9.545023593854385,0.0008052632469701533,0.02772185894610844,0.9714728778069215
638.7093704108023,195.0,0.0,1.7943446242383854,3.3781950758336956,1901.8421977118999,1106.9112661478525,0.0008049877533460763,0.018600136014146045,0.9805948762325077
641.4557687787649,246.0,1.0,3.318639109799741,7.741230632463362,1726.0759177206883,1106.9112661478525,0.0008069664692432093,0.09278472301907806,0.9064083105116787
639.0779011248225,195.0,0.0,1.7934338274638668,3.371298787035675,1897.7796176903662,1106.9112661478525,0.0008052632469701533,0.02772185894610844,0.9714728778069215
106.0036685666611,256.0,1.0,3.550226537353253,7.686105705829142,16063.092168188481,846.0586771037615,0.000808461030377795,0.12259055060507884,0.8766009883645434
74.67701853575181,256.0,1.0,3.550226537353253,7.686105705829142,13488.753743725687,521.4236037806382,0.000808461030377795,0.12259055060507884,0.8766009883645434
489.32128437371057,256.0,1.0,3.550226537353253,7.686105705829142,25.225875538243848,38.19200016634646,0.000808461030377795,0.12259055060507884,0.8766009883645434
106.49669524175884,256.0,1.0,3.543823996049269,7.612419815700755,15986.713422812194,846.0586771037615,0.0008100584241810873,0.1640325776821533,0.8351573638936656
105.55580444874923,243.0,1.0,2.7632090456518537,5.297981205718121,19716.787047818187,846.0586771037615,0.000806979907526297,0.07804620025503162,0.9211468198374422
493.7650253541814,243.0,1.0,2.759758267620475,5.260108031447629,63.45095494414527,38.19200016634646,0.0008079864280820699,0.1059851573517933,0.8932068562201246
74.6020467356395,243.0,1.0,2.759758267620475,5.260108031447629,16290.654513266876,521.4236037806382,0.0008079864280820699,0.1059851573517933,0.8932068562201246
275.65540182724254,243.0,1.0,2.7632090456518537,5.297981205718121,42.726581824709804,24.74771306992044,0.000806979907526297,0.07804620025503162,0.9211468198374422
264.91472482106644,256.0,1.0,3.543823996049269,7.612419815700755,34.101331832930725,24.74771306992044,0.0008100584241810873,0.1640325776821533,0.8351573638936656
272.06083120145416,243.0,1.0,2.759758267620475,5.260108031447629,42.725265228981556,24.74771306992044,0.0008079864280820699,0.1059851573517933,0.8932068562201246
1307.5306239159927,232.0,1.0,2.6115228174102403,3.5305774672943944,9.272878589406094,207.48396124899548,0.0008062442416956209,0.04225786420417915,0.9569358915541253
350.06747017953904,232.0,1.0,2.6115228174102403,3.5305774672943944,8.48655022707145,78.96769984908175,0.0008062442416956209,0.04225786420417915,0.9569358915541253
1606.9869962129471,232.0,1.0,2.6115228174102403,3.5305774672943944,223.6093038411243,549.3972581539555,0.0008062442416956209,0.04225786420417915,0.9569358915541253
1315.0623924025624,232.0,1.0,2.613970070537444,3.5440755995362974,9.039809604170548,207.48396124899548,0.000805499989171455,0.025214568483880307,0.9739799315269482
1307.3563521884298,226.0,1.0,2.2728912861148554,4.024107660138165,5.544314467659361,207.48396124899548,0.0008059965661674778,0.04459841315491923,0.9545955902789135
1612.6863320013513,226.0,1.0,2.274671602557311,4.040112313645801,229.06632719454828,549.3972581539555,0.0008053535741580568,0.026615581317793943,0.9725790651080479
351.30129826093287,226.0,1.0,2.274671602557311,4.040112313645801,5.550887641954088,78.96769984908175,0.0008053535741580568,0.026615581317793943,0.9725790651080479
463.2889976406861,226.0,1.0,2.2728912861148554,4.024107660138165,68.75266897570917,194.4718435594418,0.0008059965661674778,0.04459841315491923,0.9545955902789135
463.9426079201866,232.0,1.0,2.613970070537444,3.5440755995362974,62.55751728717622,194.4718435594418,0.000805499989171455,0.025214568483880307,0.9739799315269482
464.0678291414684,226.0,1.0,2.274671602557311,4.040112313645801,67.92689094722846,194.4718435594418,0.0008053535741580568,0.026615581317793943,0.9725790651080479
524.618458974791,252.0,1.0,3.199554794204544,6.160737786984307,1217.0601782708363,796.4208565325348,0.0008081229945980415,0.11004881641666,0.889143060588742
2396.07198117401,252.0,1.0,3.199554794204544,6.160737786984307,5511.442973625248,4193.742317297007,0.0008081229945980415,0.11004881641666,0.889143060588742
143.1856197505942,252.0,1.0,3.199554794204544,6.160737786984307,2152.3372183418164,464.04871905674815,0.0008081229945980415,0.11004881641666,0.889143060588742
524.4575716776404,252.0,1.0,3.200573537392887,6.1717242899564155,1217.5263301310351,796.4208565325348,0.0008078456127755544,0.10252633090941014,0.8966658234778143
524.8779964711449,244.0,1.0,2.9534171192649787,5.976062462127448,1259.6891636519251,796.4208565325348,0.0008086379232349204,0.11854072807015344,0.8806506340066117
143.2395377558984,244.0,1.0,2.954511669591695,5.988055745479818,2219.153852119718,464.04871905674815,0.0008083247790438994,0.11056530087195084,0.8886263743490053
2396.253889032481,244.0,1.0,2.954511669591695,5.988055745479818,5595.400203844322,4193.742317297007,0.0008083247790438994,0.11056530087195084,0.8886263743490053
591.57381668842,244.0,1.0,2.9534171192649787,5.976062462127448,7687.984387832722,2853.71419182108,0.0008086379232349204,0.11854072807015344,0.8806506340066117
589.1947343068421,252.0,1.0,3.200573537392887,6.1717242899564155,7492.413579750336,2853.71419182108,0.0008078456127755544,0.10252633090941014,0.8966658234778143
590.398092309783,244.0,1.0,2.954511669591695,5.988055745479818,7673.805500830234,2853.71419182108,0.0008083247790438994,0.11056530087195084,0.8886263743490053
279987.55288308614,251.0,1.0,3.985482006337145,9.443800653524239,279563.28543962626,279775.71877496486,0.0008092723057350762,0.1695053782966088,0.8296853493976561
996621.6919456816,251.0,1.0,3.985482006337145,9.443800653524239,995551.1879744632,995673.5433015332,0.0008092723057350762,0.1695053782966088,0.8296853493976561
214.42388064188717,251.0,1.0,3.985482006337145,9.443800653524239,1072.9566256620142,450.92373777560607,0.0008092723057350762,0.1695053782966088,0.8296853493976561
279988.7112726348,251.0,1.0,3.9961478417090706,9.585747663666911,279562.25867143576,279775.71877496486,0.000807095196580052,0.10024018174838546,0.8989527230550345
279989.1660821807,208.0,1.0,2.083730032429963,3.5085641210278506,279529.24135936593,279775.71877496486,0.0008063161026847732,0.05236761539991484,0.9468260684974004
213.15316951663428,208.0,1.0,2.085905490782056,3.5300261002616082,1199.6069983837374,450.92373777560607,0.000805472833755842,0.0294747214991837,0.9697198056670605
996646.3648791283,208.0,1.0,2.085905490782056,3.5300261002616082,994948.5695746985,995673.5433015332,0.000805472833755842,0.0294747214991837,0.9697198056670605
673.2260242048059,208.0,1.0,2.083730032429963,3.5085641210278506,3853.392985849681,1745.1762766398524,0.0008063161026847732,0.05236761539991484,0.9468260684974004
677.1628351621097,251.0,1.0,3.9961478417090706,9.585747663666911,2595.9463028685964,1745.1762766398524,0.000807095196580052,0.10024018174838546,0.8989527230550345
671.0000309546302,208.0,1.0,2.085905490782056,3.5300261002616082,3846.1047950391567,1745.1762766398524,0.000805472833755842,0.0294747214991837,0.9697198056670605
1341.7764524931922,206.0,1.0,2.190479261579255,4.087936275527902,6804.421056959337,3517.603616166153,0.0008049162588498137,0.02281383113085914,0.9763812526102911
331.03163816135725,206.0,1.0,2.190479261579255,4.087936275527902,1636.5379776246375,682.6024101256828,0.0008049162588498137,0.02281383113085914,0.9763812526102911
2347.019833765284,206.0,1.0,2.190479261579255,4.087936275527902,123.42514094481827,35.70685919103151,0.0008049162588498137,0.02281383113085914,0.9763812526102911
1347.884268077437,206.0,1.0,2.1884930843591577,4.0626578196849135,6786.644085420695,3517.603616166153,0.0008055019578257338,0.049149556665031395,0.950044941377143
1346.1712988698662,249.0,1.0,3.020683635417019,5.713946645808693,5721.80027779458,3517.603616166153,0.0008061464297182457,0.04149771432463531,0.9576961392456463
2260.320151565187,249.0,1.0,3.0121820456760067,5.646730127500718,98.87735904755922,35.70685919103151,0.0008081850333525544,0.08719827779670043,0.911993537169947
332.8584906324449,249.0,1.0,3.0121820456760067,5.646730127500718,1352.8677930429485,682.6024101256828,0.0008081850333525544,0.08719827779670043,0.911993537169947
357.0673679184088,249.0,1.0,3.020683635417019,5.713946645808693,22.374241131762172,21.313256801215633,0.0008061464297182457,0.04149771432463531,0.9576961392456463
357.07364800078045,206.0,1.0,2.1884930843591577,4.0626578196849135,26.964788757444786,21.313256801215633,0.0008055019578257338,0.049149556665031395,0.950044941377143
352.1453626395206,249.0,1.0,3.0121820456760067,5.646730127500718,17.969176051207736,21.313256801215633,0.0008081850333525544,0.08719827779670043,0.911993537169947
723.2901851087706,234.0,1.0,2.6252253147187403,4.654251784479854,83.38382702817684,39.88616337901549,0.0008080452204592846,0.09077935289785553,0.908412601881685
219.31097837975742,234.0,1.0,2.6252253147187403,4.654251784479854,36.23366356625334,15.042460628347797,0.0008080452204592846,0.09077935289785553,0.908412601881685
1533.9900349160364,234.0,1.0,2.6252253147187403,4.654251784479854,627.4164514686183,941.1913876041884,0.0008080452204592846,0.09077935289785553,0.908412601881685
739.5436631245461,234.0,1.0,2.629710163733469,4.690964654031988,83.3596104236488,39.88616337901549,0.0008066541945062453,0.057523614118480726,0.9416697316870131
677.9671757325092,249.0,1.0,3.6212057090974064,8.99040772615116,69.8564657975144,39.88616337901549,0.0008097291438529369,0.194166383396118,0.8050238874600292
1530.9843539238095,249.0,1.0,3.6302661460461336,9.13092167791337,789.5279180942277,941.1913876041884,0.0008076862491478153,0.12828166898655136,0.8709106447643009
218.57857729853447,249.0,1.0,3.6302661460461336,9.13092167791337,29.258613864818955,15.042460628347797,0.0008076862491478153,0.12828166898655136,0.8709106447643009
627.7589845815245,249.0,1.0,3.6212057090974064,8.99040772615116,268.4578096507303,414.6397587779791,0.0008097291438529369,0.194166383396118,0.8050238874600292
630.2067953469113,234.0,1.0,2.629710163733469,4.690964654031988,262.35928625770146,414.6397587779791,0.0008066541945062453,0.057523614118480726,0.9416697316870131
629.2401182802428,249.0,1.0,3.6302661460461336,9.13092167791337,267.7521757722735,414.6397587779791,0.0008076862491478153,0.12828166898655136,0.8709106447643009
121.32227178443078,250.0,1.0,3.4557253467915445,7.552994504202231,2651.382377547031,467.08864932009965,0.000807292205967142,0.08315331227490229,0.9160393955191305
224.16660975570076,250.0,1.0,3.4557253467915445,7.552994504202231,4273.102907587346,1044.8516403636675,0.000807292205967142,0.08315331227490229,0.9160393955191305
81.57105459542484,250.0,1.0,3.4557253467915445,7.552994504202231,8455.526213325424,515.2272981830042,0.000807292205967142,0.08315331227490229,0.9160393955191305
122.0711676410825,250.0,1.0,3.4450630812338923,7.4309679511452655,2644.2070226547535,467.08864932009965,0.0008098603918251652,0.14791550334294165,0.8512746362652331
121.32882471517294,254.0,1.0,3.432821007733046,6.2260987532967915,2723.5512442493364,467.08864932009965,0.0008073841247373697,0.07133989234736278,0.9278527235278999
82.06899554326134,254.0,1.0,3.422012240456663,6.154538248524374,8948.265067804776,515.2272981830042,0.0008100437376960817,0.12874811619055,0.8704418400717538
226.23408612067024,254.0,1.0,3.422012240456663,6.154538248524374,4621.845200653408,1044.8516403636675,0.0008100437376960817,0.12874811619055,0.8704418400717538
150.9632585338534,254.0,1.0,3.432821007733046,6.2260987532967915,13451.813592199536,1232.7924466480808,0.0008073841247373697,0.07133989234736278,0.9278527235278999
152.41462730408634,250.0,1.0,3.4450630812338923,7.4309679511452655,12361.400216820868,1232.7924466480808,0.0008098603918251652,0.14791550334294165,0.8512746362652331
152.28624304564912,254.0,1.0,3.422012240456663,6.154538248524374,13504.333120434721,1232.7924466480808,0.0008100437376960817,0.12874811619055,0.8704418400717538
275.56367141857146,239.0,1.0,2.699160836899155,5.041415454195304,39.7261821886842,2.972663219914687,0.0008077444365891212,0.10043724349292477,0.8987550120704861
1559.5800272802617,239.0,1.0,2.699160836899155,5.041415454195304,142.03116083109904,38.9762502610536,0.0008077444365891212,0.10043724349292477,0.8987550120704861
197.98826067299018,239.0,1.0,2.699160836899155,5.041415454195304,1639.4280980962308,504.72087491365704,0.0008077444365891212,0.10043724349292477,0.8987550120704861
275.9364857706034,239.0,1.0,2.699702865862194,5.046853909801523,39.72656543333106,2.972663219914687,0.0008075933615334978,0.09625355346258778,0.9029388531758787
276.9531001746978,205.0,1.0,2.0694663325268974,3.922756300762018,40.427735401893784,2.972663219914687,0.000807325512388985,0.08012856386391923,0.9190641106236918
197.73232205392912,205.0,1.0,2.069811849669204,3.9261518658998447,1661.414864859061,504.72087491365704,0.0008071936317081118,0.07671990140677382,0.9224729049615181
1585.1458426398785,205.0,1.0,2.069811849669204,3.9261518658998447,149.07230466628562,38.9762502610536,0.0008071936317081118,0.07671990140677382,0.9224729049615181
656.5634345724922,205.0,1.0,2.0694663325268974,3.922756300762018,5555.6241639249665,2201.2048417237447,0.000807325512388985,0.08012856386391923,0.9190641106236918
658.4225308808502,239.0,1.0,2.699702865862194,5.046853909801523,4939.286968090632,2201.2048417237447,0.0008075933615334978,0.09625355346258778,0.9029388531758787
656.1251898079338,205.0,1.0,2.069811849669204,3.9261518658998447,5550.043152969551,2201.2048417237447,0.0008071936317081118,0.07671990140677382,0.9224729049615181
145.41867887156832,215.0,1.0,2.2650760500961002,3.904873635685262,24856.14687164522,1228.7325298944547,0.0008052239004848216,0.03346257341396888,0.9657322026855463
88.18496419970867,215.0,1.0,2.2650760500961002,3.904873635685262,17867.33071652346,596.8308891362357,0.0008052239004848216,0.03346257341396888,0.9657322026855463
707.2995850768139,215.0,1.0,2.2650760500961002,3.904873635685262,72.30442185980209,1.7164136056019856,0.0008052239004848216,0.03346257341396888,0.9657322026855463
145.41149565628942,215.0,1.0,2.265118400695851,3.9052725659094527,24856.770638489194,1228.7325298944547,0.0008052126910392416,0.0329994201590605,0.9661953671499002
145.665389194981,237.0,1.0,2.7418515311920366,4.845393180692534,19171.558219962993,1228.7325298944547,0.0008058467403799936,0.046333446853013556,0.9528607064066066
703.3773691996187,237.0,1.0,2.741931131568931,4.8461313051655805,70.72446433319372,1.7164136056019856,0.0008058266832784997,0.045702107300146955,0.9534920660165744
88.30090654685827,237.0,1.0,2.741931131568931,4.8461313051655805,14176.910853426276,596.8308891362357,0.0008058266832784997,0.045702107300146955,0.9534920660165744
328.1543952479742,237.0,1.0,2.7418515311920366,4.845393180692534,40.52490003681142,4.36151585023974,0.0008058467403799936,0.046333446853013556,0.9528607064066066
329.5591448003098,215.0,1.0,2.265118400695851,3.9052725659094527,41.193279634249855,4.36151585023974,0.0008052126910392416,0.0329994201590605,0.9661953671499002
328.21724924203465,237.0,1.0,2.741931131568931,4.8461313051655805,40.534686945001056,4.36151585023974,0.0008058266832784997,0.045702107300146955,0.9534920660165744
2281.570143638027,200.0,0.0,1.9855756007346617,2.81376203532118,136.7095256313006,103.55228094747116,0.0008048920284592373,0.02905162537344954,0.9701434825980914
263.71563430899255,200.0,0.0,1.9855756007346617,2.81376203532118,24.3284762320675,30.057816260983177,0.0008048920284592373,0.02905162537344954,0.9701434825980914
8730.032669644246,200.0,0.0,1.9855756007346617,2.81376203532118,5738.976930054416,6806.905439994616,0.0008048920284592373,0.02905162537344954,0.9701434825980914
2281.8544804534167,200.0,0.0,1.9855920332967936,2.8138763510418525,136.75388123319388,103.55228094747116,0.000804888131710871,0.028813882090401387,0.9703812297778878
2284.540662015443,112.0,0.0,1.7199898163180503,2.2806273328079874,155.27493585317,103.55228094747116,0.0008057085259880618,0.026798663415398365,0.9723956280586137
8731.023594713326,112.0,0.0,1.7200102177422505,2.280706908651304,5718.384576468068,6806.905439994616,0.0008056980758179678,0.026581511181629654,0.9726127907425524
263.3070729841913,112.0,0.0,1.7200102177422505,2.280706908651304,26.31448083705044,30.057816260983177,0.0008056980758179678,0.026581511181629654,0.9726127907425524
1417.0952074055776,112.0,0.0,1.7199898163180503,2.2806273328079874,960.8949981057004,1184.19210863724,0.0008057085259880618,0.026798663415398365,0.9723956280586137
1417.3812660646033,200.0,0.0,1.9855920332967936,2.8138763510418525,942.1542765064969,1184.19210863724,0.000804888131710871,0.028813882090401387,0.9703812297778878
1417.1019380876453,112.0,0.0,1.7200102177422505,2.280706908651304,960.8846610450764,1184.19210863724,0.0008056980758179678,0.026581511181629654,0.9726127907425524
289.58037262603125,245.0,1.0,3.4970277951766997,8.693895329286082,1026.892326901039,518.3930125794557,0.000806102429808495,0.06588825606641438,0.933305641503777
580.547566176468,245.0,1.0,3.4970277951766997,8.693895329286082,1880.1402316168558,1133.7654142071851,0.000806102429808495,0.06588825606641438,0.933305641503777
74.75235147737298,245.0,1.0,3.4970277951766997,8.693895329286082,5922.792785799474,400.7941736942457,0.000806102429808495,0.06588825606641438,0.933305641503777
289.49617193863713,245.0,1.0,3.4979931691592374,8.710736746830923,1027.6270904641412,518.3930125794557,0.0008058747906881841,0.05735677407272997,0.9418373511365818
289.3458030358782,234.0,1.0,2.5169045411077224,4.623690937176344,1067.3595802120547,518.3930125794557,0.0008054706383663586,0.03144613263764188,0.9677483967239919
74.63771796375003,234.0,1.0,2.5174554909182643,4.628451721723647,7211.787002009605,400.7941736942457,0.0008053292839378774,0.02724356673939415,0.971951103976668
579.1136555899619,234.0,1.0,2.5174554909182643,4.628451721723647,2124.9053893580694,1133.7654142071851,0.0008053292839378774,0.02724356673939415,0.971951103976668
143.1450974431492,234.0,1.0,2.5169045411077224,4.623690937176344,11426.092568570726,964.8601188948267,0.0008054706383663586,0.03144613263764188,0.9677483967239919
143.41604844265777,245.0,1.0,3.4979931691592374,8.710736746830923,8739.847587722094,964.8601188948267,0.0008058747906881841,0.05735677407272997,0.9418373511365818
143.0740189167784,234.0,1.0,2.5174554909182643,4.628451721723647,11442.052756382716,964.8601188948267,0.0008053292839378774,0.02724356673939415,0.971951103976668
848.0489449569762,222.0,1.0,2.626857710762731,5.095474465949857,436.49706471216604,592.9364875664395,0.0008067980192004962,0.06606168652235009,0.9331315154584495
2157.111450991835,222.0,1.0,2.626857710762731,5.095474465949857,1060.8560814828875,1410.081893917672,0.0008067980192004962,0.06606168652235009,0.9331315154584495
11223.687596354664,222.0,1.0,2.626857710762731,5.095474465949857,11721.549028960982,11484.18061875024,0.0008067980192004962,0.06606168652235009,0.9331315154584495
847.9601662932946,222.0,1.0,2.6265133426740763,5.092163191436397,436.7894871063941,592.9364875664395,0.0008069017209560553,0.0687884172579957,0.9304046810210482
848.9702404812666,167.0,0.0,1.936506935668682,2.678476384368095,429.69694846373704,592.9364875664395,0.0008058341107326304,0.02709098397123499,0.9721031819180324
11222.983213335285,167.0,0.0,1.9363582244578657,2.677798917220558,11732.315645207871,11484.18061875024,0.0008058957521537603,0.02827291367125629,0.9709211905765899
2162.498453526603,167.0,0.0,1.9363582244578657,2.677798917220558,1023.5582431382797,1410.081893917672,0.0008058957521537603,0.02827291367125629,0.9709211905765899
27228.305792898027,167.0,0.0,1.936506935668682,2.678476384368095,28579.529689817078,27986.533137661965,0.0008058341107326304,0.02709098397123499,0.9721031819180324
27233.020232199346,222.0,1.0,2.6265133426740763,5.092163191436397,28513.639808665605,27986.533137661965,0.0008069017209560553,0.0687884172579957,0.9304046810210482
27228.472401835606,167.0,0.0,1.9363582244578657,2.677798917220558,28579.07994064992,27986.533137661965,0.0008058957521537603,0.02827291367125629,0.9709211905765899
603.1044719062184,237.0,1.0,2.598990721326761,4.43921441171105,4033.2635024402034,1776.081906193193,0.0008071414644159901,0.07420885800681509,0.924984000528769
177.4317184467168,237.0,1.0,2.598990721326761,4.43921441171105,1125.0426579309153,409.8996498604742,0.0008071414644159901,0.07420885800681509,0.924984000528769
1278.5946644800154,237.0,1.0,2.598990721326761,4.43921441171105,88.21267811627303,54.0465783353717,0.0008071414644159901,0.07420885800681509,0.924984000528769
599.1689652993915,237.0,1.0,2.6042027498992413,4.482757145733223,4034.2565407831357,1776.081906193193,0.0008056600654364672,0.03453589966753189,0.9646584402670314
609.0187731888223,255.0,1.0,3.5750280317269127,6.2906057679990734,3423.5422380424347,1776.081906193193,0.0008096663525678365,0.12941038952351408,0.8697799441239181
1290.5597392907691,255.0,1.0,3.588529325439755,6.407532951476634,21.993993135966008,54.0465783353717,0.0008068050465913696,0.06256590956908277,0.9366272853843257
177.32259402401542,255.0,1.0,3.588529325439755,6.407532951476634,1077.5303890244554,409.8996498604742,0.0008068050465913696,0.06256590956908277,0.9366272853843257
196.56012544954083,255.0,1.0,3.5750280317269127,6.2906057679990734,27.22906669901583,9.597817674300908,0.0008096663525678365,0.12941038952351408,0.8697799441239181
202.6198637913019,237.0,1.0,2.6042027498992413,4.482757145733223,28.7061434651297,9.597817674300908,0.0008056600654364672,0.03453589966753189,0.9646584402670314
200.9003370132279,255.0,1.0,3.588529325439755,6.407532951476634,28.522741218158135,9.597817674300908,0.0008068050465913696,0.06256590956908277,0.9366272853843257
487.56005557637366,227.0,1.0,2.1942688658051304,3.652311895924381,56.59796492780284,26.454964090852453,0.0008053179040610004,0.02588630676248372,0.9733083753334552
414.0647747943037,227.0,1.0,2.1942688658051304,3.652311895924381,50.78346413734131,23.119422758483402,0.0008053179040610004,0.02588630676248372,0.9733083753334552
509.34773603596676,227.0,1.0,2.1942688658051304,3.652311895924381,16.11817237582007,78.7914193215516,0.0008053179040610004,0.02588630676248372,0.9733083753334552
479.7381234541,227.0,1.0,2.1904889329133135,3.6293343886241995,54.46886377365427,26.454964090852453,0.000806343843504167,0.054916904686918115,0.9442767514695777
487.25613991025455,217.0,1.0,2.2068703219108827,3.862707952806945,59.041515670971336,26.454964090852453,0.000805494640420092,0.02813649949073643,0.9710580058688436
505.2849496081924,217.0,1.0,2.2029759823886477,3.831983138863065,16.757011331738926,78.7914193215516,0.0008067235662730761,0.05914537835482524,0.9400478980789019
407.4723392543618,217.0,1.0,2.2029759823886477,3.831983138863065,51.353649375927844,23.119422758483402,0.0008067235662730761,0.05914537835482524,0.9400478980789019
443.2093581447175,217.0,1.0,2.2068703219108827,3.862707952806945,16.396508403919032,71.42840298538582,0.000805494640420092,0.02813649949073643,0.9710580058688436
440.3383040158811,227.0,1.0,2.1904889329133135,3.6293343886241995,12.724813699084908,71.42840298538582,0.000806343843504167,0.054916904686918115,0.9442767514695777
440.08695534815155,217.0,1.0,2.2029759823886477,3.831983138863065,14.564532527768689,71.42840298538582,0.0008067235662730761,0.05914537835482524,0.9400478980789019
161.88962030903275,252.0,1.0,3.5677410245464074,6.223480760040294,2896.2290254781265,594.9164139048546,0.000808043626823584,0.1049023941153456,0.8942895622578309
292.04225357953214,252.0,1.0,3.5677410245464074,6.223480760040294,4487.512874105735,1290.5826590125598,0.000808043626823584,0.1049023941153456,0.8942895622578309
127.36364783903377,252.0,1.0,3.5677410245464074,6.223480760040294,4746.994895072021,605.1680175595784,0.000808043626823584,0.1049023941153456,0.8942895622578309
161.5952822383975,252.0,1.0,3.5708873861049772,6.248534605939479,2897.0545588074333,594.9164139048546,0.000807434475802907,0.08855764339100324,0.9106349221331936
161.60210467856493,239.0,1.0,2.879076999567631,5.914675832116306,2921.059654473326,594.9164139048546,0.0008076191224929017,0.08976517019575246,0.9094272106817545
126.94414605529386,239.0,1.0,2.881179806575289,5.934719157363122,4691.4854832685305,605.1680175595784,0.0008070808552255676,0.07557918750447563,0.9236137316402989
290.48502874125523,239.0,1.0,2.881179806575289,5.934719157363122,4960.607540327382,1290.5826590125598,0.0008070808552255676,0.07557918750447563,0.9236137316402989
228.3007569728527,239.0,1.0,2.879076999567631,5.914675832116306,7634.51353194032,1355.2886431627762,0.0008076191224929017,0.08976517019575246,0.9094272106817545
228.3041457821593,252.0,1.0,3.5708873861049772,6.248534605939479,6959.599807815344,1355.2886431627762,0.000807434475802907,0.08855764339100324,0.9106349221331936
227.76008440739707,239.0,1.0,2.881179806575289,5.934719157363122,7636.263460970038,1355.2886431627762,0.0008070808552255676,0.07557918750447563,0.9236137316402989
512.1685782836826,223.0,1.0,2.4723066346570506,4.284200998312165,17.63805871275519,144.17969760106604,0.000805374592135308,0.03400915404017075,0.9651854713676938
397.33012481097603,223.0,1.0,2.4723066346570506,4.284200998312165,13.023983656312616,117.65118143170754,0.000805374592135308,0.03400915404017075,0.9651854713676938
98.5754230055596,223.0,1.0,2.4723066346570506,4.284200998312165,21722.215747548988,732.3208739996228,0.000805374592135308,0.03400915404017075,0.9651854713676938
510.41762863726944,223.0,1.0,2.469991101782622,4.261978274296446,18.50472463024816,144.17969760106604,0.0008060280373600679,0.05635629596181174,0.9428376760008282
513.1341899215308,206.0,1.0,2.1559421116703463,2.794577282642333,11.119160943327401,144.17969760106604,0.0008050829891635894,0.01803105884569365,0.9811638581651428
98.60649158821687,205.0,1.0,2.1545233096438885,2.7868552585376944,19807.575619925316,732.3208739996228,0.0008055268093857281,0.030097296494755586,0.9690971766958587
397.20546716614894,205.0,1.0,2.1545233096438885,2.7868552585376944,8.538495729261143,117.65118143170754,0.0008055268093857281,0.030097296494755586,0.9690971766958587
81.54257798719263,206.0,1.0,2.1559421116703463,2.794577282642333,17653.563154653315,564.1154354772906,0.0008050829891635894,0.01803105884569365,0.9811638581651428
81.72964697698657,223.0,1.0,2.469991101782622,4.261978274296446,19377.71060542809,564.1154354772906,0.0008060280373600679,0.05635629596181174,0.9428376760008282
81.62864730657125,205.0,1.0,2.1545233096438885,2.7868552585376944,17375.42054543046,564.1154354772906,0.0008055268093857281,0.030097296494755586,0.9690971766958587
2215.5034970719794,237.0,1.0,2.8552447576773075,5.261388378315859,3274.7963062472195,2735.879897701373,0.0008069894577214705,0.07443190717870567,0.9247611033635731
6596.3110956366945,237.0,1.0,2.8552447576773075,5.261388378315859,9749.253746937662,8532.545503486075,0.0008069894577214705,0.07443190717870567,0.9247611033635731
1044.562935233446,237.0,1.0,2.8552447576773075,5.261388378315859,294.39705893869393,535.9580350389477,0.0008069894577214705,0.07443190717870567,0.9247611033635731
2213.788335981431,237.0,1.0,2.8583729084886547,5.292583876413211,3275.4094218520304,2735.879897701373,0.0008060842273752683,0.04917468404876593,0.9500192317238588
2213.570005950498,217.0,1.0,2.263093874485964,4.157824777862204,3302.797125411109,2735.879897701373,0.0008059028117026502,0.04809333696655988,0.9511007602217376
1049.302305766028,218.0,1.0,2.2647301425569397,4.175229359459912,285.2903363268163,535.9580350389477,0.0008053845950721653,0.031577647105353025,0.9676169682995748
6581.075548987479,218.0,1.0,2.2647301425569397,4.175229359459912,9817.519833466109,8532.545503486075,0.0008053845950721653,0.031577647105353025,0.9676169682995748
3445.2862085643646,217.0,1.0,2.263093874485964,4.157824777862204,953.9059650616157,1527.8614902591357,0.0008059028117026502,0.04809333696655988,0.9511007602217376
3444.5990637998675,237.0,1.0,2.8583729084886547,5.292583876413211,975.2274330244825,1527.8614902591357,0.0008060842273752683,0.04917468404876593,0.9500192317238588
3455.000199650055,218.0,1.0,2.2647301425569397,4.175229359459912,953.382739372872,1527.8614902591357,0.0008053845950721653,0.031577647105353025,0.9676169682995748
1069.7735335316138,245.0,1.0,2.749299660786628,5.504387065795479,52.3032429194365,51.76598379963167,0.0008064353789068607,0.06520818476596266,0.9339853798551303
466.05793205281356,245.0,1.0,2.749299660786628,5.504387065795479,30.13237127088407,34.11760922239299,0.0008064353789068607,0.06520818476596266,0.9339853798551303
1073.6532276996024,245.0,1.0,2.749299660786628,5.504387065795479,45.26291954878628,65.57743717652012,0.0008064353789068607,0.06520818476596266,0.9339853798551303
1050.957348845813,245.0,1.0,2.7438258893929452,5.448313490152828,48.94115877891302,51.76598379963167,0.0008076861385773814,0.10230733190519402,0.8968849819562286
1083.522237743212,204.0,1.0,2.0329104064472103,2.966854017883659,90.07809254752621,51.76598379963167,0.0008060591747313592,0.035154903177548005,0.9640390376477206
1076.7785046146232,204.0,1.0,2.0307028558607016,2.9536389108416876,84.76066060177146,65.57743717652012,0.0008070565230322779,0.05579131957723167,0.943401623899736
466.30255316894335,204.0,1.0,2.0307028558607016,2.9536389108416876,46.215556907496214,34.11760922239299,0.0008070565230322779,0.05579131957723167,0.943401623899736
474.0386618110549,204.0,1.0,2.0329104064472103,2.966854017883659,43.56167216713213,41.49497080693322,0.0008060591747313592,0.035154903177548005,0.9640390376477206
465.1929758771979,245.0,1.0,2.7438258893929452,5.448313490152828,24.88443566715901,41.49497080693322,0.0008076861385773814,0.10230733190519402,0.8968849819562286
470.7966206652609,204.0,1.0,2.0307028558607016,2.9536389108416876,43.52494171617491,41.49497080693322,0.0008070565230322779,0.05579131957723167,0.943401623899736
84.39863555864545,241.0,1.0,2.7702747859961305,5.624195796061098,5009.140782161426,423.6215302798514,0.0008087212858401368,0.10542666752522019,0.8937646111889397
88.3010456781581,241.0,1.0,2.7702747859961305,5.624195796061098,5193.616909597619,448.1844762588237,0.0008087212858401368,0.10542666752522019,0.8937646111889397
272.69138425785087,241.0,1.0,2.7702747859961305,5.624195796061098,1120.9064695903244,521.9253714214569,0.0008087212858401368,0.10542666752522019,0.8937646111889397
84.15398214000773,241.0,1.0,2.7744817355303413,5.661139398096888,5023.8124641991635,423.6215302798514,0.0008073662917841554,0.0741066578092566,0.9250859758989594
84.20430280618167,229.0,1.0,2.3754787872350493,4.293401419028083,5323.115437133735,423.6215302798514,0.0008076140966055671,0.07712193886577215,0.9220704470376221
271.905200528087,229.0,1.0,2.378525741993308,4.319656732473187,1158.7607177502905,521.9253714214569,0.0008066126199615043,0.05394125192038853,0.9452521354596499
87.89344874521103,229.0,1.0,2.378525741993308,4.319656732473187,5538.152937318612,448.1844762588237,0.0008066126199615043,0.05394125192038853,0.9452521354596499
285.5929400613579,229.0,1.0,2.3754787872350493,4.293401419028083,1214.5294901305886,550.3931574468157,0.0008076140966055671,0.07712193886577215,0.9220704470376221
285.4836665889832,241.0,1.0,2.7744817355303413,5.661139398096888,1176.8088358358684,550.3931574468157,0.0008073662917841554,0.0741066578092566,0.9250859758989594
285.1787363369998,229.0,1.0,2.378525741993308,4.319656732473187,1215.4802897888972,550.3931574468157,0.0008066126199615043,0.05394125192038853,0.9452521354596499
201.5330273896723,235.0,1.0,2.750077434165078,5.961955328527588,32.674805036375666,18.091465783171728,0.0008079250539687205,0.10590761439449488,0.8932844605515363
212.6753096867956,235.0,1.0,2.750077434165078,5.961955328527588,33.89622635803688,18.80354170683946,0.0008079250539687205,0.10590761439449488,0.8932844605515363
108.12417091285855,235.0,1.0,2.750077434165078,5.961955328527588,2102.594536147713,369.72227005799766,0.0008079250539687205,0.10590761439449488,0.8932844605515363
199.7639150487248,235.0,1.0,2.7473078589022313,5.925870005548636,32.36118156161687,18.091465783171728,0.0008088115019324897,0.1296768998502431,0.8695142886478244
203.77304509824393,230.0,1.0,2.416295244390457,4.432388154663044,31.932872347537575,18.091465783171728,0.0008068202256986866,0.0690245829489057,0.9301685968253959
108.02530600013465,230.0,1.0,2.414424603988934,4.416076737101399,2013.78353900786,369.72227005799766,0.000807427987285445,0.08529727137290216,0.9138953006398125
213.77445037693926,230.0,1.0,2.414424603988934,4.416076737101399,32.80122904364175,18.80354170683946,0.000807427987285445,0.08529727137290216,0.9138953006398125
111.46000779827634,230.0,1.0,2.416295244390457,4.432388154663044,2080.4303524913057,384.22202489747445,0.0008068202256986866,0.0690245829489057,0.9301685968253959
111.9099083987389,235.0,1.0,2.7473078589022313,5.925870005548636,2127.2411231464534,384.22202489747445,0.0008088115019324897,0.1296768998502431,0.8695142886478244
111.6002293746054,230.0,1.0,2.414424603988934,4.416076737101399,2076.90538066643,384.22202489747445,0.000807427987285445,0.08529727137290216,0.9138953006398125
355.3937354395961,190.0,0.0,1.8960392468266458,3.1351064211470225,11570.03561362271,2227.2640368394177,0.0008050393717858086,0.014923750452875322,0.9842712101753387
197.54868432784437,190.0,0.0,1.8960392468266458,3.1351064211470225,5939.655819391232,990.0910983082437,0.0008050393717858086,0.014923750452875322,0.9842712101753387
1797.416161628309,190.0,0.0,1.8960392468266458,3.1351064211470225,150.061179884117,459.7436908439265,0.0008050393717858086,0.014923750452875322,0.9842712101753387
356.11430405432543,190.0,0.0,1.894993211054556,3.1276578450797303,11547.899362401407,2227.2640368394177,0.0008054639652211018,0.025291964874400462,0.9739025711603784
357.58973455217995,241.0,1.0,3.154966864334852,7.261265210983483,8100.702197200536,2227.2640368394177,0.0008057918669732376,0.050401556688482604,0.9487926514445442
1766.6186141717917,241.0,1.0,3.151118009631711,7.209574055721868,451.1769869968016,459.7436908439265,0.0008067368737195669,0.08295754629774675,0.9162357168285337
199.17053250816414,241.0,1.0,3.151118009631711,7.209574055721868,5652.051479132779,990.0910983082437,0.0008067368737195669,0.08295754629774675,0.9162357168285337
840.4541696496835,241.0,1.0,3.154966864334852,7.261265210983483,122.28835861828796,253.0256404749798,0.0008057918669732376,0.050401556688482604,0.9487926514445442
843.7065440050312,190.0,0.0,1.894993211054556,3.1276578450797303,82.56741808048871,253.0256404749798,0.0008054639652211018,0.025291964874400462,0.9739025711603784
835.4681590916391,241.0,1.0,3.151118009631711,7.209574055721868,126.38020065148311,253.0256404749798,0.0008067368737195669,0.08295754629774675,0.9162357168285337
1173.5803445454444,233.0,1.0,2.6930383143372065,4.064457961116838,260.33131806106,516.9019889723464,0.0008077460650429787,0.0744560038531024,0.9247362500818547
1901.2111937267953,233.0,1.0,2.6930383143372065,4.064457961116838,401.2712821535466,781.5890424837025,0.0008077460650429787,0.0744560038531024,0.9247362500818547
849.7775518326457,233.0,1.0,2.6930383143372065,4.064457961116838,85.13919176524038,53.72618317934398,0.0008077460650429787,0.0744560038531024,0.9247362500818547
1175.4321729692392,233.0,1.0,2.6945474104279254,4.075185676099049,259.8278695784736,516.9019889723464,0.000807267634291366,0.06424388788932146,0.9349488444763872
1175.2196286051926,229.0,1.0,2.531573448658,4.30131289857409,258.5464486807073,516.9019889723464,0.0008060412003277344,0.07221745392989018,0.926976504869782
860.3773296349075,229.0,1.0,2.5326707448473047,4.311338996403553,82.8944978085791,53.72618317934398,0.0008058070958135692,0.062322151798432125,0.9368720411057542
1906.491468698778,229.0,1.0,2.5326707448473047,4.311338996403553,413.1927082656413,781.5890424837025,0.0008058070958135692,0.062322151798432125,0.9368720411057542
1545.288232827542,229.0,1.0,2.531573448658,4.30131289857409,127.40203719381981,89.88862349104997,0.0008060412003277344,0.07221745392989018,0.926976504869782
1555.1164972609017,233.0,1.0,2.6945474104279254,4.075185676099049,135.31382426132652,89.88862349104997,0.000807267634291366,0.06424388788932146,0.9349488444763872
1559.1801712418337,229.0,1.0,2.5326707448473047,4.311338996403553,128.5075803318876,89.88862349104997,0.0008058070958135692,0.062322151798432125,0.9368720411057542
182.6711980787408,249.0,1.0,3.7593467012966566,6.434734488819402,1945.6066208850082,552.2730913422494,0.0008080904895841609,0.09110723307683526,0.9080846764335805
197.8129025375768,249.0,1.0,3.7593467012966566,6.434734488819402,2089.028900696035,609.0421521238798,0.0008080904895841609,0.09110723307683526,0.9080846764335805
671.9358578424332,249.0,1.0,3.7593467012966566,6.434734488819402,1438.3703782248335,993.1626911553723,0.0008080904895841609,0.09110723307683526,0.9080846764335805
181.9791662954594,249.0,1.0,3.7673389558527854,6.50378024348027,1955.5711282463087,552.2730913422494,0.000806534785728744,0.05413190943465803,0.9450615557796133
181.44269541485676,204.0,1.0,2.1104757242268275,3.356615883704307,2499.3909295751164,552.2730913422494,0.0008052063472316726,0.02847861627087912,0.9707161773818892
669.6278503910261,204.0,1.0,2.11150457371414,3.36620132753813,1554.055933839739,993.1626911553723,0.0008048781084961954,0.016493469738652233,0.9827016521528517
196.20064464223603,204.0,1.0,2.11150457371414,3.36620132753813,2699.1575229909986,609.0421521238798,0.0008048781084961954,0.016493469738652233,0.9827016521528517
729.897636938587,204.0,1.0,2.1104757242268275,3.356615883704307,1694.0271244259902,1089.6227505087522,0.0008052063472316726,0.02847861627087912,0.9707161773818892
730.9099502314485,249.0,1.0,3.7673389558527854,6.50378024348027,1567.600783867731,1089.6227505087522,0.000806534785728744,0.05413190943465803,0.9450615557796133
729.5542801482969,204.0,1.0,2.11150457371414,3.36620132753813,1695.506689922733,1089.6227505087522,0.0008048781084961954,0.016493469738652233,0.9827016521528517
664.0437256570833,204.0,0.0,1.9817396700725234,3.000529741422752,199.27308766067756,373.5833029708097,0.0008054543536695985,0.03075573388675329,0.9684388117595771
1025.4088726083046,204.0,0.0,1.9817396700725234,3.000529741422752,299.4597888657527,550.29541714901,0.0008054543536695985,0.03075573388675329,0.9684388117595771
405.3302191094547,204.0,0.0,1.9817396700725234,3.000529741422752,10.195214897967995,113.10795139987836,0.0008054543536695985,0.03075573388675329,0.9684388117595771
664.4648754050296,204.0,0.0,1.9826339821014347,3.006511986646589,198.41638377655468,373.5833029708097,0.0008051258576046187,0.021001196202200607,0.9781936779401949
661.3323726000897,245.0,1.0,3.088209556490452,6.426043151043756,217.45430260743026,373.5833029708097,0.000807760550132923,0.09605671600473858,0.9031355234451284
403.432441498493,245.0,1.0,3.0925968755197406,6.471543218566872,19.50674326472288,113.10795139987836,0.0008066872225838025,0.06684994924307658,0.9323433635343398
1022.2980688379736,245.0,1.0,3.0925968755197406,6.471543218566872,346.64686347974964,550.29541714901,0.0008066872225838025,0.06684994924307658,0.9323433635343398
640.640183868484,245.0,1.0,3.088209556490452,6.426043151043756,43.17896036564346,163.42434537921145,0.000807760550132923,0.09605671600473858,0.9031355234451284
650.0094882142289,204.0,0.0,1.9826339821014347,3.006511986646589,14.720471543850639,163.42434537921145,0.0008051258576046187,0.021001196202200607,0.9781936779401949
644.4757530133863,245.0,1.0,3.0925968755197406,6.471543218566872,44.2851527669073,163.42434537921145,0.0008066872225838025,0.06684994924307658,0.9323433635343398
374.631492684451,248.0,1.0,3.4271770874779284,6.367287069278714,3215.3952587733056,1225.204557493305,0.0008062708015636475,0.05850429061844098,0.9406894385799954
158.60790924408212,248.0,1.0,3.4271770874779284,6.367287069278714,1437.9188138726438,425.28480571028774,0.0008062708015636475,0.05850429061844098,0.9406894385799954
250.7059276523658,248.0,1.0,3.4271770874779284,6.367287069278714,5101.619457561744,1217.8226084849903,0.0008062708015636475,0.05850429061844098,0.9406894385799954
378.9346930438396,248.0,1.0,3.415739370848094,6.2550520989332075,3212.926166721364,1225.204557493305,0.000808861107141258,0.13157432895582272,0.8676168099370362
373.61420526916095,233.0,1.0,2.6222644357134786,4.539847106440318,3900.583236654812,1225.204557493305,0.0008055081347258052,0.038472013017442894,0.9607224788478312
252.01113774305762,232.0,1.0,2.6148675707145363,4.4822606930473565,6853.026306755657,1217.8226084849903,0.0008070381760195613,0.0887808372878312,0.9104121245361492
158.90217550135884,232.0,1.0,2.6148675707145363,4.4822606930473565,1796.7284260796434,425.28480571028774,0.0008070381760195613,0.0887808372878312,0.9104121245361492
107.75460291363208,233.0,1.0,2.6222644357134786,4.539847106440318,3546.1369045693295,404.4978145036934,0.0008055081347258052,0.038472013017442894,0.9607224788478312
108.54744277485402,248.0,1.0,3.415739370848094,6.2550520989332075,2456.617864248541,404.4978145036934,0.000808861107141258,0.13157432895582272,0.8676168099370362
108.13993076590114,232.0,1.0,2.6148675707145363,4.4822606930473565,3509.8836870565287,404.4978145036934,0.0008070381760195613,0.0887808372878312,0.9104121245361492
2259.2867346883318,223.0,1.0,2.4383218643811646,4.337363234760896,183.22519795823672,135.65508305952898,0.0008076199597704242,0.07825373667858827,0.9209386433616413
373.84861633175916,223.0,1.0,2.4383218643811646,4.337363234760896,51.23992110049965,33.414834239066444,0.0008076199597704242,0.07825373667858827,0.9209386433616413
1333.614494403425,223.0,1.0,2.4383218643811646,4.337363234760896,4758.884704910435,2898.34096305982,0.0008076199597704242,0.07825373667858827,0.9209386433616413
2390.6039834647045,223.0,1.0,2.4457818107617024,4.397874756069634,183.4249971825348,135.65508305952898,0.0008053644678616849,0.023952435707466205,0.975242199824672
2272.4627125511006,207.0,1.0,2.135551396247172,3.790090688358362,184.76699131656466,135.65508305952898,0.0008069025678345658,0.07273402839035543,0.92645906904181
1323.0500373452196,207.0,1.0,2.140262436273752,3.839071819428757,5004.216625988587,2898.34096305982,0.000805158315322808,0.02228082603529394,0.9769140156493832
386.66536094194623,207.0,1.0,2.140262436273752,3.839071819428757,51.945125028790116,33.414834239066444,0.000805158315322808,0.02228082603529394,0.9769140156493832
406.8319794315681,207.0,1.0,2.135551396247172,3.790090688358362,1535.1774830608333,747.6156167759178,0.0008069025678345658,0.07273402839035543,0.92645906904181
405.645340721497,223.0,1.0,2.4457818107617024,4.397874756069634,1443.8941794701116,747.6156167759178,0.0008053644678616849,0.023952435707466205,0.975242199824672
405.5711955040224,207.0,1.0,2.140262436273752,3.839071819428757,1536.240715299813,747.6156167759178,0.000805158315322808,0.02228082603529394,0.9769140156493832
78.11272970776396,246.0,1.0,2.9035858849358083,5.7442220352711395,4798.701878494015,365.7221742948292,0.0008064779217756222,0.06484835152270646,0.9343451705555179
350.86188559713133,246.0,1.0,2.9035858849358083,5.7442220352711395,13619.093056115526,2853.6314765163115,0.0008064779217756222,0.06484835152270646,0.9343451705555179
199.5735388765154,246.0,1.0,2.9035858849358083,5.7442220352711395,33.909138415126,21.027836529832488,0.0008064779217756222,0.06484835152270646,0.9343451705555179
78.238836263233,246.0,1.0,2.9004819959030486,5.713010419294789,4800.773484009428,365.7221742948292,0.0008072893464394152,0.08855620856518887,0.9106365020883717
78.2822488100348,253.0,1.0,3.299465833770874,5.5551171262512735,3664.0715559069963,365.7221742948292,0.0008075920117721927,0.07430390293599105,0.9248885050522371
195.3288758128494,253.0,1.0,3.2943398425617185,5.516433593691046,30.815669950915346,21.027836529832488,0.0008088519761556795,0.10144873295446047,0.8977424150693838
353.9735419352723,253.0,1.0,3.2943398425617185,5.516433593691046,12252.463966029156,2853.6314765163115,0.0008088519761556795,0.10144873295446047,0.8977424150693838
2320.668402019073,253.0,1.0,3.299465833770874,5.5551171262512735,159.3549870748949,137.48517219501633,0.0008075920117721927,0.07430390293599105,0.9248885050522371
2287.1495936499,246.0,1.0,2.9004819959030486,5.713010419294789,161.5719666048612,137.48517219501633,0.0008072893464394152,0.08855620856518887,0.9106365020883717
2253.5038658381372,253.0,1.0,3.2943398425617185,5.516433593691046,156.6882455649115,137.48517219501633,0.0008088519761556795,0.10144873295446047,0.8977424150693838
252.38111051654164,192.0,0.0,1.8968701590723533,3.5014848926974076,30.41776894675798,6.8750448898485805,0.0008047474213158724,0.014744250788521113,0.9844510017901631
1038.9581096689153,192.0,0.0,1.8968701590723533,3.5014848926974076,87.95077835959242,4.379586036030718,0.0008047474213158724,0.014744250788521113,0.9844510017901631
480.39816955046024,192.0,0.0,1.8968701590723533,3.5014848926974076,112.88232539014403,246.46928211077113,0.0008047474213158724,0.014744250788521113,0.9844510017901631
252.13052681481085,192.0,0.0,1.8965860601443305,3.4979784915950782,29.893372315982887,6.8750448898485805,0.000804854999001023,0.019757955430967113,0.9794371895700319
250.90680104308473,239.0,1.0,2.981109830626882,5.8288679310023435,32.37754100233593,6.8750448898485805,0.000805714390707804,0.03714532967530174,0.9620489559339904
479.2602737279339,239.0,1.0,2.9793049139307124,5.811568814522347,115.93771030430614,246.46928211077113,0.0008061510673323519,0.049294594324872994,0.9498992546077947
1021.0947263080209,239.0,1.0,2.9793049139307124,5.811568814522347,89.58714591632413,4.379586036030718,0.0008061510673323519,0.049294594324872994,0.9498992546077947
1563.5958113732506,239.0,1.0,2.981109830626882,5.8288679310023435,378.2872795914815,689.2353178287234,0.000805714390707804,0.03714532967530174,0.9620489559339904
1567.5262405991502,192.0,0.0,1.8965860601443305,3.4979784915950782,349.05621671149873,689.2353178287234,0.000804854999001023,0.019757955430967113,0.9794371895700319
1560.8326460131323,239.0,1.0,2.9793049139307124,5.811568814522347,378.64861297867253,689.2353178287234,0.0008061510673323519,0.049294594324872994,0.9498992546077947
193.12413964836668,220.0,1.0,2.387488809820813,3.57891196868008,20015.625271531462,1634.904905472546,0.0008058669045974089,0.050932839590756916,0.9482612935046456
110.58960929345297,220.0,1.0,2.387488809820813,3.57891196868008,13905.730576944728,724.8667967889005,0.0008058669045974089,0.050932839590756916,0.9482612935046456
175.3086350765871,220.0,1.0,2.387488809820813,3.57891196868008,32003.83582251372,1808.8543102825488,0.0008058669045974089,0.050932839590756916,0.9482612935046456
192.90616692231336,220.0,1.0,2.3882755427032487,3.5863762787846496,20035.05191500721,1634.904905472546,0.0008056337792317198,0.0429540125341634,0.9562403536866048
193.64786342344797,233.0,1.0,2.5100729698277062,4.725530971340669,17976.419053909638,1634.904905472546,0.0008062617820367131,0.0734253833013096,0.9257683549166537
175.48129527916115,233.0,1.0,2.5113074937592383,4.738869260686921,28641.892192028747,1808.8543102825488,0.0008059622840873565,0.06210166507928471,0.9370923726366278
110.64737704243646,233.0,1.0,2.5113074937592383,4.738869260686921,12755.555023772371,724.8667967889005,0.0008059622840873565,0.06210166507928471,0.9370923726366278
100.08003830060744,233.0,1.0,2.5100729698277062,4.725530971340669,21066.699269368404,778.5387818703979,0.0008062617820367131,0.0734253833013096,0.9257683549166537
99.86988912244306,220.0,1.0,2.3882755427032487,3.5863762787846496,23104.651640197844,778.5387818703979,0.0008056337792317198,0.0429540125341634,0.9562403536866048
99.98622869396061,233.0,1.0,2.5113074937592383,4.738869260686921,21101.67583667774,778.5387818703979,0.0008059622840873565,0.06210166507928471,0.9370923726366278
687.8588882211766,211.0,1.0,2.2781451262577574,3.7669845554022583,40.01254749811366,206.88254436543787,0.0008062279118949299,0.04058780849296032,0.9586059635951448
292.766799687071,211.0,1.0,2.2781451262577574,3.7669845554022583,18.90520094816207,102.45208554512661,0.0008062279118949299,0.04058780849296032,0.9586059635951448
322.92478937760455,211.0,1.0,2.2781451262577574,3.7669845554022583,2444.3714202361703,863.3978637163863,0.0008062279118949299,0.04058780849296032,0.9586059635951448
687.2747403955808,211.0,1.0,2.277523364056461,3.7630923644085486,40.06289893000239,206.88254436543787,0.0008064325932887606,0.04506316806939056,0.9541303993373208
681.4631031511973,254.0,1.0,3.7495489047033366,8.53966650576138,131.65116191823554,206.88254436543787,0.0008076114490288578,0.10255492707972273,0.8966374614712483
325.0824054282411,254.0,1.0,3.747669080665245,8.518924248184504,1969.765408438254,863.3978637163863,0.00080797420087897,0.11307385518006484,0.8861181706190561
291.3745624061368,254.0,1.0,3.747669080665245,8.518924248184504,26.447129351160775,102.45208554512661,0.00080797420087897,0.11307385518006484,0.8861181706190561
166.65115251135515,254.0,1.0,3.7495489047033366,8.53966650576138,1142.581222429536,393.6846303903187,0.0008076114490288578,0.10255492707972273,0.8966374614712483
166.32752011560677,211.0,1.0,2.277523364056461,3.7630923644085486,1199.384855001817,393.6846303903187,0.0008064325932887606,0.04506316806939056,0.9541303993373208
166.74762706362333,254.0,1.0,3.747669080665245,8.518924248184504,1141.8674943260173,393.6846303903187,0.00080797420087897,0.11307385518006484,0.8861181706190561
2771.886643594863,224.0,1.0,2.60573524127698,5.247854204397312,3579.850731258614,3165.5374921817956,0.0008067224880308315,0.09426496904004066,0.9049283084719286
4348.488886160409,224.0,1.0,2.60573524127698,5.247854204397312,5610.005572363666,5029.096248720087,0.0008067224880308315,0.09426496904004066,0.9049283084719286
427.84816861092435,224.0,1.0,2.60573524127698,5.247854204397312,38.507901582254476,8.42184939211225,0.0008067224880308315,0.09426496904004066,0.9049283084719286
2771.510553784469,224.0,1.0,2.606626514706319,5.257799951736974,3580.5870590509435,3165.5374921817956,0.0008064894195472534,0.08544126662651025,0.9137522439539424
2770.6962062596795,197.0,0.0,1.9174248226755226,3.5663418630026538,3628.467722442191,3165.5374921817956,0.0008059807015018757,0.061006596197457325,0.938187423101041
432.8992916224135,197.0,0.0,1.9178694686444084,3.5714662262585386,47.2586932239364,8.42184939211225,0.0008058245011982703,0.05514935632974198,0.9440448191690597
4344.936104939686,197.0,0.0,1.9178694686444084,3.5714662262585386,5717.0308156891915,5029.096248720087,0.0008058245011982703,0.05514935632974198,0.9440448191690597
781.3831853192669,197.0,0.0,1.9174248226755226,3.5663418630026538,74.25585144959943,7.1445160102721985,0.0008059807015018757,0.061006596197457325,0.938187423101041
773.472873186972,224.0,1.0,2.606626514706319,5.257799951736974,54.27389168040408,7.1445160102721985,0.0008064894195472534,0.08544126662651025,0.9137522439539424
783.5701916359271,197.0,0.0,1.9178694686444084,3.5714662262585386,74.54061129802491,7.1445160102721985,0.0008058245011982703,0.05514935632974198,0.9440448191690597
364.1016236260088,233.0,1.0,2.262204603082803,3.8986252169560514,43.53713979044392,22.9088885166661,0.0008058932992833378,0.03415651127992584,0.9650375954207907
265.79949567243625,233.0,1.0,2.262204603082803,3.8986252169560514,35.48406489128047,18.02231087015168,0.0008058932992833378,0.03415651127992584,0.9650375954207907
365.8652283310347,233.0,1.0,2.262204603082803,3.8986252169560514,43.85025600034894,24.051442184667764,0.0008058932992833378,0.03415651127992584,0.9650375954207907
364.18235615842843,233.0,1.0,2.2622645908376304,3.899057170198348,43.58024281786541,22.9088885166661,0.0008058746572564062,0.033729559855713825,0.9654645654870299
363.5180240362092,245.0,1.0,2.6843632384937655,4.785588747424338,50.363300366435865,22.9088885166661,0.0008058475367079811,0.04214605795341679,0.9570480945098753
365.3521791017656,245.0,1.0,2.6844298088560796,4.786189481329341,50.58352393051812,24.051442184667764,0.000805829601124958,0.041629692836093184,0.9575644775627818
265.6213940944208,245.0,1.0,2.6844298088560796,4.786189481329341,40.74440324029996,18.02231087015168,0.000805829601124958,0.041629692836093184,0.9575644775627818
266.39451055841994,245.0,1.0,2.6843632384937655,4.785588747424338,40.90986335253224,18.95612570737254,0.0008058475367079811,0.04214605795341679,0.9570480945098753
266.68441931334047,233.0,1.0,2.2622645908376304,3.899057170198348,35.771138328336875,18.95612570737254,0.0008058746572564062,0.033729559855713825,0.9654645654870299
266.448228380435,245.0,1.0,2.6844298088560796,4.786189481329341,40.9124746980692,18.95612570737254,0.000805829601124958,0.041629692836093184,0.9575644775627818
185.7691699019185,229.0,1.0,2.4520095612430333,4.228307213878567,3768.277301341641,757.4840550965689,0.0008077979956048456,0.08416913583981231,0.915023066164583
184.83375091508012,229.0,1.0,2.4520095612430333,4.228307213878567,3749.267429998525,752.4564189864507,0.0008077979956048456,0.08416913583981231,0.915023066164583
1319.3577311098231,229.0,1.0,2.4520095612430333,4.228307213878567,2309.250010560556,1773.9798012714268,0.0008077979956048456,0.08416913583981231,0.915023066164583
185.1701329004332,230.0,1.0,2.455446147685587,4.253546263003795,3769.334428335374,757.4840550965689,0.0008067925406791689,0.06026406961959706,0.938929137839724
186.3376077230957,249.0,1.0,3.123519225437137,5.10564858744622,3523.305461549146,757.4840550965689,0.0008086343147512963,0.10817067360410433,0.8910206920811443
1318.945705706677,249.0,1.0,3.1283553215523137,5.143345484498963,2291.5135997344973,1773.9798012714268,0.0008073880044318819,0.07828178926933246,0.9209108227262357
184.63984888059528,249.0,1.0,3.1283553215523137,5.143345484498963,3515.319325801261,752.4564189864507,0.0008073880044318819,0.07828178926933246,0.9209108227262357
1313.2715661399907,249.0,1.0,3.123519225437137,5.10564858744622,2278.2185396648556,1763.4430971376503,0.0008086343147512963,0.10817067360410433,0.8910206920811443
1310.6403391190886,230.0,1.0,2.455446147685587,4.253546263003795,2297.205033511709,1763.4430971376503,0.0008067925406791689,0.06026406961959706,0.938929137839724
1311.5686344714745,249.0,1.0,3.1283553215523137,5.143345484498963,2278.7879218103285,1763.4430971376503,0.0008073880044318819,0.07828178926933246,0.9209108227262357
11006.44735302564,167.0,0.0,1.9382361728301765,2.686350666319268,9103.838434990976,9843.361062004013,0.0008051169197281465,0.013248404854701584,0.9859464782255701
14945.440311286755,167.0,0.0,1.9382361728301765,2.686350666319268,12313.022151555382,13290.727759730795,0.0008051169197281465,0.013248404854701584,0.9859464782255701
287.98440279910926,167.0,0.0,1.9382361728301765,2.686350666319268,15284.646571472058,2100.8825755249436,0.0008051169197281465,0.013248404854701584,0.9859464782255701
11002.93640537309,167.0,0.0,1.9364628523225886,2.678275563507221,9112.6356610242,9843.361062004013,0.000805852383740983,0.027441487111472193,0.9717526605047868
11004.620729474167,218.0,1.0,2.2546031287231334,3.6335971384279366,9122.436295657995,9843.361062004013,0.0008053240412991744,0.022076699692574378,0.9771179762661265
289.57203238134485,218.0,1.0,2.2517374351895585,3.6128026534112414,12797.62691141517,2100.8825755249436,0.0008062665023188843,0.04464523933040546,0.9545484941672756
14934.504184397025,218.0,1.0,2.2517374351895585,3.6128026534112414,12386.455003514093,13290.727759730795,0.0008062665023188843,0.04464523933040546,0.9545484941672756
377.99070989397785,218.0,1.0,2.2546031287231334,3.6335971384279366,16263.290516524388,3055.7113600280036,0.0008053240412991744,0.022076699692574378,0.9771179762661265
378.5645257105416,167.0,0.0,1.9364628523225886,2.678275563507221,20712.292406221513,3055.7113600280036,0.000805852383740983,0.027441487111472193,0.9717526605047868
379.74122851566926,218.0,1.0,2.2517374351895585,3.6128026534112414,16247.452466350269,3055.7113600280036,0.0008062665023188843,0.04464523933040546,0.9545484941672756
285.59767339196907,244.0,1.0,3.15371915205801,5.034997770272016,1198.2414192875754,555.5159724485245,0.000808427658309789,0.09638621974227274,0.9028053525994175
306.20232250638384,244.0,1.0,3.15371915205801,5.034997770272016,1281.8095210865263,600.637082966586,0.000808427658309789,0.09638621974227274,0.9028053525994175
283.5298882753831,244.0,1.0,3.15371915205801,5.034997770272016,21.394194568956344,40.336935498758294,0.000808427658309789,0.09638621974227274,0.9028053525994175
285.9158213738801,244.0,1.0,3.150628917486704,5.017024039225545,1197.9326944482375,555.5159724485245,0.0008091490855210691,0.112147847285398,0.8870430036290811
284.74805416657466,242.0,1.0,2.5703598636063627,4.778988720981834,1220.557108786025,555.5159724485245,0.0008063683926232304,0.06540892754088092,0.9337847040664957
285.5461514523127,242.0,1.0,2.5691037489119712,4.765943976538541,15.676921181287847,40.336935498758294,0.0008067223251977824,0.07656260591215931,0.9226306717626428
305.4387110674912,242.0,1.0,2.5691037489119712,4.765943976538541,1305.2701049792013,600.637082966586,0.0008067223251977824,0.07656260591215931,0.9226306717626428
314.18833499938523,242.0,1.0,2.5703598636063627,4.778988720981834,17.10316425572642,43.20648239129801,0.0008063683926232304,0.06540892754088092,0.9337847040664957
310.0325172898119,244.0,1.0,3.150628917486704,5.017024039225545,22.70765798466801,43.20648239129801,0.0008091490855210691,0.112147847285398,0.8870430036290811
313.5179812660168,242.0,1.0,2.5691037489119712,4.765943976538541,16.786792157437276,43.20648239129801,0.0008067223251977824,0.07656260591215931,0.9226306717626428
274.3774897420521,239.0,1.0,2.486291659034404,3.8401614188383966,8.278491763865327,61.24541956970821,0.0008067430265087646,0.0612240466361586,0.9379692103373328
413.1759119641527,239.0,1.0,2.486291659034404,3.8401614188383966,9.980361159115684,84.25925086061703,0.0008067430265087646,0.0612240466361586,0.9379692103373328
220.32269494546608,239.0,1.0,2.486291659034404,3.8401614188383966,34.55636261053113,7.506516799819069,0.0008067430265087646,0.0612240466361586,0.9379692103373328
275.3387005362085,239.0,1.0,2.489751522375309,3.8605398637377633,8.578084022596892,61.24541956970821,0.0008058348501400718,0.03789915697856617,0.9612950081712937
274.63940410014203,216.0,1.0,2.294795694839023,3.9180054693323876,1.09797889352583,61.24541956970821,0.0008064573139525491,0.06089818221651647,0.938295360469531
222.28362193891533,216.0,1.0,2.2972735461863243,3.9380826066430865,32.102302343116406,7.506516799819069,0.0008056564907963525,0.03753008008801825,0.9616642634211854
415.46360672098086,216.0,1.0,2.2972735461863243,3.9380826066430865,4.210529701633148,84.25925086061703,0.0008056564907963525,0.03753008008801825,0.9616642634211854
355.43542185490054,216.0,1.0,2.294795694839023,3.9180054693323876,44.76973561809681,11.598300001116762,0.0008064573139525491,0.06089818221651647,0.938295360469531
358.3014429851498,239.0,1.0,2.489751522375309,3.8605398637377633,48.557847111287444,11.598300001116762,0.0008058348501400718,0.03789915697856617,0.9612950081712937
358.8159649077501,216.0,1.0,2.2972735461863243,3.9380826066430865,45.636606931878944,11.598300001116762,0.0008056564907963525,0.03753008008801825,0.9616642634211854
2938.5303666638,223.0,1.0,2.5587738435084013,4.620557578172575,6081.665485456625,4672.1437433679785,0.0008061253476797111,0.05513934018352908,0.9440545344687911
1898.7061531642516,223.0,1.0,2.5587738435084013,4.620557578172575,3928.6723964779862,2917.713143867685,0.0008061253476797111,0.05513934018352908,0.9440545344687911
599.8604634353464,223.0,1.0,2.5587738435084013,4.620557578172575,7563.377892231971,2746.1493836808468,0.0008061253476797111,0.05513934018352908,0.9440545344687911
2947.2902700611303,223.0,1.0,2.55595929185349,4.587307248355993,6079.534615064524,4672.1437433679785,0.0008071657232952831,0.08658616506374382,0.9126066692129607
2945.6515799843255,245.0,1.0,3.0412154961690963,6.032725781749639,5475.055924876022,4672.1437433679785,0.0008067830685593036,0.08212084157449628,0.9170723753569443
609.6432718397857,244.0,1.0,3.0354166531184403,5.96594750714842,6338.238494406574,2746.1493836808468,0.0008082239290089838,0.12665466860217514,0.872537107468816
1909.063589685869,244.0,1.0,3.0354166531184403,5.96594750714842,3722.039886551304,2917.713143867685,0.0008082239290089838,0.12665466860217514,0.872537107468816
400.74659839744464,245.0,1.0,3.0412154961690963,6.032725781749639,4589.619344349674,1629.3305076665529,0.0008067830685593036,0.08212084157449628,0.9170723753569443
401.24550147733527,223.0,1.0,2.55595929185349,4.587307248355993,5136.4473084779065,1629.3305076665529,0.0008071657232952831,0.08658616506374382,0.9126066692129607
404.12249351585086,244.0,1.0,3.0354166531184403,5.96594750714842,4659.021635368326,1629.3305076665529,0.0008082239290089838,0.12665466860217514,0.872537107468816
654.103721318465,215.0,1.0,2.1463402610678255,3.7984010711953737,76.1410685305999,19.018081825106556,0.0008057791380746744,0.046203662177398706,0.9529905586845266
757.7188035103276,215.0,1.0,2.1463402610678255,3.7984010711953737,84.72170870855746,22.465169864501966,0.0008057791380746744,0.046203662177398706,0.9529905586845266
146.9149568891749,215.0,1.0,2.1463402610678255,3.7984010711953737,16059.355929589028,1063.15361797953,0.0008057791380746744,0.046203662177398706,0.9529905586845266
662.316683024661,216.0,1.0,2.1484856097712393,3.8195092642882393,76.11558296925999,19.018081825106556,0.0008050587740807726,0.021887742158107733,0.9773071990678116
654.5152793318427,204.0,1.0,2.052859327123391,3.1133193083945283,72.80344365206147,19.018081825106556,0.0008061288828024105,0.0412267090574652,0.9579671620597325
146.5303439157022,204.0,1.0,2.055177340635321,3.125957285720977,14881.49148258264,1063.15361797953,0.0008052167398351739,0.01931825292835781,0.979876530331807
768.2527794085173,204.0,1.0,2.055177340635321,3.125957285720977,82.63533267907306,22.465169864501966,0.0008052167398351739,0.01931825292835781,0.979876530331807
161.74205629897259,204.0,1.0,2.052859327123391,3.1133193083945283,16088.973169796627,1223.8047911838412,0.0008061288828024105,0.0412267090574652,0.9579671620597325
161.2095753325496,216.0,1.0,2.1484856097712393,3.8195092642882393,17195.057924273788,1223.8047911838412,0.0008050587740807726,0.021887742158107733,0.9773071990678116
161.2304094148962,204.0,1.0,2.055177340635321,3.125957285720977,16242.453358285185,1223.8047911838412,0.0008052167398351739,0.01931825292835781,0.979876530331807
79.90540423844726,219.0,1.0,2.0803142215339188,2.7670157372390434,12846.328887981743,562.4715063029703,0.0008055880963222634,0.01903037565219582,0.980164036251482
66.99350583700688,219.0,1.0,2.0803142215339188,2.7670157372390434,11096.861278324448,447.48221412759983,0.0008055880963222634,0.01903037565219582,0.980164036251482
1194.4244969587862,219.0,1.0,2.0803142215339188,2.7670157372390434,700.4869792221465,916.9603267064247,0.0008055880963222634,0.01903037565219582,0.980164036251482
80.1414138174046,218.0,1.0,2.07684173401119,2.7568297090369644,12784.351367655421,562.4715063029703,0.0008069436486996946,0.04091403504527144,0.9582790213060289
79.9359845279639,237.0,1.0,2.6272979081663035,4.305942524365686,12624.822343423677,562.4715063029703,0.0008057311913098513,0.033172473511232634,0.9660217952974576
1192.8415629799215,237.0,1.0,2.6229224103940307,4.265785328550835,696.1680866060511,916.9603267064247,0.0008072459022507185,0.06966657421828562,0.9295261798794637
67.21329343354708,237.0,1.0,2.6229224103940307,4.265785328550835,11102.87513135293,447.48221412759983,0.0008072459022507185,0.06966657421828562,0.9295261798794637
968.5141340761264,237.0,1.0,2.6272979081663035,4.305942524365686,565.248827984063,750.5164104047977,0.0008057311913098513,0.033172473511232634,0.9660217952974576
967.8684603283879,218.0,1.0,2.07684173401119,2.7568297090369644,574.2647494118752,750.5164104047977,0.0008069436486996946,0.04091403504527144,0.9582790213060289
967.6017771245299,237.0,1.0,2.6229224103940307,4.265785328550835,565.8303930858866,750.5164104047977,0.0008072459022507185,0.06966657421828562,0.9295261798794637
333.48983539293175,227.0,1.0,2.0893129334301714,3.748201272733508,8.327840183686773,48.254795053812295,0.0008056465697254556,0.03587414460332434,0.9633202088269502
982.7127239871561,227.0,1.0,2.0893129334301714,3.748201272733508,17.702839117064414,98.77042317546238,0.0008056465697254556,0.03587414460332434,0.9633202088269502
324.0773364562418,227.0,1.0,2.0893129334301714,3.748201272733508,14.03253390616706,36.77875005079314,0.0008056465697254556,0.03587414460332434,0.9633202088269502
334.75922750422507,227.0,1.0,2.09156825386017,3.7673710151419004,11.821195030466608,48.254795053812295,0.0008049907568342507,0.01665422246654146,0.9825407867766242
331.4643773190065,237.0,1.0,2.7520194166414305,5.243428167092192,21.236871007245593,48.254795053812295,0.0008068940147164519,0.06622519840545577,0.9329679075798277
324.4093214930303,237.0,1.0,2.756677225864163,5.287277266110849,26.94097209786209,36.77875005079314,0.0008055713244326414,0.031550074058041645,0.9676443546175257
984.582386613075,237.0,1.0,2.756677225864163,5.287277266110849,45.461184089752464,98.77042317546238,0.0008055713244326414,0.031550074058041645,0.9676443546175257
958.5190406467764,237.0,1.0,2.7520194166414305,5.243428167092192,58.114257683218696,72.22299674697821,0.0008068940147164519,0.06622519840545577,0.9329679075798277
977.1460591849028,227.0,1.0,2.09156825386017,3.7673710151419004,39.00338054525585,72.22299674697821,0.0008049907568342507,0.01665422246654146,0.9825407867766242
971.7729822715489,237.0,1.0,2.756677225864163,5.287277266110849,58.78549879564793,72.22299674697821,0.0008055713244326414,0.031550074058041645,0.9676443546175257
740.1219331567735,224.0,1.0,2.3469047661543594,3.51640586458109,2290.3385387469593,1336.642071388218,0.0008069432639688037,0.060452975860541526,0.9387400808754898
536.3306345201727,224.0,1.0,2.3469047661543594,3.51640586458109,1649.0097546828358,930.4935434106867,0.0008069432639688037,0.060452975860541526,0.9387400808754898
166.84862051079892,224.0,1.0,2.3469047661543594,3.51640586458109,8557.050988817771,1014.0045622730939,0.0008069432639688037,0.060452975860541526,0.9387400808754898
739.582353423182,224.0,1.0,2.347965145666647,3.5237133034491683,2290.068320432963,1336.642071388218,0.0008065897112187773,0.05230902894333617,0.9468843813454452
739.5331741574587,200.0,0.0,1.9654472118755033,3.1614494787654985,2407.276444269548,1336.642071388218,0.0008062684752802396,0.05366227263380046,0.9455314588909194
166.43015490120646,200.0,0.0,1.9660942646908932,3.166668839110252,10606.488308272537,1014.0045622730939,0.0008060094139602894,0.04637642879855366,0.952817561787486
535.6923316670839,200.0,0.0,1.9660942646908932,3.166668839110252,1722.8743981101557,930.4935434106867,0.0008060094139602894,0.04637642879855366,0.952817561787486
123.61395029625614,200.0,0.0,1.9654472118755033,3.1614494787654985,8084.816491128314,668.2019453500669,0.0008062684752802396,0.05366227263380046,0.9455314588909194
123.66449399814843,224.0,1.0,2.347965145666647,3.5237133034491683,6550.887086400522,668.2019453500669,0.0008065897112187773,0.05230902894333617,0.9468843813454452
123.51369523893086,200.0,0.0,1.9660942646908932,3.166668839110252,8089.997694667444,668.2019453500669,0.0008060094139602894,0.04637642879855366,0.952817561787486
1989.6067670460316,225.0,1.0,2.3407616618361873,3.7702663380703125,173.0046457014564,37.8058158765536,0.0008057303058022161,0.032465310589450284,0.9667289591047473
201.99832559590058,225.0,1.0,2.3407616618361873,3.7702663380703125,29.58004695081135,0.792698453046983,0.0008057303058022161,0.032465310589450284,0.9667289591047473
5084.689751010614,225.0,1.0,2.3407616618361873,3.7702663380703125,8139.770797341849,6735.237973719654,0.0008057303058022161,0.032465310589450284,0.9667289591047473
1988.2241164356096,225.0,1.0,2.3406382723131522,3.769363644204705,173.0473797612056,37.8058158765536,0.0008057731793294668,0.033513911869867394,0.9656803149508033
1946.4158305539418,253.0,1.0,3.442382827867412,6.424800886533839,221.79412779322263,37.8058158765536,0.0008066305825367425,0.06622558666542719,0.9329677827520361
5094.4333625574345,253.0,1.0,3.4421285407689894,6.421766638462465,7114.556405386467,6735.237973719654,0.0008067032825324827,0.0682909973314546,0.9309022993860129
200.6762353646653,253.0,1.0,3.4421285407689894,6.421766638462465,28.7747507950849,0.792698453046983,0.0008067032825324827,0.0682909973314546,0.9309022993860129
915.1988686277185,253.0,1.0,3.442382827867412,6.424800886533839,1397.9995554078553,1119.914054666894,0.0008066305825367425,0.06622558666542719,0.9329677827520361
914.8420927836157,225.0,1.0,2.3406382723131522,3.769363644204705,1408.7391444490145,1119.914054666894,0.0008057731793294668,0.033513911869867394,0.9656803149508033
915.2287839978385,253.0,1.0,3.4421285407689894,6.421766638462465,1397.945224259372,1119.914054666894,0.0008067032825324827,0.0682909973314546,0.9309022993860129
70.49439565662757,244.0,1.0,3.457456155994066,7.078093403690363,8115.9146055183965,429.2798493061814,0.0008081180661823098,0.10975371593611391,0.8894381659977038
168.69956346205373,244.0,1.0,3.457456155994066,7.078093403690363,13937.339572891646,1456.2043236925688,0.0008081180661823098,0.10975371593611391,0.8894381659977038
216.18567180821108,244.0,1.0,3.457456155994066,7.078093403690363,33.221710757002086,15.051633807936005,0.0008081180661823098,0.10975371593611391,0.8894381659977038
70.75486363065912,244.0,1.0,3.4505259866440374,6.998575980674299,8084.233582900543,429.2798493061814,0.0008098952852208823,0.1555359415661824,0.8436541631485968
70.3714988090345,235.0,1.0,2.7520977951967813,5.988579058752057,8888.601302267964,429.2798493061814,0.0008072825668275797,0.0879403303977682,0.9112523870354043
215.05984634731647,235.0,1.0,2.7477882765473485,5.932095777827868,33.34248950313155,15.051633807936005,0.0008086572606089578,0.12562310647964595,0.8735682362597451
169.0861058271981,235.0,1.0,2.7477882765473485,5.932095777827868,16154.583556077338,1456.2043236925688,0.0008086572606089578,0.12562310647964595,0.8735682362597451
890.4760623591516,235.0,1.0,2.7520977951967813,5.988579058752057,89.09929274041852,48.241994209119866,0.0008072825668275797,0.0879403303977682,0.9112523870354043
845.9627382172196,244.0,1.0,3.4505259866440374,6.998575980674299,10.492855578334769,48.241994209119866,0.0008098952852208823,0.1555359415661824,0.8436541631485968
865.9128228758159,235.0,1.0,2.7477882765473485,5.932095777827868,88.44189126876572,48.241994209119866,0.0008086572606089578,0.12562310647964595,0.8735682362597451
246.33033000257282,241.0,1.0,3.1879366070165243,5.818578929541089,36.399958188178694,12.378626115807922,0.0008092682423834065,0.12518509642504072,0.8740056353325759
613.2653175604314,241.0,1.0,3.1879366070165243,5.818578929541089,67.4252130268578,28.01609693513646,0.0008092682423834065,0.12518509642504072,0.8740056353325759
751.275733193427,241.0,1.0,3.1879366070165243,5.818578929541089,350.97497355637057,511.9787881656962,0.0008092682423834065,0.12518509642504072,0.8740056353325759
250.94513530306668,241.0,1.0,3.1952689259337372,5.881913288200298,36.78644623096884,12.378626115807922,0.0008072616765611186,0.0765614665305822,0.9226312717928565
246.44454829826591,252.0,1.0,3.4436030447493544,5.968153311482702,38.04493287394184,12.378626115807922,0.0008093399011204335,0.12479247132198683,0.8743981887768927
752.8716647870157,252.0,1.0,3.4516508796108187,6.055044590299084,343.58408729543345,511.9787881656962,0.0008073104083465163,0.07670286270369053,0.922489826887963
632.1918875330939,252.0,1.0,3.4516508796108187,6.055044590299084,61.549626214826674,28.01609693513646,0.0008073104083465163,0.07670286270369053,0.922489826887963
1505.5750988938132,252.0,1.0,3.4436030447493544,5.968153311482702,696.6699145921446,975.6598585095276,0.0008093399011204335,0.12479247132198683,0.8743981887768927
1510.931754453928,241.0,1.0,3.1952689259337372,5.881913288200298,699.188796231115,975.6598585095276,0.0008072616765611186,0.0765614665305822,0.9226312717928565
1510.9846479739813,252.0,1.0,3.4516508796108187,6.055044590299084,704.54981512997,975.6598585095276,0.0008073104083465163,0.07670286270369053,0.922489826887963
409.9757847310282,259.0,1.0,3.7339774333974303,7.622341908543702,4115.169232158322,1827.6171448255598,0.0008080249350187988,0.09710806248564803,0.9020839125793332
132.53073229137604,259.0,1.0,3.7339774333974303,7.622341908543702,1857.3971776377514,428.8117075284093,0.0008080249350187988,0.09710806248564803,0.9020839125793332
236.02320521321076,259.0,1.0,3.7339774333974303,7.622341908543702,13282.65205979976,2316.946951214399,0.0008080249350187988,0.09710806248564803,0.9020839125793332
414.59171395167505,259.0,1.0,3.7251984991247222,7.530372305628354,4109.964244683748,1827.6171448255598,0.0008102590137979116,0.1495814951127488,0.8496082458734533
406.30214230129906,237.0,1.0,2.672945319000587,4.652785719936959,6009.288817263004,1827.6171448255598,0.0008060042561682406,0.0503543446580874,0.9488396510857443
235.29481434054878,236.0,1.0,2.6693491057381142,4.618838065362311,20697.839558868567,2316.946951214399,0.0008069739834300366,0.07929565736822526,0.9198973686483446
132.27581845921026,236.0,1.0,2.6693491057381142,4.618838065362311,2275.133767768831,428.8117075284093,0.0008069739834300366,0.07929565736822526,0.9198973686483446
76.24754606081505,237.0,1.0,2.672945319000587,4.652785719936959,10202.981906243005,463.9283038175804,0.0008060042561682406,0.0503543446580874,0.9488396510857443
76.93786163772698,259.0,1.0,3.7251984991247222,7.530372305628354,7442.781657946536,463.9283038175804,0.0008102590137979116,0.1495814951127488,0.8496082458734533
76.41010661345261,236.0,1.0,2.6693491057381142,4.618838065362311,10132.343552517843,463.9283038175804,0.0008069739834300366,0.07929565736822526,0.9198973686483446
1747.753581603062,240.0,1.0,2.9878922770279654,5.340465251375532,998.5208672547542,1301.209597958595,0.0008078800700144049,0.09585529501491497,0.9033368249150706
1209.7794164071329,240.0,1.0,2.9878922770279654,5.340465251375532,688.9175728136097,918.3379651054149,0.0008078800700144049,0.09585529501491497,0.9033368249150706
248.92409160756407,240.0,1.0,2.9878922770279654,5.340465251375532,2756.2042600167892,783.4827300351283,0.0008078800700144049,0.09585529501491497,0.9033368249150706
1751.753751321036,240.0,1.0,2.9958345672201325,5.4136800261473255,997.9162655663457,1301.209597958595,0.0008059575425062886,0.044420998884962086,0.9547730435725316
1751.8122760642957,215.0,0.0,1.9657799048285596,3.556196574552917,979.5395415236183,1301.209597958595,0.0008056551814037274,0.04563299312463051,0.9535613516939657
246.6621644478115,215.0,0.0,1.9684312527923513,3.5755688207053624,3236.6437273923725,783.4827300351283,0.0008049689988929863,0.020446392389994357,0.9787486386111126
1212.7903302493878,215.0,0.0,1.9684312527923513,3.5755688207053624,678.820660625338,918.3379651054149,0.0008049689988929863,0.020446392389994357,0.9787486386111126
181.28238312829305,215.0,0.0,1.9657799048285596,3.556196574552917,2410.4130254399506,532.8174072541149,0.0008056551814037274,0.04563299312463051,0.9535613516939657
181.34855369139936,240.0,1.0,2.9958345672201325,5.4136800261473255,2104.3221338634144,532.8174072541149,0.0008059575425062886,0.044420998884962086,0.9547730435725316
180.9400326806772,215.0,0.0,1.9684312527923513,3.5755688207053624,2420.1068291251227,532.8174072541149,0.0008049689988929863,0.020446392389994357,0.9787486386111126
273.23852440453396,207.0,1.0,2.0240481896484077,3.4256786354885365,1816.8494641582133,645.3685933047677,0.0008050485173709607,0.017890763063074598,0.9813041884195545
738.9267703567156,207.0,1.0,2.0240481896484077,3.4256786354885365,5192.045972725562,2153.706898860065,0.0008050485173709607,0.017890763063074598,0.9813041884195545
364.18837001968177,207.0,1.0,2.0240481896484077,3.4256786354885365,48.75753283607739,6.160497331243379,0.0008050485173709607,0.017890763063074598,0.9813041884195545
273.76058688520396,207.0,1.0,2.02193392850725,3.407029851827168,1812.4055716184607,645.3685933047677,0.0008058843312120474,0.04153006610693752,0.9576640495618503
273.52518137594996,246.0,1.0,2.75375715455381,5.550961158223929,1728.8326653229171,645.3685933047677,0.0008054266187706519,0.03324968899373626,0.965944884387493
356.4452120871027,245.0,1.0,2.7477238405383346,5.48812001127972,39.53528514165699,6.160497331243379,0.0008067940813580174,0.07612289088709048,0.9230703150315516
746.1181101077273,245.0,1.0,2.7477238405383346,5.48812001127972,4378.506821452809,2153.706898860065,0.0008067940813580174,0.07612289088709048,0.9230703150315516
1545.2278065803882,246.0,1.0,2.75375715455381,5.550961158223929,116.4893733274782,40.97482503863672,0.0008054266187706519,0.03324968899373626,0.965944884387493
1536.5023560209063,207.0,1.0,2.02193392850725,3.407029851827168,146.95387171829057,40.97482503863672,0.0008058843312120474,0.04153006610693752,0.9576640495618503
1500.8394861550169,245.0,1.0,2.7477238405383346,5.48812001127972,110.13021968672878,40.97482503863672,0.0008067940813580174,0.07612289088709048,0.9230703150315516
443.66210244215785,220.0,1.0,2.1187424807565023,3.749407463936318,34.244966766640495,23.42121948041995,0.0008073292065604304,0.05465450163866995,0.9445381691547695
396.3564461078886,220.0,1.0,2.1187424807565023,3.749407463936318,31.59435398756584,22.079000815901956,0.0008073292065604304,0.05465450163866995,0.9445381691547695
484.8460132447774,220.0,1.0,2.1187424807565023,3.749407463936318,53.502343740918874,37.63259518649686,0.0008073292065604304,0.05465450163866995,0.9445381691547695
445.2306008708534,220.0,1.0,2.119928456990871,3.757694904006892,34.96114194934597,23.42121948041995,0.0008068024855264904,0.04497916586061447,0.9542140316538591
439.03455703748193,246.0,1.0,3.0151136729001884,5.300158960858862,44.37893295480019,23.42121948041995,0.0008077661859442273,0.09176235189685382,0.907429881917202
479.54783961145836,246.0,1.0,3.0173971399594035,5.321409198867569,61.19626238327639,37.63259518649686,0.0008071632644914424,0.07626067788097247,0.9229321588545361
394.55035415176064,246.0,1.0,3.0173971399594035,5.321409198867569,41.08145365411613,22.079000815901956,0.0008071632644914424,0.07626067788097247,0.9229321588545361
416.6379995997414,246.0,1.0,3.0151136729001884,5.300158960858862,56.14656568833946,34.21024812243066,0.0008077661859442273,0.09176235189685382,0.907429881917202
427.650305587963,220.0,1.0,2.119928456990871,3.757694904006892,49.908260037148196,34.21024812243066,0.0008068024855264904,0.04497916586061447,0.9542140316538591
420.72334557805243,246.0,1.0,3.0173971399594035,5.321409198867569,56.150007100962675,34.21024812243066,0.0008071632644914424,0.07626067788097247,0.9229321588545361
140.94271694232157,203.0,1.0,2.016078264446887,2.7579411386045267,11681.939601563901,894.7903265717266,0.0008052105524734951,0.018082449989080165,0.9811123394584463
269.24590441966626,203.0,1.0,2.016078264446887,2.7579411386045267,21504.220937188933,2284.424328149146,0.0008052105524734951,0.018082449989080165,0.9811123394584463
637.7135253824907,203.0,1.0,2.016078264446887,2.7579411386045267,2143.055049210611,1155.7603885928984,0.0008052105524734951,0.018082449989080165,0.9811123394584463
141.48912238749915,203.0,1.0,2.0130770641831477,2.7437075015705585,11673.947825369458,894.7903265717266,0.000806421600483663,0.0454452865231694,0.9537482918763467
141.05739751033101,237.0,1.0,2.6943874712241644,4.288113322542736,9990.823191938925,894.7903265717266,0.0008053645928249529,0.029504941584919515,0.9696896938222556
640.1820412300002,237.0,1.0,2.689892071398182,4.241272451002714,2030.5076168756468,1155.7603885928984,0.0008068177525664663,0.07273912418571149,0.9264540580617222
271.71673678098205,237.0,1.0,2.689892071398182,4.241272451002714,15836.768693010397,2284.424328149146,0.0008068177525664663,0.07273912418571149,0.9264540580617222
1274.5238598192877,237.0,1.0,2.6943874712241644,4.288113322542736,4001.982288066125,2534.443688946764,0.0008053645928249529,0.029504941584919515,0.9696896938222556
1277.4343119014327,203.0,1.0,2.0130770641831477,2.7437075015705585,4419.5752692306505,2534.443688946764,0.000806421600483663,0.0454452865231694,0.9537482918763467
1281.1312883887495,237.0,1.0,2.689892071398182,4.241272451002714,4003.3969975583977,2534.443688946764,0.0008068177525664663,0.07273912418571149,0.9264540580617222
999.9925303779521,259.0,1.0,3.4589135286982833,6.454822901026842,187.72354194299027,186.96835492372873,0.0008100906811786366,0.14829989300591837,0.8508900163129031
696.5276991464134,259.0,1.0,3.4589135286982833,6.454822901026842,91.80626814313861,143.1866298955751,0.0008100906811786366,0.14829989300591837,0.8508900163129031
265.441912567395,259.0,1.0,3.4589135286982833,6.454822901026842,4863.365497535466,1373.0115441428416,0.0008100906811786366,0.14829989300591837,0.8508900163129031
1025.8107533767825,259.0,1.0,3.4728763806200877,6.600980983857713,176.91911154031686,186.96835492372873,0.0008068458148374244,0.06833027274828174,0.9308628814368809
1021.8739813661388,220.0,1.0,2.4575548354926458,4.0914138763813765,15.525496353005034,186.96835492372873,0.0008076702508888977,0.07836981916523757,0.9208225105838733
260.14640945501884,220.0,1.0,2.4633336116741535,4.1373436278492015,7621.366723519441,1373.0115441428416,0.0008058012730957825,0.03442465597901252,0.9647695427478915
717.2903101116628,220.0,1.0,2.4633336116741535,4.1373436278492015,9.050983012403405,143.1866298955751,0.0008058012730957825,0.03442465597901252,0.9647695427478915
199.4106752152436,220.0,1.0,2.4575548354926458,4.0914138763813765,5736.861254244269,943.8514011535673,0.0008076702508888977,0.07836981916523757,0.9208225105838733
198.9663779997883,259.0,1.0,3.4728763806200877,6.600980983857713,4037.792848519353,943.8514011535673,0.0008068458148374244,0.06833027274828174,0.9308628814368809
198.1062224671319,220.0,1.0,2.4633336116741535,4.1373436278492015,5748.978903277212,943.8514011535673,0.0008058012730957825,0.03442465597901252,0.9647695427478915
727.6489247623391,220.0,1.0,2.1288545835944306,4.274018497000308,1408.520280825875,970.8855845757514,0.0008053047032267566,0.03805258897239791,0.9611421063243754
661.7997210246334,220.0,1.0,2.1288545835944306,4.274018497000308,1284.2974563504395,879.0351054990591,0.0008053047032267566,0.03805258897239791,0.9611421063243754
310.94131237616494,220.0,1.0,2.1288545835944306,4.274018497000308,2.8793057571365654,80.70052646852706,0.0008053047032267566,0.03805258897239791,0.9611421063243754
727.8680898401356,220.0,1.0,2.1275398398389056,4.259097987153346,1407.4511563614099,970.8855845757514,0.0008056572721875609,0.05274236119093707,0.9464519815368754
727.7519757134011,230.0,1.0,2.605522807237317,4.009741025171921,1387.0472759248594,970.8855845757514,0.0008055391616274792,0.03833780711849461,0.9608566537198779
310.1726493320483,230.0,1.0,2.6038390511227427,3.994639167159588,3.2970436095165834,80.70052646852706,0.0008059830486031637,0.05305272470438311,0.9461412922470138
662.0995377529546,230.0,1.0,2.6038390511227427,3.994639167159588,1263.941762975347,879.0351054990591,0.0008059830486031637,0.05305272470438311,0.9461412922470138
276.8308907949067,230.0,1.0,2.605522807237317,4.009741025171921,3.642352604229208,73.41268042156015,0.0008055391616274792,0.03833780711849461,0.9608566537198779
276.6133625091181,220.0,1.0,2.1275398398389056,4.259097987153346,2.8213645280739823,73.41268042156015,0.0008056572721875609,0.05274236119093707,0.9464519815368754
276.3781763632253,230.0,1.0,2.6038390511227427,3.994639167159588,3.534261643611729,73.41268042156015,0.0008059830486031637,0.05305272470438311,0.9461412922470138
347.08429939151483,211.0,0.0,1.9390787078487908,3.6998061631763557,69.44781217992426,157.56626880890786,0.0008051763096024361,0.02257046550746364,0.9766243581829338
437.22240686300955,211.0,0.0,1.9390787078487908,3.6998061631763557,87.28244812758658,193.13611498912894,0.0008051763096024361,0.02257046550746364,0.9766243581829338
205.28993527215968,211.0,0.0,1.9390787078487908,3.6998061631763557,17.751835936854782,11.954972318346833,0.0008051763096024361,0.02257046550746364,0.9766243581829338
347.13701992416156,211.0,0.0,1.939352889898639,3.701531476642369,68.81040400009317,157.56626880890786,0.000805094875875926,0.02012070232750202,0.979074202796622
346.77319983427697,230.0,1.0,2.523230237671552,4.507979159971125,53.027110496196755,157.56626880890786,0.0008056849814356294,0.034970134290232185,0.9642241807283324
204.92172073743225,230.0,1.0,2.523700819017903,4.512538638380911,27.27867626187721,11.954972318346833,0.0008055499593559965,0.03129142944356344,0.9679030205970806
436.8906060524496,230.0,1.0,2.523700819017903,4.512538638380911,66.99766895696523,193.13611498912894,0.0008055499593559965,0.03129142944356344,0.9679030205970806
267.9920311745685,230.0,1.0,2.523230237671552,4.507979159971125,33.218607569919335,14.26705955366933,0.0008056849814356294,0.034970134290232185,0.9642241807283324
268.93362715547727,211.0,0.0,1.939352889898639,3.701531476642369,21.696092136252258,14.26705955366933,0.000805094875875926,0.02012070232750202,0.979074202796622
268.22172299730767,230.0,1.0,2.523700819017903,4.512538638380911,33.22699091334606,14.26705955366933,0.0008055499593559965,0.03129142944356344,0.9679030205970806
538.3839936593191,230.0,1.0,2.2635195740724505,4.732506992926768,7439.260090418382,2346.5890483558887,0.0008062935274650027,0.0622975882476607,0.9368961182248742
217.40929021870093,230.0,1.0,2.2635195740724505,4.732506992926768,3035.735647452295,728.451931983802,0.0008062935274650027,0.0622975882476607,0.9368961182248742
856.656286676211,230.0,1.0,2.2635195740724505,4.732506992926768,5282.734681796337,2477.0029687763727,0.0008062935274650027,0.0622975882476607,0.9368961182248742
539.4334475450407,230.0,1.0,2.262317765322152,4.721130436787606,7460.762264138648,2346.5890483558887,0.0008065844481298296,0.07146026027359981,0.9277331552782703
540.2640334768225,236.0,1.0,2.7956979030327727,5.21501689113284,6438.574466930508,2346.5890483558887,0.0008073669565587838,0.07752490930770717,0.921667723735734
860.9644505855817,236.0,1.0,2.7938515035767053,5.199266927941219,4828.383062305207,2477.0029687763727,0.0008078194309457629,0.08860725150242017,0.9105849290666341
218.25467644869917,236.0,1.0,2.7938515035767053,5.199266927941219,2793.9962795668025,728.451931983802,0.0008078194309457629,0.08860725150242017,0.9105849290666341
338.70941716835443,236.0,1.0,2.7956979030327727,5.21501689113284,1956.3814014132972,808.436274619519,0.0008073669565587838,0.07752490930770717,0.921667723735734
338.31287188948,230.0,1.0,2.262317765322152,4.721130436787606,2042.0658016691027,808.436274619519,0.0008065844481298296,0.07146026027359981,0.9277331552782703
339.1034245488569,236.0,1.0,2.7938515035767053,5.199266927941219,1955.7203963239037,808.436274619519,0.0008078194309457629,0.08860725150242017,0.9105849290666341
1024.659568428885,220.0,1.0,2.4956577193128364,4.997643998413205,98.49079709999563,65.88960580710301,0.0008059711257959477,0.05881342827502796,0.9403806005991762
2684.2686505305355,220.0,1.0,2.4956577193128364,4.997643998413205,208.90479637306663,152.06134010688072,0.0008059711257959477,0.05881342827502796,0.9403806005991762
157.08382141923516,220.0,1.0,2.4956577193128364,4.997643998413205,28761.52185416608,1666.698201083989,0.0008059711257959477,0.05881342827502796,0.9403806005991762
1031.137803587178,220.0,1.0,2.4963398346397536,5.005816417290366,98.80097000995858,65.88960580710301,0.0008057548553728925,0.05090585553133733,0.94828838961329
1006.5178356118392,249.0,1.0,3.053875409602025,5.880039986308287,91.60489629569733,65.88960580710301,0.00080743028205243,0.07926296697185285,0.9199296027460946
157.4094672135853,249.0,1.0,3.05543650568168,5.896795345275528,23498.65170543828,1666.698201083989,0.0008070096426143407,0.06879733189991455,0.9303956584574711
2658.7102892300886,249.0,1.0,3.05543650568168,5.896795345275528,182.494419681093,152.06134010688072,0.0008070096426143407,0.06879733189991455,0.9303956584574711
308.62422263927544,249.0,1.0,3.053875409602025,5.880039986308287,35840.232064619195,4553.184787343747,0.00080743028205243,0.07926296697185285,0.9199296027460946
307.0855840364251,220.0,1.0,2.4963398346397536,5.005816417290366,44801.184060701766,4553.184787343747,0.0008057548553728925,0.05090585553133733,0.94828838961329
308.08209038721924,249.0,1.0,3.05543650568168,5.896795345275528,35836.70206839166,4553.184787343747,0.0008070096426143407,0.06879733189991455,0.9303956584574711
116.37842928649715,228.0,1.0,2.496868495172056,4.583697512232656,4005.202863198833,524.0950761543544,0.0008078815991897171,0.08123528465118147,0.9179568337496288
110.49046631977112,228.0,1.0,2.496868495172056,4.583697512232656,3817.7069537328402,490.4577995007468,0.0008078815991897171,0.08123528465118147,0.9179568337496288
510.7949760268436,228.0,1.0,2.496868495172056,4.583697512232656,89.26583647465591,220.91739494620543,0.0008078815991897171,0.08123528465118147,0.9179568337496288
116.55876905276041,228.0,1.0,2.4949425512401455,4.567320446713255,4003.465480516848,524.0950761543544,0.0008084991586833759,0.09469266895376802,0.9044988318875486
115.65974947789653,198.0,0.0,1.9857490102824578,3.3436268129695943,7262.386679726689,524.0950761543544,0.0008050144067050103,0.04173913947862696,0.9574558461146682
513.2155117401929,198.0,0.0,1.9852815034219096,3.3371709495384883,77.2910374195291,220.91739494620543,0.0008051283814789253,0.049125153699147585,0.9500697179193734
109.86823127851875,198.0,0.0,1.9852815034219096,3.3371709495384883,6922.445815425232,490.4577995007468,0.0008051283814789253,0.049125153699147585,0.9500697179193734
480.2732990038644,198.0,0.0,1.9857490102824578,3.3436268129695943,71.34856428171898,208.51481347763638,0.0008050144067050103,0.04173913947862696,0.9574558461146682
477.12593381014074,228.0,1.0,2.4949425512401455,4.567320446713255,84.00949422036064,208.51481347763638,0.0008084991586833759,0.09469266895376802,0.9044988318875486
480.01641582337595,198.0,0.0,1.9852815034219096,3.3371709495384883,72.07586429863969,208.51481347763638,0.0008051283814789253,0.049125153699147585,0.9500697179193734
360.10925038012294,254.0,1.0,4.184076011704139,9.038222795610722,17.590134425954552,30.979537406333854,0.0008065157895053032,0.07538074417270178,0.9238127400377929
882.3370974458355,254.0,1.0,4.184076011704139,9.038222795610722,78.70729573504228,60.47147441907472,0.0008065157895053032,0.07538074417270178,0.9238127400377929
295.3045112263097,254.0,1.0,4.184076011704139,9.038222795610722,1335.0700421494196,639.7456193167374,0.0008065157895053032,0.07538074417270178,0.9238127400377929
343.2715332842294,254.0,1.0,4.168317460736281,8.845607537793825,4.29207664025936,30.979537406333854,0.00080928421932967,0.16102816893678526,0.8381625468438851
370.1666418514952,210.0,1.0,2.1386029756957377,3.699540881645073,49.49326306021175,30.979537406333854,0.0008050392353437477,0.019610212300144123,0.979584748464512
294.79355365435856,210.0,1.0,2.1363671432352023,3.676379929827347,1638.4411988684058,639.7456193167374,0.0008058400190766095,0.04469448311199975,0.9544996768689238
902.6156743048931,210.0,1.0,2.1363671432352023,3.676379929827347,89.89228099521485,60.47147441907472,0.0008058400190766095,0.04469448311199975,0.9544996768689238
509.31747870191543,210.0,1.0,2.1386029756957377,3.699540881645073,2852.956864986719,1225.4317082037674,0.0008050392353437477,0.019610212300144123,0.979584748464512
517.7312483780597,254.0,1.0,4.168317460736281,8.845607537793825,1976.9757872391406,1225.4317082037674,0.00080928421932967,0.16102816893678526,0.8381625468438851
510.7181019363725,210.0,1.0,2.1363671432352023,3.676379929827347,2857.082061427259,1225.4317082037674,0.0008058400190766095,0.04469448311199975,0.9544996768689238
203.79195445965576,237.0,1.0,2.8353412000363534,5.820795816245684,8572.237590633233,1185.9220127562105,0.0008071197045992256,0.10030615660827762,0.898886723687123
81.80820378848343,237.0,1.0,2.8353412000363534,5.820795816245684,4709.549146119796,355.95158417595724,0.0008071197045992256,0.10030615660827762,0.898886723687123
770.5466102299681,237.0,1.0,2.8353412000363534,5.820795816245684,57.507443658358135,34.930972824697456,0.0008071197045992256,0.10030615660827762,0.898886723687123
202.0703121391296,237.0,1.0,2.843602090755223,5.909841844779931,8580.618641453484,1185.9220127562105,0.0008054709045478253,0.04097045526067651,0.9582240738347755
203.89026070326008,236.0,1.0,2.843120888837483,5.431928511829677,7325.335795103198,1185.9220127562105,0.0008083802338212405,0.0917893723585693,0.9074022474076096
790.6525742483841,236.0,1.0,2.8514398883079775,5.5040604608271275,58.10937859914037,34.930972824697456,0.0008059592292969844,0.037080762846972884,0.9621132779237301
81.60962922156023,236.0,1.0,2.8514398883079775,5.5040604608271275,3441.585744770849,355.95158417595724,0.0008059592292969844,0.037080762846972884,0.9621132779237301
204.12899238265007,236.0,1.0,2.843120888837483,5.431928511829677,22.56392844058068,16.385396925945606,0.0008083802338212405,0.0917893723585693,0.9074022474076096
206.5982733757878,237.0,1.0,2.843602090755223,5.909841844779931,24.540341969336957,16.385396925945606,0.0008054709045478253,0.04097045526067651,0.9582240738347755
206.39280613482327,236.0,1.0,2.8514398883079775,5.5040604608271275,23.22384166128333,16.385396925945606,0.0008059592292969844,0.037080762846972884,0.9621132779237301
2687.2974102872176,201.0,1.0,2.012151522045232,3.413849207281193,855.9146145217524,1415.4840098887562,0.0008051969068111491,0.0262357491044742,0.9729590539887147
949.8800146928663,201.0,1.0,2.012151522045232,3.413849207281193,311.7444787062517,557.6199845161614,0.0008051969068111491,0.0262357491044742,0.9729590539887147
2834.7171160131365,201.0,1.0,2.012151522045232,3.413849207281193,984.8574072319138,1564.0700353967247,0.0008051969068111491,0.0262357491044742,0.9729590539887147
2678.334290381322,201.0,1.0,2.010029442040772,3.393449845885588,853.5474767846689,1415.4840098887562,0.0008060040700649932,0.05281152332696788,0.946382472602967
2679.396406158936,241.0,1.0,2.7525256655171124,4.7054040547553235,975.0122293932839,1415.4840098887562,0.0008065143171082454,0.048389501438081316,0.9508039842448103
2809.771832543842,241.0,1.0,2.7442601136484712,4.651100445151584,1109.651267708914,1564.0700353967247,0.0008087399406978471,0.09653633820638718,0.902654921852915
944.2632899706357,241.0,1.0,2.7442601136484712,4.651100445151584,364.0612629606701,557.6199845161614,0.0008087399406978471,0.09653633820638718,0.902654921852915
1004.5917533030429,241.0,1.0,2.7525256655171124,4.7054040547553235,410.2973910202686,614.1320193034177,0.0008065143171082454,0.048389501438081316,0.9508039842448103
1004.7527599629407,201.0,1.0,2.010029442040772,3.393449845885588,360.2637306663837,614.1320193034177,0.0008060040700649932,0.05281152332696788,0.946382472602967
1000.9164787948744,241.0,1.0,2.7442601136484712,4.651100445151584,413.74834843603895,614.1320193034177,0.0008087399406978471,0.09653633820638718,0.902654921852915
156.81959885220132,231.0,1.0,2.5314783227974513,4.618390634036696,1304.7328276726696,392.57384420132195,0.0008076819515582786,0.09140282813444264,0.9077894899139991
486.2741655262744,231.0,1.0,2.5314783227974513,4.618390634036696,3979.927525858274,1551.5179899916834,0.0008076819515582786,0.09140282813444264,0.9077894899139991
66.26993721902278,231.0,1.0,2.5314783227974513,4.618390634036696,8798.411173085493,400.65466576218114,0.0008076819515582786,0.09140282813444264,0.9077894899139991
156.36901948246862,232.0,1.0,2.537228978681652,4.674603971871199,1308.4284068753893,392.57384420132195,0.0008059831660987828,0.045426733347823586,0.9537672834860778
156.9034481405713,251.0,1.0,2.706069505144286,4.856665250207238,1349.3199610521774,392.57384420132195,0.0008080167773311861,0.0964835963001296,0.9027083869225392
66.06929842333659,251.0,1.0,2.7129304756695705,4.918448407009952,9668.67299203913,400.65466576218114,0.0008061447185284162,0.04818124105037646,0.9510126142310952
482.8491828977758,251.0,1.0,2.7129304756695705,4.918448407009952,3847.8951320432534,1551.5179899916834,0.0008061447185284162,0.04818124105037646,0.9510126142310952
201.12114840589027,251.0,1.0,2.706069505144286,4.856665250207238,19413.965882496144,1910.3308070671924,0.0008080167773311861,0.0964835963001296,0.9027083869225392
199.5067486285098,232.0,1.0,2.537228978681652,4.674603971871199,20031.163138202595,1910.3308070671924,0.0008059831660987828,0.045426733347823586,0.9537672834860778
199.61055933790732,251.0,1.0,2.7129304756695705,4.918448407009952,19365.38454492111,1910.3308070671924,0.0008061447185284162,0.04818124105037646,0.9510126142310952
361.2529180434769,242.0,1.0,2.804144117373305,4.660519335483645,48.67636294207666,142.61477324134182,0.0008072733206802012,0.07048695354519313,0.9287057731341267
2043.3354875403134,242.0,1.0,2.804144117373305,4.660519335483645,258.5474744127336,595.9416722395772,0.0008072733206802012,0.07048695354519313,0.9287057731341267
439.84028426597774,242.0,1.0,2.804144117373305,4.660519335483645,1079.497057118806,677.5241988700687,0.0008072733206802012,0.07048695354519313,0.9287057731341267
360.8513807430958,242.0,1.0,2.802658335211342,4.6522480409654206,48.99199306298359,142.61477324134182,0.0008077456888876638,0.08145715980741888,0.9177350945036935
359.55135204061014,255.0,1.0,3.9667736041676656,8.63760740540174,48.814566811974835,142.61477324134182,0.0008089881999060084,0.14404044495991827,0.8551505668401758
440.9995845766016,255.0,1.0,3.9630920667039113,8.588817975565298,1102.1378468917258,677.5241988700687,0.0008097433431856577,0.16428373461712792,0.8349065220396864
1994.0396746099038,255.0,1.0,3.9630920667039113,8.588817975565298,917.6928320972403,595.9416722395772,0.0008097433431856577,0.16428373461712792,0.8349065220396864
1919.7755003340471,255.0,1.0,3.9667736041676656,8.63760740540174,3716.6196076988476,3397.4929420921067,0.0008089881999060084,0.14404044495991827,0.8551505668401758
1906.8171668743985,242.0,1.0,2.802658335211342,4.6522480409654206,4742.929043389304,3397.4929420921067,0.0008077456888876638,0.08145715980741888,0.9177350945036935
1924.676712110875,255.0,1.0,3.9630920667039113,8.588817975565298,3711.0417216986416,3397.4929420921067,0.0008097433431856577,0.16428373461712792,0.8349065220396864
72266.21935369598,244.0,1.0,3.0084946601633837,6.080344513853187,73724.7775549221,73167.81579677155,0.000806363655766914,0.04854259212997123,0.9506510442142619
29783.90126540911,244.0,1.0,3.0084946601633837,6.080344513853187,30382.609437849078,30095.13773039267,0.000806363655766914,0.04854259212997123,0.9506510442142619
1257.1520750944244,244.0,1.0,3.0084946601633837,6.080344513853187,104.22687563790407,75.79353748148725,0.000806363655766914,0.04854259212997123,0.9506510442142619
72270.8989977689,244.0,1.0,3.003920104437398,6.039891019881638,73721.23407027333,73167.81579677155,0.0008075620864542845,0.0768185499537253,0.9223738879598206
72261.5911983326,191.0,0.0,1.9001447786999641,2.8546485580818164,73881.12510315223,73167.81579677155,0.0008051565920655144,0.017961059260282432,0.9812337841476519
1275.9449207267912,191.0,0.0,1.898925558651944,2.8476613798808867,116.4237107237183,75.79353748148725,0.0008056051911881227,0.02897137953459293,0.9702230152742191
29783.30592310879,191.0,0.0,1.898925558651944,2.8476613798808867,30413.44010701648,30095.13773039267,0.0008056051911881227,0.02897137953459293,0.9702230152742191
356.7745693068672,191.0,0.0,1.9001447786999641,2.8546485580818164,48.2284988699927,27.92661060537937,0.0008051565920655144,0.017961059260282432,0.9812337841476519
346.25849517707144,244.0,1.0,3.003920104437398,6.039891019881638,45.27317375021801,27.92661060537937,0.0008075620864542845,0.0768185499537253,0.9223738879598206
354.5666725669467,191.0,0.0,1.898925558651944,2.8476613798808867,47.76509881874939,27.92661060537937,0.0008056051911881227,0.02897137953459293,0.9702230152742191
589.4238050314606,243.0,1.0,2.948383186204245,5.004634530412265,57.12272409197144,13.173347968165965,0.0008077843464417649,0.09469400581453916,0.904498209839019
239.6596786462667,243.0,1.0,2.948383186204245,5.004634530412265,30.30027845097758,9.423878224181689,0.0008077843464417649,0.09469400581453916,0.904498209839019
800.9647574250091,243.0,1.0,2.948383186204245,5.004634530412265,99.23105422301954,277.29288866534785,0.0008077843464417649,0.09469400581453916,0.904498209839019
595.1897365805746,243.0,1.0,2.95214548056389,5.032771029534335,57.27707484518527,13.173347968165965,0.0008069645048829697,0.07298398295989576,0.9262090525352212
589.540500762749,238.0,1.0,2.986428195213656,5.518322959023022,55.93865948324653,13.173347968165965,0.000807787091751392,0.09925374624894799,0.8999384666593006
804.1898040136314,238.0,1.0,2.9898947133642593,5.551964314589755,98.8586772255943,277.29288866534785,0.0008069645760257934,0.07659723403970388,0.9225958013842706
241.1916464781122,238.0,1.0,2.9898947133642593,5.551964314589755,29.153608557327175,9.423878224181689,0.0008069645760257934,0.07659723403970388,0.9225958013842706
366.82702227752304,238.0,1.0,2.986428195213656,5.518322959023022,44.225695174999245,144.09301685819355,0.000807787091751392,0.09925374624894799,0.8999384666593006
367.48931463983365,243.0,1.0,2.95214548056389,5.032771029534335,42.245647328484125,144.09301685819355,0.0008069645048829697,0.07298398295989576,0.9262090525352212
367.5911671513638,238.0,1.0,2.9898947133642593,5.551964314589755,43.89532446139545,144.09301685819355,0.0008069645760257934,0.07659723403970388,0.9225958013842706
111.26498535718099,240.0,1.0,2.9101894804617334,4.414296181547246,10091.989059567253,693.1614537746584,0.0008065514338166528,0.059610653774253015,0.9395827947919303
136.89897017905366,240.0,1.0,2.9101894804617334,4.414296181547246,11484.409380032008,930.0734360888023,0.0008065514338166528,0.059610653774253015,0.9395827947919303
175.83609717456875,240.0,1.0,2.9101894804617334,4.414296181547246,3176.3982514126283,639.096932343387,0.0008065514338166528,0.059610653774253015,0.9395827947919303
111.01221567083846,240.0,1.0,2.912812088655771,4.432689914324004,10109.192643188884,693.1614537746584,0.0008057783553481176,0.03852971774218227,0.9606645039024696
111.20068944236392,236.0,1.0,2.7043803942162867,4.516420234076435,8538.873610372022,693.1614537746584,0.0008063909313288549,0.05541858898486116,0.94377502008381
175.34887939576174,236.0,1.0,2.706746867194737,4.538056563243427,2914.1976573958455,639.096932343387,0.000805675186441201,0.03573713919020664,0.9634571856233524
136.4792096298938,236.0,1.0,2.706746867194737,4.538056563243427,10093.795096509453,930.0734360888023,0.000805675186441201,0.03573713919020664,0.9634571856233524
216.37424224084384,236.0,1.0,2.7043803942162867,4.516420234076435,3546.0548416158736,837.5953934623012,0.0008063909313288549,0.05541858898486116,0.94377502008381
215.92487744570585,240.0,1.0,2.912812088655771,4.432689914324004,3774.3105337696065,837.5953934623012,0.0008057783553481176,0.03852971774218227,0.9606645039024696
215.82162533335355,236.0,1.0,2.706746867194737,4.538056563243427,3549.184578161347,837.5953934623012,0.000805675186441201,0.03573713919020664,0.9634571856233524
2403.3115408106087,218.0,1.0,2.1672918153301652,3.0075722476200193,1745.1372372065375,2053.4235649581306,0.0008066369089723,0.05025204558581058,0.9489413175052172
1581.5499769906298,218.0,1.0,2.1672918153301652,3.0075722476200193,1151.0989989658947,1366.549139633859,0.0008066369089723,0.05025204558581058,0.9489413175052172
113.81436177667885,218.0,1.0,2.1672918153301652,3.0075722476200193,7661.78801327605,638.4184884515663,0.0008066369089723,0.05025204558581058,0.9489413175052172
2403.334433636196,218.0,1.0,2.167337299229224,3.007915718522115,1745.1354276154184,2053.4235649581306,0.0008066174959139341,0.04982864024428595,0.9493647422598
2402.8752187885766,212.0,1.0,2.1509138228051627,3.7947163737654632,1741.8191213494204,2053.4235649581306,0.0008066358522821082,0.06770675443006441,0.9314866097176536
113.87572875750203,212.0,1.0,2.150973086817097,3.7952693845360175,8532.150784529289,638.4184884515663,0.0008066163733506118,0.06714341753690489,0.9320499660897444
1581.4607533124242,212.0,1.0,2.150973086817097,3.7952693845360175,1147.2911800207444,1366.549139633859,0.0008066163733506118,0.06714341753690489,0.9320499660897444
79.85173244665825,212.0,1.0,2.1509138228051627,3.7947163737654632,6546.241820906293,403.4240018722947,0.0008066358522821082,0.06770675443006441,0.9314866097176536
79.84019519692703,218.0,1.0,2.167337299229224,3.007915718522115,5719.893609325568,403.4240018722947,0.0008066174959139341,0.04982864024428595,0.9493647422598
79.84840727405496,212.0,1.0,2.150973086817097,3.7952693845360175,6546.9818417845845,403.4240018722947,0.0008066163733506118,0.06714341753690489,0.9320499660897444
380.12803908656144,222.0,1.0,2.2216629408400137,3.8841528039235595,1920.5426742557675,842.7643206032762,0.0008065299317179711,0.0448663410506829,0.9543271290175992
500.95255188833005,222.0,1.0,2.2216629408400137,3.8841528039235595,2588.243122143475,1169.3126990143478,0.0008065299317179711,0.0448663410506829,0.9543271290175992
6514.73430028929,222.0,1.0,2.2216629408400137,3.8841528039235595,5725.395067709953,6091.985145879691,0.0008065299317179711,0.0448663410506829,0.9543271290175992
380.2346327124578,222.0,1.0,2.2212669835803025,3.8815446301572005,1920.6302909001677,842.7643206032762,0.0008066624891811045,0.047605956840608685,0.9515873806702101
379.3051154561966,154.0,0.0,1.5851637936174097,2.568145943507152,2002.1935387075582,842.7643206032762,0.0008054040856528224,0.024383921218652505,0.9748106746956947
6516.030400011515,154.0,0.0,1.5850412996401657,2.5673237469878183,5701.254255833725,6091.985145879691,0.0008054652532422823,0.025898603301427667,0.97329593144533
499.76468446538775,154.0,0.0,1.5850412996401657,2.5673237469878183,2694.6905649556443,1169.3126990143478,0.0008054652532422823,0.025898603301427667,0.97329593144533
8867.455736148519,154.0,0.0,1.5851637936174097,2.568145943507152,7740.108291933609,8254.374354645266,0.0008054040856528224,0.024383921218652505,0.9748106746956947
8864.922091481434,222.0,1.0,2.2212669835803025,3.8815446301572005,7771.759518588831,8254.374354645266,0.0008066624891811045,0.047605956840608685,0.9515873806702101
8867.29922230919,154.0,0.0,1.5850412996401657,2.5673237469878183,7740.179807061441,8254.374354645266,0.0008054652532422823,0.025898603301427667,0.97329593144533
1347.1119119483144,227.0,1.0,2.5073924202583955,3.727291678257445,102.6246310636597,76.0292890010629,0.0008068736652624409,0.05278425770369398,0.9464088686310436
1419.843873923562,227.0,1.0,2.5073924202583955,3.727291678257445,106.57505330162286,79.69697559435664,0.0008068736652624409,0.05278425770369398,0.9464088686310436
1189.1802914496852,227.0,1.0,2.5073924202583955,3.727291678257445,86.2495289093153,22.169715961474903,0.0008068736652624409,0.05278425770369398,0.9464088686310436
1344.1536459772606,227.0,1.0,2.507022706982943,3.7245897648361215,102.05288924321125,76.0292890010629,0.0008069962695650605,0.0553368955165837,0.9438561082138511
1301.48982011822,240.0,1.0,2.891679281691819,6.155236591783691,123.00776223496695,76.0292890010629,0.0008077413761141109,0.09651499303175194,0.902677265592134
1156.1082616626227,240.0,1.0,2.891114115057311,6.149519790028081,106.57232010117366,22.169715961474903,0.0008079063528645867,0.10091716313889171,0.8982749305082439
1365.591639220932,240.0,1.0,2.891114115057311,6.149519790028081,127.75979972566392,79.69697559435664,0.0008079063528645867,0.10091716313889171,0.8982749305082439
1218.370251968081,240.0,1.0,2.891679281691819,6.155236591783691,110.62642942372116,23.913379521155083,0.0008077413761141109,0.09651499303175194,0.902677265592134
1248.2057641733338,227.0,1.0,2.507022706982943,3.7245897648361215,89.11865466606977,23.913379521155083,0.0008069962695650605,0.0553368955165837,0.9438561082138511
1214.8522234748796,240.0,1.0,2.891114115057311,6.149519790028081,110.59195441154073,23.913379521155083,0.0008079063528645867,0.10091716313889171,0.8982749305082439
114.8587801008939,257.0,1.0,4.075364951886301,9.260495825549121,2596.6461496788083,454.29284876100263,0.0008073388476469204,0.09229163372965421,0.906901027422699
140.64200090023877,257.0,1.0,4.075364951886301,9.260495825549121,3002.745477321762,587.1040566076845,0.0008073388476469204,0.09229163372965421,0.906901027422699
172.35746584313284,257.0,1.0,4.075364951886301,9.260495825549121,1459.9077213953174,474.3314269276438,0.0008073388476469204,0.09229163372965421,0.906901027422699
114.84446659237943,257.0,1.0,4.075613730359303,9.26357080179269,2597.2462162739835,454.29284876100263,0.000807285747149674,0.0907384634157961,0.9084542508370544
114.36668506851268,252.0,1.0,2.884959222430205,5.182669729500491,3845.8539505082745,454.29284876100263,0.0008054279040580807,0.03897957359022686,0.9602149985057151
171.6942186106846,252.0,1.0,2.8850305962651284,5.183574414233164,1905.757970463768,474.3314269276438,0.0008054097022967693,0.03828975655638354,0.9609048337413199
139.91633754382974,252.0,1.0,2.8850305962651284,5.183574414233164,4446.126151990497,587.1040566076845,0.0008054097022967693,0.03828975655638354,0.9609048337413199
210.94055228841827,252.0,1.0,2.884959222430205,5.182669729500491,2269.2188187458623,607.9333789966272,0.0008054279040580807,0.03897957359022686,0.9602149985057151
211.88990846259472,257.0,1.0,4.075613730359303,9.26357080179269,1726.2817497841988,607.9333789966272,0.000807285747149674,0.0907384634157961,0.9084542508370544
210.9292466306257,252.0,1.0,2.8850305962651284,5.183574414233164,2269.401618707244,607.9333789966272,0.0008054097022967693,0.03828975655638354,0.9609048337413199
211.1327542885391,231.0,1.0,2.6769352354732487,5.055186771112644,32.68991637640858,8.060696971384568,0.0008051128798116322,0.04134607922782303,0.9578488078923653
278.92430135626836,231.0,1.0,2.6769352354732487,5.055186771112644,39.560690372653895,10.221684357508689,0.0008051128798116322,0.04134607922782303,0.9578488078923653
91.11933303905413,231.0,1.0,2.6769352354732487,5.055186771112644,5587.256379038531,380.5484498408253,0.0008051128798116322,0.04134607922782303,0.9578488078923653
209.94972085476624,231.0,1.0,2.674578792346287,5.025982055360885,32.23973834584853,8.060696971384568,0.0008055675678511611,0.06703162831697124,0.9321628041151776
211.6877202836351,216.0,1.0,2.243313410420525,3.0956711613128185,33.25840935844042,8.060696971384568,0.0008049060735491346,0.02194546429386984,0.977249629632581
91.14721215892294,215.0,1.0,2.241990773829098,3.0882709460331617,5503.321965307165,380.5484498408253,0.0008052230554828968,0.036156825355358864,0.9630379515891583
278.567399969814,215.0,1.0,2.241990773829098,3.0882709460331617,40.085064193767984,10.221684357508689,0.0008052230554828968,0.036156825355358864,0.9630379515891583
108.2943786684605,216.0,1.0,2.243313410420525,3.0956711613128185,6258.181699773227,471.22909866675525,0.0008049060735491346,0.02194546429386984,0.977249629632581
108.5191371016795,231.0,1.0,2.674578792346287,5.025982055360885,6230.858936511115,471.22909866675525,0.0008055675678511611,0.06703162831697124,0.9321628041151776
108.40288793995175,215.0,1.0,2.241990773829098,3.0882709460331617,6222.598113088501,471.22909866675525,0.0008052230554828968,0.036156825355358864,0.9630379515891583
322.82082884908147,224.0,1.0,2.4750605715022687,4.539130245986574,40095.736343230994,4650.465077658702,0.0008078925100612637,0.08868159630630401,0.9105105111836348
278.01606444343963,224.0,1.0,2.4750605715022687,4.539130245986574,35919.475068632855,3751.1530535786037,0.0008078925100612637,0.08868159630630401,0.9105105111836348
2198.493113183707,224.0,1.0,2.4750605715022687,4.539130245986574,22.5090733275814,259.3928615027439,0.0008078925100612637,0.08868159630630401,0.9105105111836348
319.69757468335104,224.0,1.0,2.4832596099459905,4.6008884180385525,39717.2588730476,4650.465077658702,0.0008056051781519068,0.0315881859410123,0.9676062088808358
325.38475033645034,243.0,1.0,3.2027184905395796,6.430671604324532,31112.869761049307,4650.465077658702,0.0008091734610658983,0.13355243866189245,0.8656383878770416
2236.4115747382507,244.0,1.0,3.2149468885208656,6.562789731035294,268.97689867984667,259.3928615027439,0.0008060396415298284,0.04901457068779394,0.9501793896706762
276.1058751847029,244.0,1.0,3.2149468885208656,6.562789731035294,28016.203010305813,3751.1530535786037,0.0008060396415298284,0.04901457068779394,0.9501793896706762
1800.8666337288541,243.0,1.0,3.2027184905395796,6.430671604324532,179.9400727663621,228.4853009192016,0.0008091734610658983,0.13355243866189245,0.8656383878770416
1877.2490192696034,224.0,1.0,2.4832596099459905,4.6008884180385525,21.93209816941831,228.4853009192016,0.0008056051781519068,0.0315881859410123,0.9676062088808358
1865.132773700805,244.0,1.0,3.2149468885208656,6.562789731035294,191.69049750243414,228.4853009192016,0.0008060396415298284,0.04901457068779394,0.9501793896706762
754.5743753303676,236.0,1.0,2.7538516556490893,4.948407112952968,9.75146429431172,99.51532018209443,0.0008052948048829625,0.02578747200179975,0.9734072331933175
559.0272988388887,236.0,1.0,2.7538516556490893,4.948407112952968,8.189466012637608,81.2707086652917,0.0008052948048829625,0.02578747200179975,0.9734072331933175
760.5284229377252,236.0,1.0,2.7538516556490893,4.948407112952968,72.58774950901518,34.77193381778428,0.0008052948048829625,0.02578747200179975,0.9734072331933175
738.3883152792316,236.0,1.0,2.7453407143012463,4.872588289825503,0.6431604580386361,99.51532018209443,0.0008078175301876333,0.09509021452142286,0.9041019679483895
754.6295931547851,229.0,1.0,2.2842603746614007,4.29879685748554,21.602390508379784,99.51532018209443,0.0008053456572428974,0.024490360211754634,0.9747042941310025
728.7119379402515,229.0,1.0,2.275039707544436,4.23041173988847,71.95335128451558,34.77193381778428,0.0008079951957626044,0.09067590297869525,0.9085161018255421
548.7847731238727,229.0,1.0,2.275039707544436,4.23041173988847,10.618517873267987,81.2707086652917,0.0008079951957626044,0.09067590297869525,0.9085161018255421
539.721851038891,229.0,1.0,2.2842603746614007,4.29879685748554,60.33877702894899,25.43056756053795,0.0008053456572428974,0.024490360211754634,0.9747042941310025
519.6074179106316,236.0,1.0,2.7453407143012463,4.872588289825503,50.408442535843996,25.43056756053795,0.0008078175301876333,0.09509021452142286,0.9041019679483895
519.7255706712281,229.0,1.0,2.275039707544436,4.23041173988847,55.59558182950109,25.43056756053795,0.0008079951957626044,0.09067590297869525,0.9085161018255421
482.09802567697784,238.0,1.0,2.8547936081172436,5.081921416766388,1296.7387652766768,765.9217223208226,0.000807626451782017,0.08894283803787041,0.9102495355103476
465.623502969143,238.0,1.0,2.8547936081172436,5.081921416766388,1253.526583788798,737.5873348449192,0.000807626451782017,0.08894283803787041,0.9102495355103476
2867.4973711158377,238.0,1.0,2.8547936081172436,5.081921416766388,3464.9966032888115,3139.759371089341,0.000807626451782017,0.08894283803787041,0.9102495355103476
481.41179544547,238.0,1.0,2.8591782139814828,5.123199880557318,1296.9141129449981,765.9217223208226,0.0008064545123179901,0.05793768226778482,0.9412558632198972
481.84940488526695,237.0,1.0,2.4723830379354275,4.757150809459955,1232.5020164937316,765.9217223208226,0.0008071990962146032,0.0774022876446242,0.9217905132591612
2866.433081369154,237.0,1.0,2.4760501916925515,4.789036540171173,3428.8246979861933,3139.759371089341,0.0008061796576977565,0.04995747561560385,0.9492363447266982
464.8326231972787,237.0,1.0,2.4760501916925515,4.789036540171173,1192.7241849017248,737.5873348449192,0.0008061796576977565,0.04995747561560385,0.9492363447266982
2764.4272807134794,237.0,1.0,2.4723830379354275,4.757150809459955,3302.9977904876755,3025.455859349443,0.0008071990962146032,0.0774022876446242,0.9217905132591612
2763.9157917652274,238.0,1.0,2.8591782139814828,5.123199880557318,3341.2956638953156,3025.455859349443,0.0008064545123179901,0.05793768226778482,0.9412558632198972
2763.7269004148907,237.0,1.0,2.4760501916925515,4.789036540171173,3305.3341071286677,3025.455859349443,0.0008061796576977565,0.04995747561560385,0.9492363447266982
