,nfe,epsilon_progress,SBX,PCX,DifferentialEvolution,UNDX,SPX,UM
0,503,95,0.25925925925925924,0.1111111111111111,0.037037037037037035,0.4444444444444444,0.1111111111111111,0.037037037037037035
