,nfe,epsilon_progress,SBX,PCX,DifferentialEvolution,UNDX,SPX,UM
0,503,86,0.17391304347826086,0.043478260869565216,0.17391304347826086,0.5217391304347826,0.043478260869565216,0.043478260869565216
