,nfe,epsilon_progress,SBX,PCX,DifferentialEvolution,UNDX,SPX,UM
0,502,99,0.24324324324324326,0.2972972972972973,0.08108108108108109,0.32432432432432434,0.02702702702702703,0.02702702702702703
